user_id,product_id,event_type,timestamp
0,114,purchase,2025-09-29 01:22:28
0,301,view,2025-05-16 02:14:37
0,193,cart,2025-06-18 20:33:28
0,375,purchase,2025-12-22 07:37:48
0,150,view,2025-04-24 17:49:52
0,90,purchase,2025-08-07 09:29:10
1,485,purchase,2025-12-02 00:35:44
2,200,purchase,2025-04-24 03:46:31
2,16,view,2025-12-06 04:58:32
2,308,cart,2025-06-25 16:31:48
2,471,purchase,2026-04-10 02:19:32
2,113,purchase,2025-07-06 13:01:49
2,289,view,2025-07-23 12:48:28
2,479,cart,2025-09-05 11:26:58
2,72,cart,2025-05-28 20:52:51
2,381,view,2025-07-10 16:25:36
2,121,cart,2025-07-20 06:01:43
3,85,purchase,2025-06-30 00:12:40
3,453,view,2026-04-10 09:03:44
3,420,purchase,2025-12-16 01:44:41
3,343,purchase,2026-04-07 08:53:25
3,373,cart,2025-12-03 21:43:32
3,228,view,2026-04-09 20:28:17
4,107,view,2025-11-11 04:00:29
4,354,view,2025-06-07 00:20:31
4,179,cart,2025-08-18 05:34:53
4,402,view,2026-02-11 14:27:43
4,368,view,2025-12-11 02:07:34
5,197,cart,2025-11-02 05:24:03
6,496,view,2026-03-28 08:50:57
6,452,cart,2025-05-23 23:05:18
6,252,cart,2025-11-28 21:56:41
6,179,purchase,2025-11-30 13:19:33
6,192,view,2026-03-07 02:28:29
6,424,cart,2025-04-28 19:52:30
6,403,purchase,2025-04-19 17:08:54
7,83,cart,2026-02-09 09:19:15
7,37,view,2025-07-20 04:57:52
7,150,view,2026-04-13 14:58:21
7,163,cart,2025-11-01 01:48:23
8,37,cart,2026-03-19 08:51:21
8,87,cart,2025-09-18 17:21:30
9,374,view,2025-06-01 06:59:46
9,280,view,2026-03-31 09:32:34
9,173,purchase,2025-08-12 00:43:08
10,457,cart,2025-11-22 21:36:02
10,360,view,2025-12-06 09:37:18
10,220,purchase,2025-07-22 01:48:40
10,84,purchase,2025-07-28 08:39:26
10,455,cart,2025-07-10 19:15:23
10,80,view,2025-09-23 18:41:34
10,51,cart,2025-11-22 10:01:05
10,105,view,2025-05-09 03:24:46
10,209,purchase,2025-07-17 06:07:14
10,283,purchase,2026-03-23 20:03:35
11,135,purchase,2025-08-16 22:01:25
11,144,cart,2025-06-05 22:15:40
11,121,view,2025-10-15 13:41:39
11,25,cart,2025-07-03 02:17:14
11,292,purchase,2026-01-11 18:44:40
11,430,cart,2026-04-03 22:35:09
11,78,view,2025-11-30 07:45:09
11,184,view,2025-11-04 11:27:51
11,218,view,2025-07-14 09:04:15
12,421,purchase,2026-01-27 00:50:11
12,320,purchase,2026-04-15 14:30:40
12,245,view,2026-02-20 09:12:43
12,49,view,2026-02-26 07:56:46
12,105,view,2025-04-28 18:42:51
13,41,cart,2025-06-06 17:02:48
13,432,view,2026-02-17 02:22:11
13,157,cart,2025-12-12 11:19:46
13,241,cart,2026-01-21 17:31:31
13,458,purchase,2025-11-13 15:22:48
14,46,purchase,2025-07-05 19:54:35
14,278,cart,2026-02-03 01:49:24
14,94,cart,2025-05-24 12:39:20
14,453,cart,2025-06-16 16:54:29
14,189,view,2025-06-23 12:10:24
15,22,cart,2025-07-12 10:33:56
15,225,cart,2025-10-05 04:43:53
15,134,view,2026-04-12 15:02:42
15,428,cart,2026-02-27 15:40:14
15,288,view,2026-01-03 08:59:01
15,77,purchase,2025-10-06 01:43:03
15,341,view,2025-06-28 12:52:09
15,43,purchase,2025-08-03 04:20:42
16,413,purchase,2026-01-11 20:23:37
16,211,purchase,2025-08-28 04:06:37
16,116,purchase,2025-11-07 04:37:34
16,31,cart,2025-09-03 16:53:02
16,419,purchase,2026-01-20 02:22:13
16,214,purchase,2025-05-20 05:38:33
17,293,view,2025-10-18 03:03:04
17,243,cart,2026-04-10 18:40:24
17,40,cart,2025-12-22 13:09:02
17,462,purchase,2026-03-29 23:40:52
17,17,purchase,2026-01-31 11:29:03
17,292,purchase,2026-03-02 19:30:37
17,409,purchase,2025-09-27 13:30:17
17,346,purchase,2025-05-17 17:17:24
18,61,cart,2025-07-30 04:54:42
18,88,view,2026-03-16 01:56:05
18,497,view,2025-09-19 00:49:38
19,64,view,2025-08-25 17:40:52
19,216,view,2025-12-13 03:19:27
19,349,cart,2025-12-03 05:49:34
19,103,purchase,2025-09-10 20:39:03
20,427,purchase,2026-01-04 17:46:04
20,132,cart,2026-01-18 14:34:37
20,466,purchase,2026-02-05 14:29:25
21,44,cart,2025-11-17 10:19:19
21,284,cart,2025-12-05 02:08:56
22,166,cart,2025-10-03 15:55:57
22,266,cart,2025-06-15 00:05:20
22,469,view,2025-10-23 00:53:55
22,402,purchase,2025-09-29 01:37:45
22,319,purchase,2025-11-15 12:39:10
22,267,cart,2025-08-27 00:03:41
22,57,cart,2025-11-01 08:31:41
22,76,view,2025-10-12 06:01:00
22,290,purchase,2025-09-01 10:30:25
23,388,view,2026-04-10 12:30:45
23,473,view,2026-04-02 02:20:43
23,288,view,2025-05-27 16:14:47
23,402,cart,2025-12-08 08:38:56
23,444,purchase,2026-01-24 09:56:36
23,450,cart,2026-04-09 19:28:19
23,449,cart,2025-06-09 19:20:37
23,135,cart,2025-09-23 23:45:56
23,335,cart,2025-08-29 08:59:22
23,292,purchase,2025-10-08 11:06:48
24,19,view,2026-01-16 00:16:56
24,141,cart,2025-10-24 18:56:50
24,73,purchase,2026-02-27 03:17:47
24,311,purchase,2026-03-27 05:54:00
24,355,cart,2025-05-21 14:38:57
24,19,cart,2025-10-14 12:26:44
24,455,cart,2025-09-02 15:52:30
24,353,view,2026-04-10 14:32:47
25,381,cart,2025-09-07 01:51:18
26,459,cart,2026-03-03 16:24:10
26,10,cart,2025-06-09 17:54:47
26,418,cart,2025-10-02 18:23:17
26,159,cart,2025-12-30 23:16:52
26,431,cart,2025-11-05 22:00:54
27,497,view,2026-02-06 17:13:37
27,68,cart,2026-02-28 16:38:34
28,396,cart,2026-01-24 00:17:26
28,137,purchase,2026-03-16 01:01:05
28,213,purchase,2025-06-19 18:26:27
28,330,view,2026-03-03 03:13:01
28,96,cart,2025-08-27 11:38:29
28,108,cart,2025-08-11 11:59:42
28,379,cart,2025-12-14 03:21:17
28,388,purchase,2025-07-01 14:14:59
29,420,view,2025-11-03 13:58:27
29,263,view,2025-04-27 06:30:00
29,33,cart,2025-08-08 04:02:02
29,363,purchase,2026-03-28 16:15:35
29,206,view,2025-07-10 00:11:16
29,399,purchase,2026-01-06 11:23:26
30,14,view,2025-08-22 11:20:20
30,98,view,2025-07-01 04:03:50
30,428,view,2026-02-27 16:41:44
30,127,view,2025-12-21 20:52:03
30,233,view,2026-01-03 05:40:20
30,470,cart,2025-11-10 23:05:13
30,360,view,2025-07-13 08:55:02
30,140,cart,2025-10-25 01:03:31
30,421,cart,2026-02-23 08:41:22
30,258,cart,2025-05-09 05:00:12
31,348,view,2025-08-01 02:35:17
31,123,cart,2026-01-09 21:52:37
32,304,cart,2025-10-16 11:23:15
32,90,cart,2026-01-27 20:02:20
32,300,purchase,2026-03-12 16:39:08
32,179,cart,2025-10-01 01:51:27
32,83,cart,2026-04-11 01:21:27
32,383,purchase,2026-04-12 15:56:46
32,46,cart,2025-08-14 15:15:47
32,14,cart,2025-06-16 19:14:51
33,83,purchase,2026-01-09 20:57:56
34,438,view,2026-01-06 16:55:09
34,331,view,2025-12-27 11:14:18
34,346,view,2026-01-13 05:58:56
34,137,purchase,2025-05-26 20:00:24
35,262,view,2025-09-13 01:50:01
35,442,purchase,2025-07-23 06:06:52
35,4,cart,2025-06-15 13:38:59
35,466,view,2025-11-23 13:25:36
35,331,view,2025-07-22 22:40:58
35,307,view,2025-10-10 05:18:07
35,114,cart,2026-04-01 20:41:34
36,412,cart,2026-03-10 00:39:52
36,364,purchase,2025-08-29 19:07:25
36,329,cart,2026-02-06 01:58:14
36,216,cart,2025-09-16 01:14:02
36,436,cart,2026-02-14 15:02:03
36,235,cart,2025-10-20 08:44:04
36,111,cart,2025-05-07 13:40:49
36,154,purchase,2025-05-24 20:19:24
36,266,purchase,2026-03-20 20:42:44
36,203,purchase,2025-12-04 14:16:04
37,3,purchase,2025-10-10 07:21:35
37,339,cart,2026-02-11 15:05:11
38,331,purchase,2025-12-28 15:24:36
38,311,cart,2025-09-01 22:55:25
38,152,purchase,2025-09-30 13:02:15
38,55,cart,2025-12-04 18:29:08
38,32,cart,2025-10-29 17:29:06
38,141,purchase,2025-08-09 22:11:56
38,166,cart,2025-04-29 22:27:50
38,133,purchase,2025-05-20 10:32:22
38,364,purchase,2025-05-16 01:53:40
39,96,view,2025-10-13 05:30:54
39,264,view,2025-12-05 19:08:06
39,460,view,2025-07-21 09:23:09
39,412,purchase,2025-07-23 18:38:48
39,206,purchase,2026-01-14 05:52:38
40,348,view,2025-08-13 07:31:17
40,369,view,2025-06-28 18:22:05
40,335,cart,2026-02-16 23:27:07
40,151,cart,2026-04-15 21:33:45
40,464,cart,2025-06-06 03:04:45
40,207,cart,2025-08-14 16:50:35
41,298,purchase,2025-09-17 03:57:27
42,417,view,2025-08-16 21:53:51
42,175,purchase,2026-03-08 23:29:37
42,365,view,2025-08-10 11:02:27
42,351,purchase,2025-06-09 12:05:40
42,326,cart,2025-12-27 22:35:24
42,464,purchase,2025-07-27 20:00:36
42,183,purchase,2025-05-22 06:33:59
42,153,view,2025-11-30 03:39:07
42,430,purchase,2025-12-18 18:34:47
42,448,purchase,2026-04-13 05:25:33
43,150,view,2025-12-21 13:28:16
43,241,view,2025-06-23 06:40:50
43,379,cart,2026-02-24 11:19:08
44,390,view,2025-06-14 04:19:31
44,484,purchase,2025-06-09 23:26:00
44,460,cart,2025-04-28 03:01:43
44,335,view,2025-08-11 07:29:07
44,113,cart,2025-09-22 00:21:58
44,114,purchase,2025-09-04 22:03:43
44,446,cart,2025-12-14 22:48:28
44,215,cart,2025-10-26 05:25:55
44,190,cart,2025-08-13 16:20:42
45,150,cart,2026-04-07 06:51:39
45,435,view,2025-06-03 21:28:07
45,240,view,2025-08-30 10:47:21
45,443,purchase,2025-12-16 03:47:34
45,298,purchase,2025-10-18 20:09:21
45,483,purchase,2025-07-06 04:13:03
45,36,cart,2026-04-11 08:04:27
45,455,view,2025-11-28 23:20:34
45,256,view,2025-11-24 01:36:11
45,444,purchase,2025-07-08 09:38:11
46,271,cart,2026-03-11 01:13:43
46,211,view,2026-02-19 08:25:11
46,445,view,2025-05-20 20:56:30
46,70,view,2025-11-10 12:12:18
46,175,cart,2025-11-18 11:43:48
46,291,cart,2025-11-09 22:25:52
46,73,cart,2026-01-09 22:26:36
47,398,view,2026-01-15 10:11:59
47,249,cart,2025-04-26 16:27:20
47,323,view,2025-05-28 03:49:08
48,324,view,2025-07-19 04:33:32
48,2,cart,2025-07-30 06:43:52
48,140,view,2025-05-23 18:26:15
48,389,view,2026-02-07 02:04:20
48,295,view,2025-10-07 16:35:06
48,250,view,2025-05-16 15:00:55
49,314,cart,2025-08-11 22:42:30
49,324,cart,2025-09-08 15:36:30
49,206,cart,2026-01-02 04:14:23
50,196,view,2025-09-01 08:38:11
50,19,purchase,2025-10-17 11:27:04
50,102,purchase,2025-10-18 06:09:53
50,191,view,2025-11-14 12:51:49
50,456,cart,2025-07-23 12:11:55
50,387,purchase,2026-03-04 21:01:25
50,97,view,2026-01-14 17:44:42
50,346,view,2025-05-17 15:29:12
51,115,purchase,2026-01-05 05:49:53
51,449,cart,2025-07-31 07:15:22
51,159,view,2025-04-26 06:15:19
51,52,cart,2026-02-09 13:34:26
52,301,cart,2026-04-11 03:18:06
52,85,view,2025-05-25 00:14:05
52,421,view,2025-05-23 00:50:00
52,152,cart,2025-07-14 22:45:33
52,233,purchase,2026-01-02 18:23:09
52,266,purchase,2025-06-06 17:53:54
52,268,cart,2026-03-31 23:02:08
52,222,purchase,2025-06-16 03:35:31
52,68,cart,2025-04-30 06:21:06
53,183,view,2026-01-04 08:54:17
53,84,cart,2026-01-20 14:46:47
53,9,view,2025-10-15 07:05:35
53,114,purchase,2025-08-28 08:59:04
53,67,view,2025-09-02 15:13:28
53,375,view,2025-05-05 11:56:20
53,301,purchase,2025-05-19 21:10:11
53,86,view,2025-07-07 00:36:54
54,364,purchase,2025-08-02 01:50:54
54,405,view,2025-07-05 04:32:49
54,192,purchase,2025-07-22 06:37:38
54,130,purchase,2025-08-22 12:54:35
54,319,view,2025-07-24 01:55:24
54,304,view,2025-05-23 04:27:53
55,334,view,2025-09-08 02:10:30
55,24,purchase,2025-11-07 04:38:02
56,213,cart,2025-09-11 21:24:51
56,194,view,2026-02-23 12:37:35
57,129,cart,2025-11-14 08:58:20
57,359,view,2025-10-08 04:05:07
57,105,purchase,2025-12-02 11:19:17
57,351,purchase,2025-06-23 11:02:46
57,4,cart,2025-12-17 11:53:06
57,215,purchase,2025-07-12 10:31:06
57,51,purchase,2025-05-11 01:12:17
57,266,cart,2026-03-14 09:26:36
57,318,purchase,2025-09-02 15:55:36
58,214,view,2025-05-27 16:02:11
58,261,purchase,2025-07-18 16:46:08
58,316,view,2026-01-04 06:53:38
59,58,view,2025-12-24 19:00:26
59,254,view,2025-12-26 23:35:05
59,311,view,2025-09-26 17:44:07
59,398,cart,2025-10-16 20:22:11
59,425,purchase,2026-02-02 22:58:17
60,183,purchase,2026-02-28 04:43:33
60,209,cart,2026-04-06 07:18:44
60,82,view,2025-12-15 18:39:27
60,280,cart,2025-08-12 00:32:14
61,352,cart,2025-11-17 05:59:46
61,169,view,2025-12-09 13:29:03
61,1,view,2025-08-25 12:20:37
61,343,view,2026-03-06 06:04:58
62,427,purchase,2025-06-25 17:01:19
62,342,cart,2025-09-02 08:28:54
63,486,view,2025-08-23 14:00:16
63,399,purchase,2025-11-07 23:09:08
63,38,purchase,2025-11-29 23:31:06
64,463,cart,2025-05-24 19:38:22
64,329,view,2026-02-26 18:45:51
65,151,cart,2026-02-05 08:00:56
65,237,view,2025-12-12 15:45:19
65,51,view,2025-09-26 12:48:36
65,447,view,2025-06-16 22:41:38
65,436,cart,2025-11-12 14:47:27
65,184,purchase,2025-11-09 09:15:02
65,160,cart,2025-05-09 01:17:19
65,378,view,2025-09-22 20:30:48
66,435,view,2025-12-03 12:18:35
66,4,view,2025-04-25 06:20:55
67,168,cart,2026-03-30 02:39:51
67,457,cart,2026-04-17 03:56:15
67,489,purchase,2025-09-14 02:16:41
68,449,purchase,2025-07-28 05:39:05
68,47,cart,2026-02-03 05:24:46
68,417,cart,2025-08-15 06:20:07
68,93,view,2025-08-02 21:15:25
68,205,cart,2025-12-05 03:16:06
69,139,cart,2025-08-29 23:40:05
69,353,cart,2025-09-19 05:36:52
69,409,cart,2026-02-07 11:53:38
69,332,view,2025-04-23 11:03:28
69,57,view,2026-01-11 10:04:46
69,356,purchase,2025-08-10 14:56:12
69,30,view,2026-04-16 16:19:13
69,53,cart,2025-11-29 06:01:01
70,247,purchase,2025-12-18 03:43:05
70,347,cart,2026-01-01 19:00:50
70,92,purchase,2025-05-29 05:30:43
70,194,cart,2026-02-14 14:12:59
70,313,view,2026-02-15 05:04:18
70,441,purchase,2025-10-28 09:59:53
70,450,purchase,2025-06-22 07:16:25
70,498,view,2025-10-01 17:20:19
70,247,cart,2026-03-24 18:11:01
70,57,cart,2025-10-23 21:22:54
71,23,view,2026-01-27 04:47:10
71,133,purchase,2025-07-13 06:57:26
71,160,view,2025-06-22 00:34:19
71,360,purchase,2026-04-17 10:21:00
71,268,purchase,2025-10-27 17:38:14
71,295,purchase,2025-08-23 04:40:45
71,289,view,2025-12-04 03:31:15
71,489,purchase,2025-07-03 19:26:12
72,265,purchase,2026-04-15 09:47:35
72,352,purchase,2025-05-26 23:55:09
72,316,view,2025-11-08 05:16:54
72,221,purchase,2025-09-16 14:58:23
72,372,view,2025-06-05 20:56:16
72,246,cart,2025-08-28 17:00:49
73,76,purchase,2025-08-10 08:29:43
73,456,purchase,2025-05-26 19:15:57
73,27,view,2026-01-20 22:53:44
73,329,view,2026-02-08 14:22:03
73,258,cart,2025-10-03 03:17:01
73,436,cart,2025-11-20 03:13:41
73,445,view,2026-01-19 18:46:22
74,384,cart,2025-07-22 22:02:55
74,164,view,2025-05-19 21:35:19
75,496,cart,2026-03-22 22:21:33
75,25,purchase,2026-03-07 15:08:50
75,114,purchase,2025-12-07 14:40:42
75,329,cart,2025-08-02 10:26:19
75,206,view,2025-12-24 10:17:59
75,40,cart,2025-05-18 19:27:15
76,410,purchase,2026-01-09 09:28:24
76,229,view,2025-10-11 19:08:35
76,438,cart,2025-11-01 08:06:10
76,228,cart,2025-12-06 09:46:40
76,60,cart,2025-10-09 11:39:58
76,381,purchase,2025-10-11 08:32:16
76,9,view,2025-09-05 05:43:00
76,206,cart,2025-06-27 11:27:53
77,285,purchase,2025-12-18 13:49:49
78,422,view,2025-11-27 08:35:10
79,493,purchase,2026-01-17 09:35:27
79,326,cart,2025-06-10 05:12:22
79,455,purchase,2026-02-11 10:15:10
79,287,view,2025-06-10 18:32:17
79,335,purchase,2025-04-20 00:28:21
79,233,cart,2025-10-02 15:46:23
79,186,view,2026-04-08 13:19:55
79,418,view,2026-02-20 04:57:56
79,432,cart,2025-06-08 11:21:17
79,169,purchase,2025-06-02 20:11:51
80,307,cart,2025-09-30 20:56:38
80,366,purchase,2026-04-03 03:01:12
80,186,purchase,2025-08-18 08:51:18
80,231,view,2026-02-28 05:26:19
80,49,purchase,2026-01-24 06:00:39
80,113,view,2025-05-22 08:20:28
80,174,cart,2025-09-19 09:25:12
80,424,purchase,2025-11-03 09:26:05
80,493,cart,2025-12-05 18:57:24
80,280,purchase,2025-08-27 14:10:17
81,359,view,2025-09-17 01:30:05
81,23,view,2025-05-13 12:03:31
81,252,view,2025-10-04 13:48:57
81,420,purchase,2025-07-22 00:42:22
81,380,purchase,2026-04-17 21:12:38
81,209,view,2026-03-20 04:43:27
82,312,view,2026-02-19 13:35:42
82,96,view,2025-05-19 23:24:13
82,476,cart,2026-02-28 14:16:14
82,110,cart,2025-07-06 03:42:09
82,422,view,2026-01-03 00:48:59
83,55,cart,2025-12-06 14:12:34
83,23,purchase,2025-12-21 13:31:46
83,428,purchase,2025-10-21 11:02:48
83,301,view,2025-10-23 09:42:33
83,395,cart,2025-08-03 22:07:23
83,234,purchase,2025-11-09 07:55:46
84,489,purchase,2026-01-02 08:53:33
84,68,cart,2025-06-29 09:31:45
84,2,purchase,2025-12-30 17:03:26
84,376,view,2025-12-09 12:40:45
84,283,cart,2025-08-06 02:16:18
84,429,purchase,2025-10-23 22:48:43
84,247,purchase,2026-03-05 09:15:26
84,399,view,2025-06-24 18:26:06
84,354,purchase,2025-05-05 12:06:45
84,88,purchase,2025-05-09 08:51:17
85,53,cart,2025-08-06 19:09:15
85,336,purchase,2025-06-21 20:21:46
85,310,cart,2025-10-05 08:43:45
86,451,cart,2025-05-22 05:01:14
86,214,purchase,2026-03-15 11:27:20
86,468,purchase,2026-03-10 13:52:12
86,390,view,2025-06-08 07:11:15
86,140,cart,2025-06-19 15:37:59
86,493,cart,2025-08-20 03:31:57
86,496,cart,2025-08-23 13:19:48
86,231,view,2026-01-14 22:48:29
86,70,cart,2025-09-21 07:18:15
87,358,purchase,2026-02-09 08:24:46
87,262,cart,2026-02-03 11:38:21
87,431,purchase,2025-05-31 00:05:49
87,280,cart,2025-09-11 05:57:13
87,364,purchase,2025-04-26 15:09:56
87,478,purchase,2026-01-05 12:42:48
87,323,view,2026-03-29 14:47:57
87,102,view,2025-10-23 00:34:57
87,319,purchase,2025-10-11 04:13:25
87,148,purchase,2025-06-23 12:53:57
88,471,purchase,2025-07-26 16:14:10
88,67,purchase,2026-02-15 10:39:21
88,332,view,2026-01-04 07:33:30
88,257,purchase,2025-07-16 18:46:09
88,355,purchase,2025-10-02 11:21:36
88,165,purchase,2025-10-27 00:27:14
89,389,cart,2025-09-06 10:03:07
89,287,cart,2025-08-29 04:07:24
90,292,purchase,2025-12-03 14:40:27
90,363,cart,2025-06-08 06:23:17
90,345,purchase,2025-12-30 17:04:10
90,457,purchase,2025-04-22 18:15:26
90,146,cart,2025-06-02 18:56:15
90,413,view,2025-08-25 12:56:16
90,267,view,2026-01-14 02:50:02
90,12,cart,2025-07-06 05:01:48
90,74,view,2026-02-19 05:55:24
90,343,view,2025-05-12 01:30:46
91,136,view,2025-07-13 19:34:37
91,146,purchase,2026-01-21 09:36:12
91,128,view,2026-04-09 08:15:16
91,429,view,2026-03-18 22:28:17
92,104,purchase,2025-05-10 03:49:41
92,16,cart,2025-12-16 22:28:36
92,416,cart,2025-07-26 17:31:02
92,52,purchase,2026-03-14 03:08:57
92,444,purchase,2025-05-01 09:49:49
93,442,view,2026-04-14 00:49:54
93,380,purchase,2025-10-27 01:00:45
93,287,cart,2025-12-12 20:36:36
93,121,purchase,2025-09-15 21:10:04
93,401,purchase,2025-06-21 16:00:06
93,147,purchase,2025-12-28 18:14:21
93,340,view,2025-11-10 00:13:13
93,474,cart,2025-09-02 01:36:28
93,198,cart,2025-11-19 02:11:27
94,494,purchase,2026-04-13 19:27:47
94,27,view,2025-07-19 11:02:21
94,380,cart,2025-06-15 07:23:24
94,103,purchase,2026-01-04 17:09:35
94,444,cart,2026-01-31 04:26:30
94,424,view,2025-04-23 14:12:37
95,386,purchase,2026-02-04 08:56:34
95,279,purchase,2026-03-08 05:15:32
95,308,view,2026-04-19 00:50:30
95,397,purchase,2025-08-09 03:30:11
95,493,view,2025-06-27 18:09:08
95,150,cart,2025-10-21 11:01:56
96,349,view,2026-04-17 12:05:13
96,95,view,2025-10-24 04:57:45
96,376,purchase,2025-10-18 23:37:09
97,193,view,2025-08-20 20:05:05
97,219,cart,2025-10-25 04:46:09
98,135,view,2025-08-19 10:05:19
98,82,purchase,2025-05-14 09:51:44
98,433,cart,2025-08-02 03:35:23
98,2,cart,2025-07-25 19:30:32
98,238,purchase,2025-05-01 20:46:40
98,479,view,2026-03-24 23:27:57
98,20,view,2026-03-29 21:29:46
98,475,cart,2025-08-15 18:34:37
98,305,view,2026-04-05 09:11:55
99,431,purchase,2025-05-03 19:30:56
99,154,cart,2026-03-08 23:05:16
99,404,purchase,2026-03-02 16:40:00
99,281,cart,2025-05-24 03:08:14
99,37,purchase,2025-11-21 22:02:19
99,162,purchase,2025-09-29 18:42:10
99,112,view,2025-07-16 09:57:09
99,266,view,2025-04-23 09:16:50
99,402,purchase,2025-05-12 12:35:07
99,81,cart,2025-12-01 02:11:43
100,274,cart,2025-09-02 04:55:41
100,47,cart,2026-03-01 02:59:33
100,113,view,2025-06-23 09:12:31
100,339,cart,2025-12-30 07:12:12
100,169,cart,2026-03-27 17:24:43
100,150,view,2025-05-30 04:16:31
100,486,purchase,2025-11-07 03:22:48
100,271,cart,2025-10-30 14:23:43
100,287,purchase,2025-08-13 09:34:48
101,58,purchase,2025-08-08 22:51:05
102,228,view,2026-03-15 22:10:23
102,463,purchase,2026-03-03 07:24:45
102,314,purchase,2025-10-19 04:01:18
102,124,view,2025-05-21 09:21:50
102,349,cart,2025-12-13 20:36:20
102,195,view,2025-08-16 08:22:17
103,131,purchase,2025-07-26 10:54:23
103,370,cart,2025-06-24 09:13:20
103,12,purchase,2026-02-06 20:01:38
103,420,cart,2025-07-20 10:22:24
103,263,purchase,2026-01-18 16:05:33
103,228,cart,2025-10-31 18:42:34
103,22,cart,2026-01-28 18:04:50
104,164,purchase,2026-04-15 08:56:12
104,42,view,2025-12-13 01:37:08
104,85,purchase,2025-05-29 06:20:11
104,273,view,2025-05-01 20:29:40
105,107,purchase,2026-04-02 21:12:17
105,322,view,2025-12-12 12:53:10
106,427,view,2026-01-04 10:38:57
106,105,purchase,2025-11-08 09:35:52
106,424,purchase,2026-01-01 18:53:12
106,449,purchase,2025-11-09 07:42:44
106,396,cart,2026-01-13 01:56:52
106,331,view,2025-12-07 07:51:19
106,382,purchase,2026-03-09 22:57:07
107,12,cart,2025-04-30 16:36:57
107,367,cart,2025-09-17 01:55:11
107,19,view,2026-03-23 02:55:45
108,27,view,2025-05-14 20:01:49
108,406,cart,2025-09-17 05:57:34
109,36,purchase,2025-10-17 02:10:07
109,420,view,2025-08-17 00:41:21
109,466,cart,2025-07-11 02:21:35
109,208,cart,2026-04-05 08:48:25
109,230,purchase,2025-10-19 01:59:53
109,207,cart,2026-02-06 16:53:29
109,161,view,2026-03-13 19:30:00
109,199,purchase,2025-12-27 05:50:32
109,60,purchase,2025-09-21 10:58:10
110,328,purchase,2025-12-07 16:44:48
111,32,purchase,2025-12-25 19:14:54
111,299,view,2025-10-19 07:09:30
111,358,view,2026-01-13 03:28:50
111,183,purchase,2025-11-27 02:03:16
111,54,cart,2025-07-22 13:40:04
111,402,purchase,2025-12-14 17:00:29
111,154,purchase,2026-03-06 19:14:49
111,44,cart,2025-09-26 02:01:51
111,391,cart,2025-10-01 12:45:30
111,195,cart,2025-09-12 20:31:33
112,242,view,2025-11-24 00:20:29
113,112,view,2026-02-06 13:06:40
113,382,cart,2026-02-18 16:04:08
113,407,purchase,2026-03-16 19:18:01
113,151,purchase,2025-04-27 04:02:24
113,73,cart,2025-05-11 13:13:53
113,346,purchase,2025-06-17 16:23:02
113,331,cart,2025-05-07 09:50:06
113,490,view,2026-04-02 01:20:26
113,283,purchase,2026-03-07 15:25:51
114,63,view,2026-02-18 16:03:39
114,2,purchase,2025-09-15 16:58:46
114,305,cart,2026-01-20 20:16:36
115,280,view,2026-01-14 13:27:40
115,156,view,2026-03-22 14:47:19
115,383,purchase,2026-01-19 22:42:35
115,462,purchase,2026-02-04 01:41:03
115,176,view,2026-01-23 04:36:38
115,211,purchase,2026-01-03 16:31:41
115,435,purchase,2025-08-29 03:07:57
115,72,view,2025-05-14 18:30:37
115,94,view,2025-09-18 16:00:25
116,427,cart,2025-11-08 02:31:09
116,99,view,2025-07-04 11:56:34
116,92,purchase,2026-01-18 04:06:44
116,409,purchase,2025-08-02 23:31:02
116,436,view,2025-07-18 14:27:06
116,435,purchase,2026-01-05 09:07:43
116,236,purchase,2025-10-25 02:08:48
116,281,view,2025-10-11 19:25:02
116,148,purchase,2026-01-27 09:20:37
116,34,cart,2025-10-11 17:21:48
117,101,purchase,2025-12-31 17:31:36
117,297,cart,2025-05-17 00:08:36
118,182,view,2025-08-22 02:19:28
118,343,purchase,2025-06-30 20:44:30
118,120,view,2025-04-30 22:23:46
118,145,purchase,2025-11-22 22:51:17
118,35,view,2025-06-16 08:40:34
118,162,cart,2025-12-20 05:57:04
119,168,purchase,2025-09-16 12:34:23
119,337,cart,2025-06-22 00:32:15
119,355,purchase,2025-05-26 05:18:58
119,78,purchase,2026-04-03 01:41:29
119,290,cart,2025-07-25 17:35:43
119,413,cart,2025-07-07 04:19:52
119,490,cart,2026-04-19 12:33:20
119,86,view,2025-06-15 11:44:07
120,126,view,2025-07-29 16:10:17
120,364,purchase,2025-12-24 08:32:54
120,328,cart,2026-04-11 08:01:40
120,141,cart,2026-02-24 14:03:58
120,68,purchase,2025-11-12 15:00:49
120,375,cart,2025-10-31 17:06:26
121,236,cart,2025-12-11 17:19:34
121,183,cart,2025-10-19 01:31:11
121,249,purchase,2025-10-26 00:48:24
121,55,view,2025-08-15 06:27:47
121,330,purchase,2025-10-23 02:57:12
121,41,cart,2025-09-19 22:45:17
121,439,view,2025-12-02 03:44:16
121,456,purchase,2025-05-13 20:39:04
122,134,purchase,2025-04-27 17:07:43
122,453,purchase,2025-12-01 20:14:47
122,39,purchase,2025-05-03 08:56:57
122,38,view,2025-10-31 01:16:43
123,323,view,2026-01-12 22:13:47
123,416,purchase,2026-02-14 20:45:50
123,296,cart,2025-08-27 05:47:14
123,393,purchase,2026-02-08 07:32:53
123,108,view,2025-09-25 13:34:17
123,282,cart,2025-09-05 23:13:12
123,278,purchase,2025-11-25 14:44:40
123,241,purchase,2025-07-31 23:37:57
123,396,view,2025-11-27 15:17:10
124,200,view,2025-12-01 05:20:36
124,456,purchase,2025-10-11 02:23:38
124,375,cart,2025-09-14 15:36:18
124,68,cart,2025-07-14 17:43:48
124,256,purchase,2026-02-22 04:36:06
124,46,cart,2025-11-22 21:24:48
125,257,view,2026-01-03 10:34:20
125,339,view,2026-03-02 00:50:28
125,434,purchase,2026-03-16 11:35:36
125,350,view,2025-12-23 05:40:26
125,387,purchase,2025-12-09 15:43:33
125,71,cart,2025-10-05 18:19:32
126,91,purchase,2026-02-21 04:54:01
126,485,purchase,2026-02-20 04:43:48
126,337,view,2025-07-26 19:15:55
127,480,cart,2026-02-02 09:21:05
127,20,view,2025-05-27 15:24:50
127,389,cart,2026-01-27 16:57:06
127,118,view,2025-12-03 04:50:45
127,135,cart,2026-02-15 05:03:46
127,119,view,2025-05-18 10:22:21
127,342,view,2025-08-23 22:25:07
127,265,cart,2025-08-05 18:20:36
128,240,cart,2026-04-13 14:00:01
128,451,view,2025-12-24 15:09:24
128,20,purchase,2026-01-25 08:23:37
128,165,view,2026-03-31 08:20:38
128,360,purchase,2025-09-21 21:37:52
128,324,cart,2025-05-17 03:56:09
128,427,purchase,2025-05-06 01:14:56
129,296,purchase,2026-02-22 10:37:03
129,291,view,2025-08-28 13:18:38
129,192,purchase,2026-01-11 21:57:33
129,193,cart,2025-10-15 04:40:37
129,300,purchase,2026-04-03 07:24:14
130,264,cart,2026-01-02 05:22:12
130,192,view,2025-05-21 21:48:42
131,207,cart,2026-04-16 00:06:53
131,418,cart,2025-06-13 11:13:46
131,249,cart,2025-12-04 15:53:41
131,454,purchase,2025-09-18 19:24:33
131,3,purchase,2026-01-01 23:22:03
131,451,view,2025-08-16 15:25:09
131,225,view,2025-11-08 13:20:26
131,117,view,2025-04-20 02:06:42
131,263,purchase,2025-10-06 10:54:38
132,108,view,2026-04-13 11:21:43
132,95,view,2026-03-19 15:12:48
132,185,purchase,2025-05-10 02:35:49
132,367,view,2025-05-23 12:23:40
132,338,view,2025-09-04 00:55:52
133,415,cart,2025-09-25 06:10:45
133,368,view,2025-09-20 02:14:52
133,246,purchase,2025-11-08 04:41:17
133,245,cart,2025-09-30 17:11:48
133,107,purchase,2025-07-09 00:29:28
133,82,purchase,2025-04-21 11:52:38
133,426,cart,2025-12-04 19:43:10
134,124,view,2025-06-06 02:36:05
135,293,purchase,2025-12-15 21:38:03
135,82,view,2025-10-03 00:44:05
135,322,purchase,2025-05-30 06:07:04
136,456,purchase,2025-10-24 06:18:46
137,28,view,2025-04-30 01:20:03
137,132,view,2025-12-03 19:07:44
137,264,cart,2025-10-20 22:18:28
138,496,purchase,2025-07-11 15:59:38
138,326,view,2025-06-04 04:28:20
138,449,purchase,2025-10-23 07:00:35
138,372,purchase,2025-10-19 13:24:52
138,420,cart,2025-08-29 03:52:09
138,484,view,2025-10-17 10:11:41
138,110,cart,2025-06-23 04:47:57
138,310,cart,2025-11-18 07:54:11
138,444,cart,2026-03-17 04:26:30
138,87,view,2025-10-15 14:48:43
139,307,view,2025-07-26 07:35:54
139,406,purchase,2025-07-14 08:39:52
139,420,view,2026-02-04 17:44:40
139,319,purchase,2025-11-14 19:16:40
139,261,cart,2025-11-21 23:01:46
139,85,purchase,2025-06-26 06:36:48
139,351,cart,2025-09-18 15:48:44
140,305,purchase,2025-11-17 16:26:47
140,35,view,2025-05-26 11:54:44
140,193,cart,2025-11-27 22:40:02
140,67,view,2025-07-04 10:10:30
140,8,view,2025-05-11 09:09:52
140,267,purchase,2025-09-30 15:21:29
140,350,cart,2026-02-12 11:07:30
140,423,view,2026-03-04 01:22:03
141,49,view,2025-09-01 13:30:41
141,243,purchase,2025-12-26 16:15:40
141,307,view,2026-04-01 00:27:49
141,449,purchase,2025-09-12 19:03:12
141,257,view,2025-06-21 20:45:55
141,47,cart,2025-11-28 05:02:29
141,337,view,2025-06-20 10:38:31
141,461,purchase,2026-04-13 13:10:04
141,276,view,2025-11-22 06:26:47
141,459,purchase,2025-07-14 12:32:21
142,267,cart,2026-02-23 04:05:55
142,189,view,2025-12-09 06:31:17
142,357,purchase,2025-12-18 22:04:23
142,219,view,2025-10-11 16:10:54
142,480,cart,2025-07-31 08:42:21
142,404,cart,2025-06-10 08:47:38
142,179,purchase,2026-01-10 08:48:18
143,50,cart,2025-06-16 19:46:19
143,68,cart,2025-12-25 03:23:00
143,244,view,2025-11-11 20:31:22
143,465,view,2025-10-28 11:58:11
143,145,purchase,2025-06-04 10:42:12
143,448,purchase,2025-09-21 02:43:41
143,209,cart,2025-06-12 08:23:04
143,96,view,2025-08-10 00:54:44
143,363,purchase,2025-06-14 00:27:53
143,404,view,2025-07-08 12:20:51
144,267,view,2025-05-20 16:48:47
144,266,view,2026-02-20 23:40:14
144,192,purchase,2025-12-30 00:23:05
144,105,purchase,2026-02-01 09:32:24
144,411,cart,2025-05-02 11:53:14
144,209,cart,2026-01-13 22:10:50
144,54,view,2026-03-12 07:08:13
144,218,purchase,2025-10-10 05:53:06
144,299,cart,2026-01-06 23:20:36
144,133,purchase,2025-06-02 17:29:08
145,289,cart,2025-05-23 18:31:32
145,313,cart,2025-10-01 20:44:23
145,348,cart,2025-11-04 18:29:12
145,386,view,2026-04-18 15:22:23
145,211,purchase,2025-05-30 08:16:03
145,401,purchase,2026-04-01 08:06:25
145,247,view,2026-03-03 05:35:09
146,286,purchase,2025-09-01 09:05:55
146,247,cart,2025-08-08 14:31:22
146,157,purchase,2025-08-16 08:00:29
146,176,purchase,2026-03-21 13:13:02
146,203,purchase,2026-02-15 14:07:48
146,70,purchase,2025-07-21 23:47:33
147,382,view,2025-12-17 22:54:31
147,228,purchase,2025-09-16 15:37:28
148,51,view,2025-08-22 00:59:29
148,260,cart,2026-02-04 17:51:31
148,402,cart,2025-11-09 07:37:47
149,314,purchase,2026-01-26 10:46:19
149,350,purchase,2025-06-18 14:44:18
149,26,view,2025-07-29 01:05:56
149,199,purchase,2025-05-06 00:49:13
149,2,view,2025-06-01 15:38:07
149,421,view,2025-11-15 13:16:52
149,241,purchase,2025-05-09 09:30:07
149,222,view,2025-10-23 06:03:23
149,32,cart,2026-03-22 07:37:21
150,189,view,2026-02-18 17:46:01
150,311,view,2025-10-21 00:51:43
150,370,cart,2026-04-06 16:19:52
150,476,cart,2026-02-10 17:05:47
151,335,purchase,2025-07-20 16:24:48
151,146,purchase,2025-09-26 05:11:20
151,493,purchase,2026-03-18 06:38:00
151,29,view,2025-09-11 11:24:55
151,327,cart,2025-04-21 20:53:15
151,224,view,2025-06-14 17:58:24
151,103,purchase,2025-09-28 20:56:39
151,476,purchase,2025-06-28 01:41:12
151,146,view,2025-11-19 11:10:04
151,17,purchase,2025-04-28 02:43:16
152,264,purchase,2026-01-04 20:24:15
152,118,purchase,2025-05-15 17:41:08
152,86,purchase,2025-09-26 03:03:21
152,18,cart,2025-08-31 12:18:57
152,122,purchase,2025-10-23 15:33:14
152,0,view,2025-07-22 02:29:38
152,44,cart,2025-12-09 13:29:30
152,399,cart,2025-05-21 18:57:35
152,180,purchase,2025-07-01 04:27:05
153,207,purchase,2025-06-14 07:15:44
153,102,purchase,2026-02-10 16:48:47
153,7,purchase,2025-05-04 23:55:18
153,360,view,2026-02-12 14:53:24
153,470,view,2025-11-18 21:49:59
153,281,cart,2025-11-11 21:11:02
153,371,purchase,2025-10-08 12:24:04
154,178,cart,2026-03-14 12:44:58
154,493,cart,2025-10-07 21:12:19
154,115,purchase,2025-12-20 19:10:37
154,493,view,2025-08-14 20:31:40
154,232,cart,2026-03-31 20:31:24
154,294,view,2026-03-03 15:00:02
154,133,view,2026-01-11 13:41:50
154,208,purchase,2025-08-13 10:00:34
154,54,purchase,2026-01-25 04:10:12
154,37,purchase,2025-07-27 05:42:58
155,174,view,2025-05-26 02:39:50
155,411,purchase,2026-01-22 21:12:35
155,489,cart,2025-10-23 04:06:12
155,448,purchase,2025-08-29 09:46:15
155,416,purchase,2025-08-28 01:37:43
156,355,cart,2025-11-18 22:02:06
156,494,cart,2025-06-11 22:25:10
156,288,cart,2026-01-28 03:12:23
156,394,view,2025-08-19 01:19:40
156,387,cart,2025-11-09 14:43:16
157,348,cart,2025-06-16 16:11:10
157,459,purchase,2026-03-17 17:31:02
157,441,view,2025-10-29 20:46:15
157,246,view,2026-02-02 13:51:40
157,132,view,2025-12-28 16:13:49
157,195,purchase,2025-04-22 01:42:20
157,403,view,2025-11-25 16:07:13
157,346,purchase,2026-04-18 05:47:24
158,409,cart,2026-03-21 09:47:48
158,211,cart,2025-12-05 00:20:20
158,264,purchase,2025-11-11 03:19:13
158,4,purchase,2025-10-16 06:36:51
159,127,cart,2025-11-21 14:50:43
159,47,cart,2026-01-07 18:12:32
159,344,purchase,2025-09-01 21:35:36
159,420,cart,2025-10-17 21:28:32
159,38,purchase,2025-07-04 03:05:14
160,243,cart,2025-10-21 16:57:58
160,181,view,2025-09-28 14:09:57
160,457,purchase,2026-02-22 05:23:20
161,93,purchase,2025-09-26 11:14:13
161,349,view,2025-06-30 11:41:15
161,255,purchase,2025-10-20 22:38:29
161,102,view,2026-01-13 04:51:37
161,376,view,2025-10-05 02:04:18
162,105,view,2026-02-02 17:37:14
162,103,view,2025-09-03 18:07:40
162,428,purchase,2025-05-13 16:09:38
162,182,view,2025-09-12 18:55:00
162,398,view,2025-11-04 02:27:34
163,471,view,2026-01-11 18:20:10
163,346,purchase,2025-09-11 06:08:25
164,314,view,2025-07-01 19:00:18
164,391,purchase,2025-09-15 09:37:54
164,490,view,2025-11-25 07:29:01
164,434,cart,2025-11-08 03:00:42
164,190,purchase,2025-09-26 03:05:32
164,161,cart,2025-08-26 19:49:42
164,459,purchase,2025-11-15 15:37:23
164,444,cart,2025-11-12 17:53:54
165,93,purchase,2025-07-17 13:41:01
165,143,cart,2025-07-10 01:55:30
165,113,purchase,2025-04-23 09:02:22
165,65,view,2025-08-03 06:28:03
165,269,cart,2026-01-02 07:36:06
165,244,purchase,2026-01-04 06:55:30
165,16,purchase,2025-09-15 09:51:00
165,177,cart,2026-02-22 03:28:56
166,234,view,2026-04-13 02:57:05
166,357,purchase,2025-06-15 07:25:01
166,235,cart,2025-08-15 13:23:19
167,6,purchase,2025-04-29 20:42:44
168,194,purchase,2026-03-25 19:28:38
168,51,cart,2026-01-29 11:37:39
168,185,purchase,2025-06-15 02:14:28
168,441,cart,2025-08-05 07:25:44
169,280,cart,2025-12-17 20:40:27
169,121,cart,2025-06-06 16:51:02
169,241,purchase,2026-02-24 15:51:25
170,187,view,2026-03-05 03:04:21
170,255,cart,2025-09-30 10:53:14
170,107,cart,2025-12-22 02:13:20
170,358,cart,2025-10-18 14:09:35
170,186,cart,2025-05-23 03:31:32
170,143,cart,2025-09-23 18:34:45
171,292,view,2025-07-05 10:11:26
171,294,purchase,2025-12-01 08:01:27
171,117,view,2025-10-22 12:03:38
172,411,view,2025-12-16 23:46:55
172,284,cart,2026-02-26 19:25:28
172,438,cart,2025-07-30 05:08:20
172,100,view,2025-11-13 14:44:14
172,409,purchase,2026-04-07 12:28:02
173,242,view,2026-03-10 15:05:25
173,90,cart,2025-09-16 13:48:03
173,255,view,2025-10-29 15:44:52
174,273,purchase,2025-12-29 04:35:09
174,161,cart,2026-02-12 00:36:23
174,153,cart,2025-05-30 11:59:34
174,287,purchase,2025-12-21 06:57:55
174,24,cart,2025-11-02 02:48:21
174,50,purchase,2025-09-09 02:48:43
174,83,view,2025-07-07 15:42:41
174,110,cart,2025-09-05 12:44:14
174,243,purchase,2026-02-11 21:55:24
175,230,purchase,2025-06-25 04:50:52
175,171,cart,2026-03-21 16:25:28
176,184,purchase,2025-11-04 04:04:37
176,285,cart,2025-12-22 16:46:22
176,176,view,2025-11-02 19:47:04
176,210,view,2025-05-28 00:21:53
176,179,purchase,2025-05-10 20:34:15
176,493,purchase,2026-02-17 17:12:30
177,295,purchase,2025-08-05 06:10:43
177,332,purchase,2025-05-27 22:17:56
177,275,view,2025-11-02 17:15:08
177,399,cart,2026-02-17 09:45:09
178,166,purchase,2025-09-21 08:36:56
178,261,cart,2025-08-10 05:36:08
178,396,purchase,2026-02-06 07:21:39
178,228,view,2026-02-02 22:13:57
178,195,purchase,2025-11-12 00:47:16
178,146,cart,2025-06-05 17:57:28
179,444,view,2025-10-05 04:15:30
179,327,cart,2026-01-29 08:52:10
179,215,purchase,2026-04-19 13:23:02
180,292,cart,2025-04-27 00:48:07
180,434,view,2026-03-20 16:15:44
180,40,view,2026-02-24 16:40:38
180,175,view,2025-11-10 00:08:39
180,160,cart,2026-02-19 02:03:50
180,334,cart,2025-09-06 15:32:19
180,363,cart,2025-07-02 02:18:44
180,309,purchase,2025-08-14 18:44:12
180,202,cart,2026-04-12 10:20:19
180,454,cart,2025-09-21 14:43:59
181,382,purchase,2025-10-14 00:04:42
181,266,cart,2025-08-17 07:35:45
181,211,view,2025-05-14 15:23:42
181,94,view,2026-02-21 18:37:04
181,64,purchase,2025-11-29 02:32:47
181,120,purchase,2026-02-15 18:30:14
182,481,purchase,2025-10-24 10:07:38
182,358,purchase,2025-12-15 15:27:19
182,40,view,2025-07-23 09:06:49
182,85,cart,2025-07-05 16:43:06
182,52,view,2025-09-07 12:42:14
183,479,cart,2025-07-24 03:01:52
183,280,view,2025-12-29 07:07:53
184,394,cart,2026-02-18 14:51:54
185,391,view,2025-12-19 00:34:33
185,53,cart,2025-08-14 09:35:46
185,316,view,2025-12-30 11:01:11
185,43,purchase,2025-09-01 05:59:19
185,476,cart,2026-01-31 09:47:59
185,158,view,2025-09-28 16:41:24
185,126,purchase,2025-07-19 22:13:41
185,145,cart,2025-09-04 16:02:45
185,320,view,2025-07-29 01:00:44
186,269,view,2026-01-26 22:37:35
186,14,view,2025-12-31 09:23:14
186,339,cart,2026-04-01 07:29:51
187,442,cart,2025-05-12 17:49:46
187,239,purchase,2026-03-22 16:02:18
187,478,cart,2025-11-29 10:20:51
187,280,cart,2026-01-22 07:40:47
187,69,purchase,2025-04-24 11:35:04
187,276,view,2025-06-25 04:42:25
188,305,cart,2026-04-19 10:27:40
188,323,purchase,2026-01-23 11:28:08
188,325,purchase,2026-04-01 21:08:23
188,222,purchase,2025-12-17 13:04:13
188,327,purchase,2025-04-21 03:16:44
188,273,cart,2025-08-29 08:55:27
188,465,cart,2026-02-01 04:54:16
188,246,purchase,2025-05-22 11:23:59
188,116,view,2026-02-09 22:10:19
188,226,cart,2026-02-11 17:27:09
189,211,cart,2025-09-05 15:17:22
189,79,cart,2025-08-20 08:38:02
189,5,view,2025-07-13 07:37:15
189,267,view,2026-02-05 19:47:36
189,176,cart,2025-07-07 20:24:41
189,240,purchase,2025-05-24 04:20:53
190,352,cart,2026-03-24 09:54:16
191,153,view,2025-10-18 17:50:52
191,392,cart,2026-02-24 18:48:11
191,408,cart,2025-05-12 05:50:49
191,305,view,2025-11-18 16:06:08
191,407,view,2025-11-02 11:54:59
191,280,cart,2025-09-15 15:37:18
191,96,cart,2026-03-09 06:52:37
191,451,purchase,2026-01-06 16:26:09
192,202,view,2025-05-29 20:59:08
192,83,purchase,2026-02-16 21:54:06
192,377,purchase,2025-04-19 18:10:48
192,199,cart,2025-11-17 09:20:50
192,112,cart,2025-09-07 19:45:38
192,40,cart,2025-05-29 03:29:54
192,320,view,2025-09-13 15:27:11
193,391,purchase,2025-08-11 14:23:07
193,413,purchase,2025-09-20 22:10:34
193,350,cart,2026-02-20 07:59:19
193,145,purchase,2026-02-18 11:33:00
193,380,purchase,2025-09-04 18:27:27
193,414,cart,2025-12-28 14:30:47
193,211,view,2025-06-21 05:56:14
193,436,view,2025-12-22 20:51:18
193,93,view,2025-10-11 05:52:34
194,56,purchase,2025-12-19 21:01:36
194,233,purchase,2025-06-05 05:13:46
194,231,cart,2026-02-23 14:54:31
194,358,purchase,2025-05-23 20:36:36
194,251,view,2025-10-26 02:56:01
195,9,view,2025-09-02 02:04:40
195,25,purchase,2025-04-29 00:44:57
195,11,view,2025-05-18 02:43:12
195,497,view,2026-01-01 22:09:50
195,144,cart,2026-02-26 09:19:09
195,64,purchase,2026-02-01 01:52:48
196,372,view,2026-04-07 12:21:55
196,119,view,2025-06-06 13:42:06
196,77,view,2025-09-15 18:02:42
196,252,view,2025-10-21 14:04:56
196,175,cart,2025-08-02 04:25:13
196,159,cart,2025-07-18 12:53:46
196,190,cart,2025-12-04 16:46:12
196,356,view,2025-08-06 15:48:54
197,41,view,2026-03-24 12:39:51
197,28,cart,2025-12-09 00:22:39
197,397,cart,2026-04-14 00:50:03
197,36,purchase,2025-06-03 18:30:57
197,240,view,2025-08-14 10:17:19
197,98,cart,2025-07-23 12:05:40
198,424,view,2025-04-27 19:14:18
198,62,purchase,2025-12-11 08:30:14
198,127,cart,2025-10-28 21:50:22
198,394,cart,2025-09-22 21:11:05
198,126,purchase,2026-02-02 21:18:34
198,17,view,2025-11-08 10:05:12
198,235,purchase,2025-08-15 01:59:48
199,266,purchase,2025-07-28 03:35:44
199,106,cart,2025-06-08 05:19:03
200,348,cart,2025-12-01 21:50:09
200,479,cart,2026-04-17 02:15:24
200,81,purchase,2025-05-24 16:55:58
200,372,view,2025-10-27 10:10:42
200,381,purchase,2025-09-11 00:11:05
200,266,view,2026-03-09 22:48:18
200,129,cart,2026-02-02 16:18:23
201,101,cart,2026-01-13 08:47:03
201,454,view,2025-09-07 04:51:13
201,442,purchase,2026-03-05 06:50:12
201,111,view,2025-11-12 02:03:31
201,120,purchase,2026-01-11 20:33:57
202,166,view,2025-08-21 14:33:19
202,85,cart,2025-10-26 02:24:37
202,299,view,2025-05-09 19:05:06
202,202,view,2026-03-24 08:30:48
202,4,view,2025-09-14 22:15:06
202,297,purchase,2025-09-06 00:13:57
202,243,purchase,2026-02-09 20:24:49
203,79,cart,2025-12-11 09:53:23
203,394,view,2025-12-10 11:57:18
203,127,view,2025-06-07 14:00:43
203,255,view,2026-01-02 18:28:40
203,351,purchase,2025-10-27 13:41:46
203,173,purchase,2025-11-11 02:42:56
203,30,view,2025-04-24 11:46:32
203,182,purchase,2026-01-28 03:46:08
203,78,purchase,2025-11-13 05:27:35
203,274,view,2025-10-13 20:59:51
204,249,view,2025-04-22 08:12:05
204,162,purchase,2025-09-01 00:13:27
204,403,purchase,2025-08-23 20:24:33
205,412,cart,2025-07-25 04:55:59
205,375,view,2026-02-06 17:59:06
205,10,purchase,2025-10-19 20:44:36
205,193,cart,2025-11-05 13:57:05
205,370,view,2026-03-21 06:42:09
205,128,view,2026-03-23 16:16:55
206,361,cart,2026-03-22 10:14:22
206,286,cart,2026-03-10 14:29:23
206,277,purchase,2025-11-19 17:24:46
206,250,view,2025-07-26 04:08:50
206,290,view,2025-11-18 22:23:56
206,278,cart,2025-07-13 17:34:48
206,165,purchase,2026-03-13 21:16:23
206,239,cart,2025-06-01 07:28:56
207,468,purchase,2025-05-01 02:06:13
207,82,view,2026-03-24 15:12:24
207,271,view,2025-09-14 11:35:38
207,230,cart,2025-07-20 23:52:43
207,419,cart,2025-12-02 22:35:48
207,277,cart,2025-07-10 06:43:38
207,232,view,2025-09-29 13:07:28
207,397,purchase,2026-02-12 13:07:52
207,259,cart,2026-03-13 11:32:13
207,375,view,2025-07-03 06:24:55
208,317,cart,2025-09-20 19:48:22
209,122,cart,2025-07-15 07:10:49
209,369,view,2026-01-10 10:14:50
209,337,purchase,2025-08-09 10:02:08
209,419,cart,2025-10-27 00:22:00
209,97,purchase,2026-02-07 21:27:02
209,349,cart,2026-03-31 12:25:34
209,392,purchase,2026-01-03 12:04:08
209,78,purchase,2025-11-03 19:04:35
209,144,cart,2025-05-26 11:27:00
209,209,purchase,2025-09-21 01:43:14
210,56,view,2026-01-18 16:27:12
210,267,purchase,2026-02-07 21:47:19
210,34,view,2025-11-17 22:23:14
210,427,view,2025-12-29 17:11:43
210,91,view,2025-07-19 09:39:13
210,103,view,2025-08-03 17:19:20
211,98,view,2025-07-12 14:04:00
211,16,purchase,2025-10-08 04:00:55
211,328,cart,2025-07-03 23:28:06
211,336,cart,2025-09-10 14:46:47
211,269,purchase,2025-04-20 07:54:39
211,359,purchase,2025-08-18 04:51:49
211,131,view,2025-07-05 14:39:37
211,187,view,2026-01-30 23:35:16
212,367,view,2025-09-30 14:09:53
212,6,view,2025-10-28 18:50:26
212,335,cart,2026-01-14 05:22:22
212,475,view,2026-01-28 13:19:43
212,239,purchase,2025-12-28 01:30:17
212,31,cart,2025-11-02 06:46:02
212,285,purchase,2026-01-24 06:47:25
212,480,cart,2026-01-27 14:56:58
212,420,cart,2025-10-24 15:21:31
212,406,purchase,2025-06-16 23:33:17
213,421,purchase,2025-07-01 04:12:44
214,270,view,2025-12-09 15:23:50
214,375,view,2025-12-06 17:50:44
214,427,cart,2025-09-04 16:25:33
214,39,view,2026-03-26 21:56:25
214,491,purchase,2026-02-16 09:17:02
215,51,purchase,2025-06-05 02:59:01
215,118,purchase,2025-12-04 07:57:32
216,97,view,2025-05-27 22:45:34
216,269,purchase,2025-11-29 10:38:38
216,127,purchase,2025-06-25 07:54:45
216,320,view,2025-11-29 16:18:46
216,285,purchase,2025-09-20 08:07:19
216,285,cart,2025-06-15 06:24:25
216,382,view,2026-01-07 19:45:52
217,183,purchase,2025-08-14 03:01:30
217,234,purchase,2025-08-27 11:34:25
217,340,cart,2025-07-20 21:40:58
217,452,view,2026-04-15 03:05:06
217,85,view,2025-06-25 18:11:32
217,281,cart,2026-03-04 07:36:23
217,258,cart,2025-07-14 16:39:52
217,336,view,2025-05-22 21:52:07
217,273,purchase,2025-08-10 16:15:39
217,226,cart,2025-11-29 22:07:31
218,281,cart,2025-12-14 04:46:52
218,432,cart,2025-08-16 19:16:05
218,211,purchase,2025-09-08 20:31:46
218,220,purchase,2026-01-26 15:28:16
218,165,purchase,2026-03-07 05:24:41
218,123,purchase,2025-04-23 01:42:32
219,109,cart,2026-02-13 00:59:28
219,392,purchase,2026-03-09 11:37:01
219,474,purchase,2025-07-08 08:53:00
219,130,cart,2025-09-04 17:59:38
219,492,cart,2026-01-03 08:22:33
219,229,cart,2025-08-31 18:00:09
219,0,purchase,2025-09-12 19:38:55
219,17,cart,2025-05-11 00:03:46
219,305,view,2026-03-11 03:53:36
220,69,cart,2025-06-25 21:43:28
220,3,cart,2025-09-03 12:14:37
220,113,view,2026-01-27 06:30:18
220,438,cart,2026-01-11 08:45:24
220,11,purchase,2025-11-15 18:45:35
220,421,cart,2026-03-17 19:43:52
220,470,purchase,2025-12-28 08:58:45
220,261,purchase,2025-05-30 20:28:00
220,292,purchase,2026-02-22 23:44:51
221,48,view,2025-05-15 07:36:50
221,235,cart,2025-09-08 21:03:47
221,79,view,2026-03-16 05:30:09
222,187,purchase,2025-07-26 21:19:53
222,127,view,2025-10-10 15:42:50
222,131,cart,2025-11-15 00:05:43
222,47,purchase,2025-07-02 12:57:15
222,204,purchase,2026-02-18 21:55:27
223,375,view,2025-06-15 20:12:48
223,370,cart,2025-06-16 19:01:04
223,405,cart,2025-10-09 19:03:50
223,88,cart,2025-06-03 02:02:50
224,419,view,2025-11-26 02:07:30
224,304,purchase,2025-12-08 10:30:30
224,153,view,2025-12-24 02:32:18
224,374,purchase,2025-09-02 19:25:01
224,195,view,2025-05-05 06:25:17
224,399,view,2026-01-12 11:41:17
224,471,cart,2025-06-07 19:50:41
224,178,cart,2025-04-28 09:57:22
224,213,view,2025-06-24 16:35:13
224,445,view,2025-12-24 23:22:17
225,475,view,2026-02-26 14:25:05
225,324,purchase,2025-08-16 06:56:31
225,195,view,2025-10-17 14:25:35
225,156,purchase,2026-01-24 20:15:47
225,21,cart,2025-11-30 04:46:07
225,276,purchase,2026-02-06 14:43:43
225,76,cart,2025-09-01 00:59:47
225,257,purchase,2025-09-17 14:54:30
225,113,view,2026-03-18 21:06:45
225,25,purchase,2025-11-29 12:29:52
226,497,cart,2025-05-01 01:41:41
226,385,purchase,2025-11-26 04:02:36
226,294,purchase,2025-08-24 08:22:41
226,46,view,2026-02-27 18:43:18
226,221,cart,2025-12-26 17:16:26
226,402,cart,2026-02-13 09:31:00
226,75,view,2025-07-26 20:04:03
227,42,cart,2025-12-05 08:05:28
227,292,purchase,2025-04-22 14:40:10
227,25,purchase,2025-11-02 16:45:10
227,204,cart,2026-03-17 04:56:55
227,43,cart,2025-07-30 14:17:20
227,256,cart,2026-01-28 04:09:30
228,390,view,2026-02-21 08:31:21
228,246,purchase,2025-11-25 04:32:06
228,101,cart,2025-11-10 16:17:28
229,333,purchase,2025-11-16 02:39:54
229,100,purchase,2025-10-25 15:12:00
229,315,purchase,2025-10-27 23:11:14
229,268,view,2026-03-31 18:13:32
229,124,view,2025-07-13 04:05:36
229,136,cart,2025-05-10 10:02:36
229,165,purchase,2025-06-18 04:11:58
230,45,view,2025-10-23 17:04:11
230,343,cart,2025-06-18 04:11:25
230,216,cart,2025-11-26 13:25:36
230,178,view,2026-01-25 03:34:22
230,164,cart,2026-04-17 00:40:44
230,304,purchase,2026-02-10 12:51:42
230,12,cart,2025-07-28 15:50:25
230,86,cart,2026-03-04 22:23:32
230,315,cart,2026-02-05 01:17:55
230,319,view,2025-12-19 04:33:16
231,22,view,2025-07-28 23:38:51
231,102,purchase,2026-02-11 05:47:40
231,191,view,2025-08-12 17:37:26
231,387,purchase,2026-03-11 02:46:34
231,436,view,2025-11-26 23:26:14
231,57,purchase,2025-09-04 03:27:11
231,27,view,2025-11-25 17:18:06
231,485,purchase,2026-01-19 04:46:24
232,444,cart,2025-08-20 07:35:18
232,7,cart,2026-01-10 13:39:18
232,355,view,2026-03-15 10:43:14
233,230,cart,2025-09-25 18:06:10
233,11,cart,2026-01-25 23:44:54
233,107,purchase,2025-06-19 17:50:02
233,275,view,2025-11-07 02:39:12
233,104,purchase,2025-11-02 08:38:08
234,384,cart,2026-02-28 00:38:36
234,280,cart,2025-11-25 23:50:28
234,318,purchase,2025-10-15 00:00:41
234,72,purchase,2025-12-06 22:25:02
234,357,purchase,2025-12-08 04:08:58
234,9,cart,2025-07-06 13:39:27
234,298,purchase,2025-05-17 02:49:12
234,269,view,2025-11-08 15:13:52
234,130,view,2025-05-29 16:49:49
235,145,view,2025-04-22 07:37:57
236,138,view,2025-10-18 23:26:28
236,238,purchase,2026-01-21 06:28:52
236,483,view,2025-12-28 03:10:11
236,34,cart,2025-10-14 04:49:40
236,338,cart,2025-11-13 04:43:41
236,339,purchase,2025-05-17 15:16:54
236,184,view,2026-01-18 02:20:55
236,9,cart,2025-07-21 14:28:38
236,444,purchase,2025-08-05 11:58:18
236,197,view,2025-12-03 19:34:43
237,260,purchase,2025-12-09 23:05:51
237,50,cart,2025-07-14 21:51:17
237,248,purchase,2025-05-13 06:59:03
237,272,view,2025-05-03 21:25:17
237,95,view,2025-05-25 20:17:34
237,256,cart,2025-04-28 22:46:00
237,287,purchase,2025-08-21 02:32:37
238,20,view,2025-06-29 23:16:12
239,156,cart,2025-10-14 01:15:22
239,250,cart,2026-02-15 09:44:29
239,381,view,2025-10-07 11:47:32
239,9,cart,2025-06-17 04:07:05
239,350,cart,2026-04-05 19:44:05
239,181,purchase,2026-01-25 09:03:38
239,154,view,2025-08-16 02:43:50
239,256,cart,2025-07-31 13:02:47
239,415,view,2025-07-15 18:11:14
240,449,cart,2025-04-21 19:12:27
240,455,view,2025-08-04 19:20:09
240,483,purchase,2025-05-22 00:07:18
240,485,cart,2025-06-16 06:00:31
240,115,view,2026-02-14 08:14:19
241,459,cart,2025-06-03 10:05:24
241,336,view,2026-02-06 11:27:38
241,44,purchase,2026-02-08 13:57:36
241,195,purchase,2025-05-28 13:24:26
241,491,purchase,2025-10-04 12:10:55
241,313,purchase,2025-10-03 08:58:09
242,213,view,2026-03-17 02:33:19
242,293,view,2025-11-22 00:45:31
242,218,cart,2025-06-17 05:14:29
242,465,purchase,2025-12-17 01:00:11
243,229,purchase,2026-01-15 00:44:31
243,67,view,2025-12-17 16:37:11
243,334,view,2025-11-02 01:45:49
243,297,purchase,2026-02-02 23:02:20
243,350,view,2026-02-01 19:13:46
243,441,view,2025-11-15 20:06:15
244,352,purchase,2025-06-02 04:57:39
244,460,purchase,2025-11-22 06:58:04
244,465,view,2026-04-07 15:48:49
244,220,view,2025-10-28 14:04:47
244,335,purchase,2026-02-25 16:05:01
245,162,view,2026-04-06 06:53:08
245,285,purchase,2026-01-27 16:30:51
245,485,purchase,2025-06-25 01:09:16
246,94,cart,2025-08-18 21:29:38
246,429,view,2026-03-31 21:11:19
247,391,cart,2025-08-24 21:34:00
248,492,cart,2025-07-08 20:34:16
248,155,cart,2025-11-14 19:11:55
248,381,purchase,2026-04-04 13:30:17
248,477,purchase,2025-09-27 19:21:37
248,140,view,2026-02-23 21:38:33
248,398,view,2025-12-11 04:05:24
248,54,view,2025-10-23 17:07:08
249,13,purchase,2025-09-05 13:09:36
249,315,cart,2025-06-14 22:44:40
249,310,purchase,2025-10-08 00:14:56
250,118,purchase,2025-10-22 16:46:27
250,118,view,2026-01-26 05:09:11
250,351,view,2025-08-14 15:17:10
250,183,view,2026-01-15 17:35:53
250,352,cart,2026-04-09 18:33:33
250,68,purchase,2025-08-22 00:24:25
250,433,purchase,2026-03-04 16:36:16
250,240,purchase,2025-05-11 20:19:18
250,332,cart,2026-03-04 01:34:59
250,94,cart,2025-08-09 05:08:17
251,242,view,2025-07-19 02:40:33
251,83,view,2025-07-22 23:37:49
251,115,view,2026-01-08 10:45:47
251,209,view,2026-01-17 20:55:24
251,473,cart,2025-11-03 12:11:49
251,486,cart,2025-05-28 05:11:18
251,113,purchase,2025-05-16 23:37:09
251,343,view,2026-01-28 18:59:45
252,33,view,2026-03-04 17:11:01
252,474,cart,2025-08-01 03:56:59
252,443,purchase,2026-02-06 03:46:58
252,250,purchase,2026-03-09 05:13:04
253,443,cart,2026-02-19 09:01:39
253,454,view,2025-12-26 14:40:51
253,218,cart,2025-08-07 13:56:41
253,397,view,2026-02-01 05:17:48
253,311,purchase,2026-02-15 12:04:12
253,422,cart,2026-04-19 17:48:32
254,201,purchase,2025-10-13 09:11:35
254,480,purchase,2025-06-14 04:53:26
254,292,purchase,2025-07-30 21:43:00
254,274,purchase,2026-02-21 02:46:24
254,328,purchase,2026-02-23 20:34:23
254,402,view,2025-11-08 23:55:44
255,55,cart,2026-01-20 04:44:54
255,233,view,2025-06-03 06:37:29
255,449,view,2025-12-10 15:44:14
255,265,purchase,2025-08-02 20:22:20
255,202,purchase,2025-08-16 17:56:39
255,20,purchase,2025-06-13 18:40:11
255,198,purchase,2025-10-07 03:45:19
255,391,purchase,2025-10-28 04:51:09
255,492,view,2025-05-11 03:55:34
256,149,cart,2025-06-11 19:03:53
256,203,cart,2025-08-16 11:39:13
256,396,cart,2025-06-19 03:16:21
256,236,view,2025-05-04 09:59:09
257,150,purchase,2025-09-20 04:07:06
257,470,view,2025-12-12 19:22:35
257,353,purchase,2025-07-24 05:41:13
257,462,view,2025-05-04 14:35:54
257,237,purchase,2026-03-11 19:59:11
257,231,view,2025-11-16 14:00:03
257,369,purchase,2025-06-13 11:02:03
258,92,purchase,2025-05-01 06:15:10
258,480,purchase,2026-01-13 11:54:53
259,69,cart,2026-01-31 14:52:39
259,211,cart,2025-08-25 08:28:15
259,230,view,2025-05-19 08:28:33
259,91,cart,2026-04-18 22:13:14
259,302,purchase,2025-06-14 06:35:14
259,458,view,2025-06-11 15:07:08
259,451,cart,2026-01-31 03:12:43
259,46,cart,2026-04-09 12:33:01
259,165,purchase,2025-08-10 02:01:49
260,367,purchase,2025-07-19 01:47:54
260,63,view,2025-09-27 11:34:56
260,58,purchase,2025-09-03 11:57:11
261,324,cart,2025-06-09 06:58:41
261,43,purchase,2025-06-14 04:47:15
261,362,cart,2026-03-05 21:23:41
261,372,purchase,2026-02-03 04:29:53
261,313,view,2026-04-17 04:26:35
261,193,purchase,2026-03-27 08:04:09
261,194,view,2025-06-05 17:37:54
261,393,view,2025-12-23 04:46:28
262,289,purchase,2025-08-11 05:36:02
262,441,view,2026-02-20 02:04:01
262,83,view,2026-03-30 08:21:53
262,91,purchase,2026-01-23 19:12:43
262,26,cart,2025-07-12 07:59:35
262,157,cart,2026-03-28 18:47:01
263,147,purchase,2025-07-26 14:06:10
263,92,view,2026-03-10 03:07:01
263,460,view,2026-04-06 17:43:44
263,491,view,2025-11-23 13:37:50
263,1,purchase,2025-09-16 00:11:59
263,391,cart,2025-10-17 00:51:01
263,6,cart,2025-07-08 17:00:57
263,254,cart,2026-03-23 18:17:27
264,413,view,2025-10-25 03:58:54
264,311,cart,2026-03-31 20:29:58
264,121,view,2025-12-10 08:52:35
264,301,purchase,2025-08-09 20:42:21
264,243,cart,2026-03-04 02:16:17
264,209,cart,2025-05-01 23:53:56
264,40,purchase,2025-09-02 23:10:10
264,307,view,2025-05-22 15:52:16
264,125,purchase,2025-12-12 01:25:34
265,317,purchase,2025-07-14 14:12:57
265,285,view,2025-11-09 08:18:34
265,25,view,2025-10-11 15:56:49
265,75,view,2026-01-01 06:23:01
265,334,cart,2025-12-13 05:45:18
266,74,view,2025-07-19 21:06:49
267,429,purchase,2025-06-24 04:05:17
267,152,cart,2025-10-19 15:09:19
267,471,view,2026-01-17 12:37:47
267,25,view,2026-01-16 08:17:46
267,213,view,2025-05-22 03:50:06
267,82,purchase,2025-11-11 00:03:34
267,145,purchase,2025-07-18 17:02:56
267,338,purchase,2025-08-10 05:56:05
267,358,purchase,2026-01-04 19:41:29
267,293,purchase,2026-01-08 19:48:25
268,494,cart,2025-05-24 20:34:52
268,383,purchase,2025-04-28 04:06:42
268,184,view,2026-02-11 12:58:40
269,393,cart,2025-06-21 09:21:29
269,165,cart,2025-09-19 17:38:23
270,419,view,2025-09-19 12:34:54
270,388,cart,2025-07-20 23:10:38
270,431,purchase,2025-12-23 10:57:22
270,33,cart,2026-02-02 12:51:16
270,241,view,2026-02-11 13:47:47
270,62,purchase,2025-07-24 14:36:17
270,440,cart,2025-04-23 09:44:45
271,269,cart,2025-08-03 02:16:50
271,268,view,2026-02-20 01:03:22
271,356,view,2025-07-04 13:52:23
271,313,view,2025-07-16 17:06:53
271,55,purchase,2025-11-05 15:40:28
271,373,purchase,2025-11-29 23:14:47
272,44,cart,2025-10-22 15:03:40
272,370,purchase,2026-02-19 12:24:36
272,309,purchase,2025-06-03 07:08:55
272,147,cart,2025-05-16 06:04:53
272,311,cart,2025-12-06 22:18:31
272,132,purchase,2026-01-26 00:07:11
272,294,purchase,2025-11-25 17:20:14
272,181,view,2025-12-09 02:44:49
272,314,purchase,2025-06-18 18:28:42
273,266,purchase,2025-12-23 17:46:11
273,323,cart,2025-11-18 20:59:53
273,252,view,2025-06-01 07:35:02
273,452,purchase,2025-05-17 22:12:52
273,119,purchase,2025-11-02 11:03:49
273,148,view,2025-06-09 03:03:33
273,0,view,2026-03-09 16:29:57
273,12,cart,2025-08-30 10:34:10
274,377,view,2026-03-29 10:15:58
274,409,purchase,2025-12-04 07:01:02
275,211,view,2025-08-14 21:03:33
275,170,cart,2025-12-22 19:30:49
275,286,purchase,2026-01-18 21:39:39
275,108,view,2025-09-18 00:06:07
275,327,view,2025-05-26 16:48:26
275,353,cart,2026-01-08 17:12:23
275,130,view,2025-10-01 18:27:48
276,153,purchase,2025-08-15 11:48:02
276,281,cart,2026-01-29 05:17:13
276,392,view,2025-11-16 14:47:14
276,58,purchase,2025-12-28 00:18:44
276,170,cart,2026-03-02 14:43:46
277,370,purchase,2025-12-05 06:19:58
277,315,view,2026-02-01 05:35:24
277,426,view,2025-05-28 13:25:58
277,99,cart,2025-07-17 16:43:33
277,426,cart,2026-02-19 17:06:52
277,472,purchase,2025-06-11 04:08:36
277,245,cart,2025-10-11 06:13:45
278,330,view,2026-01-16 03:44:09
279,79,purchase,2026-02-02 06:54:10
279,235,purchase,2026-03-12 11:25:06
279,458,cart,2025-09-28 04:54:22
279,236,cart,2025-06-22 02:07:54
279,475,purchase,2025-11-08 23:42:35
279,28,purchase,2026-03-20 23:50:17
279,153,purchase,2025-04-29 16:58:28
279,371,purchase,2026-02-20 23:39:25
280,284,purchase,2026-04-03 22:04:35
280,9,view,2025-05-18 03:38:37
280,295,purchase,2025-07-04 12:51:27
280,169,cart,2026-02-05 00:52:05
280,33,view,2026-01-15 01:30:19
280,143,view,2025-08-17 11:05:15
281,192,purchase,2026-01-19 08:20:09
281,273,view,2025-05-30 20:34:52
281,292,purchase,2025-04-28 05:29:46
281,199,view,2025-11-01 13:58:24
281,304,view,2025-12-14 02:27:35
281,442,cart,2025-09-28 22:25:55
282,363,view,2025-11-18 03:20:48
282,139,cart,2026-01-11 10:47:48
282,44,cart,2026-01-04 22:30:12
282,449,view,2025-05-04 10:18:41
282,190,cart,2026-04-12 06:42:56
282,424,cart,2025-06-02 13:00:11
283,268,cart,2026-01-23 23:11:36
283,89,view,2025-12-08 01:00:06
283,191,view,2025-06-15 14:09:33
283,398,view,2026-04-11 09:37:12
284,227,purchase,2025-10-31 07:33:26
284,12,cart,2026-02-26 04:37:37
285,78,view,2026-03-27 16:03:25
285,174,cart,2025-07-06 13:19:23
285,375,purchase,2025-12-28 21:19:48
285,158,cart,2026-01-29 15:44:37
285,73,view,2026-03-27 14:11:21
285,420,purchase,2025-12-31 11:13:52
285,346,view,2026-04-06 00:49:58
285,105,purchase,2025-12-30 15:38:25
285,18,cart,2025-04-24 06:15:18
286,365,purchase,2026-02-06 15:43:04
286,59,view,2025-05-08 17:33:54
286,159,view,2025-06-29 00:12:21
286,351,purchase,2025-10-13 18:15:18
286,446,view,2025-09-12 19:17:49
286,170,cart,2025-10-31 22:00:21
286,455,view,2025-09-13 05:25:06
287,266,purchase,2025-07-03 16:39:46
287,381,cart,2025-11-23 18:18:35
288,295,cart,2025-12-25 15:37:07
289,164,view,2026-01-31 04:52:02
289,98,cart,2026-01-05 20:10:03
289,141,purchase,2025-04-30 17:40:49
289,163,cart,2025-06-26 12:11:47
290,139,view,2025-07-01 10:40:32
290,80,cart,2025-09-08 22:14:29
291,7,purchase,2025-07-07 22:43:10
291,286,purchase,2025-12-07 10:41:20
292,105,purchase,2025-11-16 06:06:10
292,179,purchase,2025-08-28 07:40:46
293,138,view,2025-07-26 15:36:04
293,482,purchase,2025-06-04 08:50:46
293,411,cart,2026-02-13 13:00:34
293,293,view,2025-07-17 03:23:50
293,87,view,2026-01-05 09:33:34
293,159,purchase,2025-05-01 02:13:13
294,276,cart,2025-12-01 10:09:09
294,25,view,2026-01-21 04:33:00
294,14,cart,2026-04-03 16:24:04
294,462,purchase,2026-01-12 07:50:13
294,25,view,2025-04-20 13:06:10
294,196,view,2025-11-17 18:11:01
295,218,cart,2025-09-01 10:18:57
295,91,purchase,2025-07-24 07:56:20
296,456,purchase,2025-12-14 20:25:52
296,322,purchase,2025-04-22 19:31:19
296,358,cart,2025-11-18 08:29:29
296,315,cart,2025-07-26 07:33:56
296,159,cart,2025-10-21 07:24:28
296,418,view,2025-08-12 22:57:41
296,365,purchase,2025-07-31 18:52:17
296,414,purchase,2025-05-03 18:41:39
296,40,cart,2026-02-28 09:30:10
296,290,view,2026-01-03 20:14:42
297,416,purchase,2026-03-27 21:14:17
297,239,view,2025-07-25 16:32:55
298,158,purchase,2025-09-17 21:20:28
298,329,purchase,2025-06-13 01:22:24
298,392,cart,2025-12-10 12:26:38
298,240,view,2025-06-21 20:03:27
298,485,view,2025-04-21 04:56:57
298,73,purchase,2026-03-25 06:41:01
298,132,cart,2025-06-16 12:50:33
298,200,view,2025-11-02 03:26:26
299,403,cart,2025-09-16 12:33:22
299,232,cart,2025-09-25 13:39:14
299,15,view,2025-11-19 00:09:53
299,243,view,2025-06-15 19:04:38
299,179,cart,2025-06-13 05:18:24
299,236,view,2026-01-31 15:52:23
300,393,cart,2025-06-09 12:20:56
300,309,purchase,2025-11-24 23:49:42
300,65,purchase,2025-04-23 18:52:14
300,52,cart,2025-08-16 05:03:25
300,418,purchase,2025-05-16 22:52:17
301,166,purchase,2025-07-20 23:19:01
301,332,view,2026-02-04 14:16:30
302,272,cart,2025-06-24 12:10:27
302,205,purchase,2026-02-13 09:05:10
302,211,view,2025-12-31 02:17:49
302,317,view,2026-01-28 15:23:33
302,280,view,2026-02-07 15:19:26
303,196,view,2026-03-27 12:22:18
303,174,view,2026-03-31 20:25:44
303,416,purchase,2025-06-18 05:26:24
303,302,cart,2025-09-25 12:02:08
303,401,cart,2026-01-04 22:57:58
303,290,cart,2026-01-09 15:38:58
303,278,purchase,2025-07-09 07:23:32
303,120,view,2025-06-01 20:45:34
304,378,purchase,2025-12-21 21:42:46
304,293,cart,2026-03-08 12:34:53
305,303,purchase,2025-07-02 15:26:15
305,237,cart,2025-05-21 18:46:32
306,49,cart,2025-05-28 07:14:41
306,90,cart,2026-02-22 11:56:42
306,489,cart,2025-05-29 06:57:59
306,35,purchase,2025-08-25 18:28:47
306,55,purchase,2025-07-08 18:22:29
306,416,purchase,2025-12-04 04:59:55
306,394,cart,2025-11-03 18:25:16
306,167,cart,2025-05-02 19:25:29
306,330,purchase,2026-01-06 13:45:46
307,46,view,2025-12-15 12:58:18
308,454,purchase,2025-06-22 12:31:54
308,462,purchase,2025-10-01 03:09:49
308,414,view,2025-07-29 10:36:04
309,338,view,2026-02-25 05:12:16
309,231,purchase,2025-09-06 01:22:37
309,149,cart,2025-11-12 07:01:24
310,295,cart,2026-01-20 14:50:38
310,100,view,2025-10-08 05:40:25
310,348,cart,2025-11-14 21:33:26
310,153,purchase,2025-07-31 15:29:25
310,406,purchase,2025-09-15 03:42:55
310,155,cart,2026-03-16 00:08:20
310,367,cart,2025-05-05 03:36:17
310,45,purchase,2026-02-12 14:36:00
310,4,purchase,2025-08-09 08:14:28
310,261,cart,2025-11-16 08:26:30
311,436,cart,2026-01-25 22:57:39
311,31,cart,2026-02-24 08:06:35
311,461,purchase,2025-09-16 20:07:27
312,0,purchase,2025-11-09 00:14:19
313,420,cart,2025-06-20 22:37:44
313,56,cart,2026-03-01 08:51:51
313,443,view,2025-07-29 07:55:31
313,120,cart,2026-03-07 14:47:51
313,359,purchase,2025-08-25 08:33:29
313,201,purchase,2025-08-17 05:15:23
313,162,purchase,2025-04-25 11:40:14
313,195,cart,2026-03-26 18:20:50
313,195,cart,2025-12-15 05:13:42
314,108,purchase,2025-10-01 23:33:13
314,88,cart,2026-03-25 07:43:37
314,71,view,2025-12-26 05:23:07
314,284,cart,2025-07-28 13:38:05
314,431,cart,2025-09-14 09:09:00
314,430,cart,2025-10-30 16:02:29
314,78,cart,2025-09-26 14:56:38
314,446,purchase,2025-05-14 00:26:59
314,64,view,2026-03-29 23:45:39
315,36,purchase,2025-10-12 12:34:22
316,73,purchase,2025-09-14 19:24:57
317,336,cart,2025-06-12 03:45:54
317,499,view,2026-04-09 14:58:42
317,43,view,2026-02-17 23:47:54
317,328,cart,2025-04-26 04:28:41
317,440,cart,2025-11-04 01:52:31
317,457,purchase,2025-12-07 21:58:04
317,309,cart,2025-05-30 01:10:03
317,319,view,2025-06-19 08:09:00
318,260,cart,2025-09-21 23:38:12
318,282,cart,2025-12-26 20:33:56
318,196,cart,2025-07-12 12:16:28
318,115,view,2026-04-09 22:46:27
318,217,purchase,2025-08-02 07:18:51
318,3,purchase,2026-03-26 00:41:35
318,255,purchase,2025-08-20 14:08:23
318,121,purchase,2025-05-15 11:10:35
319,137,cart,2025-09-28 05:59:56
319,474,purchase,2025-05-21 13:52:13
319,295,cart,2026-01-28 01:05:30
319,17,view,2025-07-27 04:56:16
319,290,cart,2025-07-20 07:00:48
319,360,cart,2025-08-16 08:55:40
319,57,purchase,2025-09-09 07:56:49
319,246,purchase,2025-10-27 08:49:42
319,40,view,2026-04-16 04:56:23
320,439,cart,2026-03-08 00:18:19
320,238,purchase,2026-03-15 06:41:59
320,40,purchase,2025-06-30 03:37:37
320,455,purchase,2025-10-02 19:29:43
320,45,view,2025-08-21 12:29:30
320,241,purchase,2025-08-13 23:12:06
320,379,purchase,2025-11-02 18:06:18
320,491,purchase,2026-01-07 00:05:12
320,39,purchase,2025-06-16 12:18:13
321,408,purchase,2026-04-09 14:15:04
321,159,purchase,2025-11-27 19:40:01
321,27,cart,2025-06-07 17:03:35
321,273,view,2025-06-22 02:36:58
321,240,cart,2026-02-20 03:34:16
321,262,cart,2026-04-10 00:13:55
321,293,purchase,2026-02-09 21:46:10
321,169,cart,2026-01-26 07:34:47
321,180,cart,2025-08-09 04:01:56
322,85,view,2025-06-16 17:42:50
322,355,purchase,2025-12-08 14:26:06
322,383,cart,2026-03-04 21:18:56
322,372,purchase,2025-09-25 05:29:07
322,133,view,2025-05-01 16:51:34
323,296,view,2026-02-23 03:44:33
323,293,view,2025-10-26 22:41:16
323,336,cart,2025-10-27 04:43:08
323,414,purchase,2025-10-15 16:50:28
323,319,view,2025-05-30 09:40:24
323,146,cart,2026-02-18 13:34:29
323,42,view,2025-10-30 23:06:12
323,258,view,2026-02-02 08:00:07
324,129,view,2025-06-18 04:59:38
324,315,cart,2025-08-20 19:55:21
324,140,cart,2025-11-03 04:28:31
324,7,purchase,2025-10-30 12:53:03
324,57,purchase,2025-04-23 22:43:36
325,465,purchase,2025-12-27 16:56:36
325,378,view,2026-04-17 21:23:57
325,337,cart,2025-09-19 08:05:08
326,413,view,2025-12-18 06:42:10
326,133,purchase,2025-08-18 18:08:31
326,120,cart,2025-05-15 15:57:18
326,92,purchase,2025-05-31 06:11:34
326,441,view,2026-04-04 03:37:54
326,175,view,2025-08-02 22:09:05
327,304,view,2025-08-09 05:04:43
327,428,cart,2026-04-05 18:30:23
327,385,cart,2026-02-04 11:19:23
328,121,purchase,2025-05-16 00:22:29
328,225,purchase,2025-06-19 21:54:19
328,326,view,2025-09-29 06:43:48
328,107,purchase,2026-01-03 23:49:37
328,375,cart,2025-07-20 16:46:42
328,27,purchase,2025-08-29 14:34:41
328,135,view,2025-10-03 19:40:00
329,85,cart,2025-10-07 22:34:08
330,243,cart,2025-09-27 01:41:14
330,243,purchase,2025-07-28 11:54:10
330,485,purchase,2025-10-20 19:30:12
330,119,cart,2025-04-26 11:53:09
330,349,purchase,2025-12-28 21:17:28
330,199,cart,2025-05-10 08:40:07
330,134,view,2025-06-22 14:35:53
331,445,cart,2025-12-05 01:24:05
331,6,cart,2025-11-27 07:36:44
331,474,cart,2025-10-23 06:53:24
331,195,purchase,2025-08-19 11:14:23
331,161,purchase,2026-01-08 09:13:49
331,349,view,2026-01-04 12:31:13
331,49,purchase,2025-08-27 12:04:10
331,326,cart,2025-06-28 14:27:41
331,489,cart,2026-02-11 20:14:02
332,470,purchase,2025-09-07 11:32:27
332,439,cart,2025-08-23 16:19:08
332,171,cart,2025-07-31 02:02:42
332,136,view,2025-07-17 15:21:28
332,130,purchase,2025-07-18 03:28:00
332,299,cart,2026-04-03 03:45:31
332,236,purchase,2026-03-27 15:55:44
332,383,view,2026-01-12 02:51:29
332,375,purchase,2025-10-15 14:55:39
332,301,view,2025-11-26 19:43:17
333,172,purchase,2025-06-30 21:15:11
333,353,view,2025-04-26 10:30:00
333,160,purchase,2025-07-03 03:13:33
333,5,purchase,2025-06-19 19:44:07
333,4,view,2026-03-14 10:31:36
333,6,cart,2025-11-04 21:24:29
333,50,purchase,2026-04-02 06:24:24
333,53,purchase,2025-10-01 02:55:13
333,228,cart,2025-04-19 15:58:25
334,371,cart,2025-11-25 12:36:40
334,128,view,2025-11-15 12:10:13
334,17,view,2025-09-22 22:15:38
334,317,view,2026-03-18 07:41:50
335,480,purchase,2025-07-27 03:18:27
336,486,purchase,2026-02-28 23:38:50
336,326,view,2025-09-15 13:34:29
336,362,view,2026-03-08 08:59:07
336,44,purchase,2025-10-15 16:54:19
337,192,purchase,2025-11-08 20:24:52
337,391,purchase,2026-01-28 06:08:46
337,289,view,2025-07-14 12:48:09
338,356,view,2025-05-24 00:59:44
338,129,cart,2025-05-18 20:16:53
339,338,view,2025-11-26 09:18:50
339,327,cart,2026-01-22 13:36:56
339,472,cart,2025-05-02 04:03:38
339,393,cart,2025-11-01 22:03:01
339,354,purchase,2026-02-26 07:54:32
339,394,cart,2026-02-19 02:52:36
339,131,view,2026-03-22 12:43:35
339,399,view,2026-02-01 00:40:59
340,397,view,2025-06-08 23:26:53
340,195,cart,2025-07-23 21:42:19
340,170,view,2025-09-19 02:19:19
340,132,cart,2025-06-24 21:56:03
340,91,cart,2025-12-06 01:39:42
341,251,view,2025-12-31 11:09:05
341,312,cart,2025-10-19 14:12:28
342,330,cart,2025-09-12 11:58:20
342,55,view,2025-12-06 07:52:56
342,276,cart,2025-10-15 21:29:52
343,314,purchase,2025-07-09 04:45:19
343,54,cart,2025-05-07 08:37:41
343,366,cart,2026-01-16 05:44:20
343,52,view,2025-06-19 20:37:55
344,36,purchase,2026-04-17 03:04:01
344,372,cart,2025-09-15 04:08:17
345,9,cart,2025-11-15 18:08:38
345,76,purchase,2025-11-17 03:00:57
345,327,view,2025-07-15 17:54:34
345,477,view,2026-01-17 00:21:22
345,340,cart,2025-10-06 05:42:12
345,136,view,2025-06-02 11:50:46
345,358,cart,2026-01-20 23:10:48
345,463,cart,2025-08-10 02:27:52
346,1,purchase,2025-11-01 21:22:19
346,362,cart,2026-01-26 12:23:42
346,244,cart,2025-06-25 05:49:27
346,206,purchase,2025-06-24 08:48:10
346,399,view,2025-04-27 19:14:48
346,276,view,2025-04-20 06:55:28
346,1,cart,2025-06-20 22:26:24
346,488,purchase,2025-04-30 23:03:25
346,418,cart,2026-02-08 01:30:55
346,62,purchase,2025-04-23 11:47:08
347,478,cart,2025-10-01 03:12:23
347,170,purchase,2025-12-23 20:46:53
347,155,cart,2025-07-21 22:18:42
347,28,purchase,2026-04-10 19:19:14
347,490,purchase,2026-03-24 14:54:36
347,46,cart,2025-12-01 19:48:17
347,273,cart,2025-06-25 03:53:30
347,41,cart,2025-10-09 18:05:01
347,389,cart,2025-05-01 09:30:45
348,90,purchase,2025-10-12 21:27:46
348,20,cart,2026-03-03 17:28:57
348,338,view,2026-03-23 10:19:27
348,153,purchase,2025-09-03 00:17:00
349,458,view,2026-01-11 03:08:55
349,322,purchase,2026-01-26 02:42:45
349,183,cart,2025-08-12 20:42:31
349,43,purchase,2025-08-13 04:32:55
349,224,purchase,2025-10-18 02:03:14
349,97,view,2025-12-31 05:59:23
349,18,view,2026-03-05 04:37:48
350,368,purchase,2025-11-11 19:23:26
351,250,cart,2025-09-24 06:44:07
351,32,purchase,2026-03-02 04:29:11
351,329,cart,2025-09-18 16:29:59
351,255,purchase,2025-10-20 18:46:22
352,494,view,2025-08-31 16:06:22
352,18,cart,2025-10-21 16:19:38
352,28,cart,2026-02-07 20:48:46
352,403,purchase,2025-08-08 16:32:11
352,21,cart,2026-02-28 03:46:49
352,60,view,2025-07-03 19:52:15
352,413,purchase,2025-11-18 18:14:08
352,341,purchase,2025-06-07 11:54:45
353,481,purchase,2025-09-15 07:20:50
353,445,purchase,2026-01-23 05:55:43
353,76,purchase,2025-10-05 13:46:16
353,296,view,2025-09-30 09:13:23
353,473,view,2026-03-22 22:00:00
353,18,purchase,2025-04-21 21:04:00
353,72,cart,2025-06-04 04:23:05
353,334,view,2025-10-24 04:03:19
354,464,purchase,2025-06-28 14:32:53
354,23,view,2025-06-18 01:21:28
354,359,purchase,2025-11-17 23:54:43
354,66,view,2025-07-04 09:31:00
354,88,purchase,2025-09-17 00:32:16
354,25,cart,2025-08-20 09:00:03
354,420,view,2025-10-26 16:07:17
354,233,purchase,2025-08-22 18:52:48
355,427,purchase,2026-04-05 01:44:13
355,32,view,2025-05-06 03:27:11
355,58,cart,2025-06-13 13:58:20
356,409,purchase,2025-11-23 02:46:43
356,112,view,2025-12-10 09:51:55
356,411,view,2025-05-21 14:34:09
356,218,cart,2025-12-08 21:09:33
356,415,purchase,2026-02-10 02:52:41
356,347,cart,2025-08-20 06:22:40
356,166,view,2025-05-23 02:38:32
356,499,purchase,2025-05-29 03:11:48
356,294,purchase,2026-01-08 17:11:00
356,70,cart,2025-12-14 06:23:14
357,391,view,2025-07-26 17:46:35
357,303,view,2026-03-30 07:20:27
357,171,view,2026-04-03 17:55:25
357,61,cart,2026-02-26 19:50:13
358,387,cart,2026-02-01 10:25:57
358,86,purchase,2025-09-19 03:08:21
358,189,purchase,2025-05-25 21:37:14
359,224,view,2025-09-25 10:24:10
359,473,purchase,2025-05-22 16:16:06
359,20,view,2025-04-25 19:12:03
360,405,purchase,2025-09-16 21:41:46
360,313,cart,2025-09-25 22:45:48
361,8,cart,2025-09-23 00:34:34
361,41,view,2025-06-23 18:57:25
361,3,view,2025-06-20 06:15:06
362,361,purchase,2026-01-26 00:30:51
362,303,cart,2025-05-02 01:53:06
363,355,cart,2025-04-26 08:15:05
363,354,view,2025-05-28 12:33:17
363,105,view,2026-03-08 04:47:34
363,327,cart,2026-03-09 16:01:31
363,267,cart,2025-12-07 01:42:19
363,210,view,2026-02-04 01:37:04
363,480,view,2025-07-05 07:30:19
364,354,view,2026-03-04 03:57:14
364,305,view,2025-07-25 02:41:40
364,367,cart,2026-03-04 17:38:33
364,313,view,2026-02-01 06:09:25
364,321,cart,2026-04-08 21:00:18
364,178,cart,2025-04-30 14:02:32
364,2,purchase,2025-08-12 20:39:52
364,120,view,2025-06-16 17:27:20
364,60,purchase,2025-10-13 11:15:02
364,48,purchase,2025-08-19 02:39:04
365,441,purchase,2025-12-15 23:51:30
365,259,view,2025-06-26 14:30:18
365,237,purchase,2025-12-02 16:16:38
365,337,view,2025-12-02 14:20:54
365,141,view,2026-02-11 10:21:19
365,99,view,2025-08-12 16:56:10
366,350,cart,2025-12-26 01:45:39
366,254,view,2025-06-05 16:06:42
366,81,purchase,2026-03-31 22:53:45
367,27,purchase,2026-03-11 13:28:40
368,145,view,2025-08-22 13:36:23
368,222,cart,2025-08-25 04:46:28
368,171,purchase,2025-09-06 16:57:06
368,412,cart,2025-10-17 05:13:37
368,22,view,2026-03-31 07:50:36
368,379,view,2025-06-11 03:06:53
369,90,view,2025-06-05 11:11:15
369,402,view,2026-03-02 02:50:23
369,248,purchase,2025-10-29 21:54:57
369,59,view,2025-05-31 01:47:03
369,458,view,2025-07-17 06:45:13
369,369,cart,2025-09-08 05:57:55
369,303,purchase,2025-09-22 11:18:23
369,166,cart,2025-10-16 20:15:44
369,101,purchase,2026-02-14 06:41:12
370,117,view,2025-06-24 12:47:44
370,166,view,2025-08-14 00:25:18
370,50,view,2025-05-17 04:29:18
370,377,cart,2025-11-12 08:47:00
370,445,view,2025-06-18 10:53:23
370,192,view,2025-05-17 22:31:15
371,241,purchase,2026-04-16 14:53:51
371,248,view,2025-05-26 05:20:17
372,74,view,2025-11-03 01:53:41
372,475,purchase,2026-04-08 00:24:40
372,232,view,2025-10-16 04:56:25
372,198,cart,2025-06-19 15:27:18
372,69,cart,2025-10-31 20:32:10
372,368,view,2025-09-22 23:40:27
372,323,cart,2025-06-20 02:43:11
373,103,cart,2025-07-23 18:00:27
373,65,view,2026-02-15 15:46:08
373,354,purchase,2025-05-31 05:58:39
373,30,cart,2025-11-29 00:12:18
373,69,view,2025-07-05 14:08:12
374,234,cart,2025-12-12 22:46:43
374,87,cart,2025-12-30 23:10:05
374,112,cart,2025-10-16 05:51:38
374,309,view,2025-04-19 17:37:45
374,404,purchase,2025-07-30 18:11:22
374,487,purchase,2025-11-13 23:15:49
374,463,view,2025-04-28 12:35:13
374,295,purchase,2025-07-23 03:03:40
375,44,cart,2025-11-28 12:57:42
375,438,purchase,2025-06-19 04:05:48
375,250,view,2026-04-19 04:23:23
375,302,cart,2025-08-18 20:13:59
376,142,view,2025-05-19 07:03:47
376,373,cart,2025-05-01 11:38:02
376,376,view,2025-09-29 02:35:22
376,126,cart,2026-01-30 23:36:52
376,222,purchase,2025-09-05 06:31:51
376,113,purchase,2025-06-29 16:43:57
376,484,view,2025-09-03 16:06:12
376,467,purchase,2026-03-29 14:15:04
377,213,view,2026-02-24 13:23:04
378,240,purchase,2025-12-14 00:21:49
379,17,cart,2025-11-05 18:15:54
379,271,cart,2026-02-10 06:38:47
379,245,purchase,2025-12-18 04:35:52
379,420,view,2025-07-20 12:36:15
379,231,cart,2025-05-13 01:50:36
379,123,view,2025-11-27 07:57:00
379,285,view,2025-08-21 12:17:13
379,354,purchase,2025-09-24 23:41:43
379,208,view,2025-05-09 01:23:32
380,183,cart,2025-07-11 10:57:28
380,122,purchase,2026-02-07 07:02:34
380,46,view,2025-10-30 07:18:17
381,342,cart,2025-07-28 09:56:20
381,82,purchase,2026-03-25 05:47:07
381,235,purchase,2025-12-16 12:39:26
381,382,purchase,2025-10-10 02:09:59
381,12,cart,2025-11-03 05:34:49
381,237,view,2025-11-17 20:45:56
381,447,purchase,2025-05-25 02:22:05
381,207,view,2025-11-27 04:51:02
382,320,cart,2026-02-24 16:19:53
382,360,purchase,2025-05-11 00:22:49
382,0,purchase,2025-09-04 07:10:32
382,36,cart,2025-07-21 16:42:58
382,457,purchase,2026-03-30 17:13:49
382,170,purchase,2025-05-01 08:51:02
383,151,cart,2025-10-24 05:12:33
384,357,purchase,2025-11-06 04:50:13
384,277,purchase,2025-06-12 05:48:14
384,406,view,2025-07-15 07:15:08
384,403,purchase,2025-05-22 23:48:36
384,41,purchase,2026-01-26 16:32:41
385,376,view,2025-08-19 02:11:14
385,263,purchase,2025-07-30 18:18:04
385,186,view,2026-01-27 07:29:44
385,56,cart,2025-05-03 09:17:01
385,187,cart,2025-07-09 02:54:14
385,316,view,2025-12-12 19:51:11
386,187,view,2025-08-08 18:52:38
386,331,purchase,2025-07-08 07:06:47
386,360,view,2025-06-04 07:34:46
386,287,purchase,2025-09-12 14:59:59
386,396,view,2025-06-24 16:29:14
386,70,cart,2026-03-17 09:47:27
387,276,view,2025-08-05 10:09:13
387,332,cart,2025-12-16 22:15:44
387,377,purchase,2025-07-24 17:50:12
387,446,purchase,2025-08-04 17:47:03
388,385,purchase,2025-11-20 11:21:38
388,389,view,2026-04-18 09:05:55
388,164,cart,2025-10-28 00:19:50
388,459,cart,2025-06-02 00:40:39
389,348,cart,2025-11-29 09:48:34
389,141,view,2025-10-31 22:31:27
389,32,cart,2026-03-03 12:41:13
389,176,cart,2025-09-24 08:23:34
389,248,purchase,2026-02-06 18:32:23
389,269,view,2025-09-07 01:40:22
389,240,purchase,2026-03-10 19:44:50
389,272,purchase,2025-10-10 10:56:09
389,422,purchase,2025-07-10 01:54:04
390,231,purchase,2025-06-28 10:05:25
390,188,purchase,2026-02-19 08:35:40
390,484,purchase,2025-11-13 02:16:16
390,414,view,2025-04-30 16:04:13
390,96,cart,2026-02-04 19:21:04
391,41,cart,2025-10-27 02:27:39
391,459,view,2025-08-11 15:39:50
392,490,view,2025-10-18 03:22:23
392,55,view,2025-11-09 07:37:55
392,141,view,2025-08-18 16:32:26
392,356,view,2026-02-21 13:31:57
392,254,view,2025-05-19 09:04:17
393,266,purchase,2025-11-10 18:57:39
393,11,cart,2025-12-27 11:56:08
393,213,purchase,2025-04-25 19:35:38
393,277,view,2025-11-25 18:28:10
394,177,cart,2025-09-20 17:03:31
394,227,purchase,2025-07-22 03:43:42
394,330,view,2025-05-21 18:20:49
394,149,view,2025-07-30 06:23:57
394,32,view,2026-04-04 04:20:21
394,446,view,2025-05-27 17:20:47
394,427,purchase,2025-12-11 00:25:16
394,330,cart,2025-05-13 09:55:09
395,296,cart,2025-04-27 14:52:54
395,335,purchase,2025-10-30 11:16:02
395,402,cart,2025-10-12 17:37:39
395,248,purchase,2026-03-24 02:58:21
395,340,purchase,2026-01-20 17:49:07
395,271,purchase,2025-08-23 20:52:37
395,227,cart,2026-01-11 00:10:32
396,290,view,2025-09-28 22:30:48
396,459,cart,2025-05-26 05:11:57
396,87,cart,2026-03-16 18:03:13
396,116,cart,2025-10-03 08:22:06
396,190,cart,2025-05-09 09:45:32
397,75,cart,2025-04-22 20:07:05
398,233,view,2025-07-30 18:45:04
398,316,view,2025-05-28 05:30:28
398,364,purchase,2025-07-21 01:30:32
398,146,view,2025-10-14 12:57:59
398,498,view,2026-02-20 01:27:46
399,82,view,2025-07-09 13:36:30
399,59,view,2026-02-22 19:30:55
399,162,purchase,2026-02-07 15:04:13
400,225,cart,2026-02-07 13:02:04
400,189,view,2025-04-25 22:26:09
400,105,purchase,2025-08-25 17:49:03
401,340,cart,2025-08-18 20:02:34
402,75,cart,2026-02-02 12:14:00
402,229,purchase,2025-08-09 14:50:31
402,499,view,2025-08-12 05:28:16
402,273,cart,2025-07-01 14:12:37
402,62,view,2025-08-15 17:48:13
402,207,cart,2025-05-07 04:50:09
403,485,cart,2026-02-20 20:01:00
403,475,cart,2025-09-19 22:56:38
403,79,view,2025-12-02 23:06:59
404,499,purchase,2025-12-06 17:11:53
404,169,purchase,2026-03-01 02:40:42
404,361,cart,2026-02-17 16:25:03
404,242,cart,2025-10-13 07:35:01
404,496,purchase,2025-04-29 13:59:07
404,341,view,2025-11-04 10:55:38
404,409,purchase,2025-12-07 23:53:45
404,373,cart,2025-07-21 19:18:13
404,173,purchase,2026-02-26 23:56:08
405,374,cart,2025-09-05 01:30:35
405,460,view,2025-10-25 02:09:25
406,347,purchase,2025-05-01 11:59:36
406,59,cart,2025-11-10 11:06:29
406,12,cart,2025-11-05 20:04:44
407,430,view,2026-01-19 22:49:53
407,228,cart,2026-01-28 10:35:34
407,47,cart,2025-07-18 11:53:00
407,28,purchase,2025-04-29 12:52:21
407,328,view,2026-03-30 21:46:45
407,298,purchase,2025-10-18 20:49:35
407,113,cart,2025-12-19 13:11:53
407,100,view,2025-08-22 22:40:59
407,42,purchase,2025-06-19 09:28:41
407,434,cart,2026-04-07 03:15:15
408,499,purchase,2025-08-30 06:01:53
408,201,view,2025-10-12 07:06:22
409,162,purchase,2025-11-25 22:58:01
409,309,purchase,2025-06-11 01:43:45
409,483,view,2026-01-04 23:52:25
409,465,purchase,2025-12-31 14:49:51
409,184,cart,2025-08-20 02:38:53
409,75,purchase,2025-10-14 15:55:10
409,437,cart,2025-07-31 11:23:07
409,189,cart,2026-04-10 04:34:20
410,6,cart,2025-07-08 13:29:25
410,176,cart,2025-11-06 23:47:58
410,157,cart,2025-06-15 10:49:19
410,447,purchase,2025-12-24 06:42:26
410,44,view,2025-11-22 17:20:47
410,372,cart,2025-09-18 06:42:06
411,411,cart,2025-07-25 23:18:09
411,147,view,2026-01-25 05:40:01
411,412,purchase,2025-12-27 00:34:11
411,496,cart,2025-06-25 16:47:31
411,373,cart,2025-08-26 16:20:09
411,71,purchase,2025-08-13 19:22:14
411,306,view,2025-05-14 09:00:57
412,106,cart,2025-10-11 06:22:40
412,243,purchase,2025-11-23 03:29:09
412,171,view,2026-01-07 03:41:16
413,387,cart,2025-09-23 13:22:16
413,45,view,2026-03-19 21:43:04
413,209,purchase,2025-06-29 12:14:02
413,468,cart,2026-01-20 21:38:02
413,212,view,2025-09-27 02:54:41
413,284,cart,2025-06-01 03:47:45
413,363,purchase,2025-11-21 11:32:27
413,386,view,2025-08-21 10:02:55
413,102,view,2025-11-05 20:01:02
413,426,cart,2025-10-04 10:07:12
414,283,cart,2026-01-28 17:53:10
414,21,cart,2025-06-03 07:09:10
414,427,purchase,2026-03-21 11:42:02
414,155,cart,2025-06-06 23:02:01
414,286,purchase,2026-03-22 06:34:12
415,114,view,2025-12-26 20:29:46
415,405,view,2026-02-21 08:30:28
415,78,cart,2025-09-25 13:25:14
415,153,purchase,2026-03-26 02:58:57
415,427,purchase,2026-02-02 16:33:51
415,241,view,2026-03-31 13:11:22
415,334,purchase,2026-03-24 06:16:24
415,457,cart,2026-03-11 20:03:12
416,91,cart,2026-01-20 08:58:41
416,464,purchase,2025-08-20 13:11:15
416,330,view,2026-03-07 15:17:11
416,14,view,2025-08-20 23:55:37
416,391,cart,2026-03-10 23:07:47
416,252,view,2025-08-05 19:42:45
416,306,purchase,2025-10-03 16:28:20
417,297,cart,2026-04-01 13:16:06
417,289,cart,2025-05-04 18:16:22
417,444,cart,2026-01-25 11:10:00
417,321,purchase,2026-04-19 18:20:30
417,243,purchase,2025-10-13 06:29:34
417,418,view,2025-08-25 09:33:51
418,262,purchase,2025-08-08 02:35:14
418,294,view,2026-04-07 12:17:30
418,432,cart,2026-02-11 04:25:34
418,83,purchase,2025-10-16 04:42:29
418,29,view,2026-01-04 12:13:08
418,163,cart,2026-04-02 10:38:41
419,182,view,2025-05-12 20:35:10
419,27,cart,2025-10-08 14:29:19
419,184,cart,2025-04-25 08:08:01
420,24,cart,2025-08-10 22:35:52
420,149,purchase,2025-06-16 12:15:36
420,327,view,2026-04-04 04:44:28
420,263,view,2025-11-29 15:00:33
420,392,purchase,2026-01-17 04:05:04
420,93,view,2025-12-07 15:03:58
421,385,view,2025-08-15 19:31:50
421,278,cart,2025-05-08 04:57:43
421,446,cart,2025-11-25 17:17:51
421,423,purchase,2026-04-02 08:57:05
421,409,cart,2026-01-24 16:49:13
421,138,purchase,2025-10-01 15:42:36
421,357,purchase,2025-12-22 20:23:33
421,185,view,2025-12-02 13:59:57
421,273,purchase,2026-03-07 06:05:16
421,180,view,2025-10-14 08:01:39
422,70,purchase,2025-08-13 15:11:06
423,190,cart,2025-07-10 23:15:45
423,210,cart,2026-03-15 20:56:27
423,471,view,2026-04-08 15:44:48
423,52,view,2026-02-13 01:47:00
423,79,purchase,2025-05-23 09:13:00
424,425,view,2026-04-16 13:53:49
424,407,purchase,2025-11-06 10:10:45
424,314,purchase,2025-08-04 05:15:06
424,425,purchase,2025-08-26 23:39:38
425,364,purchase,2025-10-07 20:41:24
425,359,view,2026-03-19 07:55:03
425,213,cart,2026-04-19 03:25:49
425,469,view,2026-01-05 12:35:59
425,59,view,2026-02-08 20:43:11
425,472,view,2025-11-14 22:38:05
425,245,cart,2025-09-25 06:52:01
425,159,purchase,2025-12-13 21:53:06
425,185,view,2026-02-26 21:05:21
426,455,purchase,2025-10-16 12:49:24
426,267,cart,2025-09-26 17:41:50
426,88,purchase,2025-08-25 09:00:36
426,155,view,2025-08-23 09:34:30
426,381,view,2026-01-10 12:36:30
426,113,view,2025-09-01 03:22:13
426,438,purchase,2025-06-05 23:20:18
426,72,purchase,2025-09-05 04:44:32
427,157,view,2026-01-22 18:17:59
427,107,view,2025-12-15 05:58:29
427,40,cart,2025-11-09 15:16:25
427,353,view,2026-04-10 03:21:36
428,9,cart,2026-03-29 11:56:17
428,387,cart,2025-05-07 04:46:29
429,100,view,2026-04-12 06:22:50
430,406,purchase,2026-04-04 00:55:13
431,303,view,2026-01-25 03:47:49
431,240,view,2025-06-09 02:58:40
431,465,cart,2025-08-25 19:59:37
431,22,view,2025-12-31 07:15:04
431,154,purchase,2026-03-23 10:38:13
431,5,view,2025-09-04 14:45:02
431,400,view,2026-04-19 02:34:51
431,471,purchase,2026-01-13 00:59:04
431,105,purchase,2025-06-19 10:31:33
432,94,purchase,2025-11-04 23:40:52
432,179,view,2026-03-01 19:54:59
432,46,view,2025-12-15 22:34:50
432,433,purchase,2025-04-24 16:12:23
433,485,purchase,2026-01-12 01:38:13
433,178,cart,2025-11-12 05:24:34
433,82,purchase,2025-08-08 09:42:56
433,399,purchase,2025-10-13 22:17:49
433,313,view,2025-09-26 19:07:54
434,291,view,2026-02-20 04:03:27
434,50,purchase,2025-08-07 11:17:21
434,390,view,2025-10-04 08:05:06
434,270,view,2026-01-13 17:25:05
434,366,view,2025-07-04 04:39:25
434,493,cart,2025-12-11 00:43:15
434,87,purchase,2025-09-14 06:39:41
434,2,purchase,2025-11-26 11:14:59
434,50,view,2026-02-05 13:14:53
435,435,purchase,2026-02-20 18:19:38
435,243,cart,2025-09-04 21:59:39
435,357,purchase,2025-05-09 16:39:22
435,94,cart,2025-10-30 19:15:37
435,344,view,2025-10-12 06:57:57
435,92,cart,2026-02-08 09:31:37
435,194,cart,2025-11-20 08:26:49
435,109,purchase,2025-08-27 08:21:07
435,116,cart,2026-01-28 15:57:28
436,389,cart,2026-03-25 08:07:31
436,63,cart,2025-12-14 22:33:54
437,266,view,2025-04-28 21:45:37
437,253,cart,2025-04-26 19:26:39
438,285,purchase,2025-06-09 05:08:40
438,20,view,2026-01-12 11:22:52
438,167,cart,2025-09-12 19:51:19
438,59,cart,2025-08-04 13:55:01
438,145,cart,2025-05-31 19:37:44
439,376,cart,2025-07-22 04:54:59
439,351,cart,2025-06-14 10:47:21
439,115,purchase,2025-07-31 12:53:13
439,208,cart,2026-03-19 06:47:45
439,437,cart,2025-09-18 14:05:12
439,96,view,2025-09-30 08:12:40
439,458,cart,2025-09-08 19:14:07
439,480,purchase,2025-07-05 10:39:05
439,188,view,2025-12-01 07:27:42
439,6,purchase,2025-11-11 14:47:16
440,344,view,2025-10-09 07:39:57
440,202,cart,2025-06-21 22:36:39
440,267,purchase,2025-07-22 04:29:13
440,346,view,2025-06-19 11:42:56
440,61,view,2025-10-22 08:40:56
440,202,cart,2025-05-22 03:30:30
440,355,purchase,2025-04-20 07:20:10
440,52,purchase,2025-08-18 18:53:38
441,33,cart,2026-02-26 19:22:59
441,499,view,2025-05-29 14:42:54
441,173,view,2025-07-31 17:23:20
442,432,cart,2025-05-07 02:48:38
442,62,view,2025-04-27 01:24:36
442,429,cart,2026-02-01 23:18:46
442,371,cart,2026-03-30 20:10:56
442,142,purchase,2025-12-24 14:01:33
442,392,purchase,2026-03-26 09:30:28
442,303,cart,2025-05-25 16:16:05
442,387,purchase,2025-06-22 23:42:00
442,482,cart,2025-05-30 13:09:20
442,182,cart,2025-07-17 19:11:10
443,486,cart,2025-12-07 16:09:10
443,248,purchase,2025-12-06 13:07:33
443,142,view,2026-02-05 15:54:17
443,393,cart,2025-06-03 08:56:58
443,55,view,2026-04-19 07:48:25
443,128,cart,2025-11-06 12:42:50
443,254,view,2026-01-25 20:55:18
443,321,view,2026-01-26 10:57:10
443,15,view,2025-11-26 17:55:54
443,377,view,2026-03-11 18:42:11
444,255,purchase,2026-03-01 19:46:42
444,13,view,2025-05-19 08:27:18
445,309,purchase,2026-03-20 11:55:20
445,167,view,2026-03-13 18:33:28
445,155,purchase,2026-01-15 00:31:15
445,319,view,2025-07-29 08:34:43
445,389,view,2026-03-20 11:52:30
445,338,purchase,2025-11-07 07:20:26
445,392,cart,2025-09-18 15:42:08
446,103,cart,2025-05-06 01:36:42
446,338,cart,2025-11-08 18:36:57
446,251,purchase,2025-12-17 11:46:54
446,133,purchase,2026-04-01 06:08:54
446,175,purchase,2025-11-10 00:41:55
446,279,view,2025-06-20 19:56:16
446,487,view,2025-08-19 23:09:12
446,220,view,2025-09-21 00:35:43
447,230,cart,2025-05-12 05:24:35
447,436,cart,2026-02-16 10:04:08
447,226,cart,2025-10-16 00:59:06
447,18,view,2025-05-28 06:13:56
447,90,purchase,2025-06-10 01:44:32
447,337,cart,2025-12-23 08:58:03
447,452,purchase,2025-07-08 18:03:17
448,251,cart,2025-07-17 11:06:54
448,68,cart,2025-07-28 07:06:42
448,366,cart,2025-10-27 03:08:15
449,391,view,2025-07-23 07:39:54
449,291,purchase,2025-09-29 09:50:58
449,251,purchase,2026-02-24 19:15:14
449,283,purchase,2025-10-02 01:25:56
449,276,purchase,2026-03-23 03:04:28
449,240,cart,2025-12-01 20:34:28
449,287,view,2025-04-20 15:39:50
449,259,view,2025-11-14 11:48:07
450,134,cart,2026-01-17 10:11:34
450,302,cart,2025-10-19 16:05:43
450,315,purchase,2025-05-14 14:17:36
450,180,cart,2025-05-26 12:00:16
450,164,view,2025-05-04 04:34:28
450,14,purchase,2025-09-06 17:47:53
450,23,view,2025-07-15 12:42:23
451,178,purchase,2026-02-07 14:55:53
451,298,view,2026-04-09 10:06:10
451,391,purchase,2026-03-15 02:52:38
451,174,cart,2026-03-27 07:12:45
451,49,cart,2025-06-28 22:21:38
451,176,cart,2025-11-07 08:09:12
452,179,view,2025-10-16 17:40:28
452,338,view,2026-01-11 18:52:39
452,126,view,2025-08-25 11:39:23
452,331,cart,2025-07-25 12:24:16
452,303,view,2025-05-01 22:17:46
452,466,purchase,2025-11-27 00:58:59
452,33,cart,2026-03-29 01:45:21
453,172,view,2025-12-03 21:12:50
453,10,purchase,2025-12-22 06:49:06
454,19,cart,2025-11-28 01:08:54
454,336,cart,2025-11-27 00:50:06
454,290,purchase,2026-04-16 02:15:58
454,461,cart,2025-09-16 14:34:00
454,136,view,2026-01-13 01:54:36
454,356,cart,2025-11-24 18:56:20
455,11,cart,2025-10-28 12:45:27
455,193,purchase,2025-09-23 07:44:22
455,199,cart,2025-04-27 07:28:49
455,293,view,2025-12-21 23:33:11
455,413,cart,2026-03-27 06:31:33
455,51,purchase,2025-06-30 20:17:55
455,345,view,2026-02-06 12:05:10
455,172,cart,2025-10-07 17:18:11
455,257,purchase,2025-07-09 12:44:42
455,173,view,2025-11-01 19:33:11
456,153,cart,2025-05-14 11:46:07
456,496,cart,2025-05-23 13:51:22
456,103,cart,2026-01-06 14:25:10
456,325,view,2026-01-30 06:34:23
456,430,purchase,2026-03-20 17:11:39
456,109,cart,2026-03-31 22:16:27
456,135,view,2026-01-15 18:41:05
456,152,purchase,2025-11-08 08:52:04
456,205,view,2025-08-01 13:24:01
456,319,purchase,2025-10-25 17:50:44
457,367,purchase,2025-09-26 02:43:43
457,48,purchase,2026-03-27 13:08:40
458,139,view,2026-01-03 04:35:06
458,290,purchase,2026-03-13 12:38:54
458,243,cart,2025-10-30 07:35:19
458,107,cart,2025-04-24 02:47:57
458,407,view,2026-01-25 21:34:16
458,333,cart,2025-06-18 08:33:52
459,411,cart,2026-03-11 03:17:54
459,221,purchase,2026-02-28 15:00:25
459,276,cart,2025-06-28 10:16:52
459,102,cart,2025-12-22 23:36:32
459,205,cart,2025-12-31 14:22:46
459,319,purchase,2025-12-16 20:58:41
459,232,purchase,2026-03-11 19:57:33
459,390,purchase,2025-05-02 08:28:53
459,92,view,2025-07-03 04:52:51
460,441,view,2025-11-10 08:28:32
460,295,cart,2025-04-26 14:56:17
460,109,purchase,2025-12-04 07:57:37
460,492,purchase,2025-09-09 12:16:12
460,480,cart,2025-07-05 11:30:35
460,137,purchase,2025-08-25 10:18:58
460,272,purchase,2025-10-23 14:55:27
460,436,cart,2025-08-26 10:20:23
460,478,purchase,2026-03-09 02:06:22
461,267,view,2025-05-14 21:00:13
462,236,view,2025-09-14 06:52:49
462,123,view,2025-11-05 03:38:23
462,382,purchase,2025-06-11 09:20:23
462,391,cart,2025-10-29 10:33:33
462,432,cart,2025-10-19 14:32:56
462,210,cart,2026-03-05 15:41:14
463,324,view,2025-08-24 13:46:05
463,433,cart,2025-09-16 19:03:02
464,421,cart,2026-01-05 18:57:21
464,330,view,2025-06-14 01:34:36
464,131,purchase,2025-06-30 01:52:10
464,307,view,2025-06-23 03:14:38
464,207,view,2025-12-26 17:56:34
465,76,view,2025-08-27 07:59:02
465,14,view,2025-04-29 01:01:58
466,237,cart,2025-10-07 21:46:27
466,286,cart,2025-11-06 17:16:41
466,216,purchase,2025-12-08 20:57:30
466,463,view,2025-05-08 03:56:12
466,103,view,2026-02-28 12:48:37
467,69,view,2025-10-08 01:17:16
467,132,cart,2025-10-19 12:11:00
467,337,purchase,2026-01-01 01:21:57
467,90,purchase,2025-09-19 08:10:15
467,436,view,2025-08-09 04:34:44
468,400,view,2025-05-27 03:49:39
468,28,view,2025-06-12 02:18:37
468,160,purchase,2026-04-06 04:34:27
468,152,view,2026-03-06 07:19:45
468,461,cart,2025-08-09 09:01:13
468,459,cart,2025-08-25 14:18:18
468,343,purchase,2025-06-04 17:30:53
468,453,view,2025-10-26 01:53:12
469,482,purchase,2025-05-31 10:51:24
469,431,view,2026-02-12 22:52:22
469,120,view,2025-09-27 12:10:32
469,292,purchase,2026-02-16 10:20:33
469,256,view,2026-02-12 19:09:56
469,267,purchase,2025-10-23 01:30:50
469,424,purchase,2025-05-29 19:38:20
470,128,cart,2025-06-12 11:18:52
470,452,view,2026-04-10 13:33:48
470,121,purchase,2026-03-12 20:18:17
470,62,cart,2025-06-29 11:31:16
470,168,purchase,2025-07-12 13:38:07
470,377,cart,2026-01-19 09:55:33
470,412,purchase,2026-04-13 09:00:18
470,380,view,2025-08-01 00:30:12
470,478,cart,2025-10-08 13:47:39
471,73,view,2025-12-15 03:54:10
471,89,view,2026-03-12 21:59:33
471,496,cart,2026-04-18 09:41:46
471,225,cart,2025-09-19 17:37:07
472,441,purchase,2025-04-24 05:38:30
472,28,cart,2025-07-14 23:24:47
472,273,cart,2025-04-29 18:38:33
472,358,view,2025-05-12 09:11:35
472,162,purchase,2025-12-08 05:13:45
473,243,purchase,2025-08-25 05:04:37
473,126,cart,2026-03-09 04:10:07
473,450,view,2025-08-16 00:08:27
473,185,cart,2026-02-14 00:07:09
473,366,cart,2025-11-29 02:27:34
473,420,cart,2025-10-07 13:04:04
473,10,purchase,2025-12-09 02:03:35
474,17,purchase,2025-07-10 11:10:41
474,339,view,2025-09-08 21:01:40
474,353,purchase,2025-04-21 16:13:08
474,122,cart,2025-11-19 00:22:45
474,282,cart,2025-06-13 16:20:41
474,158,purchase,2025-08-11 06:45:09
474,490,purchase,2025-10-26 23:09:02
474,185,purchase,2026-03-29 11:24:31
474,62,purchase,2025-04-27 00:21:58
474,443,view,2025-09-06 14:34:55
475,198,view,2026-01-31 16:59:25
475,465,cart,2026-01-13 10:52:28
475,474,cart,2026-02-25 05:47:12
475,154,view,2026-03-10 09:47:14
475,479,view,2026-03-18 17:10:43
475,152,view,2026-04-03 12:36:07
475,440,view,2025-08-11 04:32:13
475,468,cart,2025-12-15 09:05:56
476,450,purchase,2025-09-16 22:49:43
476,208,view,2025-05-26 19:57:56
476,140,view,2025-12-14 16:26:22
476,421,cart,2025-07-28 03:16:53
476,241,purchase,2025-06-01 01:18:17
476,211,cart,2025-10-21 11:47:11
477,448,view,2025-11-12 20:45:58
477,422,view,2025-09-09 03:49:34
477,357,cart,2026-03-07 10:59:27
477,259,view,2025-05-18 22:43:00
477,180,cart,2025-07-01 07:09:30
477,308,purchase,2026-04-15 01:04:25
477,416,purchase,2025-07-13 11:08:30
478,232,purchase,2025-06-21 23:30:10
478,14,view,2025-10-16 18:11:38
478,328,purchase,2025-10-25 07:09:55
478,94,purchase,2025-07-15 03:15:35
478,227,purchase,2025-06-22 14:42:49
478,69,view,2025-05-16 15:00:24
479,102,purchase,2025-05-07 15:27:56
479,156,cart,2025-10-20 01:13:52
479,294,view,2025-08-22 16:19:48
479,56,view,2026-02-27 07:12:48
479,127,purchase,2026-01-29 23:34:21
479,365,purchase,2025-05-21 10:24:36
479,390,view,2025-09-03 08:07:00
480,351,cart,2025-07-06 22:30:31
480,405,cart,2026-04-08 07:04:01
480,231,cart,2026-03-07 07:26:59
480,447,purchase,2025-11-15 18:04:06
480,68,cart,2026-04-15 09:00:21
480,88,purchase,2025-10-02 14:20:22
480,303,cart,2025-06-21 00:28:28
480,409,cart,2025-05-01 23:40:09
480,101,view,2025-09-19 21:38:58
480,212,cart,2025-10-21 06:59:18
481,201,cart,2025-09-10 20:02:43
481,483,purchase,2025-09-29 23:42:31
481,114,view,2025-08-01 07:39:51
482,472,purchase,2026-02-15 10:48:31
483,320,view,2026-02-01 20:00:11
483,464,view,2025-05-05 06:43:51
483,498,cart,2025-10-29 13:45:04
483,101,cart,2025-06-11 21:50:22
483,359,view,2025-11-22 04:38:53
483,25,cart,2026-04-15 10:44:57
483,316,cart,2026-03-04 07:09:08
483,307,cart,2025-07-14 01:30:57
483,76,view,2026-02-11 20:34:57
483,490,cart,2025-10-30 14:32:54
484,484,purchase,2025-04-27 22:09:52
484,60,view,2025-11-09 10:03:35
484,367,purchase,2025-07-17 20:11:29
485,395,cart,2025-07-11 17:57:03
485,423,purchase,2026-04-08 16:20:30
485,253,view,2025-09-24 03:48:11
485,114,purchase,2025-08-13 20:47:19
485,104,view,2026-01-10 17:52:26
485,484,cart,2025-11-19 18:49:42
485,147,purchase,2026-03-15 13:21:07
486,195,view,2025-05-03 02:12:46
486,220,view,2026-03-28 17:59:38
486,307,view,2025-12-01 16:08:19
486,421,cart,2025-12-11 12:58:21
486,372,purchase,2025-11-19 09:13:30
486,96,cart,2025-07-07 01:28:21
486,92,cart,2025-04-29 11:22:37
486,405,view,2026-03-04 10:27:27
487,148,cart,2025-12-08 18:23:17
488,316,cart,2026-02-23 17:49:37
488,464,view,2026-01-07 17:46:35
488,189,purchase,2025-04-23 16:53:57
488,350,purchase,2026-02-20 21:16:42
489,43,view,2026-01-20 00:19:32
489,240,view,2025-05-25 18:00:36
489,446,cart,2026-04-16 23:40:29
489,498,purchase,2026-03-28 12:03:46
489,203,purchase,2026-03-15 04:10:58
489,108,purchase,2026-03-31 17:27:39
489,196,purchase,2025-05-30 05:03:59
489,216,purchase,2026-03-17 06:53:45
490,131,view,2025-11-27 11:10:50
490,48,purchase,2025-06-25 01:55:38
490,30,view,2025-06-12 14:38:45
490,170,view,2025-10-09 09:49:43
490,241,cart,2025-10-10 08:37:36
490,310,purchase,2025-07-28 08:51:05
490,495,purchase,2026-01-27 06:51:56
490,363,purchase,2025-09-21 03:46:30
490,414,view,2025-06-20 05:07:29
490,2,cart,2025-11-09 13:39:58
491,317,cart,2025-09-28 08:04:15
491,154,cart,2025-10-04 16:37:54
491,343,cart,2026-02-11 13:43:38
491,67,purchase,2025-05-25 16:56:25
491,21,purchase,2025-07-04 14:19:48
491,91,cart,2025-05-11 13:00:14
491,86,purchase,2026-03-30 14:41:15
491,252,cart,2025-06-11 04:06:05
491,449,cart,2025-07-21 17:40:33
492,45,cart,2025-06-07 02:40:35
492,363,purchase,2026-01-31 23:59:36
492,221,view,2026-03-11 23:41:14
493,59,cart,2025-10-17 15:26:17
493,22,view,2025-05-25 15:58:00
493,255,cart,2025-11-16 18:43:47
493,382,cart,2025-06-09 18:13:34
493,474,cart,2026-04-15 02:59:04
494,462,cart,2025-04-23 02:59:29
494,313,cart,2026-03-24 17:33:36
494,264,cart,2025-12-04 17:24:54
494,223,view,2025-07-13 02:19:44
494,161,purchase,2026-01-28 01:40:08
495,391,view,2025-12-06 13:41:51
495,284,purchase,2026-03-02 21:51:35
495,325,cart,2025-07-13 22:01:41
495,27,view,2025-08-04 16:27:35
495,76,view,2025-08-18 13:12:40
495,117,view,2026-04-11 18:22:43
495,18,cart,2025-10-03 03:27:51
495,133,view,2025-10-14 04:14:29
496,223,view,2025-04-25 01:25:05
496,458,cart,2025-06-06 03:09:18
496,20,cart,2025-10-12 12:30:47
496,182,purchase,2025-11-06 17:48:40
496,287,cart,2025-11-09 15:57:53
496,234,cart,2025-07-18 08:39:53
496,57,purchase,2025-05-09 09:42:51
496,443,view,2025-06-28 03:01:50
497,178,view,2026-02-24 20:12:35
497,104,cart,2025-12-29 14:27:40
498,427,view,2025-06-11 13:42:10
498,383,purchase,2025-12-30 18:38:36
498,421,cart,2025-05-04 13:43:35
499,456,purchase,2025-09-04 22:44:51
499,299,view,2026-01-23 13:09:56
499,298,view,2026-02-26 12:13:33
499,269,purchase,2025-06-18 03:48:40
499,92,cart,2025-10-28 13:04:50
499,471,view,2025-10-13 04:36:37
499,126,cart,2026-04-17 07:09:35
499,346,view,2026-02-09 01:00:38
499,454,cart,2026-04-05 06:37:20
499,13,cart,2025-05-29 04:58:28
500,201,cart,2025-12-22 11:32:18
500,302,view,2026-02-14 11:58:03
501,78,view,2026-01-13 23:23:48
501,41,cart,2025-11-27 03:57:10
501,425,purchase,2025-08-26 23:11:49
501,337,cart,2025-06-30 14:38:38
501,232,purchase,2025-09-21 16:24:21
501,489,cart,2026-02-17 03:23:52
502,336,view,2026-04-19 01:38:08
502,168,view,2025-10-06 16:51:19
502,335,purchase,2025-04-30 20:27:08
502,486,cart,2025-07-17 04:16:28
502,166,purchase,2026-01-28 02:09:04
502,375,purchase,2025-07-16 08:55:03
502,66,view,2025-05-23 15:44:02
502,441,view,2026-04-15 12:38:57
502,410,purchase,2025-07-02 13:53:57
502,144,cart,2025-11-17 04:20:56
503,380,view,2025-05-04 00:31:06
504,487,purchase,2026-02-22 21:40:11
504,195,view,2025-07-06 23:01:24
504,204,cart,2025-08-25 06:15:18
504,91,view,2025-10-25 10:24:08
504,494,cart,2025-04-23 09:05:30
504,45,view,2025-05-07 02:08:45
504,436,view,2025-05-29 13:25:45
504,83,cart,2026-04-04 13:14:53
504,399,cart,2025-11-09 01:20:57
505,331,purchase,2025-12-22 15:34:54
505,78,view,2026-03-31 00:21:13
505,152,cart,2026-03-11 02:22:10
505,410,cart,2025-05-27 21:16:59
505,376,cart,2025-07-29 16:51:18
506,67,cart,2025-06-14 02:15:25
506,340,view,2026-04-18 18:32:58
506,426,cart,2025-11-20 22:24:19
506,262,view,2026-04-07 03:53:12
506,250,cart,2025-08-29 13:37:59
506,453,cart,2026-04-11 09:23:58
506,243,cart,2025-10-18 17:39:43
506,288,purchase,2025-06-23 08:38:20
506,216,view,2026-04-16 11:12:30
506,387,cart,2025-06-07 18:41:08
507,314,view,2025-07-16 08:51:23
507,222,purchase,2025-06-15 18:05:02
507,218,view,2026-01-10 10:56:02
507,20,purchase,2025-07-18 01:32:20
507,174,cart,2026-04-01 22:53:49
507,346,view,2026-03-13 06:31:16
508,476,cart,2025-05-27 17:26:54
508,269,purchase,2026-04-09 10:11:00
508,331,purchase,2026-03-07 10:30:01
509,148,cart,2025-08-15 05:40:52
509,223,view,2026-03-15 13:13:06
510,153,view,2025-06-14 01:27:09
510,65,purchase,2025-04-29 20:35:59
510,462,cart,2026-03-30 23:41:54
510,430,view,2025-06-27 01:07:49
510,267,cart,2025-12-15 05:05:17
510,151,purchase,2025-06-03 07:45:31
510,24,purchase,2026-03-01 12:34:48
510,39,view,2026-02-25 20:18:39
511,55,purchase,2025-08-26 02:31:19
511,217,cart,2025-12-30 14:51:19
511,48,cart,2025-05-21 16:50:16
511,338,purchase,2026-02-28 11:46:38
511,291,cart,2025-06-28 18:42:30
511,181,cart,2026-03-12 03:29:45
511,299,view,2025-05-06 00:18:07
511,393,purchase,2026-01-05 16:05:37
511,8,view,2025-12-11 03:34:59
512,91,view,2025-06-21 05:10:55
512,431,cart,2025-08-18 09:23:16
512,23,view,2026-01-14 01:31:53
512,213,purchase,2025-12-29 23:51:47
512,152,cart,2026-04-12 12:32:59
512,300,purchase,2025-07-30 11:50:46
512,232,purchase,2026-04-10 19:58:57
512,230,purchase,2025-06-28 11:39:48
513,174,view,2026-03-06 11:04:41
513,108,view,2025-08-31 08:24:58
513,40,purchase,2025-10-06 15:43:45
513,309,cart,2025-06-07 00:00:15
513,446,purchase,2025-04-27 10:46:01
514,222,purchase,2025-07-25 11:16:52
514,9,view,2025-05-14 18:57:44
515,59,view,2025-10-03 22:37:46
515,87,purchase,2025-07-29 21:24:23
515,244,cart,2025-09-18 04:35:52
515,354,cart,2025-07-27 15:12:18
515,444,purchase,2025-05-24 10:56:16
515,494,purchase,2026-01-07 02:07:53
515,308,purchase,2026-03-09 20:20:12
516,155,purchase,2025-08-22 09:49:31
516,416,purchase,2025-10-20 17:21:30
516,184,purchase,2026-01-21 01:20:29
516,344,purchase,2026-04-12 04:41:23
516,345,cart,2025-07-16 21:45:47
516,411,cart,2025-06-08 04:56:17
516,44,view,2025-06-14 04:42:50
516,69,view,2025-10-15 17:19:15
517,57,view,2026-02-23 00:35:28
517,356,view,2025-11-25 17:53:23
517,439,view,2026-02-04 11:00:16
517,107,cart,2025-08-19 05:30:41
518,332,view,2026-01-16 09:11:17
518,223,purchase,2025-10-23 07:56:26
518,439,purchase,2025-07-24 18:01:22
519,44,cart,2025-10-27 06:51:49
519,394,cart,2025-12-23 12:24:06
519,75,cart,2025-09-26 13:11:38
519,216,view,2025-10-26 06:35:24
520,85,view,2025-08-19 08:14:35
520,378,purchase,2025-06-18 04:46:49
521,493,cart,2025-10-17 19:09:49
521,241,view,2026-03-04 14:59:46
521,440,cart,2025-11-22 19:29:04
521,299,view,2026-03-20 15:32:49
521,103,cart,2025-12-04 23:45:50
521,291,cart,2025-12-30 14:44:14
521,26,cart,2025-12-21 12:23:59
521,4,view,2025-08-14 14:15:13
522,212,cart,2026-04-10 04:40:26
522,377,purchase,2025-12-22 00:12:51
522,305,purchase,2025-08-10 05:00:41
522,283,cart,2025-12-26 12:30:32
522,18,cart,2025-06-16 13:40:35
522,204,cart,2025-07-10 00:15:59
522,262,purchase,2026-02-01 17:09:37
523,478,purchase,2025-10-07 17:41:08
523,463,cart,2025-09-06 12:21:51
523,118,purchase,2025-07-25 07:43:57
523,31,purchase,2025-07-24 20:11:04
523,9,cart,2026-03-02 00:45:37
523,295,cart,2025-09-30 19:25:13
523,283,view,2025-12-29 05:39:29
523,137,purchase,2025-07-07 15:44:20
523,213,cart,2025-06-08 14:50:27
523,59,cart,2025-05-17 15:16:28
524,480,purchase,2025-08-02 18:26:46
524,177,cart,2026-03-13 20:45:08
524,357,cart,2025-07-14 05:35:29
524,10,view,2025-07-05 20:40:27
524,147,purchase,2026-03-07 04:25:56
524,98,cart,2025-05-12 17:04:20
524,176,cart,2026-04-01 02:31:29
524,118,purchase,2025-06-22 10:54:08
524,112,purchase,2026-02-11 19:54:19
524,465,purchase,2025-09-26 12:11:19
525,471,purchase,2026-03-12 12:30:47
525,436,purchase,2026-02-03 07:17:11
525,336,cart,2026-04-04 23:25:42
525,67,cart,2025-10-26 13:21:30
525,370,purchase,2026-03-28 00:57:08
525,199,cart,2026-01-15 11:20:11
526,407,cart,2025-12-20 22:16:38
526,409,view,2025-05-26 20:16:12
526,318,view,2026-03-15 07:03:33
526,144,purchase,2025-07-09 08:03:16
526,383,view,2026-04-13 19:00:19
526,341,cart,2025-10-19 15:38:33
527,88,view,2025-09-28 07:17:22
527,80,purchase,2025-07-30 15:14:15
527,251,view,2025-05-26 07:03:40
528,482,cart,2025-05-06 00:51:08
528,155,view,2026-01-10 08:19:17
528,107,purchase,2025-07-31 00:53:19
528,24,view,2026-04-05 10:19:44
528,183,cart,2026-03-26 15:11:44
528,182,purchase,2025-05-06 14:46:44
528,81,view,2025-12-10 00:53:10
529,16,view,2025-06-20 05:23:10
529,172,cart,2026-03-30 16:18:07
529,58,purchase,2026-01-09 16:46:46
529,116,view,2025-10-17 23:15:36
529,287,view,2025-07-18 01:55:48
529,249,cart,2025-09-12 10:37:06
529,174,cart,2025-08-10 01:29:35
529,393,view,2025-11-17 11:27:05
529,394,purchase,2025-06-23 20:15:58
530,458,view,2025-07-12 23:03:22
530,436,purchase,2025-07-13 12:59:52
530,447,purchase,2025-10-23 05:12:05
530,309,purchase,2025-04-28 08:44:33
530,53,purchase,2026-01-02 21:05:15
531,474,cart,2025-07-25 00:57:12
532,492,view,2026-04-09 03:12:57
532,499,view,2026-02-03 13:53:24
532,400,purchase,2025-08-02 01:37:03
532,312,view,2025-12-24 01:12:47
532,421,purchase,2025-10-30 07:17:57
532,21,purchase,2025-07-10 07:20:11
532,53,view,2025-07-16 11:12:44
532,322,view,2026-01-15 02:09:32
533,466,cart,2025-04-22 22:39:28
533,80,purchase,2025-09-18 03:35:11
533,149,purchase,2025-12-07 22:30:46
533,226,purchase,2025-10-24 03:43:11
534,375,view,2025-08-02 14:39:40
534,78,purchase,2025-12-10 17:54:05
534,186,cart,2026-01-25 13:27:16
534,419,view,2025-11-02 01:35:30
534,62,view,2025-07-02 05:32:24
534,224,cart,2026-01-25 20:44:40
534,393,view,2026-04-08 10:13:00
534,125,cart,2025-11-01 06:16:20
535,146,purchase,2025-12-06 18:20:46
535,87,view,2025-05-13 09:41:40
535,136,cart,2025-08-06 13:04:01
535,366,cart,2025-05-20 14:44:24
535,184,purchase,2026-02-04 07:06:48
535,340,view,2025-06-07 08:08:55
536,385,purchase,2025-05-05 16:22:54
536,215,view,2026-03-17 22:22:01
536,70,cart,2025-05-22 13:02:22
537,470,cart,2026-02-17 01:38:00
537,459,cart,2026-03-27 01:56:12
537,487,purchase,2026-03-28 05:51:56
537,406,purchase,2025-06-25 06:59:45
537,185,view,2025-09-08 20:07:43
537,226,view,2025-09-17 21:29:22
537,394,view,2026-02-15 13:00:10
538,483,view,2025-12-17 11:02:10
538,43,cart,2025-06-30 11:19:40
538,161,cart,2025-08-21 08:40:24
538,395,view,2025-05-21 04:08:23
538,222,view,2026-02-15 03:00:16
538,201,view,2025-10-30 08:57:01
538,338,purchase,2025-08-31 09:07:21
538,77,purchase,2025-10-05 17:38:33
538,29,purchase,2025-09-14 21:31:18
539,498,cart,2026-04-01 09:07:50
539,214,cart,2026-03-02 02:56:22
539,453,purchase,2026-01-24 12:33:25
539,358,purchase,2025-09-26 05:31:13
539,447,cart,2025-06-19 19:45:35
539,369,purchase,2026-02-11 17:12:52
539,160,cart,2025-11-08 07:55:43
539,4,cart,2025-12-05 02:41:05
539,460,purchase,2026-02-13 21:11:56
540,471,view,2026-04-07 22:41:57
540,358,cart,2025-11-30 21:56:42
540,228,purchase,2026-04-13 11:50:55
540,105,purchase,2026-02-10 15:26:56
540,319,purchase,2026-01-25 00:59:51
540,333,cart,2025-11-25 17:33:02
540,357,cart,2025-09-06 00:55:54
540,454,purchase,2025-08-08 21:43:48
540,207,view,2026-01-12 06:11:44
540,451,cart,2025-10-20 19:01:23
541,18,purchase,2026-01-16 22:43:34
541,171,cart,2025-07-15 09:42:04
542,266,purchase,2026-04-16 17:36:21
542,145,view,2025-08-18 04:11:10
542,47,purchase,2025-05-19 22:23:47
543,159,purchase,2025-12-02 15:30:24
543,174,purchase,2025-08-26 23:19:18
543,81,view,2025-12-24 23:42:47
543,14,purchase,2025-12-20 12:51:31
543,303,cart,2026-02-02 17:20:13
543,123,cart,2026-03-08 09:14:30
543,371,cart,2025-09-02 22:41:00
543,258,view,2025-08-22 16:07:02
543,374,view,2025-11-09 09:59:45
544,132,purchase,2025-08-05 04:13:47
544,259,cart,2025-09-15 17:28:21
544,63,view,2025-10-05 14:49:32
544,387,purchase,2025-12-10 14:40:02
544,481,view,2025-09-11 11:10:06
544,229,cart,2025-06-15 00:00:59
545,377,view,2025-07-03 17:38:22
545,232,cart,2026-01-01 11:17:34
545,120,purchase,2025-07-19 01:14:23
545,297,purchase,2026-01-01 10:43:56
545,365,purchase,2025-09-22 02:40:24
545,340,purchase,2025-12-26 17:21:57
545,432,purchase,2026-02-11 18:05:00
545,119,cart,2025-06-25 16:41:47
545,153,cart,2025-09-14 15:23:23
545,341,purchase,2025-07-10 11:37:25
546,344,view,2025-05-03 04:35:28
546,365,cart,2025-07-11 05:02:30
546,266,purchase,2025-05-22 07:46:31
546,126,view,2025-12-06 00:51:14
546,167,purchase,2026-02-10 07:37:44
546,298,view,2026-01-08 12:39:06
546,421,cart,2026-03-13 02:21:40
546,232,view,2025-08-20 07:58:15
546,75,purchase,2025-06-11 20:11:03
546,217,cart,2026-03-13 12:36:18
547,47,view,2025-11-19 03:16:51
547,217,view,2025-04-23 01:28:36
548,109,cart,2025-05-28 11:15:35
548,39,cart,2025-11-04 23:02:38
548,346,purchase,2025-12-09 07:37:58
548,206,purchase,2026-03-05 10:48:57
548,286,purchase,2025-06-25 02:40:44
548,398,cart,2025-07-15 00:45:56
548,446,cart,2025-05-22 18:51:07
548,299,cart,2025-09-15 18:07:40
549,225,purchase,2025-12-22 07:00:25
549,476,cart,2026-04-07 15:25:45
549,374,cart,2026-03-02 01:56:28
549,421,view,2026-04-11 16:56:45
549,73,purchase,2025-09-27 02:19:15
549,65,cart,2025-07-02 17:14:23
549,364,cart,2026-01-30 02:48:54
550,495,purchase,2025-12-03 00:17:57
550,262,purchase,2025-05-13 19:12:43
550,60,purchase,2025-10-17 13:18:33
551,233,cart,2025-05-28 07:52:26
551,16,purchase,2025-10-12 04:01:49
551,80,purchase,2026-01-31 15:36:01
551,189,view,2025-04-27 06:56:29
552,436,cart,2025-07-05 21:56:23
552,56,view,2026-04-04 05:19:23
552,189,purchase,2025-10-06 22:28:58
552,148,view,2025-10-25 17:26:40
552,267,view,2026-03-17 02:22:59
552,60,cart,2025-12-10 18:32:01
552,156,cart,2026-01-08 02:28:29
552,155,cart,2025-06-10 04:37:39
552,248,view,2025-05-09 20:36:45
552,405,view,2025-05-24 21:57:27
553,401,purchase,2025-11-26 03:10:43
553,215,view,2025-11-29 16:13:47
553,479,cart,2025-06-10 07:25:45
554,110,view,2025-08-26 18:24:26
554,419,purchase,2025-12-11 18:22:00
554,250,view,2025-08-26 21:42:16
554,62,purchase,2025-05-16 17:32:11
554,178,view,2025-09-06 07:36:56
555,213,cart,2025-05-10 11:34:10
556,158,purchase,2025-09-12 07:22:54
556,231,cart,2025-09-17 17:37:24
556,400,cart,2025-08-22 03:58:04
556,243,purchase,2025-05-24 03:50:06
556,426,purchase,2025-12-26 20:42:08
556,67,view,2025-07-16 22:55:05
556,258,purchase,2026-01-09 17:15:36
556,235,cart,2025-10-07 15:55:53
556,341,cart,2025-10-06 08:56:42
556,76,purchase,2025-08-21 01:43:54
557,45,purchase,2025-12-26 15:12:43
557,340,purchase,2026-01-22 06:50:47
557,209,cart,2025-09-17 03:18:47
557,119,cart,2026-02-12 21:31:41
557,173,purchase,2025-09-17 12:39:11
557,23,purchase,2026-02-14 05:04:06
558,376,cart,2025-10-16 11:18:10
558,330,view,2025-09-03 22:57:57
558,443,view,2025-09-05 05:39:59
558,362,view,2025-11-07 15:06:15
558,292,purchase,2025-04-30 00:37:14
558,407,purchase,2025-12-14 01:07:05
558,158,purchase,2025-12-01 12:16:25
558,330,view,2025-08-31 07:49:39
559,43,view,2026-02-15 17:08:14
559,489,purchase,2025-07-19 23:23:25
559,277,purchase,2025-11-20 08:18:43
559,387,view,2025-06-26 17:17:33
559,490,purchase,2025-05-03 07:42:31
559,267,view,2025-05-18 02:57:56
559,384,cart,2025-12-24 20:31:48
559,257,view,2025-11-22 21:08:38
559,61,purchase,2026-03-17 17:40:05
560,92,view,2025-08-09 18:35:42
560,140,view,2025-12-30 23:16:13
560,125,purchase,2025-04-23 14:57:06
560,429,purchase,2025-12-02 21:28:27
560,227,view,2025-06-14 03:53:41
560,413,purchase,2025-11-06 04:04:04
560,310,cart,2025-11-19 23:46:13
560,205,purchase,2026-01-17 22:41:04
560,23,cart,2025-08-17 21:42:49
561,174,cart,2025-05-19 23:45:01
562,212,view,2026-04-09 00:04:37
562,440,purchase,2025-09-15 15:15:02
562,162,cart,2025-04-30 02:06:38
563,46,view,2025-09-01 20:30:57
563,50,purchase,2025-12-11 20:53:32
563,86,cart,2025-11-08 19:46:24
563,73,view,2025-12-24 13:08:54
563,130,view,2025-12-08 13:59:28
564,157,cart,2025-06-16 21:10:57
564,347,view,2026-01-13 05:23:43
564,30,purchase,2026-02-09 23:35:59
565,92,view,2025-12-10 17:39:16
565,365,view,2025-05-20 10:08:36
565,152,cart,2025-05-28 22:08:48
565,50,cart,2025-10-22 13:37:37
565,72,cart,2025-05-21 20:44:23
565,457,cart,2026-01-18 03:15:55
566,192,view,2025-07-13 22:31:10
566,26,view,2025-10-07 10:07:19
566,122,purchase,2025-11-06 13:48:04
566,300,view,2026-04-17 20:04:17
566,252,purchase,2025-06-10 00:59:00
567,197,view,2025-06-16 09:14:15
567,137,view,2025-06-19 07:15:23
567,162,cart,2025-08-05 17:33:02
567,283,cart,2025-05-26 07:40:58
567,33,cart,2025-11-30 13:45:37
567,14,cart,2025-12-20 00:15:53
567,324,view,2025-07-01 04:28:08
567,467,view,2025-11-10 13:04:13
567,137,purchase,2025-12-01 19:19:21
568,345,view,2025-05-19 05:17:36
568,126,purchase,2025-12-15 21:14:30
568,333,view,2025-05-20 04:06:33
568,155,purchase,2025-06-22 08:45:56
568,208,cart,2026-03-06 10:29:08
568,42,purchase,2025-09-03 11:14:09
568,256,view,2025-11-08 06:48:43
568,400,view,2026-03-04 22:50:07
568,191,purchase,2026-03-07 11:41:51
568,86,view,2025-07-13 04:21:57
569,487,cart,2026-01-21 23:37:29
569,492,purchase,2025-05-23 23:06:50
569,231,view,2025-11-30 08:23:21
569,0,cart,2026-02-25 18:38:39
569,492,purchase,2025-10-15 03:52:48
569,148,purchase,2025-12-26 19:37:49
569,497,view,2026-02-06 21:54:30
569,0,view,2025-09-13 10:36:50
569,477,cart,2025-04-26 04:57:07
570,306,cart,2026-01-16 15:44:10
570,429,purchase,2025-05-27 14:47:53
570,194,cart,2026-03-29 14:33:20
570,431,purchase,2025-05-17 05:54:08
570,108,purchase,2025-12-30 02:50:36
571,144,view,2025-07-27 14:42:54
571,82,purchase,2025-11-13 21:08:48
571,273,purchase,2026-02-25 03:18:41
571,35,cart,2025-09-17 13:53:38
571,45,cart,2025-12-20 19:32:13
571,357,view,2026-01-04 04:48:15
571,425,view,2026-03-15 11:24:59
571,371,purchase,2026-02-07 06:51:26
571,143,cart,2025-07-19 22:16:31
572,312,purchase,2025-10-18 04:03:20
572,490,cart,2025-11-23 12:47:43
572,452,purchase,2025-11-15 06:50:03
572,484,cart,2026-03-07 23:44:58
573,385,purchase,2026-03-17 00:50:53
573,231,cart,2026-02-01 04:32:55
573,125,purchase,2025-12-24 10:10:33
573,164,cart,2025-07-17 06:04:49
573,107,cart,2025-12-15 10:36:12
574,168,view,2026-02-13 07:11:57
574,467,purchase,2025-07-14 12:15:22
574,68,purchase,2025-11-10 00:12:50
574,472,view,2025-11-04 23:12:24
574,311,cart,2025-08-24 19:10:12
574,2,view,2025-11-01 08:20:22
574,344,view,2025-11-27 22:19:21
574,211,purchase,2026-03-25 20:28:17
574,458,purchase,2026-02-20 00:40:20
574,360,cart,2025-11-01 07:47:41
575,275,view,2026-01-05 01:19:10
575,403,purchase,2025-08-24 18:55:28
575,333,view,2025-06-05 09:30:55
575,275,view,2025-08-24 12:51:37
575,456,purchase,2026-04-16 10:17:25
575,227,purchase,2025-08-23 17:30:51
575,63,cart,2025-06-18 04:56:16
576,423,purchase,2025-12-31 16:47:22
576,183,cart,2026-03-02 20:40:02
576,90,purchase,2025-11-14 00:22:20
576,4,view,2025-11-01 17:50:59
576,236,cart,2025-06-28 14:29:05
576,479,view,2026-04-14 16:11:21
576,227,view,2026-03-16 13:24:53
577,380,view,2026-02-05 16:39:29
577,388,cart,2026-02-14 17:36:46
577,348,purchase,2025-12-30 14:16:35
577,183,view,2025-08-20 01:00:39
578,417,purchase,2025-09-25 15:43:29
578,320,cart,2026-04-05 03:28:52
579,119,cart,2025-07-01 23:01:54
579,495,cart,2025-12-16 08:01:16
579,18,cart,2025-09-16 23:18:41
579,252,purchase,2026-04-17 18:30:43
580,107,view,2026-02-13 19:40:43
580,100,purchase,2025-12-17 23:42:53
580,202,view,2025-07-22 04:02:33
580,445,cart,2025-04-25 11:33:16
580,291,purchase,2025-12-17 10:17:26
580,252,view,2025-12-21 17:44:18
580,282,view,2025-09-30 19:22:48
580,337,purchase,2025-11-03 07:31:34
580,289,purchase,2025-06-13 03:50:36
580,349,purchase,2026-02-21 04:30:53
581,89,view,2025-06-26 19:43:37
581,301,view,2025-05-13 00:49:19
581,381,view,2025-05-25 17:37:40
581,65,cart,2025-10-19 14:52:42
581,477,purchase,2026-02-04 09:39:28
581,438,view,2025-04-21 16:21:06
581,451,purchase,2025-06-06 18:43:18
581,373,cart,2025-05-14 03:33:03
581,98,purchase,2025-08-31 20:42:35
581,11,purchase,2026-02-08 08:28:29
582,314,cart,2025-08-20 01:03:03
582,348,purchase,2026-02-20 21:26:38
582,452,cart,2026-03-07 09:51:35
582,1,cart,2025-09-06 20:00:37
582,328,purchase,2025-04-26 11:08:20
582,482,purchase,2025-07-09 06:09:26
582,26,cart,2025-07-18 20:43:40
582,221,cart,2026-03-05 20:56:38
582,140,view,2026-03-22 22:36:22
583,238,cart,2025-07-05 12:18:43
583,185,purchase,2025-05-08 20:01:43
583,388,view,2025-10-13 13:24:26
583,452,purchase,2025-10-25 10:37:05
583,114,view,2025-09-26 03:19:54
583,142,cart,2026-01-07 00:09:05
583,272,cart,2026-03-02 15:06:18
583,161,view,2026-01-05 02:06:44
583,200,view,2025-11-17 16:14:59
584,41,purchase,2025-10-19 13:37:02
584,413,view,2025-11-10 21:46:56
584,377,view,2026-01-06 19:49:49
584,353,cart,2025-09-16 14:33:52
584,490,view,2025-05-16 01:26:40
584,469,view,2025-08-08 18:40:23
585,84,cart,2025-06-02 22:03:06
585,159,view,2026-02-28 13:36:09
585,320,purchase,2026-04-18 06:55:15
585,49,view,2026-04-16 02:52:13
586,221,view,2025-09-07 08:05:04
586,303,purchase,2025-11-11 17:15:18
586,478,cart,2025-12-22 10:59:33
586,430,cart,2026-04-01 12:18:39
586,126,view,2025-05-24 00:58:25
586,242,view,2025-05-24 23:33:21
586,490,cart,2025-11-22 16:08:51
586,426,view,2026-04-18 07:32:48
587,266,view,2025-07-27 10:59:16
587,483,view,2025-06-09 02:47:05
587,397,purchase,2026-01-02 06:30:44
587,317,cart,2025-08-19 15:10:02
587,391,view,2026-01-08 09:01:34
587,320,cart,2025-10-23 23:06:00
588,63,view,2025-04-25 09:57:25
588,498,view,2025-08-26 19:59:10
588,469,view,2025-07-25 08:12:14
588,193,cart,2025-09-28 20:34:54
588,455,purchase,2025-10-18 04:35:55
588,33,view,2026-04-01 19:19:15
588,31,cart,2025-10-31 07:44:41
588,28,cart,2025-05-16 10:20:54
588,312,purchase,2025-06-18 18:44:43
588,221,view,2025-05-20 10:28:01
589,346,view,2026-03-05 13:34:31
589,286,view,2025-05-11 19:06:38
590,435,cart,2025-09-18 09:18:22
590,205,view,2025-12-07 06:53:36
590,316,cart,2025-11-13 10:39:38
590,119,purchase,2025-07-18 20:53:07
590,403,purchase,2025-06-15 23:36:15
591,5,cart,2026-02-04 01:31:34
591,196,cart,2026-02-10 01:05:59
591,407,cart,2026-01-24 02:30:00
591,450,purchase,2025-05-06 07:49:31
591,317,view,2025-11-20 03:21:35
591,173,purchase,2025-04-26 21:09:53
591,480,purchase,2026-03-28 04:01:11
591,400,view,2026-03-04 18:22:29
591,232,purchase,2025-11-01 07:13:21
591,168,purchase,2025-11-26 02:02:39
592,55,view,2026-01-22 03:07:39
592,6,purchase,2025-10-09 13:13:42
592,365,view,2025-12-20 23:33:44
592,303,view,2026-03-03 13:16:29
593,64,purchase,2026-03-21 16:34:32
593,260,cart,2025-08-24 10:53:05
593,181,cart,2025-11-16 07:48:43
593,246,purchase,2026-03-12 23:43:52
593,317,cart,2025-06-24 07:25:43
593,95,view,2025-11-15 13:44:29
593,70,view,2026-02-25 04:03:03
593,30,view,2026-04-06 16:53:34
593,159,purchase,2025-09-18 03:39:32
593,223,purchase,2025-12-23 18:30:29
594,159,purchase,2025-04-20 03:33:20
594,453,purchase,2026-04-11 13:15:07
594,397,view,2025-09-15 18:32:10
594,75,cart,2025-06-16 19:26:01
594,158,purchase,2025-08-26 00:20:04
594,175,cart,2026-04-02 06:02:17
595,496,view,2026-03-18 10:51:22
595,265,purchase,2025-09-18 01:46:37
595,336,purchase,2026-02-22 05:16:39
595,74,view,2025-11-09 11:25:00
595,121,purchase,2025-06-21 15:17:36
595,419,purchase,2025-07-13 16:38:02
596,216,cart,2025-09-07 07:15:11
597,499,view,2025-12-14 23:37:49
597,327,view,2025-06-20 05:16:50
597,402,view,2025-04-25 06:43:46
597,174,view,2025-09-02 09:06:04
598,355,purchase,2026-01-25 12:15:23
598,239,purchase,2026-04-19 17:33:19
598,354,cart,2025-04-23 10:09:30
598,436,purchase,2025-07-27 07:19:50
598,289,cart,2025-12-09 22:57:16
598,315,cart,2026-02-20 04:56:04
598,214,cart,2025-11-14 02:06:10
598,83,view,2025-05-08 04:21:28
599,448,view,2025-07-05 02:24:29
599,253,view,2026-03-02 06:48:58
599,471,view,2025-04-22 16:33:12
599,327,view,2025-11-23 10:59:12
599,354,view,2025-11-29 06:56:27
599,238,purchase,2025-06-15 12:28:58
599,109,view,2025-06-13 19:42:39
599,246,purchase,2025-05-02 20:45:11
600,413,purchase,2025-09-19 12:20:22
600,192,view,2025-07-20 08:15:13
600,204,view,2026-02-21 15:34:48
600,422,view,2025-04-22 08:26:38
600,185,view,2025-05-12 09:15:50
600,37,cart,2025-05-01 16:30:36
601,284,view,2025-11-06 15:29:41
602,148,cart,2025-05-27 23:46:11
602,99,purchase,2025-09-10 21:54:24
602,299,cart,2025-10-21 07:02:36
603,499,view,2025-05-07 06:47:33
604,101,cart,2026-02-20 00:47:49
604,89,view,2026-03-03 14:13:02
604,453,cart,2025-05-27 06:42:53
604,368,view,2025-06-07 14:24:38
605,433,purchase,2025-07-29 06:54:50
605,125,view,2025-12-07 18:38:03
605,100,view,2026-02-11 17:42:33
605,90,cart,2025-05-17 11:32:23
605,466,view,2026-01-17 19:52:56
605,10,purchase,2025-05-06 21:50:32
606,194,purchase,2025-12-05 14:59:16
606,403,view,2025-08-05 08:10:22
606,173,view,2025-12-17 08:20:07
607,233,view,2026-03-14 12:25:33
607,189,cart,2026-01-08 19:14:28
607,338,view,2025-11-05 16:54:57
607,481,purchase,2025-08-17 11:21:57
607,409,purchase,2026-03-04 18:58:24
608,449,purchase,2026-02-15 23:25:56
608,33,view,2025-12-04 05:39:01
608,73,view,2026-01-03 21:01:49
608,406,view,2025-08-29 04:48:28
608,98,purchase,2026-03-08 13:33:19
608,193,purchase,2025-10-19 18:17:55
608,191,cart,2025-08-13 11:41:24
609,219,purchase,2025-11-22 07:25:02
609,125,view,2025-06-29 01:10:32
609,390,purchase,2025-06-24 18:43:50
609,300,view,2025-09-17 12:57:34
609,437,purchase,2026-02-18 15:02:03
609,150,view,2025-12-22 03:36:02
609,167,view,2025-11-05 09:30:08
609,27,purchase,2025-10-10 21:52:48
609,407,cart,2026-03-02 18:52:22
609,446,view,2025-08-14 10:18:33
610,495,purchase,2025-11-24 18:26:20
610,453,cart,2025-04-30 18:44:59
610,107,purchase,2025-10-01 08:51:50
610,41,cart,2025-09-08 07:58:21
610,404,purchase,2025-11-01 06:05:11
610,314,view,2025-08-31 02:27:57
610,85,purchase,2025-09-16 00:54:17
610,198,purchase,2026-01-21 15:40:12
610,384,purchase,2025-11-08 10:28:08
611,255,purchase,2025-11-07 00:51:18
611,237,view,2026-03-30 04:18:16
611,164,purchase,2025-09-24 04:14:20
611,191,purchase,2025-06-08 08:05:31
611,355,cart,2025-06-25 08:44:04
611,366,cart,2025-09-03 14:13:46
612,137,purchase,2025-06-24 10:28:14
612,205,purchase,2025-08-28 18:07:57
612,471,purchase,2025-12-07 04:06:50
612,332,view,2026-03-06 18:26:37
612,106,view,2025-04-27 21:35:45
612,458,view,2025-10-29 23:08:59
612,231,view,2025-08-24 12:48:56
612,202,view,2026-04-18 09:19:58
613,217,cart,2026-01-08 14:28:13
613,292,view,2025-09-04 10:41:06
613,478,cart,2025-10-22 19:45:52
613,130,purchase,2026-01-21 11:58:49
613,43,view,2026-02-25 09:35:28
614,151,cart,2026-04-03 09:43:13
614,265,cart,2026-03-03 21:52:14
615,298,view,2025-09-18 08:38:31
615,238,purchase,2026-02-04 02:14:13
615,318,cart,2026-01-05 22:22:36
615,218,cart,2025-09-07 01:17:25
616,221,cart,2026-03-20 00:34:28
616,188,cart,2025-09-27 00:17:38
616,162,cart,2026-01-20 01:31:27
616,195,view,2026-03-08 13:13:28
616,91,cart,2026-04-17 05:18:33
616,119,cart,2025-12-23 07:23:16
616,330,view,2025-10-04 14:23:14
616,183,view,2025-06-11 02:57:55
617,431,purchase,2025-10-07 04:30:40
617,262,purchase,2026-04-14 06:03:29
617,329,view,2025-06-29 16:26:55
617,402,cart,2026-03-20 22:41:18
617,474,view,2025-06-17 21:44:10
618,60,view,2025-09-19 16:38:26
618,184,view,2025-09-04 04:56:26
619,102,cart,2025-06-10 23:19:34
619,100,purchase,2026-02-21 02:10:10
619,168,cart,2025-08-18 17:41:59
619,154,purchase,2025-05-23 14:31:27
619,417,purchase,2025-06-15 14:35:26
619,432,cart,2025-11-18 17:38:08
619,97,purchase,2025-05-28 14:32:33
619,309,view,2025-11-27 22:34:45
619,437,purchase,2026-02-13 05:53:56
620,467,cart,2026-04-04 05:34:30
620,4,cart,2025-12-27 19:00:00
620,144,cart,2025-07-07 09:57:54
620,400,cart,2025-07-31 19:27:32
620,484,cart,2025-06-16 10:43:55
620,420,purchase,2025-10-05 10:27:29
620,387,purchase,2025-08-02 01:47:27
620,6,cart,2025-07-04 08:05:33
620,334,purchase,2026-03-19 10:06:05
621,443,cart,2025-08-05 21:22:43
621,116,view,2025-07-28 17:37:50
621,370,purchase,2026-02-08 04:12:43
622,242,view,2026-01-22 19:47:29
622,264,purchase,2025-07-11 13:41:59
622,402,purchase,2026-02-07 21:20:23
622,387,cart,2025-05-24 03:14:48
623,174,view,2025-10-17 05:02:17
623,160,view,2025-12-09 02:55:13
623,219,purchase,2025-12-25 21:11:58
623,213,view,2025-11-22 11:34:21
623,224,cart,2025-04-26 20:34:05
623,436,purchase,2026-03-29 16:14:07
623,15,cart,2025-11-04 11:43:55
623,71,purchase,2026-04-16 02:30:49
624,156,purchase,2025-05-09 03:20:48
624,4,cart,2025-05-17 06:50:42
624,414,purchase,2025-06-21 15:12:39
625,173,view,2025-06-01 15:54:32
625,214,cart,2025-12-29 12:50:53
625,351,cart,2025-11-10 21:42:16
625,390,purchase,2025-09-19 06:28:30
625,275,cart,2025-08-25 20:39:18
625,166,purchase,2025-08-17 10:20:20
626,290,view,2025-07-19 08:04:19
627,78,cart,2026-04-16 13:14:35
627,290,purchase,2025-08-17 09:49:50
627,409,purchase,2025-10-19 10:24:40
628,293,cart,2025-09-22 07:43:33
628,195,view,2025-07-08 10:32:35
628,485,cart,2025-07-03 13:09:02
628,32,purchase,2026-04-13 22:38:30
628,197,view,2025-11-20 02:35:03
628,243,view,2025-10-19 15:13:32
628,168,purchase,2026-04-15 11:34:10
628,492,cart,2025-06-05 01:15:38
628,327,cart,2026-04-09 06:13:47
628,47,view,2025-09-17 08:28:21
629,345,purchase,2026-03-28 22:09:58
629,90,view,2026-03-04 01:51:58
630,250,view,2025-08-13 12:27:18
630,95,view,2025-09-02 17:21:31
630,35,cart,2025-11-17 11:00:49
630,145,view,2025-10-23 02:32:04
630,119,cart,2026-01-13 06:41:11
630,337,purchase,2025-09-15 23:38:52
630,35,cart,2025-11-04 19:36:02
630,29,cart,2025-10-29 04:43:39
630,265,view,2025-07-04 00:25:13
630,87,cart,2025-09-14 14:52:42
631,200,view,2025-08-11 08:15:00
631,56,view,2025-10-27 04:06:04
631,274,cart,2026-02-18 08:50:13
631,244,purchase,2025-06-19 06:20:00
631,35,cart,2025-05-11 22:26:20
631,489,view,2025-07-12 06:29:49
631,66,view,2025-07-24 19:42:28
632,221,purchase,2025-04-28 20:49:53
632,340,cart,2025-07-26 20:20:11
632,81,purchase,2025-11-16 09:38:09
632,294,cart,2026-02-02 15:00:59
632,300,view,2025-11-15 08:44:48
633,366,purchase,2025-12-17 05:11:45
633,234,cart,2025-11-23 14:26:12
633,103,view,2025-11-20 03:56:03
633,73,cart,2026-01-12 09:51:25
633,32,cart,2026-04-04 05:09:30
633,309,view,2026-02-18 12:15:17
633,269,cart,2025-04-28 10:32:02
633,466,purchase,2025-07-12 11:44:23
633,450,cart,2026-04-05 07:09:33
634,236,purchase,2026-03-20 15:54:04
634,20,purchase,2025-06-11 04:00:10
634,46,cart,2025-11-06 12:32:31
634,330,cart,2025-08-29 23:19:20
634,177,purchase,2026-04-11 00:37:53
634,431,purchase,2026-02-04 06:33:26
634,405,cart,2025-05-29 21:02:24
634,200,purchase,2026-03-18 02:15:20
635,212,view,2025-08-07 22:41:38
635,91,purchase,2025-08-20 05:45:56
635,375,cart,2026-03-30 16:15:27
636,196,purchase,2025-04-19 20:20:17
636,93,purchase,2025-11-16 21:55:24
636,291,view,2025-07-16 10:21:17
636,201,purchase,2025-04-25 17:43:56
636,484,view,2025-12-03 13:46:23
636,122,view,2026-04-06 13:16:40
636,140,purchase,2026-01-07 03:12:44
636,275,cart,2025-06-05 15:49:59
637,357,purchase,2025-09-18 21:21:51
637,369,view,2025-09-15 06:15:12
638,210,purchase,2025-09-05 18:43:26
638,62,cart,2025-04-28 14:30:59
638,39,view,2025-07-07 16:18:55
638,258,cart,2025-07-27 05:07:07
638,209,cart,2025-05-03 15:01:59
638,84,cart,2026-03-10 09:41:06
638,106,purchase,2025-07-11 05:27:04
638,22,cart,2026-02-10 07:06:25
639,37,purchase,2026-01-10 19:24:22
640,195,cart,2025-10-19 14:59:46
640,381,cart,2025-10-12 19:27:17
640,438,view,2026-01-11 23:50:44
640,203,view,2025-06-27 19:01:57
640,5,cart,2025-09-21 03:44:51
640,58,purchase,2026-02-03 23:17:26
640,469,view,2025-11-29 19:16:36
640,167,purchase,2026-04-11 20:03:05
641,248,cart,2026-01-27 12:08:44
641,34,view,2026-03-02 01:54:36
641,280,purchase,2025-05-10 06:20:37
641,124,purchase,2025-10-12 02:10:37
641,486,cart,2025-09-27 01:50:34
641,71,cart,2026-01-23 03:59:46
641,420,cart,2025-12-07 18:15:32
641,430,view,2025-07-09 19:32:16
642,429,view,2026-01-07 23:45:15
642,310,view,2026-02-03 12:55:45
642,90,cart,2025-10-28 14:25:21
643,273,purchase,2025-12-06 20:06:18
643,200,view,2025-07-13 12:02:56
644,343,view,2026-02-11 13:16:55
644,346,cart,2025-05-21 10:33:19
645,225,cart,2025-08-31 20:35:08
645,91,view,2025-06-27 14:37:30
645,365,view,2025-09-26 10:51:00
646,110,cart,2025-11-30 14:31:26
646,356,view,2025-09-20 12:17:36
646,428,purchase,2025-05-26 12:57:41
646,415,purchase,2025-11-23 10:43:31
646,328,purchase,2025-10-14 10:27:05
646,366,purchase,2026-02-10 18:52:23
646,459,view,2025-06-10 00:44:32
646,199,purchase,2025-06-01 22:02:13
646,157,cart,2025-04-27 06:45:17
647,306,view,2025-05-20 01:56:08
648,395,cart,2026-01-04 13:23:18
649,475,view,2025-08-08 07:32:42
649,191,view,2025-12-29 02:04:43
649,102,view,2025-09-25 23:12:35
649,8,cart,2026-03-07 03:20:39
650,7,cart,2026-02-10 04:30:26
651,348,purchase,2025-12-11 13:29:39
651,32,view,2025-09-27 12:30:32
651,490,view,2025-05-18 05:17:11
651,408,purchase,2026-03-04 11:00:25
652,370,view,2025-05-02 02:00:24
652,22,cart,2025-05-21 00:03:26
652,262,view,2025-08-20 08:43:39
653,165,purchase,2026-03-10 22:59:35
653,320,view,2025-08-12 11:08:03
653,319,view,2025-05-07 00:40:55
653,478,purchase,2026-03-23 22:45:03
653,202,cart,2026-02-02 11:47:59
653,61,view,2025-12-15 12:55:15
654,54,cart,2025-08-05 09:29:44
654,165,view,2026-03-11 14:58:48
654,7,cart,2025-11-20 03:36:35
654,334,cart,2025-11-13 11:24:09
655,199,view,2026-02-27 00:56:03
656,112,view,2025-10-31 04:57:49
656,336,cart,2026-03-26 17:02:21
656,332,purchase,2025-10-03 12:35:19
656,188,view,2026-01-27 02:47:50
656,34,view,2025-12-06 19:26:18
656,210,cart,2025-10-03 09:05:40
656,392,purchase,2025-06-23 00:40:17
656,255,view,2025-11-08 22:28:01
657,405,purchase,2026-03-01 17:09:05
657,87,cart,2025-11-14 12:12:52
657,491,view,2026-03-09 21:44:25
657,307,cart,2026-02-13 03:44:19
657,323,purchase,2025-10-31 01:23:01
657,198,purchase,2026-03-16 20:11:12
657,473,purchase,2025-05-16 17:17:18
657,68,cart,2026-04-10 23:12:10
657,89,purchase,2025-08-19 16:09:06
658,435,purchase,2025-08-03 01:21:47
658,246,view,2025-10-29 13:08:44
658,171,view,2025-12-19 03:14:12
658,311,purchase,2025-04-28 04:57:19
658,229,cart,2025-06-09 16:03:36
658,261,purchase,2026-03-06 13:37:18
659,257,purchase,2025-06-23 22:38:03
659,360,view,2026-04-02 13:20:08
659,119,view,2025-06-27 11:33:16
659,315,view,2025-06-02 12:03:31
660,121,purchase,2025-05-02 03:53:08
660,219,view,2025-11-08 12:34:37
660,317,view,2026-01-09 21:50:54
660,30,view,2025-04-20 10:29:40
660,191,cart,2025-06-10 10:22:39
661,103,view,2025-10-14 10:52:57
661,192,view,2026-02-06 17:11:26
661,328,view,2025-06-13 05:29:15
661,121,purchase,2025-12-14 11:41:22
661,306,cart,2025-05-31 14:55:09
662,68,cart,2026-03-28 15:07:09
662,162,purchase,2025-09-29 04:35:04
662,402,view,2025-06-10 15:01:48
662,266,cart,2026-01-10 12:52:52
662,331,cart,2026-03-20 10:05:00
662,384,view,2026-02-16 08:29:17
663,433,purchase,2025-12-30 22:34:53
663,169,cart,2026-03-26 02:00:45
663,124,view,2026-04-08 20:07:31
663,276,view,2026-04-05 06:48:16
664,410,purchase,2026-04-19 08:07:14
664,356,purchase,2025-10-13 11:17:08
664,113,purchase,2026-01-18 12:00:19
664,446,cart,2025-08-02 08:36:55
665,164,view,2026-03-05 09:30:37
665,226,purchase,2025-10-04 21:43:24
665,3,view,2025-09-10 13:19:56
665,445,cart,2026-02-02 00:35:02
665,35,view,2025-12-25 16:27:59
665,26,purchase,2025-11-01 00:31:35
665,72,view,2025-05-15 18:04:16
665,64,view,2026-02-03 20:09:32
665,88,purchase,2026-03-23 03:04:50
666,425,view,2026-04-03 00:02:18
666,120,purchase,2025-07-09 16:22:47
666,40,cart,2025-12-22 09:48:53
666,371,cart,2025-05-13 06:26:34
666,159,view,2026-04-05 22:44:12
666,369,view,2026-02-26 17:28:30
666,125,cart,2025-08-03 20:53:15
666,90,purchase,2025-05-12 02:23:04
666,127,cart,2025-07-05 13:49:46
667,295,cart,2026-01-24 22:29:13
667,495,purchase,2025-11-13 04:00:38
667,103,cart,2025-09-03 06:52:37
667,441,cart,2025-08-07 18:19:48
667,40,cart,2025-12-26 02:55:02
668,193,view,2025-10-28 08:07:26
668,241,cart,2025-12-24 05:25:11
668,216,purchase,2025-08-11 07:29:34
668,312,purchase,2025-09-14 02:31:56
668,221,view,2025-10-05 01:11:09
668,419,cart,2025-10-15 06:59:24
668,10,cart,2025-12-29 22:31:25
669,437,view,2025-12-12 08:04:12
669,388,cart,2025-12-18 12:19:39
669,304,purchase,2025-09-05 14:14:14
669,78,purchase,2025-05-10 21:33:55
669,372,view,2025-12-09 01:00:50
669,131,cart,2025-12-03 04:20:43
669,237,cart,2026-03-27 00:28:30
670,145,cart,2025-11-24 01:30:33
670,287,purchase,2026-01-01 01:53:47
670,246,view,2025-11-06 17:09:20
670,170,view,2025-10-10 18:11:44
670,366,cart,2025-06-08 10:22:27
670,100,view,2025-07-29 19:13:10
670,469,view,2025-11-04 21:39:14
670,2,view,2025-05-06 15:20:52
671,373,purchase,2026-03-26 12:42:37
671,191,cart,2025-11-15 20:00:35
671,207,cart,2025-10-30 23:55:48
671,481,cart,2026-01-03 08:46:17
671,496,purchase,2026-01-09 14:57:49
671,191,cart,2025-10-26 20:23:15
671,250,cart,2026-01-03 04:53:01
671,328,purchase,2026-01-09 17:18:05
671,36,cart,2025-09-17 19:29:47
672,471,view,2025-10-10 20:16:51
673,477,purchase,2025-10-31 13:27:08
673,83,view,2025-10-03 17:35:55
673,390,cart,2025-12-28 14:00:43
673,490,cart,2025-07-10 01:06:32
673,394,purchase,2025-06-09 21:06:24
673,178,purchase,2025-07-27 23:01:11
673,363,cart,2025-07-25 01:07:48
674,356,view,2025-09-15 15:13:57
674,333,cart,2025-05-06 12:57:27
674,474,cart,2025-09-27 02:11:06
674,376,view,2026-03-19 03:51:58
674,124,cart,2025-06-19 22:46:55
674,17,cart,2025-07-28 07:10:38
675,357,purchase,2025-12-24 23:10:54
676,133,purchase,2025-10-06 07:58:48
676,233,purchase,2025-07-10 10:33:59
676,75,cart,2025-05-09 22:12:47
677,308,purchase,2025-10-21 19:03:02
677,487,purchase,2025-08-02 02:03:48
677,430,view,2025-12-10 06:54:03
677,6,view,2026-04-14 13:30:59
678,329,purchase,2025-06-07 15:15:58
678,469,cart,2026-03-21 00:04:42
679,361,purchase,2025-07-08 14:53:04
679,498,view,2025-06-04 13:42:19
679,265,view,2025-06-04 00:57:32
679,448,cart,2025-10-30 09:57:39
679,84,cart,2025-11-03 19:20:07
679,129,purchase,2025-12-27 18:18:59
679,154,purchase,2025-07-28 17:19:55
680,337,cart,2025-04-24 09:09:18
680,300,cart,2025-10-29 09:13:27
680,375,cart,2025-08-22 06:54:48
680,385,purchase,2026-03-10 09:11:43
680,445,view,2026-03-01 05:59:47
680,55,purchase,2025-07-06 00:02:45
680,293,cart,2025-11-07 14:36:12
680,416,view,2025-11-22 19:08:38
680,137,purchase,2026-01-20 20:35:07
681,476,purchase,2026-02-12 03:34:52
681,203,purchase,2025-06-02 23:02:46
681,157,view,2025-12-19 06:25:11
681,86,cart,2026-03-25 00:54:28
682,49,view,2025-05-03 13:15:16
683,268,cart,2025-12-24 20:11:03
683,335,cart,2025-06-05 08:52:05
683,375,cart,2025-05-18 10:46:01
683,87,view,2025-07-08 05:20:59
683,191,view,2025-11-16 23:59:07
683,360,view,2026-02-16 03:53:03
683,101,cart,2026-03-26 03:35:33
684,257,view,2025-12-10 02:25:34
684,230,purchase,2025-05-22 11:17:46
684,416,view,2025-12-11 10:35:49
685,102,view,2025-10-04 05:09:14
685,383,view,2025-10-07 06:15:31
685,414,view,2025-07-06 10:38:51
686,461,cart,2026-01-08 20:13:21
686,225,purchase,2026-02-25 23:44:48
686,467,purchase,2026-02-23 04:03:16
686,55,purchase,2025-08-11 21:15:37
686,85,view,2026-02-07 09:11:23
687,43,cart,2025-07-01 02:07:24
687,63,cart,2025-04-23 06:46:44
687,32,cart,2025-05-30 04:01:52
687,15,purchase,2025-08-02 18:03:01
687,120,cart,2025-06-05 14:12:15
688,344,view,2025-04-21 09:15:59
688,4,view,2026-02-14 00:02:19
688,136,view,2026-04-01 09:00:00
688,340,purchase,2026-03-16 09:06:27
688,404,view,2025-06-22 22:45:03
688,49,view,2026-02-14 06:05:53
688,267,view,2026-02-18 10:36:35
688,192,purchase,2025-08-21 07:20:22
689,492,cart,2025-10-10 02:51:44
689,477,cart,2025-08-18 22:56:52
689,242,cart,2025-08-18 10:21:33
689,309,cart,2025-09-16 07:26:02
689,172,cart,2025-08-10 12:32:43
689,349,cart,2025-07-21 22:26:41
689,161,view,2025-09-17 19:56:24
689,481,cart,2025-06-16 12:11:02
689,340,cart,2026-01-26 11:40:16
690,312,view,2025-08-29 16:11:51
690,499,cart,2026-04-09 20:45:57
690,447,cart,2025-10-10 13:28:40
690,412,view,2025-07-28 22:09:42
690,1,cart,2025-07-31 04:09:13
690,445,purchase,2025-09-05 02:45:15
690,205,purchase,2025-09-20 00:35:40
691,13,purchase,2025-10-26 12:34:52
691,62,purchase,2025-08-19 17:43:08
691,143,purchase,2026-03-12 04:18:53
692,188,cart,2026-04-06 09:02:37
692,316,purchase,2025-04-22 05:57:57
692,337,cart,2025-07-27 02:28:01
692,263,cart,2025-06-12 23:54:21
693,1,purchase,2026-03-27 17:38:00
693,490,cart,2026-02-19 12:53:24
693,8,purchase,2025-08-29 02:12:16
693,184,view,2026-02-10 07:39:58
694,347,cart,2025-10-11 12:30:39
694,119,purchase,2025-12-25 22:04:11
694,248,cart,2026-04-15 03:33:48
694,378,purchase,2025-09-24 01:53:00
694,406,view,2025-09-05 00:47:02
694,178,cart,2025-08-25 00:10:34
695,337,purchase,2026-02-28 13:19:24
695,463,view,2025-06-05 15:33:08
695,375,cart,2025-06-26 07:51:08
695,150,purchase,2026-03-16 10:36:12
695,99,purchase,2026-04-12 13:43:50
695,73,purchase,2025-08-17 14:56:23
695,448,purchase,2025-10-24 12:32:51
695,401,purchase,2025-04-30 02:10:49
696,16,view,2025-09-22 09:23:45
696,254,view,2025-05-08 20:36:29
696,154,purchase,2025-08-25 02:57:04
696,280,cart,2025-07-28 19:18:07
696,86,cart,2026-03-22 14:06:13
696,488,view,2025-06-03 13:50:43
696,246,purchase,2025-04-22 23:52:01
696,276,view,2025-12-29 18:16:49
696,124,view,2026-03-10 20:32:18
697,385,purchase,2025-07-04 02:18:57
697,358,view,2025-12-28 08:17:25
697,54,cart,2026-01-04 15:10:24
698,82,cart,2026-03-09 16:12:34
699,392,cart,2025-09-10 23:17:55
699,112,purchase,2025-08-04 08:57:35
699,131,purchase,2025-09-22 06:21:38
699,243,purchase,2025-08-04 15:58:21
699,63,purchase,2026-04-01 00:41:05
699,69,purchase,2025-12-22 16:14:53
699,324,purchase,2026-03-27 18:07:34
700,46,purchase,2025-11-07 13:14:38
700,170,view,2025-05-16 19:00:06
700,477,purchase,2025-10-06 02:34:54
700,392,purchase,2025-08-15 12:00:46
700,33,purchase,2026-01-03 13:49:37
700,175,cart,2025-05-11 21:50:43
700,466,purchase,2025-07-24 08:11:57
700,380,purchase,2025-06-24 14:46:41
701,334,purchase,2025-04-28 14:56:18
701,401,purchase,2025-05-11 17:28:49
701,494,cart,2025-06-16 07:50:19
701,413,view,2026-04-14 10:25:37
701,114,cart,2025-05-19 06:16:12
701,59,cart,2025-08-27 17:01:18
701,44,view,2025-07-11 02:51:07
702,174,purchase,2025-09-20 00:14:51
702,303,view,2026-04-09 00:55:44
703,293,cart,2025-11-24 15:15:39
703,65,cart,2026-02-10 11:50:45
704,295,purchase,2025-12-03 11:44:16
704,0,cart,2025-09-08 08:43:12
704,31,purchase,2025-06-09 09:37:46
704,274,view,2026-01-15 11:30:15
704,433,cart,2026-01-07 01:07:05
704,216,cart,2025-08-15 17:53:17
704,394,cart,2025-05-31 10:58:31
705,266,purchase,2026-01-17 14:08:57
705,308,purchase,2025-07-14 17:09:36
705,113,view,2025-12-26 21:57:20
706,4,purchase,2025-10-28 21:40:10
706,436,cart,2026-04-10 18:23:51
706,161,view,2025-06-10 01:48:17
706,417,cart,2025-05-08 23:01:36
706,428,view,2025-07-27 22:50:37
706,255,purchase,2025-07-10 22:04:18
706,233,view,2026-04-16 13:05:53
707,145,view,2025-08-28 00:00:16
707,382,purchase,2025-05-20 16:01:35
707,434,purchase,2025-09-29 12:32:03
707,17,purchase,2025-08-10 10:08:33
707,163,cart,2026-04-18 20:57:46
707,257,purchase,2025-11-21 20:40:55
707,63,cart,2025-11-21 14:39:37
707,434,purchase,2025-08-12 13:04:53
707,293,cart,2026-02-15 05:35:36
707,323,view,2025-08-07 18:03:27
708,149,purchase,2026-04-17 16:21:25
708,494,cart,2026-03-03 03:44:44
708,30,cart,2025-09-16 18:34:53
708,78,purchase,2025-12-29 23:27:58
708,107,purchase,2025-06-13 02:29:28
708,478,view,2026-01-12 18:38:11
708,358,purchase,2025-07-23 08:19:05
708,26,view,2025-11-19 14:18:49
709,372,cart,2025-07-27 23:41:07
709,153,purchase,2026-02-13 12:33:20
709,467,view,2025-07-03 02:38:46
709,11,purchase,2026-01-28 06:51:21
709,200,cart,2026-03-07 07:10:56
709,216,purchase,2025-07-14 07:37:34
709,242,cart,2026-04-18 16:59:17
709,387,cart,2025-08-01 06:26:20
710,36,purchase,2025-08-19 20:56:03
710,372,cart,2026-01-17 08:18:54
710,144,purchase,2025-12-04 11:33:05
710,472,view,2025-10-16 19:23:52
710,358,purchase,2025-05-21 10:18:30
710,201,view,2025-12-26 18:16:26
710,67,cart,2026-03-08 15:29:50
711,443,view,2026-04-02 20:20:36
711,435,purchase,2025-12-15 12:14:07
711,155,cart,2026-03-22 18:59:16
711,335,view,2026-02-01 10:14:34
711,295,view,2025-05-14 01:27:07
711,226,purchase,2025-12-16 22:56:07
711,247,cart,2025-04-20 00:32:08
711,459,view,2026-02-22 05:10:32
711,107,view,2025-12-05 12:34:50
711,411,purchase,2025-09-30 22:31:08
712,376,purchase,2025-09-16 21:20:26
712,4,cart,2025-07-18 06:15:37
712,371,purchase,2026-03-20 09:57:43
712,52,purchase,2026-03-03 20:59:57
713,192,cart,2025-12-06 09:22:46
713,347,view,2025-06-12 03:50:15
713,474,view,2025-05-10 19:36:05
714,182,cart,2025-06-22 07:52:28
714,91,view,2025-09-13 19:14:07
715,263,purchase,2026-01-23 19:21:45
715,173,purchase,2025-12-02 05:36:53
716,496,view,2025-07-11 04:53:57
716,321,purchase,2025-07-23 11:15:34
716,206,view,2025-08-09 21:41:17
716,17,view,2025-05-05 20:37:50
716,123,cart,2025-12-11 03:25:29
716,250,cart,2025-08-25 11:44:47
716,352,purchase,2025-12-10 15:20:48
717,334,purchase,2025-09-30 06:48:52
717,192,purchase,2025-09-16 00:43:47
717,407,purchase,2025-09-06 23:45:21
718,398,cart,2025-05-13 01:05:51
718,442,purchase,2025-06-09 03:44:02
719,140,purchase,2026-01-11 02:37:40
719,334,cart,2026-03-14 08:01:44
719,188,view,2025-07-22 14:20:01
719,61,view,2025-12-25 15:30:43
719,42,view,2025-11-29 06:28:47
719,250,purchase,2026-04-12 07:14:53
719,342,purchase,2026-03-04 14:18:02
720,11,purchase,2025-05-17 20:46:41
720,293,purchase,2025-07-29 14:47:25
720,245,cart,2026-02-11 13:14:17
720,355,purchase,2025-06-28 02:27:11
721,406,purchase,2026-04-16 13:37:00
721,92,cart,2025-07-13 10:15:14
722,330,purchase,2026-04-17 01:06:11
722,222,cart,2026-02-07 06:11:57
722,292,view,2025-06-10 18:32:00
722,50,cart,2026-02-18 00:37:13
722,32,purchase,2025-09-21 22:31:47
722,465,purchase,2026-02-11 07:55:59
722,94,cart,2025-05-24 02:11:32
722,416,purchase,2025-08-02 02:09:07
723,201,purchase,2026-03-24 08:30:22
724,401,purchase,2025-11-06 11:45:34
724,250,view,2025-05-12 00:34:54
724,265,purchase,2025-11-04 01:09:19
724,275,purchase,2025-06-12 10:19:19
724,419,purchase,2025-12-31 04:27:02
724,63,view,2025-06-13 20:39:33
724,494,purchase,2025-12-21 01:12:21
724,459,view,2025-12-05 11:48:05
724,92,purchase,2025-07-18 09:15:07
725,2,purchase,2025-07-17 22:56:40
725,228,cart,2025-12-14 07:47:13
725,62,view,2025-05-26 07:22:47
726,294,view,2025-08-15 01:18:38
726,334,view,2025-04-29 12:24:55
726,44,purchase,2026-04-13 10:02:25
727,435,view,2026-02-03 07:57:15
727,43,view,2026-03-28 16:17:30
727,259,cart,2026-01-27 13:29:56
727,186,purchase,2026-04-12 02:01:13
727,87,cart,2025-11-21 22:46:38
728,127,cart,2025-12-16 08:57:00
729,484,purchase,2025-06-07 05:53:15
730,337,purchase,2025-11-24 10:35:04
730,227,view,2025-04-22 19:32:31
730,295,cart,2026-02-19 11:48:34
730,355,cart,2025-07-25 10:08:24
730,267,cart,2026-02-12 16:26:40
731,275,purchase,2025-06-10 13:23:59
731,107,purchase,2026-02-27 05:35:07
731,50,purchase,2025-06-13 18:50:25
731,419,view,2026-01-08 06:29:24
731,121,view,2026-03-26 23:44:40
731,96,view,2025-06-09 10:15:05
731,153,view,2026-02-09 18:04:20
731,490,view,2025-07-19 01:35:05
731,308,purchase,2025-08-19 16:37:36
731,110,purchase,2026-03-15 19:39:48
732,142,view,2026-03-30 13:23:21
732,373,purchase,2025-05-25 20:40:42
732,216,view,2025-09-27 06:59:53
732,281,cart,2025-09-18 13:27:06
732,133,cart,2025-06-29 15:28:38
732,332,view,2025-09-16 16:50:08
733,233,view,2025-12-25 05:26:10
733,483,cart,2025-05-29 04:36:13
733,346,cart,2025-08-18 07:21:00
733,481,purchase,2025-12-25 07:50:39
733,73,purchase,2025-08-23 07:03:05
733,104,view,2025-11-10 10:51:13
733,322,purchase,2025-09-04 04:24:32
734,324,purchase,2025-08-27 10:25:10
734,330,view,2026-03-16 09:28:53
734,365,cart,2025-08-07 16:21:44
734,288,purchase,2025-06-13 14:58:39
734,331,purchase,2026-01-05 15:42:05
735,83,cart,2025-10-21 04:14:21
735,420,view,2025-05-27 00:32:43
735,161,cart,2025-09-25 14:09:16
735,194,view,2025-07-02 20:22:34
735,493,purchase,2025-04-25 01:56:15
735,126,view,2025-07-07 10:45:19
735,138,view,2026-03-16 05:10:33
735,272,view,2026-01-05 13:24:41
735,350,purchase,2026-02-12 18:05:22
735,208,view,2025-06-07 03:51:25
736,327,view,2025-05-31 20:35:58
736,185,cart,2025-09-05 17:11:47
736,398,cart,2025-06-25 15:06:12
736,74,view,2025-06-17 02:10:12
736,140,view,2026-04-15 19:31:13
736,50,cart,2026-02-25 18:10:45
737,193,view,2025-07-07 08:46:08
737,400,view,2025-05-08 17:45:58
737,89,purchase,2025-10-03 13:15:16
737,372,cart,2026-04-16 01:44:00
738,420,cart,2025-07-11 00:44:53
738,48,purchase,2025-08-30 00:28:28
738,178,purchase,2026-01-22 18:19:43
738,292,cart,2026-02-18 18:32:45
738,282,cart,2025-08-15 02:10:49
738,311,view,2025-09-05 17:09:14
738,459,view,2025-07-24 12:59:08
738,87,cart,2026-02-09 22:37:08
738,484,cart,2025-06-10 08:38:38
738,92,cart,2025-11-26 21:14:55
739,282,purchase,2026-03-22 15:59:31
739,451,cart,2025-05-05 16:37:37
739,244,purchase,2025-09-30 10:05:24
739,65,cart,2026-04-14 15:56:02
739,4,purchase,2026-01-19 02:51:49
739,262,purchase,2025-12-05 10:04:46
739,79,purchase,2025-08-26 03:10:27
739,64,view,2025-12-12 15:29:41
739,193,purchase,2026-04-13 01:46:26
740,27,purchase,2026-04-12 16:56:13
740,327,cart,2026-04-17 21:45:36
740,362,view,2026-01-22 04:35:53
740,347,purchase,2025-05-20 13:50:30
740,214,purchase,2025-11-18 07:11:24
741,93,cart,2026-03-03 09:03:15
741,181,cart,2025-10-17 13:30:53
741,257,cart,2025-06-13 17:34:11
741,141,cart,2025-06-12 17:01:22
741,266,purchase,2026-04-18 14:51:53
741,451,view,2025-11-20 03:41:44
741,156,purchase,2026-01-02 17:33:19
741,439,view,2025-08-25 01:45:43
742,208,cart,2025-04-20 07:53:25
742,432,view,2025-09-01 11:26:30
742,324,view,2026-03-16 12:27:50
742,39,purchase,2026-01-25 12:02:06
742,122,view,2025-11-17 23:20:51
743,294,view,2025-07-05 05:04:52
743,43,purchase,2025-05-29 07:42:27
743,146,purchase,2025-12-11 12:08:54
744,413,view,2025-06-30 09:28:14
744,492,cart,2025-05-26 04:17:03
744,346,purchase,2025-09-19 02:19:34
744,477,purchase,2025-11-28 22:31:27
744,69,cart,2025-09-21 23:35:47
744,254,purchase,2025-12-18 18:21:01
744,350,purchase,2025-06-25 04:13:34
744,454,purchase,2026-01-21 21:33:51
745,207,view,2025-04-30 22:00:23
745,315,view,2026-03-16 07:01:00
746,365,cart,2025-05-13 15:29:11
747,383,cart,2026-03-14 16:54:42
747,125,purchase,2025-06-20 08:37:56
747,338,purchase,2025-06-14 03:00:50
747,350,purchase,2025-07-12 07:43:02
747,21,purchase,2025-08-07 06:47:17
747,229,view,2025-08-10 12:45:50
747,345,purchase,2025-09-30 17:13:39
747,462,view,2026-02-16 16:05:36
747,89,view,2025-04-21 02:48:40
748,429,view,2026-02-18 18:33:18
748,263,cart,2026-03-10 07:32:33
748,487,view,2025-05-16 02:43:51
748,216,cart,2025-10-24 12:32:05
748,194,view,2026-03-06 07:54:13
748,191,view,2025-05-12 18:14:53
749,467,purchase,2025-05-15 07:19:11
749,127,purchase,2026-02-13 03:23:42
749,435,view,2025-06-02 16:49:30
749,148,cart,2025-07-19 19:13:18
749,247,cart,2025-05-28 18:14:30
749,135,view,2025-07-17 15:38:10
750,377,purchase,2025-07-16 17:58:14
751,201,view,2026-02-16 10:39:25
751,472,cart,2025-07-06 01:19:21
751,475,purchase,2026-04-02 22:28:44
751,263,view,2025-09-28 17:36:00
751,478,cart,2025-09-19 10:00:14
751,456,purchase,2025-07-07 16:49:06
751,434,cart,2025-06-04 21:52:48
751,29,cart,2025-07-12 08:42:12
751,3,purchase,2026-02-06 09:40:34
751,235,cart,2025-09-08 11:37:49
752,181,view,2025-08-23 02:28:05
752,2,cart,2025-06-19 09:04:10
752,455,purchase,2025-05-26 18:24:13
752,95,cart,2026-04-07 14:59:35
752,181,view,2025-07-27 00:27:06
753,220,cart,2026-04-05 10:51:53
753,101,view,2025-06-19 04:03:22
754,263,view,2025-08-31 15:54:29
754,210,view,2025-10-05 21:45:58
754,467,cart,2025-08-23 13:16:32
754,3,view,2026-03-18 10:17:35
754,393,purchase,2025-07-17 09:13:32
754,128,view,2025-07-14 18:42:16
754,240,cart,2026-04-02 11:57:44
754,191,cart,2026-03-25 05:49:52
754,186,cart,2025-12-05 07:57:36
755,274,cart,2026-03-28 17:07:29
755,55,cart,2025-08-19 17:21:18
755,336,cart,2025-06-13 08:59:57
756,71,cart,2025-07-27 23:18:36
756,382,cart,2025-11-20 01:33:13
756,2,cart,2025-08-26 22:48:11
757,56,view,2025-09-24 00:37:26
757,145,view,2026-03-13 01:39:05
757,68,cart,2026-01-04 01:39:37
757,215,purchase,2026-01-27 07:27:42
758,461,view,2026-01-28 15:38:28
758,82,purchase,2026-01-16 21:34:36
758,101,cart,2025-11-22 21:19:56
758,491,purchase,2026-04-15 07:05:11
758,136,view,2025-05-14 18:29:11
758,215,cart,2025-12-24 06:45:10
759,253,purchase,2025-06-29 00:54:37
759,365,view,2025-06-02 02:43:33
759,166,cart,2025-11-14 23:10:27
759,256,purchase,2025-11-30 19:00:59
759,472,purchase,2026-02-18 21:11:53
759,431,cart,2025-08-09 23:19:06
759,67,view,2025-08-21 00:47:05
759,490,view,2025-07-28 14:14:15
759,405,view,2025-10-09 16:23:00
760,79,cart,2025-10-29 03:50:34
760,256,view,2025-11-04 01:30:08
760,392,purchase,2025-06-13 15:47:42
761,26,purchase,2025-05-07 07:25:56
761,424,cart,2025-05-03 01:23:44
761,219,purchase,2026-02-19 17:53:38
761,377,view,2025-05-25 21:44:08
762,245,cart,2025-11-05 11:06:38
762,144,cart,2026-02-14 19:24:39
762,42,cart,2026-01-18 15:11:12
762,126,purchase,2025-10-11 09:27:26
762,78,purchase,2025-07-29 20:44:30
762,261,view,2025-10-02 00:43:01
762,127,cart,2026-03-16 05:12:58
763,442,cart,2025-10-15 03:15:48
763,358,view,2026-04-15 00:44:26
764,101,cart,2026-02-21 16:58:48
764,361,view,2025-08-10 20:52:16
764,358,purchase,2025-09-21 17:16:08
764,257,purchase,2025-10-09 08:47:32
764,92,view,2025-11-01 23:24:44
764,437,purchase,2026-01-05 16:13:18
764,322,purchase,2025-05-17 03:52:12
765,117,view,2025-05-24 19:54:44
765,67,cart,2025-10-09 04:58:48
765,19,cart,2025-05-31 18:25:55
766,475,view,2025-05-06 04:38:45
766,218,view,2025-04-24 01:28:42
766,315,view,2025-06-25 07:32:17
766,46,view,2025-08-03 10:16:54
767,208,purchase,2025-11-15 05:22:43
767,156,purchase,2025-10-10 17:57:39
767,324,view,2025-06-14 11:49:28
767,113,cart,2025-05-15 10:32:37
767,218,cart,2026-04-16 21:29:36
767,31,purchase,2025-05-14 16:43:18
767,218,purchase,2026-04-12 16:53:31
768,155,view,2025-12-02 16:27:37
769,186,cart,2026-02-04 02:23:18
769,482,cart,2025-10-06 10:51:16
769,364,cart,2025-09-22 01:43:45
769,126,cart,2025-04-24 19:24:40
769,458,view,2026-01-25 10:28:13
770,20,view,2025-12-07 17:58:50
770,26,purchase,2025-06-22 16:59:59
770,381,cart,2025-12-23 18:08:42
771,146,cart,2025-05-07 13:47:48
771,143,purchase,2025-11-17 12:59:32
771,51,cart,2025-11-03 15:42:00
771,94,cart,2026-03-31 06:08:11
772,186,cart,2025-05-24 00:59:43
772,155,view,2025-06-22 14:50:00
772,49,purchase,2026-03-10 09:28:05
772,6,purchase,2026-01-05 19:21:57
772,282,view,2025-10-03 10:52:03
772,169,cart,2026-01-19 10:09:37
772,379,cart,2026-02-01 20:07:59
772,380,purchase,2025-12-12 16:06:27
773,309,cart,2025-09-09 07:14:21
773,121,purchase,2025-10-26 00:27:25
773,141,view,2026-03-19 07:56:04
773,299,cart,2026-02-02 10:34:18
773,44,view,2025-11-21 14:44:53
773,66,purchase,2025-12-26 00:38:59
773,380,purchase,2025-06-27 16:08:38
773,61,view,2026-03-20 02:37:38
773,300,purchase,2025-08-27 13:39:27
774,98,purchase,2026-02-27 15:55:19
774,228,view,2026-04-10 07:10:39
774,38,purchase,2025-12-23 05:07:08
774,316,cart,2025-08-28 20:47:19
775,371,cart,2025-06-19 14:46:04
775,389,view,2025-05-28 19:05:14
775,273,purchase,2026-04-17 07:17:27
775,78,view,2025-09-30 00:19:42
775,65,view,2025-09-18 16:53:37
776,281,purchase,2025-08-05 18:40:21
776,129,purchase,2025-08-02 00:32:08
776,499,cart,2025-05-14 09:07:03
776,458,cart,2026-01-12 09:35:23
776,229,purchase,2026-01-29 10:19:27
776,367,view,2025-12-31 04:10:21
776,466,cart,2026-01-25 18:20:05
777,247,cart,2026-03-17 07:38:14
777,268,purchase,2026-03-05 01:09:46
778,85,purchase,2025-05-13 01:42:35
779,356,view,2025-05-14 15:51:27
779,148,view,2025-06-02 16:17:57
779,489,purchase,2025-06-13 14:53:06
779,31,purchase,2025-06-24 11:17:06
779,97,purchase,2025-08-23 14:24:13
780,253,purchase,2026-01-25 09:21:51
780,272,purchase,2025-11-05 15:00:53
780,497,view,2025-04-25 13:30:33
780,84,cart,2025-06-27 03:46:25
780,384,purchase,2025-06-27 17:41:50
780,196,purchase,2025-07-26 16:41:01
780,399,cart,2026-03-11 22:45:30
781,310,cart,2026-02-24 18:37:55
781,105,view,2026-01-07 13:42:52
781,1,view,2026-03-11 10:33:40
781,292,view,2025-10-29 19:27:51
781,303,purchase,2025-08-21 04:54:36
781,4,purchase,2026-01-27 22:47:59
781,233,purchase,2025-05-20 05:25:37
782,132,cart,2025-06-04 21:40:16
782,436,view,2026-03-22 02:49:56
782,151,purchase,2025-08-03 06:51:14
782,137,purchase,2026-01-10 14:12:55
782,60,view,2026-03-14 17:20:34
782,114,view,2025-06-21 01:54:22
782,273,view,2025-07-19 17:13:58
782,149,view,2026-02-01 23:01:03
782,327,view,2026-03-10 00:58:18
783,474,view,2026-04-04 00:19:32
783,138,view,2026-03-01 12:03:36
783,328,view,2025-10-01 14:08:56
783,421,view,2025-07-08 17:15:30
783,273,view,2025-11-22 19:29:13
784,332,cart,2025-05-21 13:05:32
785,497,cart,2025-07-31 06:36:55
785,166,view,2025-11-21 16:14:49
785,484,purchase,2026-03-10 06:11:55
785,452,purchase,2026-01-17 06:30:44
785,135,purchase,2025-07-11 19:49:10
785,68,cart,2026-01-29 12:11:35
785,459,purchase,2025-04-22 22:27:46
785,150,cart,2026-03-05 10:40:40
785,29,purchase,2025-10-16 16:15:10
785,417,view,2026-02-28 05:53:45
786,112,purchase,2025-11-11 19:43:51
786,494,cart,2025-12-11 17:02:02
786,90,cart,2025-12-03 16:39:04
786,497,view,2026-03-15 08:00:08
786,275,purchase,2026-01-28 03:34:12
786,444,purchase,2026-01-20 02:56:52
787,369,purchase,2025-11-06 08:55:56
787,352,cart,2025-09-07 18:36:01
788,445,purchase,2025-06-19 13:58:20
788,324,purchase,2026-03-19 09:27:13
788,282,view,2025-07-05 17:11:19
788,418,cart,2025-06-28 13:53:49
788,112,cart,2025-12-18 01:56:23
789,104,purchase,2025-12-06 08:53:46
789,322,cart,2026-01-05 12:50:18
789,79,cart,2026-01-30 10:40:20
789,118,purchase,2025-07-22 05:57:43
789,371,cart,2025-08-26 00:23:10
790,75,cart,2025-10-26 10:10:33
790,47,cart,2026-03-09 07:01:08
790,92,cart,2025-09-24 14:08:03
790,94,view,2025-10-21 17:57:34
790,96,purchase,2025-08-16 07:58:59
790,251,purchase,2026-01-04 21:10:13
791,331,cart,2025-07-03 08:54:08
791,10,cart,2025-11-23 09:20:25
791,83,view,2025-09-15 01:33:29
792,351,purchase,2025-05-21 18:38:24
792,96,view,2026-04-17 06:19:57
792,73,view,2026-02-13 09:42:36
792,218,view,2025-11-15 11:21:15
792,232,purchase,2025-10-11 11:00:52
792,496,cart,2025-12-31 16:19:47
792,51,purchase,2026-03-06 11:39:59
793,70,purchase,2026-01-11 13:01:13
793,384,view,2025-10-26 16:28:46
793,308,view,2026-03-13 09:47:24
793,193,cart,2026-02-26 09:19:57
793,10,view,2026-04-12 20:54:22
793,423,view,2025-10-25 12:03:05
793,390,purchase,2025-08-29 08:14:47
793,478,view,2025-06-14 02:24:58
793,67,view,2025-11-15 03:10:35
794,137,view,2025-10-18 21:05:49
794,480,purchase,2025-10-02 08:37:52
795,6,view,2025-07-02 08:37:12
795,490,view,2026-02-16 20:15:39
795,277,purchase,2025-08-05 14:54:35
795,418,cart,2025-07-21 21:37:58
795,436,purchase,2025-08-03 22:08:03
795,43,view,2025-05-05 19:25:52
795,71,cart,2026-01-20 04:51:33
795,388,purchase,2025-10-13 07:08:15
795,456,cart,2026-03-17 22:29:29
795,417,view,2026-03-18 23:03:05
796,169,cart,2025-06-09 10:48:34
796,79,view,2026-02-09 21:20:42
796,28,purchase,2025-05-29 07:32:42
796,354,cart,2025-05-14 07:37:17
796,321,purchase,2025-08-16 23:56:37
797,10,view,2026-02-25 14:25:01
797,52,purchase,2026-01-26 21:16:58
798,52,purchase,2025-05-21 22:28:30
798,453,cart,2026-02-23 09:58:08
798,72,view,2025-11-08 06:22:14
798,467,view,2025-08-22 20:24:48
798,12,view,2025-12-18 19:45:16
799,197,view,2025-11-09 09:07:36
799,180,purchase,2025-07-21 04:46:36
799,146,view,2026-03-06 01:25:24
799,471,purchase,2025-08-17 01:21:37
799,196,purchase,2025-09-13 17:08:43
799,452,purchase,2025-09-12 11:32:21
799,421,view,2026-04-03 13:47:03
800,86,view,2026-03-20 10:15:01
800,114,view,2025-06-21 20:23:22
800,489,cart,2025-11-11 02:19:51
800,182,view,2025-07-21 08:48:11
800,315,cart,2026-01-05 02:33:35
800,60,cart,2025-05-30 02:18:33
800,472,view,2025-07-25 11:01:08
800,458,view,2025-07-01 10:27:03
801,77,view,2025-07-08 06:50:09
801,219,purchase,2025-12-02 05:46:22
801,171,purchase,2026-04-08 03:59:31
801,92,purchase,2025-06-25 08:16:02
801,217,view,2026-03-28 09:44:03
801,457,purchase,2026-01-19 09:29:19
801,351,cart,2025-09-12 23:41:49
801,319,cart,2026-04-05 07:39:57
801,178,view,2025-05-18 07:50:51
801,138,cart,2025-05-19 08:49:53
802,477,cart,2025-09-24 23:27:30
802,415,purchase,2025-12-29 03:55:40
802,408,view,2026-01-16 15:28:50
802,403,view,2026-03-08 12:40:36
802,441,view,2025-12-23 00:53:53
802,398,purchase,2025-10-07 21:55:07
803,163,view,2025-06-25 17:22:19
803,199,cart,2026-04-04 01:46:33
803,369,cart,2026-02-27 09:55:16
804,57,purchase,2025-07-25 20:50:23
804,218,purchase,2025-07-05 14:47:18
805,74,view,2026-01-05 09:51:06
805,165,view,2025-11-13 03:54:03
805,93,cart,2026-03-01 18:44:02
805,180,cart,2026-02-14 02:33:44
805,253,cart,2025-10-29 04:15:23
806,355,cart,2025-06-07 19:13:58
806,308,purchase,2025-07-23 23:32:08
806,170,view,2025-08-05 07:01:55
806,410,purchase,2026-04-05 12:58:40
806,471,view,2026-02-24 09:58:58
806,196,cart,2025-08-20 21:15:11
806,281,cart,2025-06-07 05:52:32
806,275,purchase,2025-10-14 06:34:52
807,272,purchase,2026-01-02 13:21:22
807,420,view,2025-10-11 07:06:20
807,196,view,2025-07-04 09:54:19
807,297,purchase,2025-11-29 05:07:49
807,215,purchase,2026-04-05 04:42:58
807,295,purchase,2025-12-23 16:25:51
807,415,purchase,2025-10-31 12:38:12
807,112,purchase,2025-09-20 09:11:28
808,120,cart,2025-06-14 12:43:40
808,1,view,2026-03-14 18:14:44
809,185,purchase,2026-03-13 01:37:36
810,490,view,2025-07-04 22:22:41
810,471,view,2025-10-16 07:32:47
810,30,cart,2026-01-16 13:52:43
810,184,view,2025-05-16 14:11:33
810,150,cart,2025-09-28 11:09:31
810,73,purchase,2025-07-02 04:05:01
810,497,cart,2025-11-20 02:07:47
810,124,view,2026-03-31 21:37:04
811,28,purchase,2025-08-06 08:13:53
811,70,view,2025-10-04 21:00:06
811,492,purchase,2025-08-04 22:18:02
811,360,view,2025-07-21 18:43:45
812,375,view,2025-11-21 13:11:49
812,356,cart,2025-07-30 15:52:22
812,190,view,2025-05-27 17:37:38
812,359,view,2025-06-17 11:45:43
812,339,purchase,2026-02-16 03:12:53
812,37,cart,2026-04-06 18:56:49
812,428,purchase,2026-01-09 08:22:54
813,15,view,2025-11-08 00:06:53
813,187,view,2025-09-03 16:32:02
813,40,view,2026-02-26 01:42:31
814,6,purchase,2026-03-31 21:01:28
814,425,cart,2025-07-26 22:12:55
815,391,view,2025-11-22 20:43:22
815,240,purchase,2025-11-15 14:56:04
815,71,purchase,2025-05-03 07:29:55
816,357,cart,2025-12-06 21:42:05
816,240,cart,2026-03-07 21:56:33
816,369,cart,2026-01-19 06:57:24
816,227,purchase,2025-11-02 20:47:29
816,355,view,2026-03-22 16:39:24
816,146,view,2025-06-08 20:01:26
816,79,view,2026-02-06 06:21:23
816,451,purchase,2025-04-26 21:25:42
816,16,purchase,2025-08-05 15:30:53
817,257,view,2025-08-31 05:18:06
817,5,cart,2025-06-29 15:35:15
817,426,cart,2025-11-28 23:12:26
818,283,purchase,2025-07-17 06:01:19
818,424,cart,2026-01-02 18:41:26
818,470,purchase,2025-06-29 19:36:25
818,256,cart,2025-10-12 05:54:21
818,363,view,2025-10-04 17:48:23
818,216,view,2025-07-30 04:30:21
818,139,view,2026-01-23 19:46:58
818,267,cart,2025-04-28 00:21:43
819,380,view,2026-04-04 15:41:46
819,205,purchase,2025-08-11 11:46:40
819,28,view,2025-11-02 11:39:23
820,94,purchase,2025-09-19 02:59:04
820,499,purchase,2025-07-07 15:59:31
820,309,view,2025-10-01 22:51:27
820,418,purchase,2025-10-16 12:11:59
820,239,cart,2026-04-08 01:12:13
820,160,purchase,2025-05-10 07:56:56
820,328,cart,2025-08-08 14:57:22
821,84,view,2025-10-02 04:41:48
821,411,cart,2026-03-01 14:44:32
821,331,cart,2025-11-21 12:56:34
821,99,cart,2025-11-05 20:55:46
821,55,view,2025-06-01 14:56:39
821,39,cart,2025-06-25 19:25:44
821,308,cart,2026-01-06 11:11:56
822,122,cart,2026-03-05 21:18:01
823,277,view,2025-06-28 15:53:55
823,33,view,2025-10-31 01:04:59
823,305,view,2026-01-31 18:22:07
824,96,purchase,2025-07-23 13:06:24
824,103,purchase,2026-03-01 12:16:44
824,475,view,2026-01-27 08:37:06
824,123,cart,2026-01-27 21:02:13
824,43,purchase,2025-06-14 03:04:41
825,22,purchase,2025-07-08 18:55:31
825,404,cart,2026-02-06 20:32:32
825,23,view,2025-06-08 03:33:02
825,161,view,2025-05-12 22:03:52
825,483,cart,2025-04-21 01:37:00
825,4,cart,2025-10-20 08:48:52
825,384,cart,2025-07-12 11:33:40
825,490,cart,2025-04-28 08:13:13
825,256,view,2025-07-17 07:48:21
825,161,cart,2025-06-04 08:27:58
826,498,view,2025-08-23 05:48:40
826,359,purchase,2025-11-17 03:48:34
826,49,cart,2025-08-07 21:00:07
826,208,purchase,2026-03-05 11:12:49
826,257,view,2026-02-03 07:33:04
826,257,view,2026-03-07 09:18:45
827,300,cart,2025-12-17 08:46:08
828,300,view,2025-06-02 02:18:41
828,148,view,2025-06-11 14:23:54
828,77,purchase,2025-11-15 11:23:28
828,237,view,2025-09-18 19:21:35
828,453,purchase,2025-12-05 19:02:13
828,47,purchase,2026-03-03 06:42:05
828,118,view,2026-01-30 17:53:44
828,413,purchase,2026-01-05 15:28:21
829,393,purchase,2026-01-26 17:47:27
829,82,purchase,2025-07-05 00:53:10
829,264,purchase,2026-02-07 06:58:56
830,333,purchase,2025-10-01 00:53:59
830,476,cart,2026-03-24 07:27:19
830,229,view,2026-01-12 00:01:00
830,173,cart,2025-04-23 12:35:36
830,184,purchase,2025-08-21 06:40:22
830,438,cart,2025-05-31 10:41:46
830,20,purchase,2025-07-20 11:41:00
830,396,purchase,2025-10-15 18:53:56
830,198,view,2025-10-25 01:15:43
830,106,purchase,2025-08-20 22:02:24
831,38,view,2025-12-25 13:10:09
831,290,purchase,2025-06-10 23:43:50
831,254,view,2025-07-16 19:56:38
831,412,view,2026-03-13 19:53:20
831,73,cart,2026-03-01 14:56:46
831,280,view,2025-05-10 01:34:41
831,255,view,2025-08-24 01:19:26
831,232,cart,2025-12-15 04:00:08
831,86,cart,2025-07-13 14:50:57
831,82,view,2025-05-11 13:30:18
832,295,cart,2026-03-05 05:49:03
832,180,view,2025-12-06 09:20:13
832,36,view,2026-01-07 21:24:42
832,363,cart,2025-09-29 22:37:25
832,132,cart,2025-05-29 19:29:07
833,390,cart,2026-04-16 12:28:48
833,332,view,2025-09-10 19:46:46
833,481,view,2025-05-02 09:16:21
833,497,purchase,2025-06-16 10:00:15
833,249,view,2026-01-08 01:35:06
834,439,cart,2025-05-13 11:19:41
834,205,cart,2026-04-13 20:43:51
834,438,purchase,2025-04-28 14:02:51
834,469,purchase,2025-08-09 10:18:40
834,66,cart,2026-04-15 03:17:31
834,187,purchase,2025-10-24 19:55:18
835,487,cart,2026-02-03 23:14:14
835,191,view,2025-07-16 07:31:38
835,349,cart,2025-04-27 22:28:08
835,259,cart,2026-02-09 15:22:26
835,134,purchase,2025-09-15 16:08:19
835,21,purchase,2026-01-13 23:32:37
835,329,view,2025-06-27 14:12:14
835,379,view,2025-11-30 03:09:55
835,358,purchase,2025-05-15 09:12:27
835,4,view,2026-02-03 14:00:23
836,148,cart,2025-08-12 03:34:47
836,81,purchase,2025-06-15 12:55:57
837,437,view,2025-06-18 14:43:30
837,114,cart,2025-11-20 12:06:10
837,447,cart,2025-10-07 16:01:55
837,342,view,2026-01-06 02:30:57
837,178,cart,2025-05-31 11:41:55
837,239,purchase,2026-01-05 23:17:33
837,273,cart,2025-12-06 17:00:14
838,43,view,2025-09-17 06:14:03
838,374,view,2026-01-01 22:10:12
839,393,cart,2025-09-19 01:28:23
839,102,cart,2025-06-29 23:01:00
839,168,view,2025-06-13 17:07:48
839,162,cart,2025-09-26 10:21:41
839,309,cart,2025-10-19 13:52:36
839,108,purchase,2025-05-03 10:41:52
839,379,cart,2026-03-22 20:56:23
840,142,cart,2025-05-20 18:22:53
840,19,purchase,2025-07-01 06:31:15
841,485,cart,2025-08-26 03:07:02
841,74,purchase,2025-07-23 14:30:11
841,109,cart,2025-08-23 23:55:35
842,16,purchase,2025-08-09 03:44:48
842,396,cart,2025-05-01 11:00:44
842,31,cart,2025-11-20 15:19:01
842,404,cart,2026-03-21 22:17:52
842,242,view,2025-05-24 11:32:13
842,27,view,2025-08-23 00:07:38
842,444,view,2025-10-12 07:29:35
842,487,purchase,2026-04-09 15:15:56
842,216,cart,2025-11-11 14:46:47
842,129,purchase,2025-07-22 22:01:48
843,42,view,2026-04-15 05:10:51
843,35,cart,2026-03-28 20:25:45
843,207,view,2025-09-16 22:33:29
844,447,purchase,2026-03-23 20:21:20
844,231,cart,2025-07-03 23:08:29
844,268,view,2025-06-16 17:42:15
844,342,cart,2025-09-22 06:34:26
844,94,view,2026-03-01 20:32:20
845,458,cart,2025-08-07 18:47:08
845,175,cart,2025-10-10 03:57:21
846,101,cart,2026-03-12 09:50:33
846,482,cart,2025-06-27 19:06:43
846,246,cart,2026-02-18 13:53:28
847,352,view,2025-09-30 00:09:00
847,494,purchase,2026-03-28 11:35:04
847,223,cart,2025-12-04 10:05:13
847,467,purchase,2026-01-18 19:00:06
847,292,cart,2025-09-27 05:21:39
847,421,view,2025-05-22 13:41:06
847,287,purchase,2025-09-21 13:48:50
847,101,view,2025-12-18 07:35:15
847,370,purchase,2025-06-11 18:04:00
848,315,view,2025-07-25 19:32:16
848,165,purchase,2026-01-19 08:16:17
848,421,purchase,2025-04-20 08:48:43
848,380,purchase,2025-10-08 22:21:50
848,375,cart,2025-11-13 11:35:06
848,7,view,2026-04-12 08:35:36
848,459,cart,2026-04-01 11:48:43
848,478,view,2025-08-01 19:21:10
848,255,cart,2026-01-09 14:02:34
848,58,purchase,2025-06-19 04:36:09
849,134,purchase,2025-08-11 09:21:07
849,369,view,2026-01-25 10:34:06
849,230,view,2025-06-28 07:47:35
849,324,cart,2025-07-03 08:39:35
849,327,purchase,2026-04-05 01:59:19
849,49,view,2025-10-12 08:40:23
849,111,purchase,2026-03-14 23:31:14
850,215,purchase,2025-08-17 06:13:40
850,279,view,2025-05-29 10:55:46
850,307,cart,2026-01-30 07:14:16
850,110,cart,2025-12-12 07:02:26
851,487,view,2025-10-10 11:34:55
851,497,purchase,2026-01-25 13:47:32
851,295,view,2025-11-19 02:12:08
851,189,cart,2025-11-09 15:40:06
852,154,cart,2026-04-08 07:18:56
853,419,view,2025-05-27 12:12:27
853,358,cart,2025-11-17 09:02:47
853,332,cart,2026-03-02 14:48:59
853,211,cart,2025-11-09 17:37:15
853,180,cart,2025-12-25 16:20:10
853,424,purchase,2025-10-09 21:04:18
853,218,purchase,2026-02-22 15:13:09
853,498,cart,2025-08-30 03:45:14
853,58,view,2025-07-10 00:47:41
854,219,cart,2025-12-29 03:16:02
854,90,purchase,2026-02-21 12:18:12
854,304,view,2025-10-29 18:34:08
854,277,cart,2025-07-07 07:24:08
854,195,cart,2025-07-26 16:13:03
854,432,purchase,2026-04-13 23:55:40
854,352,purchase,2025-06-28 15:45:53
854,223,purchase,2025-11-01 11:43:25
855,359,purchase,2026-01-12 20:48:02
855,480,view,2025-10-27 20:17:21
855,44,view,2026-03-28 14:52:25
855,45,purchase,2026-03-09 23:42:36
855,8,purchase,2026-04-01 02:47:57
856,53,cart,2026-03-25 20:38:04
856,383,purchase,2026-02-06 10:17:33
856,474,purchase,2025-11-23 03:30:59
856,51,purchase,2025-09-23 06:53:42
856,227,purchase,2025-11-12 08:05:50
856,297,view,2025-06-23 09:37:21
856,341,cart,2025-10-16 11:37:36
857,108,view,2025-08-31 04:04:28
857,397,cart,2026-02-07 00:28:48
857,282,cart,2026-04-16 05:56:58
857,58,view,2025-12-05 09:53:23
857,438,cart,2025-06-30 10:27:16
857,486,view,2025-07-03 10:02:48
857,179,cart,2025-11-30 02:24:39
858,464,purchase,2026-04-07 12:21:51
858,360,purchase,2025-12-23 18:05:19
858,202,view,2025-05-21 22:55:26
858,481,cart,2025-11-20 22:16:01
858,400,view,2025-09-01 03:07:10
858,259,cart,2025-07-21 01:43:31
858,137,purchase,2026-04-14 21:07:15
859,157,cart,2025-07-09 10:07:12
859,344,view,2025-07-07 11:31:07
859,2,cart,2025-06-09 15:06:24
859,16,view,2026-03-26 18:32:35
859,13,view,2025-10-20 22:54:24
860,430,purchase,2026-03-28 18:10:18
860,419,purchase,2025-07-06 18:05:08
860,307,cart,2026-03-01 15:12:12
860,171,view,2025-07-07 21:48:19
860,491,purchase,2025-10-03 05:36:16
860,220,view,2025-12-30 14:43:45
861,498,cart,2026-03-04 17:25:23
861,98,purchase,2025-09-17 13:00:08
861,329,cart,2025-10-15 16:27:27
861,424,view,2026-04-15 10:53:15
861,410,purchase,2026-01-20 16:11:00
861,219,view,2026-04-04 03:34:27
861,480,purchase,2026-04-02 17:01:27
861,199,purchase,2025-06-07 05:54:38
861,88,cart,2025-10-06 15:00:58
862,264,view,2025-10-12 12:50:10
862,223,view,2025-07-11 11:43:20
862,50,purchase,2025-09-02 01:51:06
862,410,view,2025-10-06 10:12:35
862,258,view,2026-01-17 02:37:33
862,323,purchase,2025-12-15 22:21:21
863,431,purchase,2025-10-13 04:12:00
863,469,cart,2025-07-01 20:09:48
863,428,purchase,2026-03-22 22:25:38
863,81,cart,2026-01-23 15:16:04
863,104,view,2026-01-22 08:03:38
863,47,view,2025-12-29 04:23:55
863,223,view,2026-02-28 19:56:29
864,78,view,2025-04-20 14:21:49
864,316,purchase,2026-02-17 05:37:22
864,278,view,2026-01-26 20:53:14
864,292,cart,2025-07-24 21:03:53
864,12,purchase,2025-10-05 02:52:18
864,375,view,2026-02-12 13:50:34
864,232,purchase,2025-10-24 05:31:19
864,323,cart,2026-02-07 19:12:12
864,95,view,2025-05-15 14:39:54
864,334,view,2025-07-22 19:49:09
865,99,purchase,2025-06-05 20:06:31
865,430,view,2025-05-10 17:15:17
865,371,cart,2025-07-31 03:36:06
865,394,cart,2026-04-09 06:49:39
865,337,view,2026-02-06 03:53:33
866,42,view,2025-05-29 06:33:56
866,321,view,2025-08-08 12:35:07
866,326,purchase,2026-04-03 10:09:26
866,443,view,2026-02-09 16:46:24
866,56,cart,2026-02-21 02:57:55
867,62,view,2025-06-01 23:46:27
867,72,cart,2025-10-21 00:13:57
867,134,view,2026-02-10 19:27:35
867,47,view,2025-09-25 17:04:06
867,253,cart,2025-05-01 05:21:06
867,467,view,2025-11-06 07:39:24
867,200,view,2025-07-03 20:25:12
867,251,view,2025-10-26 08:34:45
867,211,view,2025-06-13 19:13:30
867,249,purchase,2026-01-11 03:08:56
868,107,purchase,2025-05-08 23:51:19
868,214,cart,2025-07-01 14:59:38
869,324,cart,2026-04-14 10:18:52
869,413,view,2025-04-24 06:04:22
869,92,cart,2025-05-04 01:39:22
869,5,view,2025-10-09 00:42:00
869,337,purchase,2025-12-05 03:26:35
869,323,purchase,2026-02-05 19:18:16
870,60,cart,2026-02-27 23:10:05
871,247,purchase,2025-05-06 16:21:24
871,307,purchase,2025-07-27 03:44:57
871,2,view,2025-10-31 20:34:03
871,267,purchase,2026-01-15 16:45:27
871,130,view,2026-03-31 07:27:23
871,98,purchase,2025-07-28 10:35:45
872,274,view,2025-07-03 12:47:07
873,262,view,2025-10-22 07:58:31
873,110,cart,2025-05-29 12:38:14
873,58,view,2025-05-16 11:21:32
873,15,cart,2025-11-29 13:34:22
873,70,view,2025-07-28 18:18:22
873,42,purchase,2025-04-25 02:41:24
873,354,view,2025-04-26 11:20:46
873,137,cart,2026-04-06 00:01:43
873,246,view,2025-06-02 11:37:04
874,178,purchase,2025-08-29 17:14:01
874,282,purchase,2025-09-27 21:59:21
875,239,purchase,2025-09-21 05:05:08
875,414,cart,2025-07-03 14:39:03
875,223,purchase,2025-10-27 14:17:00
875,484,cart,2025-06-02 15:16:05
875,472,view,2026-01-24 05:16:17
876,88,view,2025-06-03 18:34:08
876,351,purchase,2026-02-14 07:12:29
876,143,cart,2025-08-09 03:58:15
876,52,purchase,2025-08-27 16:27:15
876,406,purchase,2025-08-28 01:08:35
877,84,view,2025-09-16 22:24:12
877,488,purchase,2026-03-24 22:23:23
877,249,cart,2025-12-29 03:00:19
877,452,cart,2026-03-15 23:39:14
877,216,purchase,2025-06-18 11:30:31
878,417,cart,2025-05-22 12:39:56
878,318,view,2026-02-20 15:36:50
878,310,cart,2025-04-29 00:28:54
878,219,view,2025-07-04 06:48:21
878,290,cart,2026-02-22 21:11:27
879,459,purchase,2026-03-10 15:32:16
879,419,view,2026-04-12 08:42:40
879,230,view,2026-01-07 14:49:34
879,455,view,2025-09-08 07:17:18
879,490,purchase,2025-09-09 08:54:46
879,129,purchase,2025-07-29 20:22:48
880,150,purchase,2025-05-22 17:02:02
880,423,purchase,2025-12-03 03:30:25
880,486,purchase,2025-10-26 10:34:05
880,180,cart,2026-02-04 06:55:07
880,15,view,2025-09-04 04:45:47
880,92,cart,2025-11-18 13:19:57
880,219,view,2025-12-05 00:53:36
881,125,view,2025-09-15 05:40:51
881,110,purchase,2026-04-05 15:58:13
881,190,cart,2025-10-05 11:51:41
881,74,cart,2025-12-12 11:34:40
881,62,view,2026-04-19 18:21:57
881,163,purchase,2025-12-17 23:36:40
882,367,cart,2025-06-22 19:25:23
883,238,purchase,2025-05-28 10:20:13
883,407,cart,2026-03-12 11:32:50
883,460,view,2025-09-13 09:53:24
883,287,view,2025-04-22 14:36:34
884,145,purchase,2025-11-08 02:36:58
884,108,purchase,2025-05-20 12:45:40
884,111,view,2025-09-01 17:39:04
884,287,cart,2026-03-15 00:04:57
884,366,purchase,2026-01-24 01:44:15
884,484,purchase,2026-02-24 15:59:20
884,38,purchase,2025-12-05 02:34:44
885,349,cart,2025-05-23 12:50:44
885,162,cart,2026-02-04 04:55:08
885,101,view,2025-08-24 06:02:58
885,25,cart,2025-07-05 18:48:26
885,255,view,2025-12-11 05:55:04
885,140,cart,2026-01-28 08:06:17
885,61,view,2025-04-26 11:31:24
886,87,purchase,2025-07-01 14:48:27
886,167,purchase,2025-06-25 02:14:21
886,196,view,2025-09-26 10:51:16
886,295,view,2026-02-24 18:06:03
886,145,view,2026-03-07 08:41:10
886,329,purchase,2025-07-24 13:26:11
886,2,cart,2025-09-12 03:49:55
886,145,view,2026-03-23 08:37:23
887,18,purchase,2026-02-21 03:54:33
887,470,purchase,2025-12-18 04:32:52
887,20,cart,2025-06-17 08:19:45
887,330,view,2026-01-30 14:58:12
887,35,cart,2026-01-15 07:32:09
887,48,cart,2026-04-10 21:06:01
887,370,cart,2025-09-16 03:24:05
888,162,cart,2026-03-12 09:00:46
888,204,view,2026-01-19 02:26:46
888,284,cart,2026-01-10 00:42:29
888,252,purchase,2025-07-08 09:11:57
888,24,cart,2026-01-09 13:59:15
889,356,cart,2025-06-09 09:57:19
889,252,purchase,2025-06-18 07:38:56
889,495,view,2025-08-02 17:27:30
889,431,cart,2025-08-12 02:55:34
889,480,purchase,2025-07-01 19:21:10
890,14,view,2026-03-25 06:36:27
890,24,view,2025-05-20 11:04:54
891,53,cart,2025-12-22 13:37:09
891,441,purchase,2025-07-12 11:09:03
891,370,cart,2025-09-17 12:59:26
892,87,view,2026-02-09 18:06:11
892,97,purchase,2026-03-11 22:25:11
892,461,cart,2026-03-15 02:03:03
892,417,purchase,2025-12-28 01:05:27
893,478,purchase,2025-04-30 02:15:34
894,132,view,2025-11-11 13:27:48
895,24,cart,2026-02-10 04:11:07
895,38,cart,2025-08-17 02:54:31
896,352,purchase,2026-03-13 18:04:56
896,405,cart,2025-09-15 10:37:03
896,138,purchase,2025-09-15 10:08:34
896,87,view,2026-03-07 03:14:43
896,298,cart,2026-04-02 05:21:37
896,61,view,2025-07-06 14:11:52
897,441,view,2025-11-25 12:16:26
897,385,purchase,2025-07-14 03:16:46
897,454,cart,2025-04-21 22:44:39
897,326,cart,2026-04-07 20:29:52
897,342,view,2025-09-02 00:18:33
897,267,purchase,2026-01-05 09:23:51
898,295,cart,2026-03-18 01:42:10
898,338,cart,2025-09-28 01:24:23
898,499,cart,2026-01-24 11:49:14
898,164,purchase,2025-11-22 16:03:25
899,115,view,2025-07-03 00:48:06
899,135,cart,2026-01-18 03:38:06
899,364,view,2026-01-11 00:39:07
899,180,purchase,2026-03-07 03:28:29
899,427,view,2025-09-19 07:45:49
899,337,purchase,2025-08-09 19:21:51
899,376,view,2025-06-05 23:25:16
899,355,view,2025-12-31 06:38:42
900,497,cart,2026-02-01 11:08:40
900,30,view,2025-12-17 03:05:22
901,343,view,2025-12-02 21:50:10
902,419,cart,2025-06-02 14:41:53
902,96,cart,2025-12-19 17:05:48
902,53,cart,2026-02-17 19:25:59
902,106,purchase,2025-12-05 23:03:35
902,389,purchase,2026-01-05 23:29:06
902,263,cart,2025-06-06 21:05:00
902,389,cart,2026-01-09 06:17:03
902,362,cart,2026-04-04 19:19:21
903,434,purchase,2025-12-02 18:59:12
903,54,view,2026-01-01 06:53:20
903,112,cart,2025-10-17 05:24:56
904,499,cart,2025-08-01 01:54:16
904,444,purchase,2025-06-01 08:53:12
904,262,view,2025-11-02 14:13:29
904,399,cart,2025-11-04 08:38:01
904,96,view,2025-12-12 13:58:46
904,142,cart,2025-09-20 00:46:41
904,84,purchase,2025-10-06 18:01:52
905,487,purchase,2025-09-20 02:28:28
905,331,view,2026-02-12 10:30:24
905,75,cart,2025-09-20 17:52:52
905,448,view,2025-09-01 07:32:29
905,381,view,2025-07-23 14:31:04
906,8,cart,2025-07-19 00:03:49
906,95,cart,2025-04-19 18:44:13
906,14,cart,2025-09-27 22:29:27
906,338,purchase,2026-02-27 15:14:12
907,180,cart,2025-11-14 03:06:14
907,60,purchase,2025-05-11 12:22:42
907,43,cart,2025-11-02 20:05:57
907,220,view,2025-04-30 16:40:24
907,77,cart,2025-08-16 08:16:21
907,257,cart,2025-12-15 23:52:42
907,260,cart,2026-01-22 02:09:56
907,27,cart,2025-08-13 01:48:40
908,189,view,2025-05-24 09:55:18
908,25,purchase,2025-08-17 17:10:15
908,195,purchase,2025-12-08 17:00:09
908,475,cart,2025-09-04 14:45:31
908,99,cart,2025-10-28 21:51:07
909,206,view,2026-04-09 13:51:59
909,304,cart,2026-03-08 21:58:34
909,271,purchase,2025-05-01 12:55:25
909,252,purchase,2026-04-11 07:41:53
910,55,purchase,2026-03-03 01:18:46
910,25,purchase,2025-05-28 22:38:07
910,127,view,2025-09-13 21:44:13
910,112,view,2025-10-01 04:16:50
910,27,view,2026-02-18 20:59:26
910,294,cart,2026-01-01 04:16:30
910,122,view,2026-02-13 05:20:18
911,51,cart,2025-05-09 03:47:09
911,115,purchase,2026-02-05 07:02:31
911,358,purchase,2025-12-21 01:39:03
911,207,cart,2025-07-18 17:43:27
911,201,view,2026-01-11 15:57:42
911,112,purchase,2025-05-04 21:15:16
911,421,purchase,2026-01-10 08:29:12
911,137,cart,2025-06-01 07:16:35
911,105,view,2025-07-06 10:36:25
912,177,purchase,2026-02-20 09:49:44
912,147,purchase,2025-08-01 19:32:26
912,305,cart,2025-12-25 02:50:43
912,375,view,2025-11-02 14:15:14
913,94,purchase,2026-02-25 03:15:40
913,464,purchase,2026-03-20 09:58:52
914,244,purchase,2025-10-21 22:38:37
914,156,purchase,2025-11-27 02:40:41
914,122,view,2026-03-05 08:52:04
914,161,purchase,2026-02-08 09:16:06
914,35,view,2025-08-07 11:20:04
914,95,cart,2026-03-14 13:06:47
914,460,cart,2025-08-02 15:02:08
914,72,view,2025-09-18 10:04:28
914,341,cart,2026-01-04 17:56:01
914,219,cart,2026-03-03 18:23:32
915,90,cart,2025-12-26 13:58:09
916,87,purchase,2025-08-27 12:26:45
916,389,view,2025-08-07 08:34:12
917,180,cart,2025-12-17 17:59:35
917,298,view,2025-08-02 14:30:32
917,250,view,2025-12-11 16:12:44
917,241,view,2025-07-31 15:28:27
917,23,view,2025-10-21 09:46:30
917,290,purchase,2026-03-10 01:51:52
917,148,view,2025-08-05 23:01:18
917,268,purchase,2026-03-05 05:03:06
917,85,view,2025-10-16 13:42:56
917,396,view,2026-01-05 07:30:49
918,155,purchase,2025-07-19 00:17:25
918,171,cart,2025-05-31 08:42:18
919,376,cart,2025-08-09 18:47:51
919,279,cart,2025-11-10 07:33:49
919,339,cart,2025-08-20 16:55:08
919,129,cart,2026-01-26 07:23:20
919,234,view,2025-10-04 02:20:41
919,423,cart,2025-11-28 11:51:02
919,154,purchase,2025-11-25 12:03:30
919,170,purchase,2025-08-07 00:20:59
920,247,view,2025-06-03 05:19:27
920,138,purchase,2025-11-05 07:27:59
920,265,purchase,2025-11-24 02:31:15
920,327,view,2025-08-18 04:26:24
920,75,cart,2026-03-15 01:12:10
920,438,view,2026-02-28 22:31:56
920,337,view,2026-04-02 17:29:46
920,182,cart,2025-12-08 22:09:43
920,15,view,2025-10-31 22:16:37
920,295,purchase,2025-11-10 10:33:46
921,184,view,2026-03-21 12:11:50
921,381,view,2026-02-05 05:06:36
921,99,cart,2025-11-17 10:43:11
921,327,view,2025-09-29 05:27:53
921,494,cart,2025-05-29 15:18:42
921,449,purchase,2025-12-26 15:56:27
921,347,purchase,2025-12-01 18:33:48
922,490,purchase,2025-11-24 00:00:05
922,89,cart,2025-12-23 07:14:32
922,466,purchase,2025-04-25 07:14:12
922,178,cart,2025-04-29 23:37:21
922,200,purchase,2026-01-31 00:48:17
922,213,cart,2025-08-23 16:26:04
922,158,view,2025-07-11 20:17:27
922,21,purchase,2025-09-23 22:45:02
923,359,cart,2025-06-28 12:31:34
923,427,purchase,2025-10-12 12:39:52
923,62,cart,2025-06-16 18:43:49
923,407,cart,2026-01-31 09:31:49
923,290,cart,2026-02-10 21:33:35
923,147,view,2025-08-12 20:04:11
923,496,view,2026-01-07 23:14:42
923,255,purchase,2026-03-20 22:16:52
923,75,cart,2025-12-26 14:21:54
924,267,cart,2025-07-21 20:36:36
924,319,purchase,2025-04-28 12:44:53
924,340,view,2026-03-16 16:19:55
925,249,cart,2025-05-26 08:31:19
925,33,cart,2025-06-02 02:23:11
925,7,cart,2025-05-23 12:30:49
925,20,view,2025-11-02 18:07:59
925,144,purchase,2025-04-25 22:51:22
926,27,cart,2025-07-19 08:26:05
926,156,view,2025-08-13 21:36:15
927,180,purchase,2025-09-07 05:18:11
927,427,view,2026-02-27 12:38:46
927,25,cart,2025-06-16 15:50:39
927,70,cart,2025-10-07 21:12:27
927,449,cart,2025-06-06 19:18:04
927,402,purchase,2025-06-17 08:41:25
927,340,purchase,2026-01-28 00:53:31
928,488,view,2025-06-20 07:07:54
928,365,cart,2025-06-15 07:01:49
928,73,purchase,2025-05-08 23:26:53
929,221,purchase,2026-02-01 18:29:46
929,470,view,2025-09-09 15:23:18
929,148,view,2025-05-14 08:54:44
929,16,cart,2026-04-14 19:17:40
930,127,purchase,2026-04-05 06:57:04
930,326,cart,2025-06-29 17:49:19
930,216,cart,2025-09-17 18:01:45
930,495,view,2025-10-19 10:46:18
930,457,cart,2026-03-26 18:04:29
930,471,cart,2026-02-18 20:48:55
931,159,view,2025-04-28 03:22:57
931,288,cart,2025-12-17 23:53:15
931,347,cart,2025-08-13 18:00:14
931,411,purchase,2025-06-03 07:59:20
931,71,purchase,2025-05-06 06:36:23
931,393,view,2025-08-29 04:58:09
931,128,view,2026-03-22 17:32:03
931,213,purchase,2026-04-12 10:46:57
931,102,cart,2025-10-10 11:35:11
931,156,view,2025-11-26 07:50:42
932,290,purchase,2025-12-19 05:45:50
932,236,purchase,2025-12-30 22:57:40
932,93,cart,2026-01-14 13:05:26
932,400,cart,2025-10-17 20:36:40
932,49,view,2025-09-18 05:47:25
933,226,purchase,2025-12-01 06:19:58
933,160,purchase,2025-06-19 09:24:29
933,478,purchase,2025-06-17 04:05:33
933,364,cart,2025-07-17 08:11:38
933,239,cart,2025-08-27 05:05:54
933,218,cart,2025-05-14 22:01:03
933,215,cart,2026-02-27 16:51:49
933,236,view,2025-08-26 17:35:52
933,467,purchase,2026-03-13 19:19:01
934,490,cart,2025-06-14 05:16:17
935,386,view,2026-04-03 10:10:58
935,314,cart,2025-06-20 13:49:00
936,297,purchase,2026-03-19 23:13:46
936,191,view,2025-04-29 18:32:24
936,317,purchase,2025-09-09 20:13:11
936,460,purchase,2025-04-24 18:39:28
937,27,cart,2026-02-27 07:29:13
937,64,cart,2025-06-11 13:32:14
937,343,view,2026-03-21 18:42:56
937,236,purchase,2025-11-19 03:54:58
937,235,view,2026-02-09 06:37:25
938,28,cart,2025-10-22 11:52:49
938,424,purchase,2026-01-10 10:54:19
939,170,purchase,2025-06-15 09:23:24
939,49,cart,2026-04-09 19:29:10
940,246,purchase,2025-11-20 01:33:11
940,169,view,2025-04-28 20:41:03
940,62,purchase,2025-11-20 06:37:25
940,299,purchase,2025-07-10 00:51:02
940,261,purchase,2026-02-09 04:29:55
940,367,view,2025-05-22 06:08:35
940,359,view,2025-06-11 19:36:03
940,264,view,2025-05-30 08:02:40
940,287,purchase,2025-09-23 23:58:26
940,495,cart,2025-08-21 09:24:27
941,114,purchase,2025-11-11 19:14:56
941,327,view,2025-08-05 10:50:46
941,154,purchase,2025-11-09 04:22:32
942,368,view,2026-04-04 14:14:01
942,412,cart,2025-06-07 12:44:13
942,319,purchase,2025-08-18 23:30:59
942,102,view,2026-03-28 22:28:27
942,34,view,2025-05-12 05:31:57
943,309,view,2026-01-27 04:17:43
943,266,view,2025-06-10 07:39:27
943,126,view,2025-11-25 00:41:40
944,242,view,2025-05-08 06:27:05
944,426,purchase,2026-03-20 19:04:14
945,200,view,2025-06-24 04:35:48
945,474,view,2025-06-05 06:20:38
945,153,cart,2025-07-12 10:52:54
945,247,view,2026-03-21 07:44:58
945,419,view,2025-09-06 03:53:32
945,430,purchase,2026-01-13 11:00:51
945,133,purchase,2026-02-25 15:46:39
945,348,cart,2025-12-15 13:28:59
946,63,cart,2025-11-01 00:57:55
946,74,purchase,2025-06-24 08:36:19
946,11,view,2026-01-17 04:40:06
946,72,purchase,2025-10-18 00:04:24
946,336,view,2025-11-10 05:27:32
946,87,purchase,2025-05-22 12:57:47
946,379,purchase,2026-01-22 22:02:03
946,279,view,2026-03-24 03:43:34
946,243,cart,2025-08-19 15:22:41
946,148,cart,2025-12-07 04:11:36
947,491,purchase,2025-07-11 22:06:26
947,252,cart,2025-10-04 06:54:25
948,200,cart,2026-01-17 22:18:27
948,357,view,2026-01-17 05:49:53
948,237,cart,2026-04-01 06:15:53
948,416,cart,2025-06-17 01:58:49
948,75,view,2025-11-03 09:37:50
949,234,view,2025-08-19 16:16:59
949,288,cart,2025-11-20 12:09:21
949,5,purchase,2025-12-27 22:06:26
949,155,view,2025-05-11 03:08:10
949,330,purchase,2026-04-12 07:26:07
950,227,view,2025-11-03 10:46:20
950,464,cart,2026-01-02 11:40:27
950,492,view,2025-08-30 07:16:26
950,239,purchase,2025-06-21 21:46:24
950,234,cart,2025-09-25 23:19:42
950,4,view,2026-04-07 23:06:57
950,183,purchase,2025-12-18 03:00:29
950,438,purchase,2025-08-22 18:02:44
950,107,cart,2025-09-25 02:27:47
950,462,purchase,2025-05-12 16:12:32
951,199,purchase,2025-08-11 19:56:12
951,32,view,2025-11-30 18:23:25
951,335,view,2026-03-04 12:34:51
951,180,purchase,2025-10-11 02:05:25
951,368,purchase,2025-06-29 17:16:25
951,173,cart,2025-05-04 08:48:40
951,366,view,2025-07-17 16:09:37
951,142,purchase,2025-09-17 04:15:32
951,155,cart,2025-08-07 01:25:27
952,469,purchase,2025-07-19 22:18:24
952,247,cart,2025-11-29 21:01:24
953,310,purchase,2025-05-08 12:14:02
953,92,purchase,2025-08-12 22:59:03
953,362,purchase,2025-12-14 04:40:44
953,397,purchase,2025-07-12 23:48:53
953,269,cart,2025-09-22 17:50:25
953,66,purchase,2025-05-13 00:37:01
953,165,purchase,2026-04-08 09:18:25
953,489,purchase,2025-10-28 12:02:14
954,299,purchase,2025-10-30 10:44:42
954,424,cart,2026-03-24 05:34:49
954,34,view,2025-07-09 00:33:05
954,15,purchase,2026-01-15 14:54:16
954,81,view,2025-08-15 10:52:59
954,49,purchase,2025-12-10 16:15:26
955,255,purchase,2026-03-11 03:37:14
955,243,cart,2026-03-07 03:57:48
956,395,purchase,2025-10-01 06:40:44
956,407,view,2025-09-25 07:23:47
956,53,view,2025-08-15 07:46:20
956,372,cart,2025-10-18 08:12:31
957,472,view,2025-11-08 01:50:46
957,31,purchase,2025-08-01 01:09:43
957,128,view,2026-02-25 13:13:29
957,19,purchase,2026-04-18 19:49:58
957,37,cart,2026-01-31 14:45:49
957,390,cart,2026-04-07 04:48:53
957,310,purchase,2025-06-03 20:35:18
958,472,view,2026-02-10 09:47:08
959,55,purchase,2025-09-28 14:52:57
959,230,cart,2025-04-22 17:57:56
959,68,purchase,2025-05-11 11:09:16
959,293,purchase,2025-08-22 00:58:44
959,102,view,2025-12-10 04:36:20
959,129,cart,2026-02-27 03:28:22
960,347,cart,2025-06-10 16:01:08
960,115,view,2026-02-13 08:47:55
960,379,view,2025-12-07 19:45:14
960,222,purchase,2025-05-18 19:43:32
960,414,view,2026-03-02 18:20:39
960,44,purchase,2025-09-14 07:29:59
960,12,purchase,2025-11-27 05:31:52
960,491,purchase,2026-01-13 06:03:55
961,104,view,2025-12-18 22:06:40
961,414,view,2025-11-11 14:54:41
962,184,cart,2026-04-11 03:27:43
963,279,view,2026-03-28 17:47:30
963,174,view,2026-04-01 05:30:43
963,349,purchase,2025-07-28 06:39:06
963,490,purchase,2025-10-09 00:11:10
963,328,purchase,2026-01-27 22:59:59
963,254,view,2025-11-06 22:34:05
963,426,view,2025-11-16 19:06:09
963,292,cart,2025-07-31 10:51:53
963,256,cart,2026-02-25 19:29:20
963,182,purchase,2026-01-12 10:21:41
964,436,view,2025-06-04 04:34:19
964,410,view,2025-04-30 23:33:24
964,224,cart,2026-02-13 00:54:12
964,320,cart,2025-07-26 09:19:01
964,447,view,2026-03-25 20:31:12
964,291,view,2026-04-13 22:15:28
964,65,purchase,2026-03-31 14:39:33
964,152,view,2026-04-15 19:39:45
964,60,cart,2026-01-16 15:40:28
965,26,purchase,2025-05-18 20:10:12
965,276,cart,2025-07-23 07:39:53
965,11,view,2025-08-24 22:01:31
965,420,cart,2025-06-27 22:37:47
966,199,purchase,2025-07-11 16:44:26
966,183,view,2025-06-29 08:58:22
966,446,view,2025-07-16 22:50:17
966,495,cart,2025-08-09 00:46:08
966,38,purchase,2025-09-14 10:25:36
967,123,purchase,2025-09-09 12:44:02
967,477,purchase,2025-08-08 03:06:47
967,256,cart,2025-07-12 06:13:19
967,204,purchase,2025-08-12 01:53:20
967,29,purchase,2025-11-22 19:03:52
967,357,view,2026-03-19 07:38:49
967,298,cart,2025-09-14 02:22:54
967,479,cart,2025-11-24 12:31:24
967,334,view,2025-10-30 01:13:38
967,16,cart,2025-12-09 06:49:28
968,133,view,2025-09-14 07:32:39
968,171,view,2025-09-29 14:09:15
968,71,view,2026-03-14 15:29:02
968,280,purchase,2025-08-27 16:47:20
968,168,purchase,2025-12-07 07:19:57
968,467,view,2025-08-20 02:11:33
968,120,cart,2026-02-14 03:35:05
969,412,purchase,2025-09-15 16:33:28
969,463,purchase,2025-09-02 11:02:57
970,177,view,2026-01-18 18:23:49
971,306,purchase,2025-08-08 22:07:27
971,313,view,2026-03-22 19:03:21
971,454,purchase,2025-04-28 10:39:10
971,245,view,2025-09-26 05:06:12
971,138,purchase,2026-01-03 17:32:24
971,21,view,2025-08-13 16:17:04
971,18,cart,2026-03-01 22:12:40
972,115,purchase,2025-06-02 02:56:58
972,179,cart,2026-01-31 08:19:27
972,244,cart,2025-09-30 18:04:11
972,400,view,2026-03-23 11:06:16
972,10,view,2025-07-03 04:55:10
972,13,view,2025-05-29 08:15:04
972,273,purchase,2025-07-28 15:16:22
972,440,cart,2025-10-11 03:16:49
972,349,purchase,2025-11-14 22:53:51
973,282,cart,2025-12-20 09:06:15
974,198,cart,2026-04-08 15:31:23
975,220,purchase,2025-10-10 17:08:10
975,218,purchase,2026-03-23 23:25:30
975,70,view,2025-06-26 10:11:51
976,60,purchase,2026-03-15 11:29:01
976,462,cart,2025-06-04 18:13:38
976,180,view,2025-12-23 02:10:36
976,175,cart,2025-10-10 20:42:19
976,470,view,2025-10-06 10:29:22
976,121,view,2025-07-31 20:18:44
976,47,purchase,2026-03-02 16:59:12
976,5,view,2025-09-26 13:37:47
977,382,purchase,2025-11-08 20:30:41
977,290,view,2025-08-10 18:37:30
977,410,view,2026-02-16 20:34:49
977,447,purchase,2025-11-03 06:23:47
977,127,view,2026-01-04 01:04:34
977,39,view,2025-11-01 17:46:39
977,64,cart,2025-08-04 20:59:01
978,144,view,2025-10-25 07:22:34
978,160,cart,2026-03-04 19:31:07
978,308,purchase,2026-03-08 22:09:50
979,149,view,2026-04-17 14:10:41
979,310,cart,2025-11-11 03:07:27
979,245,purchase,2026-02-08 23:56:27
979,62,purchase,2025-11-23 10:50:58
980,39,cart,2025-07-12 04:29:17
980,480,purchase,2025-04-28 08:04:43
981,253,purchase,2026-01-21 21:53:11
981,376,cart,2025-04-23 14:08:47
981,459,view,2025-08-11 20:53:53
981,227,purchase,2025-10-13 01:30:27
982,482,cart,2025-07-22 13:13:46
982,399,purchase,2025-05-07 10:09:53
982,149,purchase,2026-04-02 13:25:11
982,125,purchase,2025-10-02 22:01:04
982,457,cart,2026-02-15 16:07:32
983,357,purchase,2025-10-23 13:21:27
983,257,view,2025-05-11 15:27:20
983,27,cart,2026-03-22 19:57:36
983,461,cart,2026-01-22 17:19:04
983,361,purchase,2025-11-29 06:10:18
983,248,cart,2025-06-11 08:07:47
984,104,view,2026-02-09 01:11:54
984,430,purchase,2025-08-22 16:51:19
985,156,purchase,2025-06-17 00:12:39
985,283,view,2025-05-22 09:41:24
985,62,cart,2026-04-03 20:51:19
985,371,view,2025-06-26 15:20:54
986,120,purchase,2026-01-03 00:00:39
987,332,cart,2025-05-11 09:30:48
987,487,view,2025-09-29 23:34:12
987,10,cart,2025-08-21 11:50:13
987,428,view,2025-12-23 20:52:11
987,138,cart,2025-12-22 05:14:49
987,301,cart,2025-08-28 15:03:30
987,153,view,2025-05-14 10:55:44
987,30,cart,2026-03-05 03:03:44
988,196,cart,2026-02-13 19:37:38
988,9,cart,2026-02-27 23:44:54
988,196,cart,2025-08-22 14:16:06
988,22,view,2025-06-04 00:57:12
988,105,cart,2026-02-09 04:05:46
988,94,purchase,2025-07-31 16:29:24
988,220,purchase,2025-09-28 17:29:50
988,26,purchase,2026-03-11 02:43:06
988,156,view,2025-06-14 17:04:06
988,277,cart,2026-02-08 14:08:04
989,465,purchase,2026-03-16 23:23:57
990,472,cart,2025-05-08 06:52:52
990,414,purchase,2025-06-13 21:55:13
990,110,view,2025-11-12 01:10:55
990,174,purchase,2026-01-13 10:56:11
990,424,purchase,2026-01-06 22:26:37
990,222,cart,2025-09-24 13:22:10
991,413,view,2026-01-26 22:12:36
992,198,purchase,2025-05-18 15:25:05
992,477,purchase,2026-03-23 07:13:14
992,147,purchase,2025-05-01 16:03:12
992,237,cart,2025-11-22 21:53:28
992,293,purchase,2026-03-26 19:47:54
992,290,purchase,2025-08-20 12:39:45
992,133,view,2025-11-21 09:46:53
992,491,cart,2026-02-17 18:11:28
992,239,purchase,2025-09-05 20:39:37
993,67,view,2025-10-25 22:18:47
993,143,purchase,2025-09-26 10:35:22
993,486,cart,2026-03-09 06:27:29
993,43,view,2025-09-27 13:55:25
994,151,cart,2025-12-23 12:51:35
994,292,cart,2026-03-08 14:35:20
994,19,purchase,2025-12-11 07:09:15
994,140,cart,2025-04-22 23:52:12
994,137,purchase,2025-04-29 02:26:44
994,128,purchase,2025-08-28 17:40:41
994,414,purchase,2026-01-14 00:15:13
994,6,view,2026-04-01 04:07:13
994,157,purchase,2025-05-20 08:32:09
995,428,cart,2025-04-19 16:22:53
995,433,view,2025-06-28 08:52:57
995,227,cart,2025-06-26 01:19:18
995,8,cart,2025-04-22 01:43:34
995,4,cart,2025-07-28 15:11:37
995,18,cart,2026-01-06 17:43:23
996,326,purchase,2025-10-11 07:39:13
996,111,cart,2025-11-14 02:34:24
996,29,purchase,2025-10-04 20:25:52
996,480,view,2025-07-29 11:49:57
996,141,purchase,2026-04-07 23:51:30
996,282,cart,2025-12-08 17:18:43
996,488,view,2025-12-12 15:03:18
996,225,view,2026-04-13 21:56:07
997,392,cart,2025-11-16 15:27:10
997,132,cart,2025-08-05 07:18:16
997,65,view,2025-12-01 18:38:23
997,322,view,2026-03-24 06:26:51
997,75,purchase,2026-02-25 00:49:58
998,119,view,2026-01-14 01:22:54
999,94,purchase,2025-08-23 13:49:42
1000,440,cart,2025-04-21 17:03:43
1000,296,cart,2025-08-06 05:25:03
1000,21,purchase,2025-10-21 14:45:12
1000,367,view,2025-08-31 03:32:05
1000,31,purchase,2025-07-17 06:49:49
1000,132,cart,2026-03-06 07:32:12
1000,8,purchase,2025-10-22 07:30:05
1000,432,cart,2025-06-17 08:53:22
1000,276,purchase,2026-03-08 11:39:49
1001,307,view,2026-01-26 00:49:50
1002,55,view,2026-04-04 13:26:18
1002,259,cart,2025-10-05 20:31:33
1002,57,purchase,2025-10-30 19:23:33
1002,39,view,2025-07-20 01:34:48
1002,104,cart,2026-04-04 23:54:18
1002,292,cart,2025-04-23 01:14:34
1003,36,purchase,2026-03-14 03:14:19
1003,218,cart,2026-01-04 09:25:44
1003,73,view,2026-02-22 20:11:06
1003,167,purchase,2025-11-16 15:18:50
1003,403,cart,2025-12-26 17:43:28
1003,171,cart,2025-07-04 00:29:46
1003,459,purchase,2025-11-11 01:11:33
1004,240,cart,2025-10-25 03:41:58
1004,318,view,2025-08-16 23:45:03
1004,82,cart,2025-04-21 04:38:15
1004,22,cart,2025-05-01 10:43:35
1004,476,view,2025-06-23 07:52:35
1004,466,purchase,2025-11-26 02:29:45
1005,54,purchase,2026-01-09 03:26:19
1006,413,cart,2025-12-13 02:59:59
1006,261,purchase,2026-04-08 19:55:20
1006,399,purchase,2025-09-12 21:22:52
1006,260,purchase,2025-09-15 07:17:46
1007,481,view,2026-01-09 01:09:46
1007,193,purchase,2025-11-10 13:50:33
1007,16,purchase,2025-09-09 03:24:11
1007,371,view,2025-12-05 09:54:51
1007,195,purchase,2026-03-01 03:06:30
1007,40,view,2025-04-27 15:33:59
1008,289,purchase,2026-01-22 13:52:07
1008,294,purchase,2026-02-09 11:50:32
1008,280,purchase,2025-10-21 13:35:37
1008,214,purchase,2025-08-14 02:40:06
1009,433,purchase,2025-11-07 17:43:50
1009,408,view,2026-02-07 13:52:15
1010,241,purchase,2026-03-30 13:33:19
1010,268,purchase,2026-01-09 02:36:17
1010,225,cart,2025-07-06 13:54:08
1010,137,view,2025-05-10 17:04:20
1010,428,purchase,2025-09-07 06:59:15
1010,150,view,2026-01-24 14:48:53
1010,168,view,2026-02-02 09:28:45
1010,409,cart,2025-05-18 04:51:18
1010,118,cart,2025-08-20 12:44:52
1010,161,purchase,2025-09-30 04:30:33
1011,354,view,2025-12-04 14:50:30
1011,227,purchase,2025-10-20 20:29:44
1012,185,view,2025-12-10 04:51:43
1012,180,purchase,2025-10-05 17:32:39
1012,258,view,2026-01-15 16:30:51
1012,468,cart,2025-07-29 16:53:43
1012,334,cart,2026-04-18 04:40:36
1012,309,view,2025-08-22 15:07:36
1012,229,cart,2025-07-17 16:36:05
1013,291,view,2025-10-08 16:02:53
1013,473,purchase,2026-03-12 12:04:16
1013,125,cart,2026-04-19 13:21:30
1013,345,purchase,2025-12-30 21:01:00
1014,310,cart,2026-03-15 09:03:26
1014,407,cart,2025-06-06 03:12:10
1014,174,cart,2025-08-31 18:57:25
1015,41,cart,2025-10-22 20:04:51
1015,215,purchase,2026-03-04 02:35:41
1016,294,cart,2025-09-12 23:17:37
1016,323,view,2026-02-19 12:45:43
1016,460,view,2026-03-15 09:51:25
1017,7,view,2025-06-12 10:56:12
1017,61,cart,2025-06-24 06:45:05
1017,134,purchase,2025-09-07 04:07:29
1017,364,cart,2026-02-14 18:26:54
1017,380,view,2025-12-14 04:34:46
1017,64,view,2026-01-18 04:37:00
1017,426,cart,2025-09-21 05:42:19
1017,12,purchase,2025-09-05 10:03:09
1018,37,view,2025-09-05 00:40:55
1018,263,purchase,2025-10-22 08:29:25
1018,470,cart,2025-09-07 12:08:28
1019,181,view,2025-09-25 03:01:31
1019,205,purchase,2025-08-01 11:18:01
1019,285,view,2025-08-24 01:32:00
1019,364,cart,2025-12-03 07:46:15
1019,60,cart,2025-08-05 10:59:52
1019,459,cart,2025-07-21 22:50:48
1019,302,purchase,2025-06-09 03:19:41
1020,55,purchase,2026-01-27 18:06:37
1020,23,view,2026-02-15 13:37:58
1020,378,cart,2026-02-04 22:36:54
1020,486,cart,2025-07-05 09:54:30
1020,466,cart,2025-10-23 01:11:45
1020,322,cart,2025-12-02 10:37:47
1020,379,cart,2025-12-07 14:32:09
1020,148,cart,2025-08-08 07:59:21
1020,358,view,2026-04-10 21:35:31
1020,375,view,2026-04-13 23:17:38
1021,469,purchase,2026-01-18 05:19:03
1021,42,view,2025-09-03 21:47:15
1021,458,view,2025-12-24 08:33:45
1021,303,purchase,2025-07-09 16:44:49
1021,189,purchase,2026-03-23 17:43:23
1021,332,cart,2026-01-27 05:44:59
1021,194,cart,2025-11-19 23:20:00
1021,224,view,2025-11-13 19:36:26
1021,260,purchase,2025-08-23 04:11:32
1021,301,cart,2025-06-20 08:59:24
1022,118,cart,2026-03-01 16:56:43
1022,252,cart,2026-02-27 15:39:09
1023,288,purchase,2025-11-28 21:31:13
1024,296,purchase,2026-03-18 00:41:00
1024,432,cart,2025-08-29 11:16:48
1024,146,cart,2025-10-25 06:07:51
1024,196,cart,2025-07-30 00:17:41
1024,387,view,2026-01-30 12:35:55
1024,488,view,2025-09-25 02:39:31
1024,21,purchase,2025-10-04 14:45:25
1024,451,purchase,2026-02-09 23:04:19
1024,107,cart,2026-03-02 15:24:56
1025,142,purchase,2025-04-20 16:06:13
1025,450,purchase,2026-04-07 16:48:26
1025,160,view,2025-11-21 21:46:19
1025,177,cart,2026-01-29 23:23:05
1025,84,view,2026-01-03 23:27:01
1025,147,cart,2025-11-01 09:17:14
1025,249,cart,2025-06-12 16:19:01
1025,114,view,2025-10-07 03:20:51
1025,147,cart,2026-01-13 13:32:40
1026,385,view,2025-10-17 23:32:34
1026,473,view,2025-09-30 16:28:33
1026,341,cart,2025-07-27 20:03:33
1026,72,view,2025-07-14 05:36:13
1026,105,purchase,2025-05-07 18:34:15
1026,429,purchase,2025-08-03 23:46:07
1026,386,view,2025-04-25 20:26:19
1026,14,purchase,2025-10-14 07:37:39
1026,462,view,2025-05-24 13:55:45
1026,491,purchase,2025-07-02 11:21:45
1027,409,view,2025-07-13 01:17:39
1027,3,cart,2026-02-01 09:50:36
1027,426,view,2026-03-29 02:42:55
1027,189,view,2025-09-14 14:54:26
1027,144,purchase,2026-02-13 11:04:17
1027,218,purchase,2025-05-14 04:44:33
1027,227,purchase,2025-12-19 17:55:24
1027,64,cart,2025-08-08 08:24:18
1027,151,view,2026-04-07 12:15:11
1028,227,cart,2025-11-13 08:01:53
1028,252,cart,2026-02-20 12:48:36
1029,442,view,2025-07-13 07:30:15
1029,142,purchase,2025-11-23 00:57:33
1030,495,cart,2025-10-12 04:27:20
1030,411,view,2025-08-04 17:19:12
1031,372,view,2026-01-16 10:12:19
1031,167,view,2025-12-03 20:38:44
1031,259,cart,2026-01-06 03:12:05
1031,141,cart,2025-06-27 18:23:27
1032,344,view,2026-01-02 16:21:40
1032,361,purchase,2025-09-13 07:37:03
1032,161,view,2026-03-04 02:17:23
1032,221,view,2025-08-04 15:15:42
1032,477,purchase,2025-11-18 13:11:25
1032,406,purchase,2026-03-27 15:15:34
1032,162,view,2025-04-25 08:31:07
1032,430,purchase,2025-08-05 01:47:06
1032,338,purchase,2026-02-27 03:20:06
1033,485,purchase,2025-11-18 02:57:30
1034,125,view,2025-12-25 06:44:16
1035,192,view,2025-08-26 05:39:07
1035,344,view,2025-05-24 09:51:41
1035,135,cart,2025-06-20 08:42:19
1035,77,cart,2025-08-05 00:29:15
1035,416,view,2025-12-14 13:29:57
1035,375,cart,2025-05-23 17:10:44
1035,144,view,2025-09-26 11:18:02
1035,101,purchase,2025-09-12 15:50:46
1035,448,view,2025-07-17 21:46:43
1035,486,purchase,2025-05-08 00:33:01
1036,1,cart,2025-07-30 13:51:48
1036,34,cart,2025-09-09 00:00:05
1036,285,purchase,2025-09-14 15:10:27
1036,106,purchase,2025-07-02 02:41:21
1037,19,cart,2025-05-08 05:39:10
1037,352,cart,2026-03-17 09:08:24
1037,314,cart,2025-05-28 11:29:23
1038,120,purchase,2025-10-11 14:58:27
1038,178,cart,2025-06-26 17:04:54
1038,271,purchase,2025-09-19 04:33:08
1038,488,view,2025-06-25 23:27:30
1038,449,cart,2025-08-30 23:09:29
1038,430,view,2025-08-20 01:01:08
1038,448,cart,2026-01-30 16:11:51
1038,342,cart,2026-04-11 22:26:19
1038,250,purchase,2025-05-25 21:09:25
1038,200,purchase,2025-10-18 19:37:20
1039,278,cart,2025-06-29 06:31:00
1039,151,view,2025-06-14 05:55:44
1039,112,view,2025-06-29 14:18:25
1039,493,cart,2025-12-13 02:59:27
1039,214,cart,2025-10-04 17:21:44
1039,166,view,2026-02-16 14:51:33
1040,59,view,2025-12-12 17:56:33
1040,237,cart,2026-04-08 07:21:34
1040,338,view,2025-11-09 19:39:24
1040,177,purchase,2026-04-17 15:08:55
1040,203,purchase,2026-02-07 15:56:55
1040,65,cart,2026-03-23 09:08:39
1040,430,cart,2025-05-31 04:33:17
1041,210,purchase,2026-02-16 04:31:48
1041,120,view,2025-12-26 15:45:52
1041,148,cart,2025-12-28 03:23:13
1041,259,view,2026-03-29 14:06:31
1041,455,cart,2025-11-27 21:14:59
1041,31,purchase,2025-05-05 04:49:02
1041,395,cart,2025-09-23 03:45:07
1041,133,purchase,2026-02-06 10:06:43
1041,162,cart,2026-03-16 20:59:15
1041,200,cart,2025-11-21 12:25:11
1042,204,cart,2026-04-09 00:10:23
1042,467,view,2025-04-25 13:36:48
1042,137,cart,2025-09-22 19:08:07
1042,372,view,2026-04-07 19:56:47
1042,173,purchase,2026-02-27 08:57:48
1042,419,view,2025-09-24 16:44:13
1042,157,cart,2026-03-02 07:17:20
1043,113,purchase,2025-12-04 10:17:12
1043,448,view,2026-03-15 18:36:34
1043,274,view,2026-02-13 09:49:58
1043,399,purchase,2025-12-03 04:30:14
1043,56,purchase,2026-04-12 14:23:19
1043,312,cart,2026-01-02 06:47:24
1043,66,purchase,2026-02-20 17:31:18
1044,10,purchase,2025-08-30 14:10:05
1044,10,cart,2025-11-28 04:23:22
1044,46,purchase,2026-02-10 03:48:40
1044,170,cart,2025-09-05 21:57:49
1044,392,purchase,2025-08-20 21:36:39
1044,32,purchase,2025-08-15 01:13:54
1044,25,purchase,2025-05-01 01:48:17
1044,107,cart,2025-10-04 13:40:46
1044,274,view,2025-12-22 01:01:14
1045,429,purchase,2025-11-10 07:31:45
1045,202,purchase,2025-05-26 06:42:06
1045,117,cart,2025-05-12 14:42:05
1046,466,cart,2026-01-17 11:26:38
1046,169,cart,2025-12-10 20:45:06
1046,110,purchase,2025-06-01 17:26:35
1047,481,view,2026-02-16 07:54:24
1047,18,view,2025-12-14 19:27:50
1047,386,purchase,2025-06-06 23:00:50
1047,52,purchase,2026-01-30 06:33:28
1048,405,cart,2025-05-11 09:11:43
1048,21,view,2025-06-10 03:01:24
1048,144,cart,2025-07-03 22:52:06
1048,12,view,2026-03-08 22:32:18
1048,323,purchase,2025-09-30 09:14:31
1048,126,view,2026-04-05 04:48:33
1048,139,purchase,2025-12-29 12:17:31
1049,416,cart,2025-07-19 09:26:17
1049,335,cart,2025-08-07 21:14:16
1050,418,purchase,2025-09-02 07:15:46
1050,448,cart,2025-08-09 05:32:08
1050,441,view,2025-05-02 12:12:09
1051,37,purchase,2025-12-01 03:06:11
1051,369,purchase,2025-09-25 12:42:02
1052,10,view,2025-11-14 18:18:37
1052,380,purchase,2026-01-17 22:09:42
1052,309,view,2026-01-15 10:57:47
1052,48,purchase,2026-01-30 07:54:58
1052,301,cart,2025-06-30 16:30:17
1052,99,purchase,2026-01-01 22:03:25
1052,439,cart,2025-09-27 21:46:17
1053,217,purchase,2025-04-28 02:22:21
1053,380,view,2025-12-15 15:24:55
1053,154,cart,2025-10-29 04:41:54
1053,234,view,2025-12-09 18:10:27
1053,51,cart,2026-03-22 02:35:17
1053,496,purchase,2025-06-20 02:19:46
1054,241,cart,2025-12-26 03:39:26
1054,149,cart,2025-12-23 13:45:46
1054,47,view,2025-11-21 09:29:29
1054,495,cart,2025-10-18 11:18:25
1054,287,cart,2025-06-07 23:56:22
1054,247,cart,2025-06-28 12:34:30
1054,464,purchase,2025-04-22 23:22:49
1054,273,purchase,2025-07-11 03:33:05
1054,125,cart,2025-10-19 05:02:06
1054,8,cart,2026-02-12 02:54:09
1055,487,cart,2025-08-11 12:18:46
1055,390,purchase,2025-08-23 20:20:00
1055,365,view,2025-06-20 11:20:15
1055,231,view,2026-01-02 18:36:52
1055,295,view,2026-03-12 14:21:18
1055,203,view,2025-07-02 16:05:05
1055,228,cart,2025-04-24 13:28:22
1056,288,view,2026-01-03 08:23:48
1056,329,cart,2026-03-05 03:17:09
1056,170,view,2025-12-15 06:57:31
1056,414,purchase,2025-08-10 00:52:11
1056,499,view,2026-02-19 02:31:32
1056,48,purchase,2025-09-23 12:39:52
1056,86,view,2026-04-09 12:21:51
1056,442,cart,2025-08-21 08:00:55
1057,127,view,2025-09-18 08:27:52
1057,72,cart,2025-09-10 08:37:48
1057,315,cart,2026-01-23 05:56:41
1057,267,purchase,2026-04-10 01:40:40
1057,429,purchase,2026-04-07 00:06:28
1057,389,view,2025-06-05 22:41:28
1057,30,cart,2025-05-20 21:23:33
1057,129,cart,2025-12-18 13:08:27
1057,159,purchase,2025-11-09 07:58:21
1057,172,view,2026-02-13 03:15:58
1058,164,purchase,2025-08-11 02:56:07
1059,306,cart,2025-08-24 07:41:03
1059,446,view,2026-02-26 15:36:58
1059,137,purchase,2026-03-25 20:57:45
1059,107,purchase,2026-03-26 03:40:48
1059,406,cart,2025-10-22 16:38:47
1059,279,cart,2025-09-18 10:15:30
1059,160,purchase,2025-09-28 11:28:28
1059,120,cart,2025-08-12 05:29:33
1059,236,purchase,2025-06-07 21:06:44
1059,247,purchase,2025-12-20 00:29:50
1060,439,purchase,2026-01-02 09:22:44
1060,375,view,2025-06-02 13:58:25
1060,471,view,2025-10-20 11:36:02
1060,217,purchase,2025-08-07 22:11:08
1060,39,cart,2026-01-07 19:11:00
1060,65,view,2026-01-17 07:37:02
1060,82,purchase,2025-10-24 04:10:01
1060,383,view,2025-11-20 08:45:29
1060,85,view,2026-03-11 04:05:55
1061,445,view,2026-03-18 20:58:34
1061,19,cart,2025-11-30 14:19:54
1061,253,view,2025-06-12 23:16:05
1061,320,purchase,2025-08-24 04:42:06
1061,249,view,2025-05-03 23:14:30
1061,383,purchase,2025-04-30 23:22:56
1061,214,cart,2025-12-20 07:12:08
1061,4,cart,2026-03-31 04:05:15
1062,222,cart,2026-04-19 05:21:45
1062,368,purchase,2026-02-04 09:42:54
1063,267,cart,2025-12-31 00:42:32
1063,314,cart,2026-01-10 09:46:31
1063,288,purchase,2025-05-12 18:29:22
1063,84,view,2026-02-03 12:00:58
1063,148,purchase,2025-05-16 21:31:47
1064,411,purchase,2026-03-30 21:22:48
1064,487,purchase,2026-02-19 09:35:34
1064,190,purchase,2025-08-29 07:12:51
1064,309,cart,2025-06-28 21:04:57
1065,236,view,2025-04-25 08:02:49
1065,479,cart,2025-12-20 20:22:31
1065,474,purchase,2025-09-22 09:58:23
1065,368,view,2025-05-07 06:07:45
1065,84,purchase,2025-07-03 04:27:59
1065,366,cart,2025-11-25 08:17:57
1065,5,cart,2025-07-23 23:19:47
1065,213,view,2025-05-01 15:49:28
1066,240,view,2025-09-15 05:23:38
1066,2,cart,2026-02-08 21:32:13
1066,359,view,2026-01-16 22:07:05
1067,355,view,2026-02-25 12:11:43
1067,275,cart,2026-04-10 06:24:47
1067,169,view,2026-03-05 00:17:38
1067,31,purchase,2026-02-19 14:10:49
1068,304,view,2025-06-12 20:36:56
1068,34,cart,2026-03-12 10:21:51
1068,325,purchase,2025-06-15 16:58:17
1068,452,view,2025-04-21 12:54:03
1068,176,purchase,2026-03-23 00:30:35
1068,7,view,2026-02-11 18:10:19
1068,140,cart,2025-07-31 12:42:16
1068,420,cart,2026-04-10 23:34:50
1069,373,cart,2026-04-05 16:34:29
1069,188,purchase,2025-07-07 04:19:15
1069,392,cart,2025-09-24 02:16:40
1069,478,cart,2025-08-11 11:43:58
1069,287,purchase,2025-11-06 01:37:14
1069,328,purchase,2025-12-20 01:48:24
1069,103,view,2026-02-22 03:11:03
1069,303,view,2025-05-09 09:36:15
1069,52,purchase,2025-06-22 05:47:31
1069,110,cart,2026-01-08 08:53:17
1070,134,purchase,2026-01-25 04:17:30
1070,52,view,2025-09-18 19:30:24
1070,408,purchase,2025-10-11 01:06:35
1071,330,cart,2026-02-17 22:06:19
1071,169,purchase,2025-08-19 13:35:41
1071,395,purchase,2025-10-23 01:32:04
1071,309,cart,2025-06-17 13:43:25
1071,494,purchase,2025-06-08 22:44:00
1071,446,purchase,2026-01-31 10:00:56
1071,342,cart,2025-07-25 15:07:42
1071,107,view,2026-01-10 07:49:05
1071,1,view,2025-11-25 16:08:36
1071,110,view,2025-10-23 20:36:40
1072,75,view,2025-08-21 13:29:21
1072,84,cart,2025-06-25 00:34:19
1072,447,view,2025-11-19 08:28:44
1072,165,view,2025-09-27 01:39:47
1072,458,view,2026-03-15 19:50:20
1072,70,purchase,2025-09-04 09:50:08
1072,413,cart,2026-02-10 12:43:31
1072,217,purchase,2026-02-15 08:53:34
1072,241,cart,2025-04-20 23:09:16
1072,154,purchase,2025-09-19 23:44:05
1073,123,purchase,2025-05-31 07:58:09
1073,201,cart,2025-11-21 04:09:42
1074,361,cart,2025-07-03 16:10:41
1074,181,cart,2025-05-22 06:21:28
1074,429,purchase,2025-05-24 21:33:40
1074,162,purchase,2025-09-16 23:57:22
1074,40,purchase,2025-07-12 10:31:21
1074,431,view,2025-10-23 01:52:25
1074,489,view,2025-09-18 19:59:06
1075,364,view,2025-10-26 07:10:15
1075,430,cart,2025-05-19 11:18:40
1075,286,cart,2025-07-14 21:21:33
1075,250,purchase,2025-09-24 09:16:23
1075,403,cart,2025-09-09 17:09:45
1076,285,cart,2025-05-29 00:14:32
1076,333,cart,2025-05-29 05:53:47
1077,12,cart,2025-07-27 20:48:02
1077,437,cart,2025-06-22 08:12:31
1077,394,purchase,2025-08-22 11:09:59
1078,372,cart,2025-06-27 14:26:49
1078,109,purchase,2026-02-09 23:33:27
1078,286,view,2026-04-19 00:02:21
1078,195,cart,2025-10-07 22:48:34
1078,91,purchase,2026-04-09 10:34:41
1078,5,view,2025-12-06 17:27:45
1079,184,purchase,2025-11-16 23:37:55
1079,99,view,2025-12-20 10:31:56
1079,300,cart,2025-11-04 21:12:20
1079,168,view,2025-06-09 16:40:17
1079,466,cart,2026-04-05 09:08:08
1079,468,cart,2025-07-24 10:39:38
1079,257,view,2026-02-28 05:43:39
1079,310,cart,2026-03-14 03:52:39
1080,331,cart,2025-05-20 05:45:46
1081,203,view,2025-09-21 12:24:33
1081,356,purchase,2025-05-03 06:36:49
1081,129,cart,2025-12-06 20:58:32
1081,320,view,2025-08-05 00:02:18
1081,497,purchase,2026-04-07 06:38:29
1081,421,view,2026-03-05 10:54:53
1081,441,purchase,2025-11-06 09:23:36
1081,474,cart,2025-08-05 20:24:37
1082,323,cart,2025-09-05 02:11:39
1082,251,view,2025-09-14 09:07:43
1082,242,purchase,2025-08-09 00:13:26
1082,447,purchase,2026-04-11 08:06:48
1082,384,purchase,2026-02-12 12:34:38
1082,413,view,2025-05-27 02:21:14
1082,19,cart,2025-08-11 22:46:08
1082,14,purchase,2026-03-03 01:47:51
1082,457,purchase,2025-11-21 09:17:09
1082,78,purchase,2025-05-11 07:52:28
1083,445,view,2026-01-02 20:53:48
1083,42,cart,2025-12-12 06:07:12
1083,427,view,2025-12-18 03:24:30
1084,227,purchase,2025-12-04 15:50:23
1085,160,view,2025-11-02 17:19:10
1086,142,view,2025-09-22 16:22:02
1086,335,purchase,2026-04-13 00:30:41
1086,377,view,2025-12-24 15:44:49
1086,170,purchase,2025-08-13 11:11:14
1086,434,cart,2025-12-16 14:06:28
1086,459,purchase,2025-05-29 21:53:55
1086,86,purchase,2025-06-25 09:43:15
1086,369,cart,2026-04-07 14:39:17
1086,264,view,2026-01-19 16:42:16
1087,213,purchase,2025-05-09 21:15:18
1087,342,view,2026-03-23 21:08:37
1087,33,view,2025-04-20 08:17:11
1087,422,purchase,2025-08-30 21:29:08
1087,75,purchase,2025-09-25 02:13:59
1087,136,view,2025-04-27 11:32:24
1087,88,cart,2025-05-24 01:51:42
1088,141,purchase,2026-01-15 11:25:24
1089,352,purchase,2025-12-20 04:34:56
1089,209,view,2025-12-31 16:10:02
1089,325,purchase,2025-05-13 21:20:20
1089,431,view,2025-12-12 20:18:40
1090,140,purchase,2026-01-07 15:24:00
1090,179,view,2025-11-15 21:29:46
1090,174,cart,2025-04-22 00:32:11
1090,290,purchase,2026-04-13 18:20:32
1090,44,purchase,2025-10-20 15:06:27
1091,45,view,2025-08-29 00:31:33
1091,470,view,2026-02-07 17:14:25
1091,93,purchase,2025-10-17 19:36:18
1091,44,view,2026-03-12 13:25:03
1091,162,purchase,2025-05-16 18:03:50
1091,320,view,2025-06-11 20:21:28
1091,392,view,2025-05-31 01:31:00
1091,403,view,2026-03-30 18:00:36
1092,326,cart,2026-04-16 20:22:37
1092,235,view,2025-07-24 07:58:55
1092,449,purchase,2025-06-28 04:48:12
1092,482,view,2025-10-02 11:58:32
1093,428,purchase,2025-10-30 15:57:45
1093,328,view,2026-04-08 06:21:19
1093,382,purchase,2025-09-03 14:08:09
1093,67,cart,2025-08-14 16:40:13
1093,27,cart,2025-12-17 14:11:54
1094,91,cart,2026-03-10 17:33:34
1094,71,purchase,2025-09-09 10:30:05
1094,161,cart,2025-09-14 22:10:27
1094,115,view,2025-09-04 01:01:57
1094,139,view,2025-04-25 13:58:58
1095,151,cart,2025-07-11 22:40:28
1095,357,cart,2025-09-25 02:32:24
1095,135,view,2025-10-12 19:09:47
1096,181,purchase,2025-08-25 07:02:11
1096,186,cart,2025-12-22 23:13:34
1096,395,purchase,2025-06-24 01:21:58
1096,267,cart,2025-05-31 10:21:42
1096,424,purchase,2025-04-21 23:00:07
1096,351,view,2025-12-03 07:17:55
1096,18,purchase,2025-06-18 05:57:47
1096,197,view,2026-01-23 05:13:30
1097,291,view,2025-08-13 12:58:15
1097,359,cart,2025-06-28 19:02:13
1097,177,purchase,2025-05-10 23:42:08
1097,415,purchase,2026-02-27 20:41:56
1097,407,cart,2025-06-18 21:08:18
1097,106,cart,2026-04-04 11:41:01
1097,358,purchase,2026-01-01 07:11:17
1097,282,purchase,2025-06-10 18:43:49
1097,406,cart,2025-06-05 00:02:50
1098,262,view,2025-10-10 06:26:27
1098,132,view,2025-10-05 08:21:38
1099,133,view,2025-10-19 07:06:52
1099,472,view,2025-04-24 06:14:22
1099,264,purchase,2026-03-06 14:15:38
1099,323,view,2026-02-15 03:58:30
1099,243,view,2026-02-14 02:27:00
1099,239,purchase,2026-02-24 09:17:39
1099,165,cart,2025-05-12 22:50:49
1099,288,cart,2025-10-19 15:24:54
1100,461,view,2026-04-02 08:00:13
1100,165,purchase,2025-10-10 01:30:24
1100,53,purchase,2025-07-28 08:44:14
1100,183,view,2026-02-12 19:53:52
1100,81,cart,2025-09-13 10:08:45
1100,243,cart,2026-01-03 13:08:42
1100,172,purchase,2026-01-31 08:18:46
1100,462,view,2025-09-22 17:48:28
1100,95,cart,2025-06-22 02:38:12
1100,156,view,2026-01-08 15:19:05
1101,279,view,2026-02-19 04:27:31
1101,385,view,2025-07-27 13:04:58
1101,224,purchase,2026-01-27 03:56:04
1101,233,purchase,2025-07-08 13:52:17
1101,294,purchase,2025-09-05 00:40:41
1101,222,purchase,2025-10-12 19:10:46
1101,204,cart,2026-04-05 08:19:05
1101,427,view,2025-08-07 04:41:53
1102,370,cart,2025-07-12 07:21:57
1102,307,cart,2026-03-11 17:50:53
1102,247,purchase,2025-07-01 02:53:35
1102,205,cart,2025-04-24 18:06:25
1102,20,view,2025-04-26 20:56:04
1103,55,cart,2025-12-16 20:30:44
1103,218,cart,2025-05-06 15:08:32
1103,488,purchase,2025-10-09 08:52:22
1103,205,purchase,2025-08-10 16:50:45
1103,14,view,2026-01-21 15:30:39
1103,262,view,2025-08-01 22:10:07
1103,472,cart,2025-11-14 15:20:09
1103,453,purchase,2026-02-16 21:28:40
1103,494,purchase,2025-11-28 03:22:19
1104,101,purchase,2026-02-16 04:02:18
1104,384,view,2025-07-07 13:18:14
1104,66,purchase,2026-01-25 02:35:20
1104,170,view,2025-10-29 06:53:07
1104,496,view,2026-01-03 08:47:10
1104,158,view,2025-12-14 01:29:13
1104,410,cart,2025-09-09 13:31:29
1104,234,cart,2025-07-21 12:18:01
1104,84,cart,2026-03-08 13:40:13
1105,337,view,2026-03-29 12:37:12
1106,452,view,2025-08-14 17:17:16
1106,154,cart,2025-09-25 07:20:51
1106,41,view,2026-02-25 05:32:57
1106,120,view,2025-11-23 14:20:04
1107,46,purchase,2026-04-07 12:57:24
1107,125,view,2026-03-29 10:27:33
1107,350,purchase,2025-07-10 13:30:17
1107,432,cart,2025-09-26 12:18:04
1107,2,cart,2025-12-05 07:40:00
1107,81,cart,2025-12-30 18:50:10
1107,51,cart,2025-11-14 18:50:07
1108,351,cart,2025-09-18 09:04:03
1108,357,view,2025-07-11 13:55:13
1108,467,cart,2025-10-02 14:19:19
1108,342,cart,2025-11-01 20:05:05
1108,425,cart,2026-03-07 14:33:41
1108,361,view,2025-09-13 17:00:41
1108,390,view,2026-04-04 01:27:04
1108,198,view,2026-01-09 16:54:52
1108,162,view,2026-01-11 07:27:12
1109,395,cart,2026-03-09 17:01:32
1109,459,cart,2025-05-17 18:23:14
1109,419,purchase,2025-11-16 07:08:03
1109,373,cart,2025-10-07 16:43:21
1109,305,cart,2025-06-17 00:07:06
1109,273,view,2026-03-31 07:20:28
1109,177,cart,2025-04-26 02:39:28
1110,13,view,2025-11-05 05:50:21
1110,453,purchase,2025-09-06 12:17:28
1110,91,view,2025-09-01 03:50:35
1110,188,cart,2026-04-10 05:12:36
1110,174,purchase,2025-09-12 23:09:23
1110,421,view,2025-12-30 06:22:05
1110,312,purchase,2025-10-21 13:38:15
1110,384,cart,2026-01-02 02:15:49
1110,468,view,2025-10-31 15:15:14
1110,330,view,2025-12-18 21:48:16
1111,255,view,2025-12-12 12:58:10
1111,22,view,2025-06-03 09:33:20
1111,154,cart,2026-01-17 23:52:35
1112,173,cart,2025-06-14 02:20:00
1112,334,view,2025-06-06 06:15:38
1113,77,cart,2025-07-20 20:47:26
1113,159,cart,2025-10-28 10:54:02
1113,345,cart,2026-01-27 21:49:16
1113,17,cart,2025-05-09 12:58:03
1113,490,cart,2025-12-17 09:14:40
1113,91,view,2025-12-12 06:12:13
1113,203,purchase,2026-01-03 06:19:58
1114,427,view,2026-04-11 12:00:03
1114,238,view,2025-04-25 15:04:03
1114,177,purchase,2026-04-03 06:28:22
1114,375,view,2026-01-21 06:23:40
1114,335,cart,2025-11-11 02:44:40
1114,411,view,2026-03-04 20:50:19
1114,82,cart,2025-08-09 18:20:03
1114,65,purchase,2025-05-31 19:14:07
1114,259,cart,2025-07-02 23:32:04
1115,5,cart,2025-09-16 07:08:26
1115,334,purchase,2025-07-23 18:34:44
1115,205,cart,2025-11-29 07:49:51
1115,394,view,2025-08-09 06:03:00
1115,155,cart,2025-06-20 09:48:24
1115,132,purchase,2026-02-01 16:16:30
1115,324,view,2025-06-22 22:11:54
1115,309,cart,2026-01-03 18:12:43
1116,190,cart,2026-03-26 20:25:18
1116,364,cart,2025-09-03 07:19:00
1116,432,purchase,2026-03-15 14:16:14
1116,497,cart,2025-10-17 14:00:48
1116,57,view,2026-01-12 02:46:16
1116,217,purchase,2025-07-09 07:42:57
1116,388,cart,2025-11-12 23:05:23
1116,445,purchase,2025-08-01 06:10:01
1116,40,view,2026-03-05 23:48:13
1117,172,purchase,2025-05-10 02:40:26
1118,132,view,2025-04-19 21:57:52
1118,263,purchase,2026-04-05 04:02:06
1118,372,cart,2026-02-12 06:04:54
1118,222,view,2026-01-21 12:14:29
1118,237,cart,2025-05-06 06:25:22
1118,20,view,2025-06-03 11:09:19
1118,444,cart,2025-07-15 21:56:04
1118,235,cart,2025-09-14 20:52:34
1118,25,purchase,2025-08-10 04:25:48
1118,351,cart,2025-11-14 14:18:13
1119,217,cart,2025-09-11 23:10:35
1119,345,cart,2026-01-18 17:51:07
1119,392,view,2025-09-22 01:30:45
1119,277,cart,2025-09-02 16:14:40
1119,91,cart,2025-04-25 11:54:44
1120,213,view,2026-01-30 05:48:49
1120,228,cart,2025-10-11 15:52:54
1120,152,purchase,2025-10-26 23:27:17
1120,18,purchase,2025-07-08 16:51:34
1120,57,cart,2025-10-02 04:46:33
1120,374,view,2026-01-16 08:22:07
1121,378,cart,2025-06-23 00:30:27
1121,127,view,2025-10-17 17:59:41
1121,43,purchase,2025-10-01 18:53:33
1121,48,view,2025-08-21 02:06:41
1121,372,view,2025-06-09 13:43:45
1121,324,cart,2025-10-01 04:09:59
1121,220,cart,2026-04-04 03:07:41
1121,176,cart,2025-06-27 19:44:36
1121,352,purchase,2026-03-23 08:59:55
1122,470,purchase,2025-12-10 22:13:35
1122,420,purchase,2025-04-24 00:54:01
1122,291,cart,2025-07-02 19:51:36
1122,20,view,2025-08-27 23:33:08
1123,190,view,2025-09-27 09:45:49
1123,75,purchase,2025-07-03 06:05:24
1123,370,purchase,2026-01-08 02:46:22
1123,415,view,2025-11-13 16:52:16
1123,195,purchase,2025-06-26 23:14:37
1123,371,view,2025-12-24 17:26:51
1124,474,purchase,2025-12-14 19:10:30
1124,383,cart,2026-01-29 10:48:17
1124,216,cart,2025-04-21 23:01:25
1124,11,view,2025-04-23 09:11:51
1124,486,purchase,2026-03-24 18:10:56
1124,131,purchase,2026-01-29 13:07:57
1125,428,cart,2025-07-11 07:17:41
1125,494,view,2025-08-25 17:33:56
1126,292,cart,2025-07-03 08:09:46
1126,155,purchase,2025-06-24 14:16:27
1126,263,purchase,2025-09-23 06:11:24
1126,437,view,2025-12-26 01:12:27
1127,191,purchase,2025-08-01 18:14:03
1128,110,cart,2025-07-07 09:17:09
1128,140,purchase,2025-07-21 21:33:26
1128,352,view,2025-10-11 06:13:11
1128,141,purchase,2025-09-24 03:23:28
1128,343,view,2026-03-26 18:19:24
1128,309,cart,2025-06-21 00:15:53
1128,465,view,2026-04-16 04:19:51
1128,347,cart,2025-09-03 19:34:54
1129,2,cart,2025-06-25 18:51:22
1129,106,view,2025-11-28 00:24:19
1129,400,cart,2025-06-07 13:01:48
1129,336,view,2025-07-24 09:15:14
1129,140,cart,2025-11-04 04:55:59
1130,306,purchase,2025-12-30 22:32:21
1130,162,view,2025-10-11 15:38:08
1130,113,view,2026-03-25 08:08:29
1130,9,purchase,2025-05-12 20:25:56
1130,166,view,2025-11-07 00:47:13
1130,32,purchase,2025-10-26 06:17:05
1130,147,purchase,2026-04-14 02:28:27
1130,364,purchase,2025-08-22 12:03:07
1131,301,cart,2025-07-24 18:04:29
1131,325,purchase,2025-05-09 12:55:23
1131,168,purchase,2025-04-30 06:46:26
1131,199,cart,2025-09-04 02:39:31
1131,476,purchase,2026-03-15 01:16:37
1131,6,cart,2025-05-16 13:19:56
1131,174,cart,2025-08-31 17:16:16
1131,177,cart,2025-10-02 20:30:20
1132,236,purchase,2026-02-17 07:40:30
1132,255,view,2025-06-11 13:40:01
1132,272,purchase,2025-08-17 03:23:48
1133,344,cart,2025-06-21 20:15:16
1133,130,cart,2025-08-20 03:46:51
1133,16,purchase,2025-04-25 19:22:37
1134,495,view,2025-05-05 00:16:22
1134,323,cart,2025-12-04 14:45:40
1134,287,cart,2026-02-15 23:28:09
1134,42,view,2025-07-10 20:52:20
1134,382,purchase,2025-09-09 17:02:04
1134,189,cart,2025-10-16 07:30:07
1134,149,cart,2025-05-01 09:50:50
1134,231,purchase,2025-07-14 16:37:15
1134,239,view,2025-07-26 02:54:38
1134,79,purchase,2025-11-29 17:35:03
1135,85,purchase,2025-05-09 00:19:36
1135,180,purchase,2025-08-15 12:33:06
1135,220,cart,2025-08-24 00:11:00
1135,391,view,2025-12-17 17:03:04
1135,384,cart,2026-02-07 16:30:42
1135,284,purchase,2025-07-13 03:43:45
1135,251,view,2025-09-03 10:05:26
1135,192,purchase,2025-12-25 14:27:29
1135,67,cart,2025-05-10 03:09:23
1135,310,view,2026-02-12 15:52:38
1136,202,view,2025-07-14 04:09:08
1136,108,view,2025-09-01 01:01:31
1137,148,view,2026-01-07 02:04:59
1137,442,view,2025-10-20 13:58:53
1137,392,purchase,2025-06-16 19:40:33
1137,205,purchase,2025-07-12 01:19:03
1137,209,cart,2025-08-10 13:20:11
1137,384,view,2025-12-29 02:04:50
1137,214,purchase,2025-12-16 03:10:06
1137,142,cart,2026-03-30 05:27:35
1137,394,cart,2025-05-25 01:08:45
1137,322,view,2025-09-26 10:17:26
1138,257,purchase,2025-08-11 16:15:14
1138,272,cart,2026-03-02 04:41:36
1138,115,cart,2025-12-01 15:11:04
1138,253,cart,2025-10-01 21:25:18
1138,146,cart,2026-04-10 22:41:10
1138,80,view,2025-11-07 01:54:17
1139,147,view,2025-11-27 16:45:23
1139,272,cart,2025-07-01 23:35:19
1139,390,cart,2025-04-23 02:03:03
1139,335,view,2026-01-14 15:44:27
1139,349,view,2026-03-25 13:36:09
1139,196,purchase,2026-03-29 07:47:42
1139,334,cart,2025-07-25 03:29:50
1140,210,view,2025-09-13 06:08:53
1140,325,view,2025-10-28 15:24:44
1140,316,view,2025-08-14 05:32:03
1140,70,purchase,2025-06-13 21:14:01
1140,317,purchase,2025-08-07 03:20:17
1140,41,purchase,2025-06-11 19:21:52
1140,292,purchase,2025-06-03 05:10:45
1141,484,view,2025-11-01 13:57:06
1141,166,purchase,2026-01-22 13:59:27
1141,127,view,2025-05-19 01:28:13
1141,291,purchase,2025-11-28 17:32:34
1141,241,purchase,2025-10-13 06:18:01
1141,46,cart,2025-06-10 11:10:26
1141,11,purchase,2026-04-09 20:57:00
1142,452,purchase,2026-03-23 20:20:02
1142,199,purchase,2025-05-05 21:16:37
1142,261,view,2025-05-31 08:37:00
1142,435,view,2025-04-27 04:55:51
1142,234,cart,2026-02-25 00:16:37
1142,370,view,2026-02-11 23:02:07
1142,89,cart,2025-12-24 05:50:23
1142,479,purchase,2025-08-18 13:58:47
1142,471,view,2026-02-21 11:58:16
1142,165,view,2025-04-22 09:57:19
1143,33,view,2025-10-18 21:10:32
1143,105,purchase,2026-04-18 07:03:53
1143,236,cart,2025-09-04 02:47:21
1143,125,purchase,2025-08-26 03:15:03
1143,308,cart,2026-02-20 07:58:05
1144,407,view,2025-09-07 20:15:32
1144,498,cart,2025-11-09 06:15:06
1144,256,purchase,2025-09-13 13:34:39
1144,56,purchase,2025-10-22 11:29:20
1145,446,view,2026-02-18 05:22:44
1145,125,cart,2025-06-14 22:11:13
1145,369,view,2025-06-12 22:10:04
1145,3,purchase,2025-10-14 02:36:35
1145,16,purchase,2025-05-28 07:45:08
1145,346,cart,2026-03-09 15:47:32
1146,240,cart,2025-12-01 17:58:12
1146,36,cart,2025-09-30 01:04:54
1146,490,cart,2025-11-13 01:53:16
1146,452,purchase,2025-12-01 14:35:54
1146,275,view,2026-02-26 08:08:52
1146,366,purchase,2025-06-13 05:14:52
1146,331,purchase,2025-05-08 11:25:13
1146,365,view,2025-09-28 03:35:15
1146,224,cart,2025-06-19 01:36:02
1147,149,cart,2025-09-01 07:04:21
1148,186,cart,2025-12-16 12:18:12
1149,322,purchase,2025-09-14 04:27:17
1149,225,cart,2025-09-12 11:18:20
1149,403,view,2025-12-28 06:10:57
1149,53,view,2025-09-22 16:30:07
1149,433,cart,2025-12-13 21:26:47
1149,388,purchase,2026-04-14 04:07:24
1149,385,view,2026-03-31 19:09:57
1149,369,view,2025-09-30 20:42:19
1149,187,cart,2026-01-20 21:32:50
1150,72,view,2025-04-24 15:43:07
1150,407,cart,2026-02-05 18:24:35
1150,107,cart,2025-10-27 17:36:25
1150,49,cart,2025-12-25 18:38:34
1150,328,purchase,2026-03-22 16:00:32
1150,37,cart,2025-10-22 21:33:40
1151,385,view,2025-08-04 03:44:26
1151,387,cart,2025-05-25 06:03:05
1151,175,cart,2025-09-25 08:28:22
1151,352,cart,2025-11-16 15:27:36
1151,169,cart,2025-11-04 23:50:26
1151,358,cart,2025-10-05 15:28:00
1151,290,cart,2026-03-15 15:34:15
1151,304,view,2025-05-28 01:33:32
1152,75,purchase,2025-10-08 06:21:55
1152,147,view,2025-05-15 22:38:15
1152,113,cart,2025-04-21 10:03:27
1153,185,purchase,2026-01-07 04:07:17
1153,149,cart,2026-02-06 09:10:52
1153,483,purchase,2026-04-03 17:23:55
1153,81,purchase,2025-07-28 21:16:18
1153,324,cart,2026-02-04 13:11:01
1153,243,purchase,2025-07-03 01:27:50
1153,225,purchase,2025-11-20 05:10:10
1153,150,view,2026-02-22 13:33:25
1153,380,purchase,2025-10-29 17:23:14
1153,65,view,2025-07-12 05:46:26
1154,149,cart,2025-07-15 00:18:24
1154,131,purchase,2026-04-10 12:21:51
1154,116,view,2025-06-23 09:42:39
1154,435,view,2026-02-03 12:40:29
1154,298,cart,2025-08-17 10:22:06
1154,75,purchase,2025-05-20 12:54:35
1154,6,cart,2025-08-04 01:45:42
1154,186,purchase,2026-01-12 03:56:57
1154,260,purchase,2025-08-28 02:07:58
1154,445,purchase,2025-07-15 17:06:29
1155,244,purchase,2025-10-09 04:53:26
1155,460,view,2026-01-31 04:02:24
1155,497,cart,2025-08-01 11:03:10
1155,329,view,2025-05-04 00:36:27
1155,300,purchase,2026-02-06 02:39:49
1155,160,purchase,2026-04-12 20:05:03
1155,191,cart,2025-08-04 14:40:38
1156,331,view,2026-02-10 03:32:46
1156,445,purchase,2025-12-01 23:56:41
1156,246,view,2025-09-24 01:17:33
1156,247,cart,2026-03-12 22:36:42
1156,7,purchase,2025-11-07 20:40:03
1156,484,view,2025-07-06 01:21:33
1156,175,view,2026-02-09 13:10:07
1156,158,view,2025-11-30 06:59:19
1157,76,cart,2025-11-22 17:08:30
1157,311,purchase,2025-11-11 11:24:30
1157,404,view,2025-11-19 11:23:00
1157,332,view,2025-10-28 15:50:19
1158,255,cart,2025-07-25 08:52:25
1158,291,purchase,2026-03-26 21:17:04
1158,464,view,2025-04-28 19:25:19
1158,430,purchase,2025-12-26 04:31:45
1158,433,purchase,2026-02-12 05:42:33
1158,459,view,2025-12-22 11:28:25
1159,186,purchase,2025-10-17 18:28:39
1159,16,cart,2025-11-14 08:12:01
1159,320,view,2026-01-09 15:57:26
1159,487,cart,2025-07-06 15:36:18
1160,34,cart,2026-01-19 16:30:17
1160,283,purchase,2025-06-14 01:17:51
1160,433,purchase,2026-01-09 22:33:35
1160,275,view,2026-04-05 09:34:11
1160,496,view,2025-10-29 18:21:26
1160,228,purchase,2025-11-26 23:31:38
1160,267,view,2025-08-02 04:24:22
1160,125,cart,2025-09-08 06:18:54
1160,408,purchase,2026-01-08 11:56:52
1161,353,purchase,2025-07-01 18:19:55
1161,439,view,2026-03-18 05:34:29
1161,116,purchase,2025-11-20 19:04:32
1162,90,view,2025-11-28 04:40:58
1162,311,cart,2025-08-13 21:50:23
1162,282,cart,2025-05-19 04:40:46
1162,46,purchase,2025-07-04 17:08:25
1162,97,purchase,2025-06-03 02:35:55
1162,425,view,2026-03-10 01:07:46
1162,463,view,2025-04-27 12:36:04
1162,267,cart,2025-07-01 02:48:54
1163,106,view,2026-01-28 04:20:42
1164,299,purchase,2025-07-24 22:10:40
1164,244,cart,2025-07-05 04:46:51
1164,50,purchase,2025-11-03 06:07:23
1164,451,view,2025-06-16 06:24:02
1165,404,purchase,2026-01-28 10:50:36
1165,37,view,2025-06-17 15:10:43
1165,244,view,2025-07-27 06:40:59
1165,226,view,2025-06-28 03:41:27
1165,243,view,2026-03-05 20:21:25
1165,51,purchase,2025-07-12 08:07:55
1166,110,purchase,2026-03-29 11:43:10
1166,249,cart,2025-09-11 09:39:20
1166,291,view,2026-04-19 18:38:08
1166,297,cart,2026-04-04 22:57:08
1166,440,view,2026-01-20 05:00:54
1166,368,cart,2026-03-20 21:33:15
1166,398,purchase,2025-11-02 13:46:12
1166,99,purchase,2026-02-16 06:28:03
1166,412,purchase,2025-06-16 04:46:51
1166,314,cart,2025-11-21 09:20:34
1167,128,cart,2025-11-10 06:22:56
1168,138,cart,2026-02-06 16:25:26
1168,323,view,2025-10-22 01:30:32
1168,168,purchase,2025-09-20 07:21:16
1168,247,purchase,2025-07-02 09:18:25
1168,145,purchase,2025-10-29 21:30:09
1168,153,cart,2026-03-23 00:15:39
1168,444,purchase,2026-02-10 00:34:09
1168,127,cart,2026-03-28 05:04:32
1168,140,purchase,2025-04-27 01:10:52
1168,287,purchase,2025-08-19 06:44:46
1169,320,cart,2025-09-22 05:34:09
1169,57,view,2026-03-11 04:23:38
1169,249,view,2025-04-24 13:02:28
1169,163,purchase,2025-11-25 10:48:41
1169,240,cart,2026-03-12 22:32:38
1170,91,view,2025-05-16 20:05:00
1170,389,cart,2026-03-23 19:30:23
1170,344,cart,2025-07-05 11:03:33
1171,473,cart,2025-06-08 05:03:39
1171,175,purchase,2025-12-07 09:37:24
1172,421,view,2025-05-30 08:48:51
1172,99,view,2025-11-27 08:45:31
1172,390,view,2025-10-21 00:03:58
1172,109,cart,2026-02-12 20:03:56
1172,256,cart,2025-04-28 20:43:16
1172,163,purchase,2025-11-03 09:13:05
1172,241,view,2026-04-10 12:27:16
1172,350,cart,2026-02-28 03:43:38
1172,474,purchase,2025-08-25 09:28:44
1173,292,purchase,2025-12-16 15:09:30
1173,79,cart,2025-07-30 11:51:54
1173,80,view,2025-10-28 08:13:21
1173,392,cart,2025-11-19 10:04:30
1174,436,view,2026-04-06 17:50:34
1174,312,purchase,2025-06-22 20:01:13
1174,80,cart,2025-07-01 06:50:26
1175,242,purchase,2026-03-30 03:37:13
1175,304,cart,2025-10-11 14:49:03
1175,399,purchase,2025-07-13 12:36:56
1175,137,view,2025-12-02 18:25:31
1175,477,cart,2025-06-16 02:27:21
1175,241,cart,2025-12-04 20:07:53
1175,189,view,2025-06-04 09:59:11
1175,156,cart,2025-12-05 10:50:38
1175,372,cart,2025-08-06 22:57:12
1176,230,cart,2025-09-06 02:40:28
1176,217,purchase,2025-12-31 17:33:05
1176,201,cart,2026-01-27 12:20:59
1176,2,cart,2025-11-30 06:21:08
1176,28,cart,2025-07-13 19:12:28
1176,181,purchase,2026-02-03 20:59:54
1177,499,cart,2025-09-19 11:05:50
1177,392,cart,2025-05-20 05:28:07
1177,9,purchase,2026-01-29 16:19:20
1178,106,purchase,2025-06-27 11:04:37
1178,366,cart,2026-02-08 09:20:29
1178,150,cart,2025-07-25 01:39:07
1178,12,cart,2026-03-05 20:03:57
1179,404,cart,2025-07-29 19:10:44
1179,166,purchase,2025-06-15 10:51:41
1179,286,purchase,2026-01-22 09:39:45
1179,102,view,2026-03-31 09:51:10
1179,316,purchase,2025-05-28 14:58:56
1179,225,cart,2025-05-17 21:42:02
1179,54,view,2026-03-02 15:43:58
1180,82,cart,2025-07-04 20:58:18
1180,370,cart,2025-12-03 21:55:23
1180,482,purchase,2025-12-13 06:19:30
1180,303,cart,2025-05-17 06:34:29
1181,399,purchase,2026-02-04 20:21:57
1182,352,purchase,2026-01-13 23:21:50
1182,249,view,2025-06-30 22:17:56
1182,143,purchase,2026-02-11 16:13:25
1182,300,cart,2025-08-02 22:48:39
1182,30,view,2025-05-28 16:54:52
1182,28,purchase,2025-11-16 16:03:53
1182,175,cart,2025-05-27 00:13:57
1183,189,cart,2025-10-07 23:39:23
1183,472,cart,2025-10-18 03:38:27
1183,56,cart,2025-08-30 16:51:30
1183,68,purchase,2025-07-28 11:20:42
1183,37,cart,2025-08-02 07:12:28
1183,396,purchase,2025-06-02 04:35:08
1183,211,view,2026-02-19 14:45:03
1183,447,view,2026-04-18 03:07:12
1183,301,cart,2025-11-25 20:20:43
1184,102,purchase,2025-05-11 04:24:19
1184,45,cart,2025-09-05 07:32:14
1184,125,cart,2025-05-17 18:51:56
1184,293,purchase,2025-11-22 15:08:18
1184,390,purchase,2025-08-01 04:18:50
1184,133,purchase,2025-10-17 22:27:10
1184,271,cart,2026-04-11 22:10:00
1184,353,view,2025-08-11 17:19:40
1184,71,view,2025-12-24 21:13:46
1184,445,purchase,2025-09-28 15:15:12
1185,490,cart,2026-04-12 19:39:31
1185,463,cart,2025-05-07 04:21:36
1185,382,view,2025-05-24 20:30:11
1185,94,cart,2025-07-31 07:30:57
1185,239,view,2026-02-27 12:53:23
1185,235,cart,2025-10-13 07:13:20
1186,101,purchase,2026-02-18 17:35:29
1186,497,purchase,2026-01-23 22:54:46
1186,132,cart,2025-12-31 10:26:24
1186,309,purchase,2026-04-13 11:39:28
1186,477,view,2025-04-20 02:40:54
1186,71,view,2025-08-27 11:51:18
1187,218,cart,2025-09-01 07:13:32
1187,412,cart,2025-08-31 05:06:31
1187,408,view,2026-02-16 19:14:32
1187,425,purchase,2025-10-03 02:50:44
1187,30,purchase,2025-06-01 23:22:37
1187,191,view,2025-12-20 15:17:36
1187,289,cart,2026-04-05 20:09:10
1188,491,purchase,2025-04-29 00:49:53
1189,404,purchase,2026-03-30 20:01:21
1189,251,cart,2025-12-24 09:56:15
1189,294,cart,2025-11-07 06:27:42
1189,324,view,2025-06-11 08:43:04
1189,376,view,2025-11-13 16:36:25
1189,289,view,2026-01-09 19:53:54
1190,399,view,2025-11-24 11:25:42
1190,272,view,2025-04-24 17:24:31
1190,408,purchase,2025-12-11 04:35:54
1190,433,view,2025-07-30 01:18:20
1190,293,cart,2026-01-19 07:16:38
1190,312,purchase,2026-03-24 06:29:51
1190,97,view,2025-11-15 05:18:12
1190,392,purchase,2025-08-24 17:50:22
1190,220,cart,2025-09-03 00:04:55
1191,231,purchase,2025-08-23 16:44:26
1191,77,purchase,2025-10-12 08:24:15
1191,169,view,2026-03-13 02:35:52
1191,93,purchase,2026-03-14 05:54:45
1191,294,cart,2025-06-28 12:45:27
1191,232,purchase,2025-04-26 06:19:42
1191,399,purchase,2025-06-03 01:08:31
1191,378,cart,2025-10-29 03:24:48
1192,205,purchase,2026-02-22 22:10:21
1193,3,purchase,2026-01-28 20:33:32
1193,424,cart,2025-09-21 22:18:34
1193,9,view,2025-06-16 15:51:12
1193,115,cart,2026-02-01 00:23:46
1193,218,view,2026-01-25 07:39:35
1194,438,view,2026-04-18 15:44:54
1194,299,purchase,2026-04-01 03:48:59
1194,393,cart,2025-11-25 00:27:36
1194,272,cart,2025-12-07 09:26:01
1194,334,purchase,2026-01-23 17:57:14
1195,394,purchase,2025-06-27 17:01:38
1195,473,cart,2026-01-14 22:46:27
1195,457,purchase,2026-01-08 16:09:22
1195,444,purchase,2026-02-09 00:01:04
1196,96,view,2025-12-02 18:53:56
1196,105,cart,2025-09-19 04:20:48
1196,92,view,2025-10-19 14:54:56
1197,273,purchase,2026-02-25 06:07:36
1198,399,view,2025-10-09 11:35:18
1199,178,view,2026-04-18 00:28:38
1199,167,cart,2025-07-29 00:15:57
1199,475,view,2025-08-03 17:10:55
1199,336,view,2025-08-09 19:41:03
1199,103,cart,2026-02-20 20:46:22
1199,83,cart,2025-05-27 04:41:14
1199,138,view,2025-07-11 11:19:16
1199,479,view,2025-08-04 20:37:45
1199,395,cart,2025-10-11 22:37:42
1200,70,cart,2025-06-06 15:12:41
1201,427,cart,2026-03-22 11:23:27
1201,13,cart,2025-09-17 18:35:31
1202,194,view,2025-08-23 14:57:21
1202,228,cart,2025-12-28 02:28:05
1202,204,view,2025-05-30 04:00:14
1202,105,cart,2025-06-12 21:24:17
1203,417,view,2025-12-14 23:40:55
1203,47,view,2025-08-12 17:53:12
1203,259,purchase,2025-06-01 21:36:20
1203,370,purchase,2025-11-04 10:17:35
1203,62,view,2026-03-10 04:39:25
1203,387,view,2025-11-09 20:55:42
1203,61,cart,2025-05-07 08:16:02
1203,379,purchase,2025-06-17 13:08:07
1203,183,purchase,2025-10-14 05:06:06
1203,162,cart,2025-07-13 00:52:47
1204,107,view,2025-09-23 01:34:07
1204,409,purchase,2025-11-30 03:20:05
1204,184,cart,2025-05-24 11:59:35
1204,130,purchase,2025-07-03 01:28:31
1205,483,cart,2025-09-23 10:39:17
1205,8,view,2026-03-28 08:32:10
1206,411,cart,2025-05-21 15:04:37
1206,204,view,2026-01-02 22:15:59
1206,181,cart,2025-08-14 18:33:17
1206,484,cart,2025-06-08 11:27:25
1206,428,view,2025-08-09 18:50:47
1206,222,purchase,2025-04-28 23:23:23
1206,153,view,2025-07-27 10:08:11
1207,333,purchase,2025-05-22 07:35:36
1207,414,cart,2025-06-21 16:15:10
1208,8,cart,2026-01-30 01:53:17
1208,373,purchase,2025-04-28 08:20:47
1208,459,cart,2025-05-04 13:51:17
1208,23,view,2025-08-31 11:48:49
1208,433,view,2025-09-24 06:56:03
1208,90,purchase,2026-02-01 07:50:02
1208,4,view,2026-03-15 07:09:46
1208,265,view,2026-01-25 11:54:17
1209,355,cart,2025-11-30 10:56:07
1209,390,view,2025-05-12 05:12:20
1209,31,purchase,2025-09-06 05:23:05
1210,443,purchase,2025-06-11 20:42:27
1210,338,cart,2026-03-07 00:21:17
1210,190,purchase,2026-02-22 19:49:29
1210,212,view,2025-09-18 14:04:21
1211,88,view,2026-01-20 16:58:32
1211,479,purchase,2026-04-12 11:13:21
1211,494,view,2025-11-10 00:50:07
1211,379,purchase,2025-09-12 02:47:05
1211,92,cart,2026-03-23 13:26:14
1211,450,view,2025-12-10 10:00:38
1211,402,view,2025-06-19 01:22:11
1212,254,view,2026-03-11 02:35:28
1213,206,purchase,2025-07-29 07:22:14
1213,191,cart,2026-01-29 03:08:58
1213,318,cart,2025-11-26 16:54:11
1213,14,view,2025-10-03 00:25:14
1213,169,view,2025-11-21 08:07:47
1214,17,purchase,2026-04-17 02:48:33
1214,446,view,2026-04-01 06:57:18
1214,467,cart,2025-09-21 13:11:47
1214,23,purchase,2025-09-30 10:14:12
1214,193,purchase,2025-06-06 19:57:44
1214,369,purchase,2025-12-24 08:31:42
1214,86,view,2025-07-12 07:27:22
1214,51,view,2025-12-17 21:44:16
1215,459,view,2025-11-19 00:28:15
1215,47,cart,2026-04-09 18:41:23
1215,33,view,2025-06-07 09:37:44
1215,495,cart,2025-12-06 03:00:18
1215,237,cart,2025-06-07 18:07:41
1215,438,purchase,2026-04-19 08:41:12
1216,68,purchase,2026-03-24 02:40:45
1216,414,purchase,2025-05-25 23:27:39
1216,0,cart,2025-07-05 10:36:23
1216,243,cart,2025-12-11 12:59:01
1216,460,cart,2025-06-19 05:21:46
1216,65,cart,2025-10-25 04:12:48
1216,336,purchase,2025-11-10 05:07:12
1216,187,purchase,2025-07-01 09:53:48
1217,244,cart,2025-12-14 07:57:39
1217,383,purchase,2026-02-26 02:21:47
1218,64,view,2025-06-09 09:57:45
1218,263,view,2025-07-07 02:19:36
1218,412,view,2025-11-19 02:24:09
1218,115,purchase,2025-08-09 15:58:48
1219,380,view,2026-02-23 13:38:36
1219,367,cart,2026-02-16 18:28:53
1220,454,purchase,2025-06-02 16:20:17
1220,53,view,2025-09-20 09:22:59
1220,115,cart,2026-03-06 09:50:10
1220,94,purchase,2025-09-26 02:25:03
1220,337,cart,2026-01-11 04:35:14
1221,363,cart,2025-10-08 09:04:05
1221,342,purchase,2025-10-21 11:40:55
1221,266,purchase,2026-03-27 14:08:44
1221,295,cart,2025-07-29 18:14:23
1221,389,view,2025-09-10 11:40:58
1221,167,cart,2025-08-25 15:50:52
1222,338,view,2025-06-02 21:02:14
1222,296,purchase,2025-11-28 12:12:15
1222,478,view,2026-01-04 10:41:19
1222,382,cart,2026-04-07 07:33:45
1222,323,view,2026-01-03 10:22:17
1222,406,view,2025-04-26 15:37:05
1223,7,view,2025-09-06 21:28:21
1223,324,view,2026-04-19 20:55:22
1223,427,view,2025-12-19 17:53:00
1224,203,cart,2025-10-06 03:51:44
1224,5,purchase,2025-05-08 18:02:45
1224,246,cart,2025-11-24 12:51:04
1225,96,purchase,2026-03-07 08:28:26
1225,445,purchase,2025-06-02 04:07:49
1225,207,cart,2026-02-25 21:25:41
1225,109,cart,2026-01-08 19:13:42
1225,318,cart,2025-07-08 12:54:32
1225,279,cart,2025-06-07 21:41:20
1226,381,cart,2026-02-21 17:47:40
1226,335,purchase,2026-01-07 18:02:10
1227,172,view,2025-12-25 02:07:23
1227,130,cart,2025-09-04 20:10:12
1227,413,cart,2025-08-16 07:26:52
1227,395,purchase,2025-10-21 21:52:55
1227,233,purchase,2025-08-13 11:28:31
1227,49,purchase,2025-08-26 14:52:20
1228,390,purchase,2026-01-12 21:42:40
1228,134,view,2025-06-14 09:03:28
1228,400,cart,2025-05-29 14:14:51
1228,218,purchase,2025-06-11 14:19:32
1228,13,purchase,2025-12-21 22:50:30
1228,64,view,2025-07-10 03:39:18
1229,499,cart,2025-04-30 17:12:15
1229,424,view,2025-07-24 22:37:12
1229,61,purchase,2025-08-12 23:56:10
1229,364,cart,2025-08-27 18:51:28
1230,447,cart,2025-11-18 22:51:16
1230,157,cart,2025-12-06 14:10:28
1230,223,purchase,2026-04-13 04:26:51
1231,494,purchase,2026-03-03 01:22:59
1231,93,cart,2026-01-12 21:54:03
1232,99,view,2025-10-18 11:11:21
1232,430,purchase,2026-04-10 05:05:33
1232,113,view,2025-08-03 13:00:29
1232,101,purchase,2025-09-14 07:41:29
1232,381,cart,2025-11-08 05:24:38
1232,269,purchase,2026-03-02 15:47:31
1232,399,view,2025-10-07 03:22:34
1232,288,purchase,2025-11-19 02:47:27
1232,268,view,2025-05-28 07:02:09
1233,185,purchase,2026-01-30 22:11:38
1233,117,purchase,2025-08-14 02:43:07
1233,484,purchase,2026-02-24 23:18:36
1233,85,cart,2026-01-30 03:57:39
1233,81,view,2025-12-15 01:48:04
1233,348,view,2025-08-12 00:55:01
1233,325,purchase,2026-04-01 05:28:10
1233,439,purchase,2025-10-05 00:21:24
1233,115,purchase,2025-04-30 03:03:02
1234,276,purchase,2025-11-07 13:33:54
1234,217,view,2025-04-23 11:50:51
1234,142,view,2026-04-19 00:43:41
1235,151,cart,2026-02-21 10:54:10
1235,461,purchase,2026-04-05 00:04:30
1235,497,cart,2025-12-07 18:44:48
1235,457,cart,2026-03-07 03:09:49
1235,239,cart,2025-05-10 14:20:10
1235,69,purchase,2025-06-17 12:13:19
1235,480,cart,2025-04-30 02:21:03
1236,38,cart,2025-04-23 18:26:56
1237,342,cart,2026-01-06 13:33:44
1237,106,purchase,2025-06-02 01:08:51
1237,313,purchase,2026-02-15 06:14:30
1237,491,view,2025-11-08 02:37:55
1237,30,cart,2025-10-27 18:51:47
1237,71,view,2025-04-20 03:27:35
1237,246,view,2025-12-27 16:12:29
1237,391,view,2026-01-24 11:58:40
1237,200,view,2025-08-20 13:03:54
1238,200,purchase,2025-07-30 12:21:14
1238,99,view,2025-05-28 07:25:49
1238,427,cart,2025-09-08 11:38:17
1238,36,view,2025-08-30 05:58:06
1238,493,cart,2025-04-26 19:25:59
1238,71,cart,2025-05-31 10:59:22
1238,63,purchase,2026-02-21 15:03:53
1239,483,purchase,2026-03-18 16:51:42
1239,77,view,2026-01-15 13:56:38
1239,227,view,2026-03-22 07:20:47
1239,344,cart,2026-02-15 05:33:12
1239,389,cart,2025-07-01 14:12:36
1239,5,purchase,2025-09-20 18:10:22
1239,60,purchase,2025-10-20 12:40:03
1239,159,purchase,2025-12-07 16:29:21
1239,52,purchase,2026-01-27 07:24:20
1239,306,cart,2026-04-08 15:16:41
1240,338,cart,2025-10-25 22:38:27
1240,152,view,2025-09-21 17:54:35
1240,277,purchase,2025-06-27 05:09:31
1240,312,cart,2026-01-08 01:39:44
1241,36,purchase,2025-11-03 18:45:53
1241,174,cart,2025-07-11 23:37:07
1241,486,view,2026-03-07 05:57:06
1242,429,cart,2025-08-14 21:44:24
1242,57,purchase,2026-03-23 20:00:22
1242,238,cart,2025-11-08 01:36:44
1242,299,view,2026-02-13 09:03:33
1242,448,purchase,2025-08-14 23:20:51
1242,354,cart,2025-06-16 07:26:08
1242,388,cart,2025-09-16 15:03:29
1243,267,view,2026-01-22 01:13:44
1243,45,purchase,2025-05-15 09:00:12
1243,308,purchase,2026-02-08 11:13:29
1243,442,cart,2025-11-07 13:16:44
1244,445,purchase,2025-11-24 03:54:54
1244,253,purchase,2026-03-07 19:26:39
1244,493,cart,2025-08-22 11:30:02
1244,215,view,2025-12-19 01:01:25
1245,442,cart,2025-11-20 03:27:04
1245,431,purchase,2025-10-15 22:46:47
1246,463,cart,2025-05-06 12:02:01
1246,327,purchase,2026-04-14 05:02:32
1246,168,cart,2025-07-24 23:44:51
1246,341,cart,2025-12-29 04:07:16
1246,182,view,2026-03-21 09:04:05
1247,51,purchase,2025-05-20 08:31:12
1248,124,purchase,2025-12-09 09:04:19
1248,253,view,2025-05-04 23:54:57
1248,302,cart,2025-09-13 18:39:45
1248,340,cart,2025-12-18 18:52:24
1248,53,purchase,2025-10-01 19:08:36
1248,249,purchase,2025-05-26 13:21:27
1248,310,purchase,2025-06-07 21:10:33
1248,192,purchase,2026-02-07 05:28:40
1249,445,purchase,2026-03-29 12:44:45
1249,195,view,2025-04-20 03:13:16
1249,308,view,2025-10-14 11:06:15
1249,302,purchase,2025-09-01 02:46:15
1249,488,view,2026-02-08 12:44:15
1249,294,view,2025-06-25 21:51:00
1249,60,view,2025-08-14 09:03:44
1249,184,purchase,2025-10-01 15:30:18
1249,344,purchase,2026-02-13 01:34:24
1250,215,cart,2025-07-02 08:26:48
1250,367,purchase,2025-12-13 04:44:35
1250,20,cart,2025-07-01 07:10:18
1250,331,cart,2026-02-01 10:03:03
1250,436,cart,2026-01-25 05:18:18
1250,293,purchase,2025-12-26 11:20:45
1250,19,cart,2025-09-26 10:48:00
1250,416,purchase,2025-11-06 10:49:45
1250,381,cart,2025-05-14 00:35:48
1250,342,view,2025-10-08 06:39:44
1251,290,view,2026-02-06 15:20:09
1251,12,purchase,2026-01-07 22:15:52
1251,484,cart,2026-02-15 16:35:57
1251,50,cart,2026-02-08 07:49:00
1252,410,view,2026-01-25 20:01:35
1252,373,cart,2025-12-06 09:42:20
1252,434,cart,2025-04-22 23:18:20
1252,183,purchase,2025-06-14 04:03:20
1252,176,cart,2025-11-05 02:24:08
1252,498,view,2025-05-27 01:08:24
1252,141,cart,2025-05-20 05:17:07
1253,166,cart,2025-07-06 11:51:26
1254,393,view,2025-12-31 18:49:40
1254,107,purchase,2025-12-04 10:29:07
1254,394,purchase,2025-07-11 01:37:42
1254,331,cart,2025-11-18 13:51:20
1254,379,cart,2025-10-10 01:47:09
1255,399,view,2025-05-29 15:40:41
1255,432,cart,2025-09-10 01:33:55
1255,438,view,2025-08-06 00:05:05
1255,170,cart,2025-11-19 18:08:56
1255,315,purchase,2025-06-26 22:11:30
1255,378,view,2025-04-20 11:58:11
1256,424,cart,2025-07-11 17:18:32
1256,51,purchase,2025-09-29 07:06:01
1256,46,purchase,2025-08-08 16:21:30
1256,207,cart,2025-07-19 11:41:30
1256,318,cart,2025-04-20 14:10:34
1256,327,view,2025-09-13 22:57:36
1257,103,cart,2025-09-21 11:06:52
1257,438,purchase,2025-11-25 01:07:44
1257,248,cart,2025-05-23 14:28:42
1257,172,cart,2025-05-03 11:39:29
1257,458,cart,2026-03-11 00:06:15
1257,386,view,2025-10-16 12:26:50
1257,491,view,2025-11-25 16:59:18
1258,8,view,2026-04-16 10:30:45
1258,97,purchase,2025-06-02 04:14:04
1258,158,purchase,2025-09-20 11:13:06
1258,358,purchase,2025-12-06 12:37:30
1258,286,cart,2025-06-02 01:19:21
1258,387,purchase,2025-05-13 19:04:33
1259,91,cart,2026-02-14 09:38:29
1259,316,purchase,2026-02-04 01:29:14
1259,38,view,2026-02-10 13:21:03
1259,47,view,2026-01-30 11:51:42
1259,364,purchase,2025-09-22 11:37:46
1259,468,purchase,2025-11-01 18:39:08
1259,207,cart,2025-06-19 14:02:36
1259,74,purchase,2025-11-15 15:36:35
1259,174,purchase,2025-09-17 11:49:09
1260,203,view,2025-08-14 08:55:38
1260,471,cart,2025-05-14 02:51:28
1260,53,purchase,2026-03-13 02:25:05
1260,417,cart,2025-10-24 04:28:57
1260,314,purchase,2025-05-22 02:23:22
1260,497,view,2025-06-05 20:21:15
1261,115,cart,2026-01-19 21:06:39
1261,422,view,2026-01-27 00:02:40
1261,125,purchase,2025-12-03 20:07:18
1261,79,purchase,2025-11-28 19:29:41
1261,140,view,2026-03-31 10:39:44
1261,253,view,2025-08-19 04:07:42
1262,125,view,2026-01-16 18:01:34
1262,225,purchase,2026-01-11 19:18:41
1262,415,view,2025-08-09 11:11:30
1262,74,view,2026-02-02 13:43:55
1263,124,view,2025-10-24 08:02:22
1263,439,purchase,2025-05-14 21:21:46
1263,247,cart,2025-11-20 21:43:07
1263,212,purchase,2026-03-29 10:09:27
1263,282,purchase,2025-09-05 16:00:58
1264,211,view,2025-04-30 05:07:26
1264,434,purchase,2026-02-20 17:56:20
1264,297,cart,2025-07-22 01:18:36
1264,321,purchase,2026-01-19 02:06:53
1265,382,cart,2025-09-11 09:53:10
1265,361,cart,2025-05-18 05:15:12
1265,411,cart,2025-07-18 11:39:23
1265,220,cart,2025-10-26 17:01:18
1265,186,view,2026-01-31 13:22:11
1265,163,purchase,2026-03-18 05:26:04
1265,182,view,2025-07-06 09:23:12
1266,164,purchase,2025-06-11 23:25:18
1266,126,purchase,2025-09-08 12:16:19
1266,296,view,2025-05-10 23:06:49
1267,469,purchase,2025-08-02 21:06:25
1267,362,cart,2026-02-25 15:09:55
1268,160,view,2026-03-09 22:38:19
1268,413,purchase,2025-07-26 01:24:18
1268,116,purchase,2026-01-30 09:49:53
1268,178,purchase,2025-09-27 13:36:33
1268,359,purchase,2025-11-14 02:11:31
1268,499,purchase,2025-09-25 07:21:37
1268,420,view,2025-06-01 22:15:26
1268,238,cart,2025-12-03 16:02:03
1268,294,view,2025-07-18 04:26:33
1269,316,cart,2025-06-15 08:09:01
1269,254,purchase,2025-06-15 01:54:49
1269,223,view,2026-04-15 02:50:57
1269,488,view,2026-01-31 01:49:13
1269,11,purchase,2026-03-06 08:16:35
1269,229,purchase,2026-03-09 09:15:09
1269,332,view,2025-09-27 04:40:58
1269,458,cart,2025-11-20 01:10:07
1270,444,purchase,2026-04-01 04:49:33
1270,75,view,2026-01-04 17:05:10
1270,349,cart,2026-01-13 23:49:49
1270,33,purchase,2025-09-07 06:54:58
1270,141,purchase,2025-05-02 15:08:58
1270,129,purchase,2025-11-21 11:11:07
1270,14,purchase,2025-09-12 07:14:45
1270,306,cart,2026-04-11 09:49:34
1271,360,view,2025-06-04 13:34:24
1271,202,view,2026-02-03 09:47:36
1271,338,cart,2025-10-25 23:12:34
1271,158,purchase,2025-04-23 11:50:19
1271,356,purchase,2025-11-19 19:01:41
1271,155,cart,2025-11-05 03:04:44
1271,119,purchase,2025-12-13 11:39:52
1272,484,cart,2026-03-13 22:09:06
1272,73,purchase,2026-03-16 13:03:06
1272,348,purchase,2025-06-27 23:43:01
1272,161,view,2025-10-15 23:26:47
1272,497,purchase,2026-03-06 22:48:02
1272,27,purchase,2025-06-17 13:59:28
1272,386,cart,2025-09-24 05:13:35
1272,300,view,2026-02-08 23:10:49
1272,396,view,2025-11-11 04:30:26
1273,32,purchase,2025-05-11 13:45:43
1273,211,purchase,2025-11-22 20:42:46
1273,82,purchase,2025-12-27 17:47:34
1273,99,view,2025-04-22 03:30:36
1273,307,view,2025-10-24 15:02:18
1273,427,view,2025-05-18 14:54:42
1273,15,purchase,2025-09-23 12:10:10
1273,475,cart,2026-02-26 19:54:29
1273,373,view,2026-01-10 16:57:31
1273,169,view,2026-01-06 10:36:28
1274,484,cart,2025-11-02 22:43:07
1274,293,purchase,2026-01-13 01:40:28
1275,412,cart,2026-02-19 14:30:57
1275,195,purchase,2026-01-29 02:56:16
1275,242,view,2025-09-03 02:48:14
1275,433,cart,2025-12-03 20:11:52
1275,93,view,2025-09-13 09:33:19
1275,159,cart,2025-09-22 09:37:46
1275,90,purchase,2025-12-03 06:49:04
1276,450,cart,2026-01-05 03:53:11
1276,255,view,2026-02-05 20:46:53
1276,94,cart,2026-02-07 02:41:09
1276,205,view,2026-01-11 19:38:29
1276,116,cart,2026-03-21 21:36:40
1276,331,purchase,2026-02-10 22:29:58
1276,41,cart,2026-03-22 09:08:32
1277,384,view,2025-11-29 14:21:48
1277,268,cart,2025-05-30 17:50:35
1277,10,purchase,2026-04-12 18:31:47
1277,31,purchase,2026-01-26 04:11:00
1277,30,purchase,2025-07-17 09:16:21
1277,191,view,2025-09-16 12:37:48
1277,86,view,2026-01-08 05:31:22
1277,493,purchase,2025-10-27 04:42:23
1278,2,cart,2025-08-31 10:16:08
1279,156,view,2025-12-10 22:56:22
1279,409,purchase,2026-03-22 03:13:14
1279,288,cart,2025-11-26 09:36:16
1279,439,view,2025-09-30 17:04:29
1279,489,view,2025-07-03 17:55:12
1279,96,purchase,2026-04-15 19:17:26
1279,317,cart,2026-01-18 21:19:06
1280,274,view,2025-05-04 09:06:02
1280,499,cart,2026-03-29 19:44:08
1280,49,purchase,2025-06-01 19:16:32
1281,307,cart,2025-07-23 05:25:57
1281,293,view,2025-12-23 18:28:30
1281,456,cart,2025-12-01 14:27:00
1282,259,view,2025-10-26 23:17:34
1282,416,cart,2025-09-25 23:02:43
1282,15,purchase,2026-02-10 15:18:43
1283,478,purchase,2025-11-17 06:59:48
1284,413,cart,2025-04-19 16:21:12
1284,478,cart,2025-11-20 09:54:41
1285,178,purchase,2025-08-11 08:36:33
1285,92,purchase,2026-03-31 07:20:04
1286,85,view,2026-03-26 23:34:25
1286,254,view,2026-03-28 00:19:24
1286,308,view,2025-12-08 06:22:02
1286,313,cart,2026-03-10 08:17:51
1286,480,cart,2025-11-02 14:07:54
1286,475,purchase,2026-03-21 03:03:04
1286,280,cart,2025-10-11 23:59:08
1286,401,cart,2025-12-03 20:50:30
1286,483,view,2025-11-15 17:13:08
1287,33,cart,2025-08-10 11:21:59
1287,126,cart,2026-02-04 21:37:51
1287,72,view,2025-12-31 05:05:34
1287,491,cart,2025-05-13 20:26:18
1287,96,cart,2025-12-31 17:04:55
1287,21,cart,2025-04-27 17:15:16
1287,30,cart,2025-09-25 11:51:29
1287,415,purchase,2025-12-10 18:24:40
1287,362,purchase,2025-10-19 04:15:10
1288,434,purchase,2026-04-12 16:27:46
1288,46,purchase,2025-12-25 06:53:49
1289,466,purchase,2025-09-22 13:49:06
1289,288,purchase,2025-06-12 09:44:07
1289,359,purchase,2025-12-28 22:52:44
1289,267,cart,2025-09-26 08:39:38
1289,387,purchase,2026-01-14 21:09:58
1289,329,view,2026-01-24 06:33:23
1290,164,view,2025-08-30 11:46:33
1290,229,view,2026-03-23 13:54:08
1290,149,purchase,2025-12-08 19:24:14
1290,218,cart,2025-12-04 07:40:34
1290,222,cart,2025-09-28 13:08:15
1291,251,view,2026-01-20 17:19:51
1291,251,view,2025-08-10 00:56:22
1292,287,cart,2025-04-25 17:15:24
1292,312,cart,2026-04-10 10:24:05
1292,156,cart,2026-03-11 19:03:59
1292,402,cart,2025-06-16 05:06:35
1292,394,purchase,2025-06-08 10:21:05
1292,357,view,2025-09-20 16:36:30
1293,425,view,2025-12-16 09:23:52
1293,96,view,2025-09-01 12:15:57
1293,157,purchase,2025-08-08 07:45:32
1293,382,purchase,2026-01-30 05:23:44
1293,277,view,2026-04-19 01:30:02
1293,328,cart,2025-11-18 12:26:34
1293,378,view,2026-03-10 08:29:23
1293,273,view,2025-09-16 15:05:30
1293,24,cart,2025-07-10 14:13:44
1294,96,cart,2026-04-10 23:40:47
1294,493,purchase,2026-04-08 23:30:19
1294,26,purchase,2026-01-04 16:58:15
1294,447,cart,2026-01-05 10:27:20
1294,378,purchase,2025-05-31 20:55:32
1294,268,view,2026-02-24 06:40:26
1294,260,cart,2025-07-25 15:41:21
1295,466,view,2025-09-26 13:36:00
1296,234,view,2026-02-24 04:09:00
1296,456,view,2026-01-02 10:52:20
1297,37,purchase,2025-05-22 07:13:30
1297,104,cart,2025-06-25 14:37:43
1297,105,purchase,2025-12-06 02:29:37
1297,327,purchase,2026-04-19 11:28:18
1297,7,view,2026-02-25 01:15:26
1297,472,cart,2025-10-28 06:55:23
1298,460,purchase,2025-11-03 01:15:10
1298,59,cart,2025-10-31 15:59:17
1298,2,view,2026-04-15 23:12:25
1298,337,cart,2026-03-17 14:30:51
1299,199,view,2025-05-19 00:45:03
1299,190,cart,2025-12-22 07:28:14
1299,22,view,2025-11-08 20:28:00
1300,306,view,2026-03-24 17:10:53
1300,318,purchase,2025-11-03 05:48:03
1300,132,cart,2025-09-11 10:29:21
1301,363,purchase,2025-08-02 06:56:10
1301,158,view,2025-08-12 00:34:35
1301,481,purchase,2025-11-09 05:08:10
1301,377,cart,2026-03-07 00:34:25
1301,209,purchase,2025-12-14 02:07:58
1301,5,cart,2026-04-03 01:31:24
1301,421,cart,2026-02-16 00:54:16
1301,193,cart,2025-05-22 01:31:40
1301,431,view,2026-01-28 16:12:31
1301,418,cart,2025-08-17 03:34:25
1302,307,view,2025-06-18 15:19:29
1302,320,purchase,2025-05-08 15:11:48
1302,202,view,2025-09-05 23:14:52
1302,356,cart,2026-02-13 02:30:08
1302,65,purchase,2026-01-16 01:03:22
1303,36,purchase,2026-03-10 00:15:13
1303,58,view,2025-07-14 15:11:45
1303,81,cart,2025-06-23 10:30:54
1303,34,view,2025-10-10 07:10:09
1304,167,view,2025-09-19 01:33:03
1304,483,purchase,2025-09-01 04:15:47
1304,131,purchase,2025-05-03 19:17:35
1304,366,purchase,2025-08-27 20:19:32
1304,203,cart,2025-09-15 19:47:14
1304,274,cart,2026-04-08 07:05:42
1304,145,purchase,2026-03-22 02:30:51
1304,133,view,2026-04-02 22:05:01
1304,389,view,2026-02-10 05:10:30
1305,421,view,2025-11-16 18:38:08
1305,486,view,2025-10-11 18:58:44
1305,284,cart,2026-02-25 18:25:28
1305,102,view,2025-07-23 13:24:34
1305,265,view,2025-04-21 20:25:22
1305,240,cart,2025-11-27 04:32:06
1305,55,view,2025-05-12 21:47:37
1306,19,cart,2025-10-20 21:11:27
1306,94,view,2025-11-05 23:34:55
1306,390,purchase,2025-06-28 12:06:11
1306,412,view,2025-09-27 03:16:58
1307,223,purchase,2025-04-23 15:48:34
1307,189,cart,2025-12-15 23:25:42
1307,378,view,2025-06-02 20:19:21
1307,226,purchase,2025-12-08 19:21:25
1308,339,purchase,2025-06-13 19:28:43
1309,393,view,2025-08-09 11:42:45
1309,371,cart,2025-08-22 02:22:41
1309,22,purchase,2025-12-13 00:45:56
1309,7,view,2026-03-19 04:28:46
1310,440,cart,2025-05-22 08:48:06
1310,471,view,2026-04-19 17:58:52
1310,179,cart,2025-11-21 05:47:44
1310,102,purchase,2025-09-17 00:03:53
1310,28,cart,2026-02-17 23:26:49
1310,194,view,2026-02-13 11:23:35
1311,258,view,2026-04-10 14:39:24
1311,115,view,2025-05-21 13:45:40
1311,321,view,2025-12-02 05:33:32
1311,171,purchase,2025-11-07 12:09:24
1311,369,cart,2025-06-10 23:53:28
1312,446,cart,2025-05-07 18:49:43
1313,431,view,2026-02-20 03:33:45
1313,308,purchase,2026-02-26 15:58:55
1314,285,view,2025-07-18 19:45:36
1314,73,purchase,2025-09-21 22:26:04
1314,493,cart,2025-04-25 18:39:47
1314,29,view,2026-03-09 11:39:13
1314,350,view,2025-05-03 19:13:00
1315,265,purchase,2025-08-07 04:11:21
1315,8,purchase,2025-09-07 23:33:53
1315,368,view,2026-02-11 02:47:46
1315,370,cart,2026-02-10 17:31:40
1315,189,view,2026-03-09 19:49:50
1315,73,view,2025-07-10 04:35:43
1315,350,view,2025-05-07 07:37:28
1316,195,view,2025-10-23 01:49:58
1317,29,cart,2025-07-24 13:58:26
1317,393,purchase,2026-03-06 22:44:28
1317,61,view,2026-02-28 01:51:26
1317,390,purchase,2025-04-26 00:01:09
1317,18,purchase,2026-04-02 10:17:00
1317,279,view,2025-10-17 08:03:43
1317,10,purchase,2026-04-15 12:29:57
1317,421,cart,2025-11-13 11:53:14
1317,479,purchase,2025-04-24 14:20:36
1317,330,cart,2026-04-17 10:26:08
1318,351,purchase,2025-04-29 13:06:44
1318,198,cart,2025-07-30 07:33:57
1318,466,purchase,2025-06-07 16:31:39
1318,121,purchase,2025-08-16 16:24:26
1318,251,purchase,2025-08-12 12:53:15
1319,176,purchase,2026-02-23 05:07:55
1319,232,cart,2026-04-16 17:11:36
1319,470,view,2025-05-23 03:11:36
1319,232,purchase,2026-03-20 08:54:09
1319,450,cart,2026-02-25 09:13:03
1320,73,cart,2025-07-01 00:07:47
1320,326,purchase,2026-04-06 16:44:17
1320,89,cart,2025-09-12 01:22:35
1320,131,view,2025-12-20 05:12:36
1321,378,view,2026-02-25 03:33:43
1321,221,cart,2025-04-26 16:17:48
1321,73,view,2026-02-25 19:30:45
1321,235,cart,2026-04-05 20:39:09
1321,363,purchase,2025-08-09 07:14:22
1321,436,view,2025-09-23 11:41:38
1322,64,purchase,2025-05-12 04:19:57
1322,180,view,2026-03-22 08:47:31
1322,482,cart,2025-09-18 02:29:58
1322,215,cart,2025-11-18 15:53:18
1322,235,purchase,2025-07-31 05:55:55
1322,231,cart,2025-06-14 20:29:11
1322,487,cart,2025-09-06 03:14:30
1323,186,cart,2026-02-28 18:24:23
1323,166,purchase,2025-08-29 18:06:48
1323,204,view,2025-08-15 11:42:44
1323,370,purchase,2025-09-05 10:33:54
1323,105,view,2025-11-21 17:45:08
1323,111,purchase,2025-09-03 03:04:42
1323,97,purchase,2025-09-06 06:02:16
1323,99,purchase,2026-04-14 19:58:38
1324,186,cart,2026-03-27 04:43:00
1324,280,cart,2025-08-22 12:07:01
1324,191,purchase,2026-03-29 23:35:13
1324,157,view,2026-02-21 14:17:08
1324,201,view,2026-01-22 07:12:45
1324,240,view,2025-10-27 15:24:58
1324,277,purchase,2025-06-18 22:37:59
1324,231,cart,2025-06-12 21:12:55
1324,463,purchase,2025-11-04 18:28:58
1324,211,view,2026-01-13 17:46:16
1325,111,cart,2025-04-22 06:32:01
1325,282,view,2025-07-06 00:06:27
1325,337,cart,2025-11-29 02:39:05
1325,479,purchase,2025-06-01 15:10:13
1326,92,cart,2025-06-19 05:35:59
1326,12,purchase,2025-10-13 06:35:11
1326,105,cart,2025-08-21 02:13:51
1326,290,purchase,2025-09-18 19:27:30
1326,88,cart,2026-02-24 20:43:31
1326,381,purchase,2025-08-19 15:40:09
1326,288,view,2025-10-01 14:04:06
1327,294,view,2025-09-19 02:51:43
1327,77,cart,2025-09-12 01:38:19
1327,162,cart,2025-04-22 06:15:26
1327,125,purchase,2026-02-13 08:16:14
1327,66,cart,2025-09-17 02:45:11
1327,161,purchase,2026-01-03 08:08:25
1327,477,purchase,2025-06-20 21:17:14
1328,376,purchase,2025-06-13 01:05:08
1328,448,view,2025-11-16 08:28:53
1328,346,view,2025-10-21 19:17:13
1328,402,view,2025-04-23 00:31:28
1328,43,view,2025-11-06 16:25:34
1328,4,view,2026-03-06 23:10:03
1328,169,view,2025-05-20 10:51:01
1328,160,cart,2026-03-06 15:52:56
1328,103,purchase,2025-12-09 09:11:36
1329,490,view,2026-02-17 01:57:45
1329,157,view,2025-06-28 05:52:02
1329,185,purchase,2025-05-27 04:03:29
1330,298,cart,2026-02-20 02:15:55
1330,243,cart,2026-01-20 03:07:07
1330,360,view,2025-10-27 05:24:11
1330,148,cart,2025-06-12 02:10:13
1330,51,purchase,2025-05-15 21:37:34
1330,81,view,2025-12-19 16:01:46
1331,212,view,2025-09-09 03:12:49
1331,272,purchase,2025-08-24 16:25:31
1331,209,view,2025-09-15 22:31:10
1332,282,purchase,2025-06-13 20:08:32
1332,240,purchase,2025-07-23 09:20:25
1332,143,purchase,2025-06-17 20:46:24
1332,434,view,2025-12-22 23:26:22
1332,499,view,2025-11-09 03:46:17
1332,339,view,2026-03-05 15:06:10
1332,465,cart,2026-03-10 02:43:43
1332,49,view,2026-03-22 17:53:06
1332,69,cart,2025-09-11 10:27:29
1333,194,cart,2026-02-11 23:23:18
1333,87,view,2025-05-21 05:58:07
1333,300,purchase,2026-03-22 15:16:04
1333,418,cart,2025-12-27 12:30:00
1333,476,cart,2026-01-30 03:39:27
1333,299,purchase,2026-02-13 23:14:53
1333,93,cart,2026-01-03 07:06:17
1333,457,view,2025-08-27 14:42:39
1334,484,purchase,2025-11-11 14:16:13
1334,290,cart,2025-05-05 05:10:38
1334,453,cart,2026-01-30 21:18:10
1334,43,cart,2025-12-11 20:12:30
1334,35,view,2025-05-28 12:24:51
1334,69,purchase,2026-01-07 12:30:06
1334,153,purchase,2026-04-13 03:35:01
1334,201,view,2025-07-20 22:59:10
1335,478,purchase,2025-09-12 19:42:34
1335,100,purchase,2025-11-30 14:31:13
1336,149,purchase,2026-01-08 07:18:49
1336,405,view,2026-01-18 03:27:38
1336,181,purchase,2025-05-16 15:56:09
1336,409,cart,2026-01-10 13:38:32
1336,8,purchase,2025-12-30 12:38:13
1336,456,purchase,2025-09-06 22:34:39
1337,86,cart,2025-07-30 19:06:25
1337,435,cart,2025-10-16 11:32:57
1337,98,purchase,2026-01-09 12:24:03
1337,143,purchase,2025-08-28 02:05:42
1337,462,view,2026-03-05 17:40:41
1337,250,cart,2025-12-09 16:47:15
1337,463,view,2026-01-02 20:44:44
1338,332,view,2025-09-18 12:51:09
1339,134,cart,2025-09-18 19:20:06
1339,221,cart,2025-11-16 20:36:24
1339,20,cart,2025-06-22 15:59:01
1339,383,purchase,2025-11-28 07:35:20
1339,234,purchase,2025-06-24 23:05:57
1340,170,purchase,2025-06-20 09:20:26
1340,16,view,2025-06-28 21:35:31
1341,5,purchase,2025-05-06 05:03:40
1341,293,view,2025-05-25 20:31:57
1341,154,cart,2025-04-25 02:25:02
1341,102,cart,2025-09-09 23:22:30
1341,194,cart,2025-09-25 20:58:56
1341,18,purchase,2026-01-19 17:23:39
1341,344,cart,2025-06-27 11:27:09
1341,356,cart,2025-10-20 11:18:49
1341,171,cart,2025-06-04 09:13:31
1341,411,purchase,2025-10-12 22:59:53
1342,208,purchase,2026-02-19 06:22:25
1342,175,view,2025-07-23 17:05:42
1342,482,cart,2025-11-01 02:52:25
1342,368,cart,2025-12-22 22:25:04
1342,282,view,2025-10-22 10:29:53
1342,250,cart,2026-03-02 08:18:31
1342,136,view,2025-06-09 13:22:36
1343,470,purchase,2025-10-27 14:41:24
1343,43,purchase,2025-11-24 21:45:06
1343,467,cart,2026-03-16 09:27:31
1343,441,purchase,2026-01-12 23:38:14
1343,458,view,2026-04-13 22:07:47
1343,11,view,2025-09-27 13:41:57
1343,412,view,2025-12-21 07:54:33
1343,124,view,2025-10-24 06:29:05
1344,191,view,2025-05-04 03:07:36
1344,78,purchase,2025-11-12 06:55:23
1344,410,view,2026-02-05 01:47:49
1345,442,view,2025-07-11 06:11:09
1345,4,purchase,2025-07-06 05:54:09
1346,377,cart,2026-03-07 06:56:53
1347,36,view,2025-09-09 20:56:29
1347,298,purchase,2025-09-06 01:35:22
1347,494,cart,2026-02-01 10:15:22
1347,323,cart,2026-04-17 17:24:07
1347,402,purchase,2026-03-17 16:12:05
1347,54,purchase,2025-11-18 02:54:01
1347,62,view,2025-10-24 08:13:17
1347,360,view,2025-10-10 09:07:56
1347,102,purchase,2025-07-22 14:43:12
1347,474,view,2025-06-01 00:59:43
1348,46,purchase,2025-07-30 19:41:28
1348,487,view,2026-04-12 06:24:39
1348,1,cart,2025-10-22 20:45:52
1349,107,view,2025-05-25 08:03:56
1349,367,view,2025-10-08 12:40:56
1349,198,cart,2025-10-03 22:55:49
1349,320,purchase,2025-07-15 08:45:51
1350,243,view,2025-05-07 05:09:23
1350,362,cart,2025-07-12 01:14:36
1350,309,purchase,2026-02-04 11:27:12
1350,95,cart,2025-11-17 08:30:44
1351,374,purchase,2025-12-05 11:15:30
1351,303,view,2025-07-25 08:32:24
1351,226,view,2025-10-14 22:48:18
1351,259,view,2025-07-29 01:42:05
1351,40,view,2026-03-02 08:59:35
1352,134,view,2025-08-10 19:57:27
1352,449,purchase,2025-07-31 07:58:27
1352,294,view,2025-07-27 14:55:45
1352,358,view,2025-09-26 05:55:00
1353,96,view,2025-12-26 20:43:21
1353,434,cart,2026-03-09 16:56:08
1354,83,cart,2025-08-26 02:25:05
1354,325,purchase,2025-10-17 11:13:41
1354,151,purchase,2026-03-12 18:36:14
1354,211,purchase,2025-09-14 21:55:00
1355,111,cart,2025-10-25 17:28:18
1355,128,cart,2025-12-14 00:46:55
1355,376,view,2026-03-11 01:38:40
1355,271,view,2025-05-20 21:28:05
1355,335,purchase,2026-04-09 21:40:44
1356,144,view,2025-08-27 10:28:18
1356,33,view,2025-12-27 17:52:53
1356,32,cart,2025-10-18 14:54:09
1356,176,purchase,2025-05-11 04:03:48
1356,30,purchase,2026-02-23 21:36:12
1357,40,purchase,2025-08-08 03:52:45
1357,391,purchase,2025-10-13 20:20:28
1357,228,view,2025-07-03 15:23:35
1357,381,purchase,2025-12-08 09:46:13
1357,45,cart,2025-09-27 21:46:43
1357,301,cart,2025-08-24 22:51:49
1357,357,purchase,2026-03-20 16:17:51
1358,347,view,2026-03-02 21:16:42
1358,291,cart,2026-04-04 06:04:30
1358,372,cart,2026-04-17 16:03:11
1358,230,cart,2026-03-20 03:23:04
1358,380,cart,2025-12-14 18:16:23
1358,189,cart,2025-10-19 13:38:20
1358,153,cart,2026-03-20 06:37:38
1358,160,purchase,2025-06-07 06:59:21
1358,381,view,2025-05-25 07:26:54
1358,116,purchase,2025-09-08 06:27:35
1359,21,purchase,2026-01-16 18:53:48
1359,180,cart,2026-01-09 19:50:46
1359,238,cart,2025-11-28 21:18:49
1360,472,cart,2026-04-19 17:06:40
1360,237,cart,2025-10-05 05:34:01
1360,231,view,2025-07-12 00:10:02
1360,72,purchase,2026-03-26 07:29:33
1360,384,cart,2025-06-14 00:30:04
1360,214,view,2026-03-21 06:40:51
1361,403,cart,2025-10-27 14:57:55
1361,195,purchase,2025-06-02 20:43:41
1361,76,cart,2025-05-26 12:21:53
1362,7,cart,2025-05-28 11:44:24
1362,405,purchase,2025-10-13 04:29:44
1362,463,view,2025-12-10 07:58:15
1362,77,purchase,2026-02-07 03:02:01
1362,484,view,2025-05-08 09:18:24
1362,111,view,2026-02-20 01:48:11
1363,200,cart,2025-08-29 01:52:36
1364,138,cart,2026-04-16 15:53:34
1364,101,view,2025-10-16 03:41:43
1364,254,cart,2025-12-18 06:39:43
1365,155,purchase,2026-03-02 01:18:39
1365,142,view,2025-12-05 23:36:22
1365,97,cart,2025-09-07 16:41:14
1366,370,cart,2026-04-13 17:19:27
1366,221,cart,2026-02-01 14:18:00
1366,485,view,2025-05-14 02:29:50
1366,249,purchase,2026-02-01 00:46:04
1366,30,cart,2025-11-30 19:43:22
1366,492,view,2025-05-24 06:53:04
1366,34,cart,2025-12-09 10:51:24
1366,361,cart,2025-08-05 01:18:33
1366,311,cart,2025-06-25 01:57:10
1366,72,view,2025-09-28 06:15:46
1367,482,cart,2025-08-31 01:14:13
1367,411,view,2025-11-02 21:03:30
1367,213,cart,2025-10-16 08:04:26
1367,6,cart,2025-07-25 19:29:12
1367,323,view,2026-04-12 17:15:15
1367,173,purchase,2026-04-17 09:58:16
1367,159,purchase,2025-11-12 23:07:57
1367,316,cart,2026-04-01 17:48:23
1367,313,view,2026-01-18 19:27:35
1368,66,purchase,2026-01-29 15:51:11
1368,144,cart,2025-10-12 19:46:45
1368,371,cart,2026-02-01 21:31:46
1368,413,purchase,2025-12-17 03:12:37
1368,442,view,2025-10-18 21:06:20
1368,189,purchase,2025-10-12 22:22:20
1368,496,cart,2025-10-28 17:05:24
1368,32,view,2026-02-07 19:36:14
1368,228,cart,2025-07-23 00:37:13
1368,213,view,2026-02-21 20:19:25
1369,483,cart,2025-09-11 01:50:24
1369,352,view,2026-03-29 10:10:00
1369,465,cart,2025-07-22 13:43:14
1369,324,cart,2026-02-07 15:22:15
1370,284,cart,2026-01-14 10:44:48
1370,295,cart,2025-07-14 23:31:28
1370,357,view,2025-08-01 02:09:39
1370,461,view,2025-06-30 06:54:57
1370,494,cart,2025-05-29 05:37:22
1371,497,view,2026-04-17 23:19:54
1371,362,purchase,2025-06-03 07:26:33
1371,312,view,2026-03-11 19:02:41
1371,416,view,2025-06-28 08:09:04
1371,250,purchase,2025-09-04 01:42:00
1371,240,view,2026-01-18 19:29:37
1371,160,purchase,2025-05-14 10:24:18
1371,450,view,2025-07-29 08:47:08
1371,196,view,2025-06-22 03:12:13
1371,319,cart,2025-08-26 16:57:41
1372,270,cart,2025-05-08 12:28:34
1372,236,purchase,2026-01-10 00:26:13
1373,34,cart,2025-07-18 05:15:14
1373,199,view,2025-11-09 11:43:17
1373,405,cart,2025-12-03 05:30:06
1373,364,view,2026-04-09 11:26:25
1373,186,view,2025-08-11 23:22:12
1374,126,view,2025-12-11 23:09:15
1374,324,view,2025-08-22 04:56:59
1374,167,cart,2026-02-21 02:15:57
1374,422,purchase,2025-08-03 10:43:56
1374,247,purchase,2026-03-30 22:57:19
1374,74,cart,2026-03-26 02:18:01
1374,489,cart,2025-11-22 13:46:27
1374,248,cart,2026-04-18 03:15:04
1375,452,purchase,2025-11-26 06:09:40
1375,102,purchase,2025-12-29 04:20:58
1375,96,purchase,2025-08-16 12:04:13
1375,309,view,2026-02-19 05:57:58
1375,151,purchase,2025-07-06 01:16:14
1375,31,purchase,2026-03-15 13:10:46
1375,453,view,2025-08-04 06:57:47
1375,268,purchase,2026-01-09 01:14:06
1375,144,view,2026-03-27 08:26:27
1375,404,cart,2026-02-05 13:07:54
1376,358,view,2026-04-10 16:10:41
1376,152,cart,2025-05-12 07:19:38
1376,104,view,2025-06-02 07:09:08
1376,151,view,2025-10-23 17:14:31
1376,14,purchase,2025-05-10 15:41:38
1376,329,cart,2025-07-06 22:40:59
1376,40,cart,2026-01-27 06:53:39
1377,397,view,2026-02-11 04:04:43
1377,228,purchase,2025-12-01 10:33:33
1377,195,purchase,2026-01-08 18:03:04
1377,80,purchase,2025-06-29 13:02:07
1377,227,cart,2025-10-23 02:32:42
1377,55,cart,2026-03-28 13:37:14
1377,233,cart,2026-04-18 20:44:48
1377,101,purchase,2026-02-05 11:26:53
1378,232,cart,2025-11-26 11:56:09
1378,83,purchase,2026-03-21 07:18:00
1378,65,cart,2026-04-06 05:36:46
1378,489,view,2025-08-22 08:56:55
1378,63,view,2025-08-26 12:22:40
1378,444,cart,2025-05-28 15:46:08
1378,282,cart,2025-05-17 22:47:35
1378,188,view,2025-12-01 22:14:39
1378,161,purchase,2025-05-05 22:49:53
1378,192,purchase,2025-09-15 06:33:48
1379,321,cart,2025-08-12 20:45:19
1380,202,view,2025-10-25 13:37:50
1380,167,purchase,2025-11-24 07:52:00
1380,428,view,2026-03-21 12:56:40
1380,329,cart,2025-07-30 09:57:13
1380,165,purchase,2026-01-11 17:55:10
1380,387,purchase,2026-02-15 13:07:59
1381,452,purchase,2025-07-14 04:30:16
1382,370,purchase,2025-12-20 06:15:51
1383,254,view,2026-04-11 23:37:43
1383,474,view,2025-06-11 08:54:14
1383,71,view,2025-12-20 12:38:27
1384,267,view,2025-05-29 23:13:52
1384,481,purchase,2025-07-22 23:42:17
1385,47,cart,2025-11-21 06:18:44
1385,497,cart,2025-11-13 23:07:33
1385,173,view,2026-03-15 03:14:55
1385,211,cart,2026-03-10 08:16:19
1386,252,cart,2025-04-26 17:57:22
1386,279,view,2025-07-29 13:51:51
1387,213,purchase,2025-09-13 02:41:27
1387,404,cart,2025-10-21 10:37:05
1387,355,view,2026-04-06 09:42:38
1387,280,view,2025-06-23 17:49:10
1387,416,view,2025-05-21 01:23:28
1387,229,view,2026-02-06 19:23:18
1387,59,cart,2025-10-07 04:17:20
1387,116,view,2025-09-24 15:38:48
1387,28,purchase,2025-09-22 11:54:13
1388,12,view,2025-12-12 10:49:16
1388,329,purchase,2025-11-03 23:33:12
1388,115,cart,2025-04-21 00:28:13
1388,21,view,2025-09-21 00:53:00
1388,112,view,2025-12-17 16:27:47
1388,486,view,2025-11-26 10:21:57
1388,488,view,2026-01-30 01:04:21
1388,256,cart,2025-08-21 16:34:18
1388,165,cart,2026-04-05 19:38:50
1389,9,purchase,2026-03-22 06:27:40
1389,391,cart,2026-02-17 01:34:07
1389,252,view,2025-06-30 17:45:58
1389,342,purchase,2026-02-19 19:30:13
1389,356,cart,2025-10-30 18:14:26
1389,281,view,2026-03-04 12:37:32
1389,20,view,2026-04-05 04:50:00
1390,18,view,2025-04-24 04:35:09
1390,117,purchase,2025-10-08 20:29:44
1390,251,view,2025-08-29 08:50:54
1390,178,purchase,2025-06-23 23:45:03
1390,41,purchase,2025-10-31 08:37:01
1390,451,cart,2025-05-19 22:21:18
1390,260,view,2025-09-10 05:24:33
1390,203,view,2025-11-05 09:08:03
1390,77,purchase,2026-04-10 07:46:19
1390,3,purchase,2026-04-06 01:56:22
1391,144,cart,2025-06-20 12:49:30
1391,284,cart,2025-10-10 03:06:28
1391,261,cart,2025-07-16 04:35:50
1391,81,view,2025-06-04 17:54:49
1391,386,purchase,2025-07-15 03:39:40
1391,131,cart,2025-09-22 09:11:04
1391,100,cart,2025-09-25 12:33:10
1391,459,cart,2025-09-05 10:27:58
1391,201,view,2025-09-05 06:48:54
1391,333,cart,2025-10-31 05:03:00
1392,14,cart,2025-12-05 02:10:20
1392,308,purchase,2025-07-24 22:52:06
1392,343,purchase,2026-01-12 16:52:17
1392,394,cart,2025-11-04 05:27:17
1392,104,view,2026-03-18 21:59:23
1392,57,view,2026-03-31 17:39:26
1392,198,view,2026-01-25 17:29:13
1392,380,view,2025-12-04 01:42:15
1393,388,purchase,2025-06-06 16:24:56
1393,376,purchase,2026-02-15 10:08:47
1393,152,purchase,2025-09-07 07:01:11
1393,345,view,2025-05-05 05:09:09
1394,418,cart,2025-07-31 09:16:00
1394,184,cart,2025-08-04 06:29:55
1394,27,purchase,2025-12-23 16:08:37
1394,320,view,2025-04-22 08:56:32
1394,290,cart,2025-09-28 00:41:31
1394,111,purchase,2025-06-14 16:56:08
1394,12,cart,2026-01-28 09:25:26
1394,6,view,2025-12-07 10:45:37
1394,424,view,2025-07-05 06:57:17
1394,440,cart,2025-10-16 14:58:40
1395,255,purchase,2025-07-21 03:09:29
1395,198,purchase,2025-09-26 19:32:17
1395,167,cart,2025-11-28 03:05:48
1395,200,purchase,2026-02-03 13:32:26
1396,471,cart,2025-10-06 05:36:21
1396,245,purchase,2025-06-22 18:35:34
1396,305,cart,2025-10-10 18:05:48
1397,39,purchase,2025-08-22 13:51:05
1397,54,view,2026-01-01 00:38:33
1397,436,view,2026-03-05 11:35:25
1397,317,view,2025-06-11 12:01:36
1398,484,cart,2025-10-12 18:10:24
1399,155,cart,2025-07-19 03:48:20
1400,373,purchase,2026-04-18 18:08:37
1400,492,view,2025-09-30 02:36:28
1400,49,view,2025-08-16 11:00:43
1400,188,view,2026-03-16 13:56:31
1400,330,view,2026-03-21 09:06:12
1400,497,cart,2025-12-06 12:16:50
1400,379,cart,2025-11-15 00:57:08
1401,143,cart,2025-08-24 04:28:32
1401,334,view,2026-01-02 23:22:26
1402,394,view,2025-05-14 14:41:38
1402,460,view,2025-10-09 19:25:32
1402,154,view,2026-01-20 22:29:05
1402,134,cart,2025-06-20 21:26:14
1402,476,view,2025-08-20 18:45:32
1403,470,purchase,2025-10-08 19:32:23
1403,381,purchase,2026-04-17 15:00:21
1404,450,cart,2025-10-22 19:04:17
1405,7,view,2025-12-17 07:04:51
1405,44,purchase,2025-06-25 02:09:49
1405,120,cart,2026-02-02 20:56:06
1406,355,purchase,2026-04-15 07:24:52
1406,139,cart,2025-07-01 04:27:16
1406,11,purchase,2026-03-15 00:37:21
1406,288,cart,2026-03-27 14:48:16
1406,32,purchase,2025-09-10 16:44:53
1406,354,view,2025-06-17 16:41:06
1406,110,view,2025-07-07 13:54:48
1406,203,purchase,2025-06-03 17:59:47
1406,193,view,2025-08-21 07:33:15
1406,19,cart,2026-02-03 19:48:41
1407,425,cart,2025-07-28 18:26:37
1407,211,view,2025-06-04 02:45:24
1407,498,view,2025-06-21 12:35:15
1407,295,view,2025-10-12 02:43:40
1407,336,view,2025-12-11 02:22:28
1407,491,cart,2025-04-26 13:22:49
1407,363,cart,2025-09-17 11:19:45
1408,103,cart,2025-11-07 10:50:18
1408,12,purchase,2025-06-04 15:29:53
1408,139,view,2025-06-28 17:17:54
1408,120,purchase,2026-01-16 08:22:29
1408,229,view,2025-09-02 13:19:02
1408,332,view,2025-10-14 17:51:19
1408,447,purchase,2025-05-29 02:33:46
1408,427,cart,2025-11-13 13:41:12
1409,487,purchase,2025-09-20 03:49:10
1409,250,view,2026-03-18 00:54:21
1409,366,purchase,2025-06-03 15:20:57
1409,24,cart,2025-05-18 10:16:47
1409,186,view,2025-11-11 19:52:55
1409,306,cart,2025-07-25 08:01:40
1409,233,cart,2025-12-25 16:05:34
1409,278,view,2025-05-15 21:57:40
1409,191,purchase,2025-07-22 10:21:35
1410,371,purchase,2025-11-19 05:03:05
1410,276,view,2026-01-29 02:13:40
1410,164,purchase,2025-11-29 15:07:42
1410,327,cart,2025-07-21 04:57:43
1410,208,view,2025-11-21 23:36:19
1410,297,cart,2025-08-11 01:06:17
1411,239,cart,2025-08-25 10:15:24
1411,392,cart,2025-06-16 15:36:59
1411,75,purchase,2026-03-26 19:04:50
1411,384,cart,2025-12-05 13:17:26
1411,345,purchase,2026-01-02 22:16:19
1411,208,cart,2025-11-06 17:32:11
1412,44,purchase,2026-01-04 11:30:41
1412,129,view,2025-12-19 10:31:31
1412,170,cart,2025-10-15 16:17:34
1412,330,cart,2026-03-25 17:00:42
1412,230,purchase,2025-06-18 09:44:37
1412,441,purchase,2025-07-03 14:49:08
1412,84,view,2025-06-01 21:11:52
1413,259,purchase,2025-04-29 06:00:03
1413,74,purchase,2025-10-23 19:04:57
1413,174,purchase,2025-08-27 09:35:41
1413,323,purchase,2026-03-08 04:40:03
1413,81,purchase,2025-10-17 10:43:40
1413,71,view,2026-03-18 06:08:09
1414,41,cart,2025-06-04 02:44:13
1414,450,view,2025-05-17 14:19:24
1414,256,purchase,2025-10-06 18:58:16
1414,21,purchase,2025-11-08 04:56:46
1414,53,purchase,2025-11-21 21:35:56
1414,2,cart,2025-12-13 06:37:12
1414,478,purchase,2025-12-30 23:48:14
1415,378,view,2026-04-12 17:10:49
1415,350,purchase,2025-04-28 03:25:24
1415,403,cart,2025-07-22 10:18:20
1416,59,cart,2025-10-17 21:50:42
1416,374,cart,2025-11-06 16:11:39
1416,280,cart,2025-08-03 03:22:16
1416,267,purchase,2026-03-22 00:50:44
1416,419,cart,2026-03-28 21:29:25
1416,112,purchase,2025-08-22 05:24:57
1416,179,purchase,2025-05-11 14:58:48
1416,208,purchase,2025-05-03 15:21:31
1417,115,purchase,2025-05-21 09:28:50
1417,329,cart,2025-05-10 08:44:21
1418,427,purchase,2026-03-16 16:30:28
1418,458,view,2025-07-13 02:46:51
1418,366,view,2025-09-03 00:16:25
1419,409,view,2025-06-01 05:18:21
1419,253,view,2026-02-10 03:19:45
1419,468,view,2026-02-17 20:06:36
1419,355,cart,2026-01-09 21:33:37
1419,123,cart,2025-12-30 14:40:36
1419,155,view,2025-05-01 08:16:26
1419,277,purchase,2026-02-11 02:51:35
1419,49,view,2026-03-26 18:00:31
1419,12,view,2026-02-08 04:05:35
1420,151,view,2025-07-07 15:23:07
1421,95,purchase,2025-06-06 18:52:53
1421,36,view,2025-06-19 13:30:04
1421,129,cart,2025-12-07 21:29:15
1421,486,view,2025-05-29 15:08:13
1422,483,cart,2025-09-21 01:01:48
1422,338,cart,2026-03-17 03:02:47
1422,5,purchase,2026-03-14 22:40:06
1422,305,cart,2025-11-24 19:50:00
1422,175,cart,2026-02-03 15:07:23
1422,191,view,2025-09-23 17:02:38
1422,155,cart,2026-01-10 12:12:43
1423,301,cart,2025-05-07 01:32:15
1423,325,purchase,2026-04-10 01:17:00
1423,303,view,2025-11-05 21:26:28
1423,347,cart,2025-12-18 01:31:15
1423,16,cart,2025-12-08 19:37:09
1423,163,cart,2025-06-09 03:51:17
1423,15,cart,2025-08-20 14:37:53
1423,358,cart,2025-10-27 01:10:05
1423,440,cart,2026-01-31 06:54:39
1423,385,purchase,2026-04-17 23:01:59
1424,216,purchase,2025-09-01 02:24:55
1424,300,purchase,2025-12-04 11:21:44
1425,485,purchase,2025-11-23 15:52:49
1425,251,view,2025-12-19 00:55:30
1425,194,view,2026-04-13 16:02:26
1425,492,cart,2025-12-31 19:00:22
1425,388,view,2025-10-13 22:46:33
1425,243,cart,2026-01-24 06:20:12
1426,47,view,2026-02-25 13:34:13
1426,125,purchase,2026-04-02 13:29:14
1426,425,purchase,2025-04-27 13:42:09
1426,323,view,2025-06-08 08:49:27
1426,232,cart,2026-04-04 05:44:04
1426,383,cart,2025-12-25 11:41:49
1426,123,purchase,2026-02-07 17:04:32
1426,240,view,2025-05-08 20:35:20
1426,165,cart,2025-07-24 17:20:53
1427,397,purchase,2026-03-15 16:55:05
1427,437,cart,2025-09-11 07:20:05
1427,110,purchase,2025-10-05 00:43:30
1427,210,view,2025-07-09 20:19:26
1427,5,purchase,2025-08-18 21:34:03
1427,65,purchase,2025-10-06 03:50:24
1427,441,purchase,2025-05-12 21:32:30
1427,399,view,2025-08-22 15:28:56
1427,478,purchase,2026-01-24 01:22:36
1428,35,purchase,2025-06-13 10:09:19
1428,92,cart,2025-05-19 16:52:43
1428,140,purchase,2025-08-22 20:25:48
1428,289,cart,2025-08-27 12:14:53
1428,410,purchase,2025-04-24 10:20:33
1428,334,purchase,2025-12-15 15:40:30
1428,24,cart,2026-01-26 16:50:53
1428,299,view,2025-04-29 02:51:26
1429,251,view,2025-09-16 04:37:22
1429,461,cart,2025-06-18 04:40:40
1429,150,view,2025-11-26 10:59:56
1429,20,cart,2025-12-17 23:48:32
1429,307,cart,2025-11-06 12:42:43
1429,218,view,2025-10-10 18:01:10
1429,351,view,2025-05-31 00:51:32
1429,495,view,2025-08-30 08:56:02
1429,101,cart,2025-06-30 23:59:41
1430,127,view,2025-04-28 07:53:38
1430,198,purchase,2026-02-16 05:51:59
1430,413,purchase,2025-10-22 19:42:51
1430,463,view,2025-07-29 20:31:04
1430,395,cart,2025-12-03 20:11:41
1430,22,cart,2025-07-28 23:59:53
1430,93,view,2025-05-12 09:08:13
1430,174,purchase,2025-11-26 15:08:12
1431,432,cart,2026-03-01 18:56:56
1431,117,purchase,2025-05-28 15:24:00
1431,227,purchase,2025-07-09 21:17:38
1431,485,view,2025-08-11 20:11:31
1431,51,view,2026-03-20 03:47:38
1431,71,view,2025-05-05 00:10:22
1431,379,purchase,2025-06-23 19:44:13
1431,288,view,2025-08-04 03:10:04
1431,224,cart,2026-04-08 21:24:31
1431,187,purchase,2025-05-02 23:07:53
1432,10,purchase,2025-09-12 21:11:13
1432,268,purchase,2026-04-02 18:01:20
1432,188,purchase,2025-07-19 00:21:23
1432,278,view,2025-08-15 12:44:44
1432,214,cart,2025-05-14 19:10:52
1432,17,cart,2026-04-13 16:01:48
1432,223,purchase,2025-05-03 17:43:29
1433,34,view,2025-06-17 10:43:32
1433,44,cart,2026-01-31 11:44:40
1433,449,purchase,2026-02-23 01:00:01
1433,183,cart,2025-10-21 21:13:11
1433,205,purchase,2026-01-20 03:32:48
1433,470,view,2025-11-01 12:11:20
1433,464,view,2025-09-07 00:41:03
1434,12,view,2026-01-03 20:52:50
1434,44,purchase,2025-08-20 13:57:52
1435,340,view,2025-07-28 16:34:38
1435,228,purchase,2025-06-11 23:27:01
1435,279,cart,2026-03-30 22:07:07
1436,134,cart,2025-09-08 19:19:54
1436,34,purchase,2025-12-16 10:08:49
1436,94,purchase,2025-09-08 11:49:12
1436,211,view,2025-12-07 15:30:56
1436,286,view,2026-02-16 06:22:00
1436,118,view,2026-04-14 23:09:20
1436,75,cart,2026-01-01 01:27:04
1436,68,purchase,2026-03-28 10:18:37
1436,359,cart,2025-11-05 03:29:38
1437,190,view,2025-07-19 19:56:02
1438,403,view,2026-01-09 01:16:33
1438,57,purchase,2025-11-09 01:37:35
1438,340,cart,2026-03-29 07:49:53
1438,299,purchase,2025-11-19 09:13:26
1438,4,cart,2025-05-25 15:59:03
1438,450,view,2025-07-25 20:53:02
1438,163,view,2025-07-09 10:13:34
1438,440,cart,2025-05-16 22:04:07
1438,410,view,2025-11-07 09:53:18
1439,339,cart,2025-08-01 11:41:57
1439,244,cart,2025-07-13 16:40:21
1439,109,view,2025-09-26 15:38:59
1439,88,cart,2025-10-31 09:00:11
1440,324,purchase,2026-03-21 08:20:53
1440,277,view,2025-06-26 10:21:51
1440,74,purchase,2025-11-06 00:51:19
1440,65,purchase,2026-03-02 13:28:45
1440,74,view,2025-07-05 22:48:15
1440,244,purchase,2025-09-02 19:49:20
1440,37,purchase,2025-06-01 09:24:44
1440,84,view,2025-07-07 06:32:32
1440,320,cart,2025-08-18 12:21:54
1441,480,view,2026-01-16 15:29:05
1441,423,cart,2025-09-27 18:28:09
1441,208,view,2026-02-16 12:27:27
1441,385,cart,2025-08-31 03:04:03
1441,21,cart,2025-07-30 17:42:36
1441,399,cart,2025-10-03 13:48:56
1442,98,purchase,2025-04-28 08:35:46
1443,200,cart,2025-07-16 15:58:58
1443,310,view,2025-07-17 21:03:31
1443,383,view,2026-04-19 09:27:52
1443,245,purchase,2025-04-24 20:01:54
1443,486,purchase,2026-04-08 22:43:40
1443,455,cart,2025-12-26 11:57:09
1444,123,purchase,2026-01-17 22:41:44
1444,266,cart,2026-04-07 03:43:47
1444,254,view,2025-12-18 19:57:47
1445,307,view,2025-04-28 05:03:28
1445,213,view,2026-04-05 04:16:54
1445,287,view,2025-09-07 03:47:30
1445,360,view,2026-03-23 09:01:21
1445,395,purchase,2025-10-18 21:55:06
1445,20,cart,2025-11-29 10:54:31
1445,142,cart,2025-07-23 14:14:36
1446,237,purchase,2026-03-10 23:36:54
1446,413,cart,2025-06-13 17:37:14
1446,155,purchase,2025-06-28 21:10:11
1446,309,cart,2025-11-21 23:51:19
1446,470,cart,2026-03-15 07:55:02
1447,261,cart,2026-03-19 06:10:35
1447,197,purchase,2025-12-18 11:29:25
1447,301,purchase,2025-08-24 23:43:17
1447,286,purchase,2025-10-25 13:48:16
1447,309,purchase,2025-05-13 21:37:09
1447,338,purchase,2025-07-22 22:23:25
1447,70,cart,2025-06-07 17:24:24
1447,172,view,2026-04-09 06:51:39
1448,499,cart,2025-10-28 18:39:14
1448,272,purchase,2025-08-09 19:39:09
1448,315,purchase,2025-07-01 15:46:33
1448,32,cart,2026-03-29 10:29:24
1448,322,cart,2026-03-12 16:08:11
1448,478,cart,2025-10-26 14:12:29
1448,447,cart,2025-07-13 04:15:18
1448,304,purchase,2025-05-09 10:38:17
1449,160,cart,2026-03-18 15:18:29
1449,464,view,2025-10-08 06:32:12
1449,289,view,2025-11-05 00:00:29
1449,178,cart,2026-03-09 02:10:32
1450,422,cart,2025-11-02 05:54:05
1450,265,purchase,2025-09-16 20:33:07
1450,210,cart,2025-09-11 10:15:36
1450,135,purchase,2025-12-11 10:58:41
1451,342,purchase,2026-03-29 00:41:39
1451,96,purchase,2026-04-01 16:07:16
1451,455,view,2025-08-07 01:02:41
1451,410,purchase,2025-06-25 20:45:44
1451,151,view,2026-03-04 21:57:13
1451,351,purchase,2025-11-14 07:30:47
1451,185,purchase,2026-01-22 07:51:35
1452,283,cart,2025-09-22 22:57:20
1452,104,cart,2025-12-07 21:36:33
1452,297,purchase,2025-10-06 21:58:47
1452,88,view,2026-02-09 06:21:01
1452,370,purchase,2025-10-11 11:13:38
1452,448,cart,2025-08-08 02:04:04
1452,326,view,2025-06-10 08:21:54
1452,105,purchase,2025-10-06 05:57:26
1452,404,purchase,2025-08-08 18:00:22
1453,93,purchase,2026-03-17 05:45:19
1453,414,cart,2025-11-25 02:09:25
1453,191,view,2025-04-19 18:52:05
1453,200,cart,2025-07-20 21:45:17
1453,367,cart,2025-06-10 23:10:53
1453,477,purchase,2025-06-16 01:00:54
1454,275,cart,2025-10-12 02:31:32
1454,74,cart,2026-01-20 11:35:12
1454,310,view,2025-11-27 12:11:42
1454,129,view,2026-04-07 10:26:25
1454,494,cart,2025-05-13 17:18:12
1454,416,purchase,2025-10-31 02:50:48
1454,201,view,2025-10-26 12:50:28
1454,34,view,2025-11-18 18:49:04
1455,475,cart,2025-04-20 02:14:07
1455,232,purchase,2025-12-22 20:08:44
1455,298,cart,2025-08-01 12:06:00
1455,261,purchase,2025-06-11 01:24:52
1455,215,view,2025-10-09 07:22:39
1456,26,cart,2025-10-20 16:57:31
1456,321,cart,2025-07-28 23:47:08
1456,304,view,2025-10-27 22:38:07
1456,243,cart,2026-04-02 16:13:27
1456,198,cart,2025-05-26 07:06:49
1457,71,view,2025-10-25 13:23:30
1457,62,cart,2025-10-27 16:32:49
1458,21,view,2026-04-10 03:21:45
1459,55,purchase,2026-02-24 04:47:58
1459,274,cart,2025-11-07 09:25:00
1459,65,view,2025-05-08 12:14:26
1459,473,purchase,2026-01-13 21:43:14
1459,351,cart,2026-03-17 22:36:46
1460,20,purchase,2025-08-22 11:54:49
1460,290,view,2026-01-18 17:29:09
1460,5,view,2025-09-26 19:31:54
1460,172,purchase,2025-08-28 07:36:53
1461,145,cart,2025-05-09 07:07:51
1461,123,view,2025-06-24 17:15:26
1461,112,purchase,2025-05-23 23:30:07
1461,309,purchase,2025-05-23 10:16:08
1461,384,cart,2025-06-08 19:47:37
1462,181,view,2025-12-03 02:00:06
1462,77,view,2025-11-01 08:40:45
1462,283,purchase,2025-05-09 15:04:16
1462,162,view,2025-05-31 01:52:29
1462,87,cart,2025-10-06 08:49:54
1462,104,purchase,2025-08-23 09:36:10
1462,315,view,2025-09-30 13:10:55
1462,488,view,2025-11-07 08:21:46
1462,46,purchase,2025-10-29 04:28:42
1463,498,cart,2025-04-25 22:13:46
1463,414,cart,2025-10-13 01:20:26
1463,63,view,2025-12-07 19:50:59
1463,126,cart,2026-01-05 15:57:46
1463,113,view,2025-12-28 13:28:45
1463,235,purchase,2026-04-13 22:26:00
1463,84,view,2025-08-16 02:46:49
1463,469,view,2025-07-19 08:06:07
1463,143,view,2025-08-25 21:02:16
1463,1,view,2025-10-06 20:14:21
1464,222,purchase,2025-04-20 13:45:23
1464,440,purchase,2026-03-08 15:13:57
1464,434,cart,2026-04-12 16:35:05
1464,228,view,2025-11-16 00:40:47
1464,118,view,2025-05-15 04:26:40
1465,209,purchase,2026-03-03 19:34:07
1465,227,cart,2026-02-06 06:32:52
1466,378,cart,2025-11-20 23:34:41
1466,435,purchase,2025-12-17 00:11:49
1466,384,cart,2025-12-04 01:25:02
1467,277,cart,2026-02-08 17:55:53
1468,451,purchase,2026-01-05 11:39:39
1468,251,cart,2025-07-24 00:44:59
1468,404,purchase,2026-03-14 08:16:55
1468,175,cart,2026-03-20 17:27:02
1469,255,purchase,2025-05-20 16:53:38
1470,198,cart,2025-06-16 16:56:46
1470,310,view,2025-11-17 15:06:32
1470,190,view,2025-10-29 07:05:05
1470,360,view,2025-04-24 14:50:19
1470,307,purchase,2025-07-09 15:28:07
1470,349,cart,2026-04-19 10:53:32
1470,86,cart,2025-12-17 11:02:36
1470,106,view,2025-11-25 01:39:20
1470,160,cart,2025-08-05 11:06:24
1470,207,cart,2025-11-23 18:12:15
1471,366,cart,2025-10-22 12:41:03
1471,460,view,2025-07-27 22:37:32
1471,194,purchase,2026-03-18 22:15:43
1471,449,cart,2026-04-14 14:11:10
1472,351,purchase,2025-07-18 21:03:35
1473,330,purchase,2025-12-19 17:20:37
1473,33,cart,2025-10-25 09:21:32
1473,365,view,2025-09-25 11:21:46
1473,199,purchase,2025-06-26 12:00:29
1474,184,cart,2025-08-21 11:53:57
1474,10,cart,2026-01-30 12:16:11
1474,223,purchase,2025-10-09 13:18:33
1474,228,cart,2025-10-30 18:48:23
1474,45,cart,2025-05-09 00:15:32
1474,130,cart,2025-06-19 10:35:13
1475,137,cart,2025-07-20 05:54:40
1475,466,cart,2025-10-27 08:36:54
1475,245,view,2025-10-19 22:17:52
1475,86,view,2025-08-21 12:56:30
1476,330,purchase,2025-10-10 08:50:16
1476,306,purchase,2026-02-19 12:49:04
1476,414,view,2025-12-02 04:15:11
1476,433,view,2025-09-10 03:59:57
1476,195,cart,2025-09-08 13:13:02
1476,24,view,2025-08-14 03:15:18
1476,46,purchase,2026-03-28 15:58:18
1476,468,view,2025-12-18 15:47:14
1476,47,purchase,2026-02-02 11:35:06
1476,356,purchase,2026-04-12 12:14:40
1477,128,view,2026-02-04 14:16:26
1478,477,cart,2025-06-13 09:48:13
1478,231,view,2026-01-16 09:17:49
1478,150,view,2026-02-25 21:52:14
1478,439,cart,2025-05-26 19:09:12
1478,142,view,2025-07-13 08:00:54
1478,117,cart,2026-03-08 07:58:26
1478,159,view,2026-03-01 22:14:25
1478,266,view,2026-04-05 23:33:21
1478,118,view,2025-12-15 00:45:26
1479,26,purchase,2026-01-24 00:46:24
1479,335,purchase,2026-02-26 02:14:23
1479,90,cart,2025-10-05 00:34:58
1479,280,cart,2025-07-23 16:51:55
1479,482,cart,2025-05-23 15:18:29
1479,458,view,2025-07-21 01:40:41
1479,120,view,2025-05-27 16:48:29
1479,413,view,2026-01-10 00:20:28
1479,308,purchase,2026-02-22 00:03:10
1479,39,view,2026-04-03 20:29:31
1480,137,view,2026-03-02 21:52:57
1480,273,view,2026-02-22 09:37:27
1481,283,cart,2026-02-09 16:32:09
1481,370,view,2025-10-12 22:29:31
1481,78,purchase,2025-09-03 21:43:39
1481,477,view,2025-05-08 14:39:51
1481,125,view,2026-01-09 08:00:56
1481,166,view,2025-05-07 12:23:29
1481,392,cart,2025-04-25 22:03:19
1481,262,view,2025-05-13 11:21:09
1482,258,view,2025-08-15 08:26:13
1482,201,view,2026-02-04 18:25:12
1482,85,view,2025-04-29 20:53:12
1482,240,view,2025-05-24 02:32:57
1482,433,view,2026-04-04 06:48:22
1482,123,purchase,2025-11-16 03:24:06
1482,427,cart,2026-04-15 23:04:21
1482,293,cart,2025-07-18 14:23:00
1482,236,view,2025-12-12 17:54:29
1483,89,purchase,2025-12-22 16:19:35
1483,56,purchase,2026-03-07 11:15:06
1483,127,view,2025-11-07 00:05:08
1483,327,purchase,2025-07-24 18:43:46
1483,386,view,2025-10-06 12:04:19
1483,34,cart,2025-11-06 18:50:05
1483,69,view,2025-05-31 09:21:18
1483,147,cart,2026-03-06 15:51:37
1484,409,cart,2026-04-18 22:00:41
1484,346,cart,2025-06-25 21:58:09
1484,281,purchase,2026-02-11 23:44:32
1484,371,cart,2025-04-22 22:34:20
1484,455,purchase,2025-07-24 07:01:43
1484,238,purchase,2026-01-04 01:06:09
1484,482,purchase,2025-08-16 00:17:52
1484,181,purchase,2025-11-18 07:50:00
1484,295,purchase,2025-07-22 19:45:14
1485,384,cart,2025-07-15 13:28:22
1485,268,cart,2025-08-26 18:30:14
1485,85,purchase,2025-07-02 20:55:16
1485,439,cart,2026-01-11 06:15:09
1485,64,view,2025-09-10 14:01:11
1485,105,view,2026-01-02 02:38:39
1485,307,cart,2025-10-28 14:49:33
1486,59,purchase,2025-12-24 10:17:27
1486,462,cart,2025-09-16 16:37:53
1486,195,cart,2025-09-29 08:27:17
1486,153,cart,2025-12-11 03:21:36
1486,12,cart,2025-07-08 18:34:08
1487,101,view,2025-05-09 07:38:21
1487,110,cart,2025-10-13 08:12:25
1487,396,purchase,2025-12-25 12:45:08
1487,384,view,2025-11-24 03:05:42
1487,230,purchase,2025-09-21 18:14:18
1487,404,purchase,2026-02-22 05:04:33
1487,71,purchase,2026-03-25 09:30:22
1487,406,cart,2025-09-23 04:45:13
1488,125,view,2025-04-29 13:21:45
1488,8,view,2025-07-26 07:21:49
1488,462,cart,2026-03-31 11:21:45
1488,129,cart,2025-06-10 11:17:24
1488,204,cart,2025-12-25 00:02:12
1488,364,cart,2026-04-05 02:21:20
1488,190,view,2025-09-09 09:25:06
1489,66,cart,2026-02-06 06:08:31
1489,491,view,2025-05-15 20:22:44
1489,125,view,2025-09-11 18:45:14
1489,459,purchase,2026-02-23 07:07:34
1489,472,view,2026-01-29 05:20:16
1489,151,cart,2025-12-04 21:02:02
1489,27,cart,2025-05-11 01:55:30
1489,238,cart,2025-10-04 08:30:22
1490,39,purchase,2026-04-08 19:24:31
1490,150,cart,2025-07-02 03:20:15
1490,420,purchase,2026-01-17 14:52:55
1490,282,cart,2025-12-28 17:15:18
1490,20,cart,2025-04-24 20:50:40
1490,34,cart,2026-01-31 12:35:21
1490,169,view,2025-04-21 21:14:43
1491,472,purchase,2025-05-06 02:28:10
1491,84,view,2025-07-22 09:28:47
1491,51,view,2025-08-28 10:39:41
1491,381,purchase,2025-07-21 22:43:54
1491,287,cart,2026-01-22 02:21:22
1492,12,purchase,2025-04-19 21:34:21
1493,322,purchase,2025-11-11 16:10:04
1493,190,view,2025-06-13 03:18:49
1493,229,cart,2025-09-20 10:21:41
1493,171,purchase,2025-06-30 13:55:40
1494,177,purchase,2025-07-04 07:34:43
1494,167,cart,2025-05-29 21:14:05
1494,188,view,2026-01-11 02:45:58
1494,410,purchase,2026-02-07 11:02:16
1494,299,view,2026-02-24 16:51:14
1494,452,cart,2025-04-27 20:34:38
1494,388,cart,2025-11-07 10:30:18
1494,221,purchase,2025-05-02 11:22:34
1495,341,purchase,2026-02-27 23:40:22
1496,259,view,2026-01-02 10:15:44
1496,495,view,2026-01-06 12:16:10
1496,477,cart,2025-10-11 05:04:50
1496,169,purchase,2025-11-27 09:19:38
1496,365,cart,2025-12-21 12:05:34
1496,374,purchase,2025-12-28 10:55:33
1496,325,cart,2026-03-18 12:08:05
1496,73,view,2025-10-24 07:20:41
1496,390,view,2025-10-26 00:58:15
1496,47,purchase,2025-06-25 04:26:30
1497,141,cart,2025-10-23 00:06:14
1497,112,view,2025-07-18 06:44:07
1497,22,cart,2025-06-11 08:01:43
1497,6,view,2025-08-03 10:01:46
1497,99,cart,2025-05-01 03:13:42
1497,291,view,2025-10-22 19:34:28
1497,213,view,2025-09-25 03:14:32
1498,280,purchase,2025-12-07 03:15:44
1498,130,view,2025-06-30 11:15:16
1498,0,view,2026-03-25 12:16:37
1498,83,view,2025-11-27 23:53:20
1498,135,purchase,2025-05-28 21:36:56
1498,247,view,2025-09-28 04:37:25
1498,112,cart,2026-03-29 02:35:00
1499,473,purchase,2025-06-27 09:29:38
1499,252,view,2025-06-20 13:48:53
1499,40,purchase,2025-08-08 18:57:15
1500,415,cart,2026-02-09 03:10:36
1500,315,purchase,2025-12-20 06:21:14
1500,190,cart,2025-04-23 02:01:59
1500,489,cart,2025-12-18 20:01:18
1500,295,purchase,2025-07-10 00:55:23
1500,280,purchase,2025-05-07 08:56:00
1500,169,purchase,2026-04-07 23:19:26
1500,340,cart,2025-08-20 17:08:39
1501,79,purchase,2025-06-16 08:05:34
1501,349,purchase,2026-02-03 16:24:53
1501,301,purchase,2025-10-31 17:05:04
1501,349,cart,2025-10-19 04:13:34
1501,412,purchase,2025-10-30 08:43:16
1501,398,view,2025-12-25 03:54:53
1501,115,view,2025-12-07 20:40:57
1501,222,cart,2026-03-23 23:18:40
1501,139,cart,2025-07-04 10:22:29
1502,153,cart,2026-04-19 16:04:46
1502,498,purchase,2025-09-17 15:12:14
1502,207,view,2026-04-05 19:44:52
1502,487,purchase,2026-04-09 20:07:51
1502,153,cart,2026-04-16 02:33:47
1502,54,view,2025-10-02 11:35:53
1502,284,view,2025-06-02 23:59:29
1502,432,view,2025-12-03 03:47:20
1502,450,view,2026-01-29 10:42:20
1503,463,view,2025-08-20 02:30:30
1503,474,view,2025-07-20 10:28:47
1503,357,purchase,2025-06-04 01:54:13
1503,258,cart,2026-02-12 05:25:01
1503,211,purchase,2025-07-30 12:59:26
1503,204,cart,2025-05-08 13:40:39
1503,290,cart,2025-09-03 09:34:12
1503,153,view,2025-06-15 02:04:29
1504,83,purchase,2025-05-05 10:34:51
1504,246,purchase,2025-12-03 13:41:39
1504,33,cart,2025-08-22 19:21:11
1504,474,view,2026-02-23 09:27:07
1505,207,cart,2026-02-18 13:47:28
1505,78,cart,2025-11-06 14:40:05
1505,242,view,2025-08-31 03:01:24
1505,170,cart,2026-01-14 22:29:12
1505,60,cart,2026-02-05 09:18:36
1505,120,cart,2025-08-04 06:55:22
1505,450,cart,2025-06-08 01:37:20
1506,301,view,2025-07-02 14:16:23
1506,207,cart,2025-06-19 13:09:10
1506,434,view,2025-11-09 00:38:44
1506,146,view,2025-05-28 12:59:03
1506,312,view,2026-01-20 00:29:06
1506,172,view,2026-03-20 23:47:06
1506,306,cart,2025-07-18 13:28:56
1507,192,view,2025-10-05 19:37:59
1507,51,view,2026-02-02 23:08:49
1507,42,purchase,2025-10-12 14:40:58
1507,4,view,2026-03-29 07:41:02
1507,276,cart,2026-03-23 20:28:45
1507,252,view,2025-06-10 14:34:14
1507,478,purchase,2025-06-11 18:30:08
1507,331,view,2025-09-19 10:32:00
1507,26,view,2025-11-25 22:00:29
1507,241,view,2026-01-06 15:08:10
1508,68,cart,2026-02-20 08:04:51
1509,347,purchase,2025-08-26 10:10:37
1509,470,purchase,2025-08-29 22:55:53
1509,182,purchase,2026-01-06 12:07:04
1509,292,view,2025-11-17 09:41:31
1509,20,view,2025-11-04 23:41:25
1509,457,cart,2026-01-05 01:53:21
1510,51,view,2025-12-01 11:09:23
1510,298,view,2025-05-17 15:06:15
1510,20,purchase,2025-05-09 04:02:59
1510,0,view,2025-06-05 22:02:12
1510,404,view,2026-01-21 03:04:07
1510,459,cart,2025-10-20 17:57:04
1511,55,cart,2025-11-09 04:34:46
1511,303,cart,2025-08-17 05:07:03
1511,315,purchase,2025-10-15 09:39:28
1511,36,purchase,2025-08-13 23:21:15
1511,145,view,2026-04-12 09:36:12
1511,33,cart,2025-05-26 01:04:47
1511,310,cart,2025-05-26 04:50:11
1511,80,purchase,2025-11-01 09:01:59
1512,49,cart,2025-07-05 07:38:28
1512,310,view,2025-10-29 20:55:27
1512,352,cart,2025-07-19 15:15:02
1512,16,cart,2025-09-13 19:04:41
1512,436,cart,2025-07-31 16:11:48
1512,340,view,2026-01-04 19:48:40
1512,355,cart,2026-03-20 20:34:15
1512,414,cart,2025-05-30 12:00:11
1512,183,purchase,2025-07-28 12:44:29
1513,150,purchase,2025-09-19 19:26:47
1513,361,cart,2025-10-14 16:24:21
1513,214,view,2026-01-31 12:12:23
1513,406,cart,2025-05-06 06:36:14
1513,341,cart,2025-06-22 03:23:13
1514,123,cart,2025-05-13 16:19:27
1514,76,purchase,2025-10-13 16:25:05
1514,79,view,2026-01-09 11:37:10
1514,40,view,2026-01-23 20:07:14
1515,448,view,2025-05-10 11:59:15
1515,75,view,2025-09-20 18:02:32
1515,229,view,2026-02-01 20:31:36
1515,76,purchase,2025-09-14 02:29:15
1515,37,cart,2025-05-16 14:54:53
1515,394,cart,2025-04-20 08:27:39
1515,352,cart,2026-02-15 22:51:45
1515,296,view,2025-07-19 13:56:47
1515,367,cart,2025-10-26 14:38:43
1515,222,cart,2025-10-26 13:56:15
1516,476,purchase,2026-02-28 15:52:28
1516,342,purchase,2026-02-18 14:20:58
1517,373,purchase,2025-10-12 05:17:45
1517,154,purchase,2025-06-04 04:09:15
1517,107,cart,2025-06-12 20:13:15
1517,335,view,2025-04-23 08:24:33
1517,186,view,2025-09-06 00:24:15
1517,200,view,2026-02-12 22:19:15
1517,176,view,2026-02-12 23:23:39
1517,25,view,2025-06-25 20:37:08
1517,430,cart,2025-12-10 14:32:51
1518,95,cart,2026-02-12 22:35:11
1518,237,purchase,2026-01-01 13:40:23
1518,494,cart,2026-02-01 07:45:58
1518,401,purchase,2025-11-28 12:00:02
1518,441,cart,2025-11-27 19:55:21
1518,230,view,2025-05-31 21:44:33
1518,417,cart,2025-09-16 05:18:02
1519,337,cart,2025-11-28 02:40:30
1519,490,purchase,2025-12-11 09:22:51
1519,444,purchase,2025-06-17 08:39:04
1519,94,view,2025-10-17 23:53:37
1519,445,view,2026-04-02 08:10:32
1519,488,cart,2025-12-19 00:19:07
1519,212,view,2026-01-31 10:19:38
1520,448,cart,2026-03-15 15:14:35
1520,75,view,2025-11-06 01:33:08
1520,452,view,2025-10-13 10:32:45
1520,122,purchase,2026-02-19 17:31:33
1520,309,cart,2026-01-26 01:42:13
1520,490,cart,2025-04-26 15:04:34
1520,464,view,2026-04-07 15:41:33
1520,369,view,2025-08-29 10:54:10
1521,19,view,2025-11-16 07:55:24
1521,323,cart,2025-07-21 20:47:14
1521,364,cart,2025-10-19 15:26:26
1521,409,purchase,2026-03-09 09:25:55
1521,190,cart,2025-11-03 08:39:29
1521,1,view,2025-05-14 08:20:00
1521,247,purchase,2025-11-08 06:32:50
1522,108,view,2026-03-18 23:50:49
1522,170,purchase,2025-04-21 21:34:40
1522,337,purchase,2025-11-08 15:10:17
1522,380,purchase,2025-08-04 18:11:47
1523,271,cart,2025-09-22 18:10:23
1523,455,purchase,2026-04-02 12:03:06
1523,302,purchase,2025-10-26 10:21:52
1523,474,purchase,2025-09-15 11:02:57
1523,100,cart,2025-10-05 12:51:36
1524,232,purchase,2025-11-19 10:17:02
1525,280,cart,2025-05-02 08:01:22
1525,275,cart,2025-06-10 20:27:02
1525,22,cart,2025-08-19 08:07:52
1525,170,view,2025-06-22 12:36:34
1525,208,purchase,2026-04-12 07:03:43
1525,321,view,2025-07-19 01:50:51
1525,242,cart,2025-07-08 11:00:33
1525,475,cart,2025-12-11 06:24:14
1525,468,purchase,2026-01-23 13:05:57
1525,292,view,2025-09-21 02:16:40
1526,427,purchase,2026-02-14 05:16:22
1526,114,cart,2026-02-11 20:15:45
1526,135,cart,2026-04-12 07:58:48
1526,456,purchase,2026-03-30 04:13:56
1526,436,view,2025-12-02 08:39:09
1526,418,view,2025-09-07 19:32:44
1527,130,cart,2025-05-23 05:05:19
1527,135,view,2026-03-01 23:46:13
1527,271,view,2025-08-19 05:41:06
1527,20,view,2026-03-04 23:19:20
1527,487,cart,2026-02-27 12:27:42
1527,122,cart,2026-02-01 12:50:09
1527,1,cart,2026-01-26 11:50:22
1527,24,view,2026-02-26 15:17:21
1527,410,cart,2025-06-09 08:13:33
1527,274,purchase,2025-08-22 23:49:32
1528,8,purchase,2025-12-31 15:26:04
1528,444,purchase,2026-02-26 20:50:18
1528,406,purchase,2025-11-19 05:59:44
1528,403,cart,2025-10-18 22:41:24
1528,393,purchase,2026-01-02 09:31:00
1528,339,view,2026-01-28 18:41:20
1528,254,purchase,2025-06-08 12:52:59
1529,273,purchase,2026-02-24 21:51:24
1529,282,cart,2026-01-06 00:59:12
1529,399,view,2026-02-03 00:28:36
1529,437,view,2025-09-09 22:01:26
1530,287,purchase,2025-04-23 21:20:49
1530,168,view,2025-10-13 20:29:22
1530,279,purchase,2026-03-04 11:45:00
1530,102,view,2026-02-25 20:49:24
1530,350,cart,2025-05-06 16:12:57
1530,40,cart,2025-09-08 10:17:07
1530,331,view,2026-01-29 16:53:16
1531,10,view,2026-02-18 13:01:27
1531,66,purchase,2025-08-02 22:50:47
1531,374,cart,2026-02-02 16:37:52
1531,86,purchase,2025-12-26 17:24:44
1531,149,purchase,2025-10-15 08:48:02
1531,131,cart,2026-02-02 22:33:13
1531,82,cart,2026-02-28 09:57:31
1531,104,purchase,2025-12-26 18:57:42
1532,185,view,2025-09-07 19:24:04
1532,391,cart,2025-05-05 22:41:12
1532,158,purchase,2026-03-07 03:55:07
1533,327,view,2025-12-05 22:40:32
1533,39,view,2025-11-09 13:02:33
1533,447,view,2025-11-21 02:23:24
1533,436,view,2026-04-19 11:35:06
1533,488,view,2025-07-14 10:00:00
1533,33,cart,2025-08-04 12:13:19
1533,494,view,2025-09-02 04:01:42
1533,58,cart,2025-08-04 07:53:31
1533,172,view,2026-03-30 18:31:30
1534,392,purchase,2025-06-18 18:27:52
1534,238,purchase,2025-12-18 20:41:22
1534,62,cart,2026-02-20 10:06:58
1534,342,purchase,2026-04-06 01:33:41
1534,142,view,2026-03-27 00:51:35
1534,182,view,2025-08-16 20:38:06
1534,180,view,2025-06-19 14:29:50
1534,198,view,2025-05-10 00:13:24
1534,279,cart,2025-06-17 15:53:33
1535,466,purchase,2025-12-30 01:12:31
1536,32,view,2025-06-20 21:11:23
1536,74,cart,2025-11-27 08:08:08
1537,267,purchase,2025-04-28 00:32:23
1537,273,view,2025-11-17 06:16:14
1537,245,purchase,2026-03-20 11:10:13
1538,15,cart,2026-03-14 06:58:25
1538,436,cart,2025-07-12 17:28:48
1538,405,cart,2025-08-22 21:20:06
1538,53,purchase,2025-10-10 14:04:47
1538,397,cart,2025-08-11 01:41:29
1538,108,view,2026-01-12 02:04:08
1539,317,purchase,2025-10-02 07:25:02
1539,247,purchase,2025-11-24 20:47:55
1539,382,purchase,2026-01-13 19:19:18
1539,34,purchase,2025-12-13 12:09:08
1540,427,purchase,2026-02-06 11:24:38
1540,478,cart,2025-09-05 12:25:32
1540,285,cart,2025-08-29 22:25:17
1540,198,cart,2026-03-25 17:50:52
1541,101,view,2025-09-09 10:07:26
1541,18,cart,2026-01-25 21:17:10
1541,96,view,2025-11-29 06:51:58
1541,292,cart,2026-04-09 04:14:44
1541,8,purchase,2025-12-04 19:00:36
1541,478,cart,2025-10-22 11:51:16
1542,212,purchase,2026-02-25 14:28:45
1542,428,view,2025-04-27 14:42:20
1542,496,cart,2025-05-09 21:49:52
1542,441,cart,2026-02-11 20:01:42
1542,43,view,2025-09-24 13:20:22
1542,431,view,2026-02-07 16:34:29
1543,266,purchase,2025-08-27 09:59:20
1543,392,view,2025-07-15 05:48:42
1543,303,view,2025-12-07 03:27:18
1543,242,cart,2026-01-24 19:09:21
1543,283,purchase,2026-02-26 03:05:07
1543,371,cart,2025-12-24 18:08:22
1543,61,purchase,2025-07-03 21:46:16
1543,415,view,2026-03-04 08:13:14
1543,402,purchase,2025-05-05 11:26:55
1543,162,view,2025-10-24 18:17:49
1544,274,cart,2025-07-17 08:05:01
1544,150,view,2025-06-04 01:15:27
1544,439,view,2026-02-23 22:02:19
1544,28,cart,2025-10-05 11:06:02
1544,340,view,2025-07-10 01:38:43
1545,417,cart,2025-09-01 14:31:28
1545,78,cart,2026-03-03 08:43:28
1545,174,cart,2025-11-14 20:05:41
1545,38,purchase,2025-11-11 18:18:39
1545,186,view,2026-04-11 04:47:16
1546,157,purchase,2025-07-21 07:34:33
1546,153,cart,2026-03-10 02:44:32
1546,11,view,2025-07-15 23:24:57
1546,145,cart,2025-09-26 02:14:20
1546,94,purchase,2026-04-03 03:12:17
1546,47,view,2026-01-26 02:23:41
1546,476,purchase,2025-05-27 01:43:25
1546,308,purchase,2026-01-23 15:18:44
1547,185,view,2025-11-08 02:37:02
1547,48,cart,2025-11-01 23:54:55
1548,162,view,2025-05-12 01:20:00
1548,93,purchase,2025-09-20 07:05:31
1548,108,purchase,2026-01-19 06:03:30
1548,409,view,2025-07-14 02:13:38
1548,118,view,2025-12-22 04:39:09
1548,141,cart,2025-10-09 21:43:33
1549,386,purchase,2025-05-18 00:49:55
1549,467,view,2025-10-26 21:49:50
1549,415,purchase,2026-04-05 18:44:27
1549,281,purchase,2025-09-20 16:35:33
1549,445,purchase,2026-01-10 15:23:00
1549,279,cart,2025-05-15 01:52:32
1549,464,purchase,2025-05-25 10:45:53
1549,336,cart,2025-11-24 08:48:03
1549,51,cart,2025-09-07 04:29:06
1550,159,cart,2025-09-14 02:38:16
1551,336,cart,2026-03-20 22:35:57
1551,137,purchase,2025-09-04 14:31:18
1552,70,view,2025-08-06 11:50:00
1553,485,purchase,2025-07-17 06:37:39
1553,2,view,2025-09-09 11:45:59
1554,21,cart,2025-04-27 17:22:00
1554,414,cart,2025-11-29 14:52:51
1554,207,purchase,2026-02-17 14:34:56
1554,54,cart,2025-07-25 08:32:55
1554,81,purchase,2025-08-04 09:53:30
1554,481,purchase,2026-04-16 20:42:07
1554,458,view,2025-07-07 13:54:16
1554,41,cart,2025-12-18 19:00:54
1555,94,purchase,2026-03-14 14:33:16
1555,470,purchase,2025-10-22 03:51:03
1555,358,view,2026-03-22 07:48:26
1556,240,view,2025-09-14 23:19:41
1557,86,purchase,2025-08-08 14:56:10
1557,490,purchase,2025-04-28 13:26:08
1557,260,view,2025-12-15 21:29:13
1558,2,purchase,2025-08-25 16:50:48
1558,267,cart,2025-10-15 11:30:21
1558,295,purchase,2025-07-10 07:43:10
1558,397,view,2026-02-21 20:50:04
1558,252,purchase,2025-08-29 10:56:31
1558,121,view,2025-10-29 20:22:51
1558,220,view,2025-10-05 03:20:09
1559,341,cart,2026-04-06 13:51:39
1559,98,purchase,2026-01-29 14:52:05
1559,149,cart,2025-05-16 08:24:22
1559,69,cart,2025-09-04 18:59:35
1559,498,purchase,2025-07-16 06:57:35
1559,210,purchase,2025-06-27 10:39:50
1559,147,cart,2025-08-19 12:46:08
1559,127,purchase,2025-05-26 14:39:34
1559,438,view,2026-03-07 00:58:43
1559,361,cart,2026-03-19 23:11:48
1560,331,purchase,2025-07-11 12:20:11
1560,254,view,2025-12-12 03:48:18
1560,58,cart,2025-09-16 23:31:16
1560,302,view,2026-02-19 07:51:37
1560,382,cart,2026-02-03 22:46:00
1561,295,view,2025-12-01 21:56:50
1561,416,purchase,2025-08-20 04:28:41
1561,297,view,2025-10-09 04:41:38
1562,67,purchase,2025-12-23 06:13:09
1562,20,view,2025-11-30 03:23:58
1562,127,purchase,2025-08-25 21:18:14
1562,23,purchase,2025-09-14 14:38:34
1563,350,cart,2026-03-22 09:41:36
1563,68,view,2025-08-29 00:15:58
1564,491,view,2026-03-09 22:19:15
1564,294,view,2025-08-01 05:44:39
1564,333,view,2025-12-21 23:10:24
1564,367,view,2025-05-23 07:09:03
1564,424,purchase,2026-03-26 05:24:32
1565,211,view,2026-03-31 20:25:11
1566,105,cart,2026-01-17 14:52:15
1566,73,view,2025-07-14 16:14:12
1566,370,purchase,2025-09-04 06:00:11
1566,402,view,2025-10-31 15:34:07
1566,444,cart,2025-08-27 09:54:18
1566,166,cart,2025-06-03 19:32:51
1567,337,purchase,2026-02-20 13:49:01
1567,348,cart,2025-11-28 13:58:54
1567,227,purchase,2026-03-19 22:16:28
1567,103,purchase,2025-10-22 02:42:46
1567,74,view,2025-10-12 22:41:05
1567,199,cart,2026-02-27 04:51:01
1567,96,purchase,2026-03-13 15:43:29
1568,250,cart,2025-08-05 04:48:41
1568,485,cart,2025-12-14 16:58:23
1568,223,view,2025-08-22 17:24:50
1568,129,view,2025-07-26 16:34:37
1569,237,view,2026-02-15 08:27:52
1569,31,view,2026-02-25 02:53:10
1569,383,cart,2025-08-09 05:21:16
1569,268,cart,2025-10-18 11:03:43
1569,104,cart,2025-12-13 11:15:41
1569,56,cart,2025-06-24 04:16:08
1569,72,cart,2025-07-11 08:19:08
1570,90,cart,2025-05-02 06:40:55
1570,393,view,2025-05-31 07:06:01
1570,242,purchase,2026-03-24 21:47:48
1570,33,purchase,2025-08-09 21:36:10
1570,232,cart,2025-05-19 04:44:11
1571,329,view,2025-10-30 05:37:08
1571,230,view,2026-03-13 13:52:14
1571,352,cart,2026-01-31 10:24:54
1571,429,cart,2026-03-14 18:58:51
1571,493,cart,2026-01-18 16:43:21
1572,82,cart,2025-06-04 19:25:19
1572,112,cart,2025-09-05 17:11:44
1572,463,view,2025-07-15 06:01:24
1572,8,view,2026-04-03 16:44:19
1572,330,cart,2025-05-27 05:21:27
1573,112,purchase,2025-11-20 01:15:32
1573,260,purchase,2025-11-06 19:23:43
1573,478,view,2025-10-31 18:13:43
1573,56,cart,2025-10-17 21:02:04
1573,369,cart,2026-04-10 16:02:12
1573,267,cart,2025-10-19 10:22:26
1573,353,view,2026-03-21 03:11:05
1574,441,purchase,2026-03-17 21:30:26
1574,264,cart,2025-11-21 17:32:08
1574,382,cart,2025-11-20 14:35:53
1574,10,view,2025-06-19 05:14:13
1574,290,view,2025-08-07 13:19:36
1575,460,cart,2026-02-22 16:21:55
1575,129,view,2025-09-16 14:08:31
1575,387,purchase,2025-08-16 18:08:50
1575,476,purchase,2025-07-22 23:28:32
1576,294,purchase,2025-05-08 15:17:51
1576,471,view,2025-07-27 13:08:52
1576,321,cart,2026-02-17 04:32:28
1576,270,view,2025-11-02 18:37:27
1576,76,view,2026-04-03 13:24:15
1576,167,purchase,2025-08-04 07:41:36
1576,394,purchase,2025-07-14 14:22:15
1576,214,purchase,2025-08-01 05:04:53
1576,174,view,2025-11-12 00:23:12
1576,246,view,2025-05-15 12:30:02
1577,55,purchase,2025-05-24 11:06:57
1577,156,purchase,2025-08-15 10:24:40
1577,391,cart,2025-09-19 22:37:56
1578,356,cart,2026-04-09 08:13:25
1578,300,view,2025-10-16 05:36:22
1578,321,cart,2025-12-23 10:24:37
1578,342,purchase,2026-04-03 08:28:03
1578,289,purchase,2025-12-21 20:22:09
1579,49,cart,2025-04-23 12:35:54
1579,241,purchase,2025-07-15 02:19:50
1579,100,view,2025-09-30 06:29:26
1579,166,view,2025-11-11 13:32:15
1579,439,cart,2025-11-18 17:04:05
1579,182,cart,2025-12-07 17:15:45
1580,272,cart,2026-01-15 02:33:08
1580,252,view,2026-02-05 07:14:48
1580,220,purchase,2025-12-08 14:54:36
1580,8,purchase,2025-12-08 01:33:07
1581,52,purchase,2026-03-04 15:38:27
1581,458,view,2025-06-03 23:38:19
1582,210,view,2026-02-21 11:06:22
1582,104,cart,2026-01-09 00:09:55
1582,211,purchase,2025-07-02 05:59:10
1582,378,view,2025-09-10 18:46:14
1583,348,purchase,2026-01-31 15:57:44
1583,225,purchase,2025-08-25 22:47:18
1584,113,purchase,2025-05-08 16:31:36
1584,109,view,2025-10-03 07:04:24
1584,189,view,2026-01-07 06:19:46
1585,131,view,2026-03-25 02:40:07
1586,209,view,2025-04-26 05:07:28
1586,143,purchase,2025-08-10 07:08:00
1586,301,cart,2025-06-20 03:58:47
1586,457,view,2025-11-29 19:06:49
1586,47,cart,2026-02-28 06:31:13
1586,472,view,2026-04-06 22:46:37
1586,313,view,2025-10-14 03:58:10
1586,47,cart,2025-06-07 21:13:13
1586,405,purchase,2025-12-14 08:00:14
1586,274,purchase,2026-03-28 04:22:01
1587,22,cart,2025-05-03 15:28:27
1587,352,cart,2025-08-04 18:56:54
1587,277,view,2026-01-14 18:26:54
1587,336,purchase,2025-06-05 16:02:44
1588,474,cart,2025-07-01 01:41:57
1589,407,cart,2026-02-23 03:44:52
1589,454,cart,2025-06-09 08:50:37
1589,51,view,2025-07-08 13:28:35
1589,257,purchase,2026-02-24 09:43:05
1590,473,purchase,2025-11-13 20:31:49
1590,142,view,2025-12-30 10:53:28
1590,218,purchase,2025-09-29 10:58:53
1590,178,cart,2025-07-06 21:10:29
1591,284,purchase,2026-04-19 11:17:50
1591,84,view,2025-11-11 07:17:58
1591,378,view,2025-08-15 10:18:39
1591,321,purchase,2025-11-01 07:32:31
1591,10,purchase,2025-08-29 00:13:04
1591,140,view,2025-08-12 10:38:47
1591,88,view,2025-05-02 18:05:46
1591,119,purchase,2026-03-20 12:06:15
1592,375,view,2026-01-23 19:59:03
1593,423,view,2025-04-24 10:52:49
1593,101,view,2026-03-07 19:23:34
1593,151,cart,2025-07-31 15:17:14
1593,31,purchase,2025-10-03 14:28:10
1594,115,purchase,2026-03-01 04:31:53
1594,68,view,2026-03-11 11:22:59
1594,60,purchase,2026-02-25 21:39:52
1594,467,purchase,2026-03-05 18:23:02
1594,104,cart,2025-08-23 02:05:08
1594,321,cart,2025-09-07 06:28:52
1594,427,purchase,2026-02-27 22:30:53
1594,221,view,2025-07-27 01:13:57
1595,426,view,2025-08-16 12:28:54
1595,242,cart,2025-06-01 00:23:08
1596,87,cart,2025-08-16 22:01:17
1597,272,view,2025-12-11 00:02:16
1598,55,view,2025-11-09 21:59:31
1598,391,view,2026-02-19 05:54:50
1598,108,view,2025-10-10 08:11:50
1598,78,cart,2026-03-04 16:25:56
1598,55,cart,2025-05-03 15:32:38
1598,117,purchase,2025-09-03 07:51:50
1598,416,view,2025-07-02 05:57:39
1599,365,purchase,2025-12-17 12:38:59
1599,365,purchase,2026-04-16 08:29:27
1599,452,purchase,2025-04-22 04:07:19
1599,271,purchase,2025-07-04 12:57:12
1599,460,purchase,2026-01-13 21:21:45
1600,453,cart,2025-12-01 22:36:42
1600,80,purchase,2025-08-08 11:26:44
1600,272,purchase,2025-05-17 16:13:46
1600,290,view,2026-04-12 19:22:18
1600,488,cart,2025-05-30 22:48:13
1600,217,view,2025-09-17 12:30:38
1601,428,cart,2025-09-25 09:44:53
1601,142,cart,2025-05-06 01:37:58
1601,133,purchase,2025-09-02 18:03:25
1601,109,purchase,2025-12-08 07:02:43
1601,408,view,2025-05-16 06:29:06
1601,100,cart,2026-02-05 01:05:06
1601,151,cart,2026-02-06 22:11:24
1601,395,purchase,2026-02-12 13:40:28
1601,238,view,2026-02-21 21:47:57
1601,447,purchase,2025-07-09 12:49:59
1602,407,purchase,2026-03-03 23:46:00
1602,64,view,2025-06-09 15:59:53
1603,377,purchase,2026-04-19 13:39:08
1603,273,view,2025-07-19 09:34:26
1603,286,cart,2026-03-08 18:24:02
1603,202,purchase,2025-04-23 18:24:45
1604,364,purchase,2025-08-07 09:08:41
1604,418,view,2026-04-02 21:34:04
1604,27,purchase,2025-05-26 07:33:28
1604,92,purchase,2026-03-27 02:02:55
1604,448,view,2026-01-23 09:27:01
1604,409,view,2025-07-17 11:25:19
1604,123,view,2025-05-29 11:06:05
1604,260,purchase,2026-03-13 02:40:00
1604,278,view,2026-02-15 03:24:59
1604,123,purchase,2025-11-09 01:48:59
1605,42,cart,2025-09-28 02:49:01
1605,268,purchase,2025-12-05 00:58:38
1605,47,cart,2025-05-01 22:08:00
1605,133,cart,2025-08-25 02:00:00
1605,281,view,2026-02-04 16:38:29
1605,423,view,2026-01-19 15:03:14
1605,22,cart,2026-02-20 12:11:14
1605,251,view,2026-02-13 17:32:41
1605,71,view,2025-07-29 12:34:21
1606,265,view,2026-03-13 14:20:39
1606,319,cart,2025-06-02 01:41:06
1607,216,purchase,2026-04-03 12:53:37
1607,324,purchase,2025-12-17 01:15:46
1608,377,cart,2025-07-20 05:09:54
1608,235,view,2025-06-04 14:12:09
1609,433,cart,2025-06-14 03:49:00
1609,15,view,2025-07-02 23:02:38
1609,391,view,2025-12-28 00:58:57
1609,399,view,2025-12-19 13:28:58
1609,396,purchase,2026-04-09 12:30:01
1610,441,purchase,2026-02-06 15:48:53
1611,42,cart,2025-11-25 02:25:41
1612,387,purchase,2025-10-24 04:25:26
1612,413,purchase,2025-09-13 18:25:44
1612,299,view,2025-11-17 12:23:00
1613,352,view,2025-10-26 10:38:43
1613,246,view,2026-01-04 03:37:04
1614,401,purchase,2026-03-25 09:21:06
1614,331,cart,2025-09-16 10:24:34
1614,29,purchase,2025-11-21 16:52:55
1614,383,purchase,2025-06-08 06:09:14
1614,13,purchase,2025-09-24 11:16:13
1614,76,cart,2025-12-30 00:14:37
1614,160,cart,2025-06-09 23:34:57
1614,344,view,2025-08-15 19:14:05
1615,330,cart,2025-11-21 17:04:22
1615,385,cart,2025-07-27 14:36:21
1615,133,view,2025-04-23 15:32:57
1615,43,purchase,2025-08-20 08:11:41
1615,416,view,2025-12-27 15:53:02
1615,307,purchase,2026-01-08 01:26:19
1615,295,purchase,2025-07-30 05:16:01
1615,244,cart,2025-09-03 06:25:44
1615,251,purchase,2025-09-25 13:28:36
1616,77,view,2025-09-30 23:33:53
1616,422,cart,2025-09-29 06:43:37
1617,318,view,2025-10-26 18:27:04
1617,160,cart,2025-11-04 00:03:14
1617,240,view,2025-04-29 18:06:22
1617,259,cart,2025-10-15 22:48:46
1617,239,view,2025-07-08 23:05:21
1617,22,purchase,2025-12-29 04:37:09
1617,25,view,2026-04-16 08:16:46
1617,338,cart,2026-03-27 01:54:44
1617,453,view,2026-02-11 02:02:25
1618,176,purchase,2026-01-05 23:58:29
1618,174,view,2026-01-02 15:35:38
1618,185,purchase,2025-07-17 14:35:47
1618,264,cart,2025-05-03 06:26:05
1618,271,view,2025-05-19 04:18:25
1618,207,cart,2025-12-01 00:49:39
1618,288,view,2025-10-19 06:50:03
1619,211,view,2025-07-14 20:10:44
1619,408,cart,2025-09-21 14:36:05
1619,261,view,2025-10-08 02:13:21
1619,164,cart,2025-06-29 02:41:16
1620,187,cart,2026-02-12 18:40:53
1621,401,purchase,2025-12-30 03:51:30
1621,192,purchase,2025-11-27 19:45:51
1621,21,purchase,2025-12-17 13:15:48
1622,320,cart,2025-06-04 21:33:09
1623,208,view,2026-03-15 04:22:35
1624,210,purchase,2025-08-01 03:28:00
1624,438,purchase,2025-07-08 21:33:18
1624,285,cart,2025-08-24 12:31:22
1624,316,cart,2025-07-25 06:35:17
1625,395,purchase,2025-05-29 01:08:32
1626,94,view,2026-03-31 22:25:01
1626,33,view,2025-11-28 08:02:10
1626,137,view,2025-06-27 00:22:31
1626,475,view,2025-12-09 20:15:08
1626,443,cart,2025-11-20 18:47:28
1626,129,purchase,2025-10-20 07:16:51
1626,63,purchase,2025-10-22 04:16:50
1626,468,purchase,2025-05-13 22:36:30
1626,378,view,2025-08-10 08:17:27
1627,320,purchase,2025-10-03 13:58:53
1627,132,purchase,2025-07-14 06:24:59
1627,90,purchase,2025-11-20 06:47:04
1627,485,cart,2025-09-20 13:14:29
1627,255,view,2025-11-16 03:43:41
1628,99,cart,2026-04-14 14:38:37
1628,367,view,2026-02-23 15:19:20
1628,270,purchase,2025-07-14 17:37:36
1628,32,cart,2025-09-24 10:12:38
1628,137,view,2026-02-07 14:32:22
1628,79,purchase,2026-02-01 08:57:23
1628,33,view,2025-07-18 10:50:49
1628,356,cart,2025-09-12 12:10:05
1628,316,purchase,2025-10-07 07:19:29
1629,371,view,2025-06-30 12:31:01
1629,267,purchase,2025-05-27 00:25:47
1629,330,purchase,2025-12-05 17:44:03
1629,341,purchase,2025-04-21 23:30:24
1629,157,cart,2025-07-21 15:08:42
1630,81,view,2026-01-15 20:46:36
1630,124,cart,2025-09-11 19:15:28
1630,387,purchase,2025-08-06 13:09:20
1630,66,cart,2025-11-09 20:33:10
1630,369,purchase,2025-07-21 21:28:33
1631,220,view,2025-12-30 05:36:36
1631,53,cart,2026-03-24 07:23:30
1631,491,cart,2025-09-14 13:59:04
1631,42,cart,2026-01-15 17:46:10
1631,447,view,2026-01-22 23:23:02
1631,420,cart,2025-08-26 22:21:20
1631,149,purchase,2025-10-12 13:05:45
1631,199,view,2025-10-15 02:39:43
1631,181,cart,2026-03-30 12:15:35
1632,443,view,2025-10-17 00:30:57
1632,95,cart,2025-06-26 21:00:24
1632,403,view,2026-03-09 20:38:52
1632,369,purchase,2026-03-05 12:47:06
1632,188,cart,2025-10-21 23:10:41
1633,349,view,2026-03-07 08:08:35
1633,150,view,2025-12-04 04:49:25
1633,491,purchase,2026-01-15 16:46:39
1633,11,purchase,2025-07-09 21:59:31
1633,43,cart,2026-01-17 03:08:03
1633,193,cart,2026-03-29 22:44:12
1633,210,cart,2026-03-13 05:38:31
1633,441,cart,2025-06-17 07:36:19
1633,262,purchase,2025-11-16 19:04:25
1634,258,view,2025-12-30 04:53:04
1634,395,view,2026-03-12 10:00:26
1634,374,view,2025-10-19 16:35:22
1634,188,view,2025-10-20 12:25:22
1634,284,purchase,2025-11-18 01:10:44
1634,256,purchase,2025-11-10 05:30:25
1634,91,cart,2025-09-20 07:58:44
1634,169,purchase,2025-04-27 11:13:24
1634,497,view,2025-04-21 07:41:54
1635,312,purchase,2026-04-09 22:22:52
1635,31,purchase,2026-03-28 15:23:34
1635,352,cart,2025-06-13 22:43:57
1635,19,cart,2025-07-19 01:38:02
1635,351,purchase,2025-07-14 19:30:03
1635,29,cart,2025-04-30 13:46:56
1635,122,view,2025-06-02 21:55:25
1635,469,view,2025-08-18 03:41:43
1636,496,cart,2026-02-22 07:15:47
1636,99,purchase,2026-03-21 09:48:02
1636,131,purchase,2025-07-11 18:18:39
1636,161,purchase,2026-01-24 07:55:27
1637,202,purchase,2025-11-24 01:11:42
1637,113,view,2026-02-13 14:14:00
1638,46,view,2025-08-29 05:58:25
1638,364,purchase,2026-01-14 16:38:45
1639,269,cart,2025-06-02 13:09:49
1639,369,view,2026-01-27 16:30:55
1639,278,view,2025-05-19 22:47:49
1639,310,view,2025-08-09 11:10:22
1639,123,purchase,2025-11-13 23:18:37
1639,46,purchase,2026-04-09 18:59:24
1639,347,view,2025-09-24 10:52:53
1639,252,view,2025-11-20 16:53:21
1640,207,purchase,2025-06-02 16:25:37
1640,165,view,2025-07-20 04:34:33
1640,20,cart,2025-08-17 19:20:38
1641,370,view,2025-10-29 00:06:45
1642,470,purchase,2025-06-20 18:18:08
1642,389,purchase,2026-03-14 13:56:28
1643,388,cart,2026-02-10 11:21:20
1643,199,view,2025-09-20 20:23:50
1643,236,purchase,2025-08-13 02:26:17
1643,439,cart,2026-03-01 02:17:22
1643,398,purchase,2025-04-30 16:05:04
1643,368,purchase,2026-02-22 04:17:28
1643,456,view,2026-01-17 00:56:16
1643,5,view,2025-11-28 01:47:19
1644,420,view,2026-02-01 07:12:44
1644,415,view,2026-03-24 11:42:17
1644,300,view,2025-12-07 10:51:41
1644,171,cart,2025-09-04 21:04:36
1645,281,view,2026-04-09 05:08:22
1645,428,purchase,2025-06-29 19:51:55
1646,473,view,2025-08-05 18:27:21
1646,125,purchase,2025-08-22 08:15:15
1646,193,cart,2025-08-01 20:20:13
1646,241,purchase,2025-09-01 10:52:57
1646,359,cart,2025-12-22 11:02:44
1646,135,purchase,2025-09-09 03:29:17
1646,145,purchase,2025-08-31 11:11:07
1646,61,purchase,2026-01-23 13:32:30
1646,464,cart,2026-03-21 11:32:29
1647,451,purchase,2025-09-02 10:16:27
1648,200,cart,2026-03-02 13:15:45
1648,312,cart,2025-06-05 16:37:18
1648,68,view,2026-03-28 03:01:13
1648,39,cart,2025-06-29 11:39:14
1649,36,view,2026-03-24 00:49:13
1649,445,purchase,2025-11-09 18:00:23
1649,327,purchase,2025-04-29 08:34:43
1649,146,view,2025-08-27 06:41:59
1649,276,cart,2025-06-18 05:27:22
1649,115,view,2026-03-19 13:05:49
1649,203,purchase,2025-09-21 20:38:56
1649,244,cart,2025-09-08 20:21:53
1649,429,view,2025-11-22 05:51:16
1649,300,view,2025-08-29 13:17:53
1650,99,view,2026-02-28 22:30:44
1650,417,purchase,2025-06-29 06:57:36
1650,80,view,2026-03-13 12:06:19
1650,310,purchase,2026-03-26 22:38:37
1650,258,view,2025-12-15 02:25:00
1650,37,view,2025-11-30 03:39:14
1650,231,cart,2025-07-20 22:46:35
1651,172,cart,2025-12-07 10:49:37
1651,39,view,2026-03-29 14:27:40
1651,130,view,2025-08-23 12:59:55
1651,356,purchase,2026-04-19 08:41:54
1651,438,purchase,2025-06-28 20:07:40
1651,150,view,2025-09-11 14:08:31
1652,274,cart,2025-07-04 21:01:30
1652,481,purchase,2025-11-14 03:23:19
1652,21,cart,2025-07-11 08:03:36
1652,322,view,2026-03-12 19:52:00
1652,398,cart,2026-01-01 06:13:21
1652,121,cart,2026-01-25 03:28:08
1652,479,cart,2025-06-21 11:01:44
1652,219,cart,2026-01-19 02:40:43
1652,494,purchase,2025-06-18 10:24:50
1653,265,purchase,2025-05-26 03:57:29
1654,59,purchase,2025-10-08 05:31:13
1654,65,cart,2025-11-08 14:40:20
1655,480,view,2025-08-04 19:15:14
1656,447,view,2025-12-14 05:35:05
1656,266,view,2026-03-18 06:49:50
1656,184,cart,2025-04-25 23:56:01
1656,203,purchase,2025-09-01 11:53:36
1657,418,view,2025-09-30 17:26:31
1657,197,view,2025-09-15 11:37:44
1658,37,cart,2025-07-15 02:20:43
1658,481,purchase,2025-06-19 12:43:35
1658,108,view,2025-08-04 14:49:57
1658,487,view,2026-02-16 18:28:38
1658,393,view,2026-01-03 06:01:24
1658,130,cart,2025-05-08 19:28:07
1658,182,view,2026-02-08 16:38:07
1658,418,cart,2026-02-06 06:41:03
1659,281,view,2025-07-26 04:33:04
1659,223,purchase,2026-04-15 13:42:28
1659,55,cart,2025-09-26 08:35:30
1659,320,cart,2025-10-22 22:06:02
1659,217,purchase,2025-12-25 13:59:29
1659,329,view,2025-05-14 01:07:57
1659,318,view,2025-11-09 16:34:22
1659,268,cart,2025-11-29 10:04:16
1659,148,purchase,2025-09-06 17:12:22
1660,59,view,2025-12-24 04:26:34
1661,458,purchase,2026-02-25 02:13:15
1661,2,purchase,2025-11-05 15:49:28
1661,229,view,2025-10-22 20:08:23
1661,175,cart,2025-08-17 21:11:32
1661,121,cart,2025-04-24 15:03:15
1662,377,purchase,2026-03-11 11:59:50
1662,69,cart,2025-09-01 01:44:22
1662,23,view,2025-12-20 18:01:30
1662,119,purchase,2025-05-20 17:56:13
1662,191,purchase,2025-08-04 02:54:16
1662,370,view,2025-09-06 07:45:18
1662,27,view,2025-12-18 21:26:47
1662,341,cart,2025-06-16 01:18:50
1662,231,purchase,2025-06-05 10:58:59
1663,310,view,2025-09-09 11:43:52
1664,188,purchase,2026-01-20 11:18:00
1664,297,purchase,2025-05-27 18:56:22
1664,33,cart,2025-05-07 11:28:49
1664,146,purchase,2025-11-22 01:12:56
1664,93,view,2025-11-16 20:01:04
1664,365,cart,2025-06-15 22:49:36
1664,130,purchase,2026-02-28 12:20:19
1664,413,view,2026-01-22 00:28:52
1664,206,purchase,2025-10-07 10:41:27
1665,319,purchase,2026-04-05 08:50:48
1665,215,purchase,2025-10-07 08:13:03
1665,293,cart,2025-06-15 14:26:07
1665,445,purchase,2025-07-16 23:07:43
1665,151,purchase,2025-07-23 13:40:26
1665,328,purchase,2026-01-07 20:49:35
1665,388,purchase,2026-01-09 06:12:29
1665,381,purchase,2026-04-09 21:43:18
1665,346,purchase,2026-01-01 13:46:07
1665,389,cart,2026-04-11 02:22:24
1666,455,purchase,2025-09-17 10:05:27
1666,151,view,2026-03-25 18:19:34
1667,401,cart,2025-05-10 20:23:54
1667,296,cart,2026-04-07 02:34:37
1667,326,purchase,2025-12-23 08:43:12
1667,127,view,2026-04-16 07:22:33
1667,169,purchase,2025-10-29 11:25:25
1667,52,cart,2025-09-13 22:08:27
1667,10,purchase,2026-02-08 13:52:56
1667,454,cart,2025-11-26 03:34:21
1667,291,purchase,2026-04-13 21:46:31
1668,488,view,2025-11-25 22:08:53
1668,455,view,2025-12-18 19:42:25
1668,55,view,2025-12-14 18:38:46
1668,429,view,2025-05-20 16:42:23
1669,399,view,2026-01-21 01:20:20
1669,397,cart,2025-09-26 20:06:10
1669,206,purchase,2026-03-23 11:53:03
1669,286,view,2026-04-12 22:06:51
1669,208,purchase,2025-08-02 00:21:27
1670,285,cart,2025-08-22 21:01:32
1671,203,purchase,2025-04-27 05:49:19
1671,60,cart,2026-03-04 05:14:23
1671,391,cart,2025-05-05 08:07:42
1672,328,cart,2025-09-08 07:13:31
1673,383,view,2026-01-06 01:13:53
1673,158,purchase,2026-02-06 00:16:04
1673,482,purchase,2025-09-19 10:37:01
1674,266,purchase,2025-10-05 06:24:40
1674,112,cart,2025-10-14 21:14:16
1674,343,purchase,2026-02-25 04:31:28
1674,308,cart,2026-01-07 10:39:38
1675,460,purchase,2025-07-29 13:51:47
1675,70,purchase,2025-07-25 14:15:57
1675,459,purchase,2026-04-06 05:18:12
1675,387,view,2026-03-11 06:15:40
1676,423,view,2025-06-10 08:49:12
1676,459,cart,2026-01-13 14:48:52
1676,491,cart,2025-08-15 05:21:36
1676,454,purchase,2026-01-19 10:27:38
1676,60,view,2025-08-27 08:21:27
1677,312,cart,2025-12-22 09:46:54
1677,174,view,2026-01-27 23:11:09
1677,281,view,2026-01-18 12:44:28
1677,207,purchase,2026-02-01 02:25:31
1677,390,cart,2026-04-02 22:36:11
1677,278,purchase,2025-09-13 22:06:08
1677,75,cart,2026-01-10 12:36:26
1677,338,cart,2025-09-21 13:05:02
1677,47,purchase,2025-05-11 17:46:21
1677,195,purchase,2025-08-13 03:28:38
1678,176,cart,2025-06-15 04:14:42
1678,322,view,2026-01-02 15:30:15
1678,472,view,2025-07-31 05:11:28
1678,7,purchase,2025-10-23 23:45:08
1678,246,cart,2026-01-01 04:34:59
1678,50,purchase,2025-05-08 18:26:18
1678,425,purchase,2025-10-31 03:52:40
1679,392,view,2025-09-06 20:41:54
1679,413,purchase,2025-10-01 00:02:34
1679,160,purchase,2025-08-15 14:44:34
1680,472,view,2025-11-14 16:06:51
1680,128,view,2026-03-14 20:42:00
1680,397,cart,2025-08-21 16:52:47
1680,204,purchase,2025-05-06 14:40:04
1680,76,view,2026-03-06 15:26:14
1680,300,cart,2026-01-24 05:57:20
1681,139,purchase,2025-06-08 16:26:59
1681,460,view,2025-08-13 02:14:03
1681,437,view,2025-06-21 14:40:48
1681,426,view,2025-06-03 07:28:13
1681,244,view,2025-12-09 09:13:10
1681,0,view,2026-03-08 15:25:44
1681,341,purchase,2026-04-19 20:59:56
1681,222,purchase,2025-11-02 07:53:19
1681,200,cart,2025-12-02 09:01:35
1682,28,view,2025-05-11 04:11:56
1682,426,cart,2026-03-06 18:12:00
1683,103,view,2025-11-06 13:45:13
1683,41,purchase,2026-03-13 12:43:20
1683,98,purchase,2025-05-19 04:01:37
1683,171,view,2025-04-23 21:33:48
1683,24,view,2026-03-04 09:06:41
1683,192,purchase,2026-03-30 01:56:56
1683,28,purchase,2025-10-16 04:17:21
1683,331,cart,2025-06-16 10:44:27
1683,41,cart,2026-03-19 03:03:27
1684,37,purchase,2025-10-28 12:22:11
1684,164,view,2026-04-14 11:38:36
1684,232,cart,2025-10-17 14:22:11
1684,396,view,2026-03-04 23:20:44
1684,441,purchase,2025-04-23 02:53:06
1684,267,view,2025-07-28 12:41:59
1684,446,purchase,2026-03-25 11:51:10
1684,486,cart,2025-08-06 00:18:54
1684,328,cart,2025-10-17 09:48:16
1684,321,view,2025-05-21 05:34:41
1685,373,cart,2025-06-18 06:19:26
1686,326,cart,2026-02-19 14:47:46
1686,138,view,2025-07-31 22:39:33
1686,458,cart,2025-11-28 15:19:58
1686,225,cart,2025-10-15 03:14:20
1687,144,cart,2026-01-18 01:42:54
1687,83,view,2025-05-05 06:54:18
1687,365,cart,2025-10-04 18:59:41
1687,453,view,2025-12-11 02:50:29
1687,371,cart,2026-04-16 20:56:47
1687,390,cart,2025-05-31 20:23:49
1687,343,view,2026-01-22 17:23:32
1687,305,view,2025-09-08 17:06:52
1687,176,view,2025-05-02 20:11:03
1687,284,view,2025-09-14 18:20:31
1688,371,purchase,2025-05-30 12:01:48
1688,422,cart,2025-06-03 12:40:51
1688,472,cart,2025-08-03 09:23:58
1688,472,view,2026-03-01 21:03:14
1688,82,purchase,2025-10-13 23:33:26
1688,358,purchase,2025-09-28 14:29:10
1688,34,cart,2025-10-23 08:46:56
1688,11,cart,2026-03-24 19:15:02
1689,345,purchase,2025-08-19 10:59:58
1689,134,view,2025-08-11 03:08:14
1689,496,view,2025-09-09 13:03:13
1689,101,view,2025-10-25 00:42:40
1689,232,view,2026-03-16 23:01:02
1689,45,view,2025-09-18 13:35:43
1689,488,cart,2025-12-04 17:31:28
1689,183,purchase,2025-04-28 09:00:33
1689,476,view,2025-06-09 08:45:58
1690,176,cart,2025-08-06 19:45:59
1690,55,cart,2025-07-22 18:07:02
1690,278,view,2025-07-06 21:45:56
1690,237,view,2025-09-15 19:19:13
1691,434,view,2025-07-24 13:28:52
1691,347,view,2026-02-14 04:33:35
1691,40,purchase,2025-05-18 23:44:42
1691,83,view,2025-05-09 05:54:06
1692,57,view,2025-11-07 00:08:36
1692,384,cart,2025-04-30 03:54:11
1692,121,purchase,2025-09-04 09:01:21
1692,342,cart,2026-01-08 16:54:13
1692,67,cart,2025-09-28 03:41:22
1692,253,purchase,2026-03-17 17:22:43
1692,293,cart,2026-01-27 00:50:38
1693,62,view,2026-01-31 15:12:44
1693,111,cart,2026-01-29 11:31:44
1693,38,purchase,2025-08-06 12:49:37
1693,279,cart,2025-10-02 22:10:37
1693,157,cart,2025-12-20 20:33:49
1693,303,view,2025-06-17 01:32:43
1693,371,view,2026-01-06 18:22:25
1694,165,view,2025-04-21 01:27:27
1694,72,cart,2025-08-09 07:36:57
1694,150,purchase,2026-04-16 06:33:15
1694,22,view,2025-10-13 15:47:24
1694,220,cart,2025-12-09 06:49:23
1694,145,view,2025-10-17 12:11:57
1694,121,cart,2025-07-22 13:39:03
1694,104,purchase,2026-01-07 10:57:20
1694,128,view,2026-01-26 02:13:20
1694,203,cart,2025-06-11 02:21:14
1695,55,view,2025-11-03 08:14:49
1695,463,cart,2025-10-05 22:21:48
1695,379,cart,2025-05-17 07:10:55
1695,341,purchase,2026-03-21 12:27:44
1695,87,view,2025-12-03 00:32:19
1695,38,view,2025-07-01 19:07:30
1695,426,view,2025-09-02 19:37:37
1695,327,view,2025-06-30 12:17:44
1695,449,cart,2025-07-30 22:31:12
1696,274,view,2025-07-03 18:35:12
1696,52,purchase,2025-09-06 18:44:59
1696,99,cart,2025-11-04 10:41:59
1696,265,cart,2025-12-15 00:56:38
1696,87,purchase,2025-09-08 18:06:53
1696,279,cart,2026-03-04 06:34:19
1696,376,cart,2025-10-19 08:38:26
1696,401,purchase,2025-05-27 23:07:27
1696,351,purchase,2026-03-24 10:42:26
1696,224,view,2026-04-03 19:44:40
1697,443,view,2025-08-16 08:01:47
1697,447,purchase,2025-06-21 17:58:45
1697,124,view,2025-12-07 18:19:46
1697,434,purchase,2025-12-08 08:35:25
1697,90,purchase,2025-11-07 05:18:27
1697,348,cart,2025-07-31 23:53:03
1697,209,view,2026-01-29 09:29:28
1698,117,purchase,2025-06-26 03:36:48
1698,384,cart,2025-06-25 16:07:19
1698,491,purchase,2025-12-24 12:00:15
1698,11,cart,2025-11-17 18:34:05
1698,402,purchase,2026-01-29 17:31:15
1698,301,purchase,2025-07-24 18:34:57
1699,206,purchase,2025-09-16 10:39:47
1699,474,view,2025-12-29 11:57:54
1699,232,cart,2026-02-02 23:07:04
1699,358,view,2025-05-07 09:42:40
1699,206,cart,2026-01-31 04:28:08
1699,120,cart,2026-01-27 17:37:49
1699,265,view,2025-10-24 15:17:06
1700,186,view,2025-10-19 08:11:32
1701,276,view,2025-11-13 10:07:21
1701,43,purchase,2025-08-03 08:40:50
1701,430,view,2025-12-19 04:16:14
1701,92,view,2025-11-04 21:33:24
1701,322,cart,2025-06-01 15:01:48
1701,167,purchase,2025-11-19 07:26:30
1701,81,view,2025-08-21 03:05:02
1702,347,purchase,2025-10-25 09:00:29
1702,187,view,2025-07-01 00:48:38
1702,397,cart,2026-01-29 04:40:24
1702,276,cart,2025-08-12 15:02:58
1702,479,view,2025-06-11 23:54:49
1702,351,cart,2025-11-30 03:22:35
1702,207,purchase,2025-11-07 07:22:33
1703,375,view,2025-11-24 23:17:43
1703,267,purchase,2025-07-01 09:17:44
1703,394,view,2025-12-08 04:24:30
1704,292,view,2025-10-30 15:07:46
1704,167,purchase,2025-07-02 05:40:29
1705,496,cart,2025-10-18 07:24:20
1705,386,purchase,2025-08-04 16:07:04
1705,488,view,2026-03-14 21:40:40
1705,285,purchase,2025-06-25 13:15:17
1705,273,purchase,2025-07-02 12:27:30
1705,137,view,2026-02-04 21:24:10
1705,220,purchase,2026-02-22 22:29:34
1706,277,cart,2025-11-16 02:24:01
1706,401,purchase,2025-12-11 18:27:31
1706,444,view,2025-09-08 12:14:47
1706,487,view,2025-06-03 19:17:47
1706,64,view,2025-07-04 00:48:13
1706,435,cart,2025-10-23 06:25:54
1706,408,view,2025-06-08 04:29:36
1706,487,purchase,2025-04-22 12:08:04
1706,354,purchase,2025-08-18 06:23:30
1706,117,purchase,2026-03-24 18:39:36
1707,221,purchase,2025-04-27 12:55:38
1707,306,purchase,2026-03-09 17:19:12
1707,354,cart,2025-09-21 08:09:00
1707,259,cart,2025-12-03 06:35:08
1707,331,view,2025-09-10 05:09:35
1707,152,purchase,2025-08-30 11:16:06
1707,172,purchase,2025-04-29 12:27:24
1707,312,purchase,2025-12-26 11:17:44
1707,283,purchase,2025-10-28 01:05:48
1708,331,view,2025-06-03 14:20:01
1708,145,cart,2025-06-01 07:18:30
1709,320,purchase,2026-02-03 18:43:18
1709,259,cart,2025-10-21 14:41:35
1709,492,view,2025-08-21 10:04:40
1709,355,purchase,2025-06-15 23:14:41
1709,225,view,2025-07-26 19:10:19
1709,182,view,2026-01-15 10:30:36
1709,120,purchase,2025-07-24 10:08:03
1709,205,cart,2025-09-25 22:43:11
1710,244,view,2026-03-02 16:29:03
1710,276,purchase,2025-04-30 03:29:44
1710,95,view,2025-07-07 16:15:17
1710,478,purchase,2025-07-20 13:38:48
1710,231,cart,2026-03-09 20:29:02
1710,194,view,2025-07-22 23:47:56
1710,493,purchase,2025-04-27 09:50:20
1711,368,purchase,2025-07-12 07:28:39
1711,339,cart,2025-06-12 04:35:42
1712,312,purchase,2026-02-10 01:30:45
1712,252,cart,2026-02-01 21:28:57
1712,277,view,2025-08-07 14:06:35
1712,438,purchase,2025-08-13 09:07:27
1712,294,cart,2026-01-23 21:30:56
1712,258,cart,2026-01-06 01:57:57
1712,367,view,2025-11-18 23:19:59
1712,428,view,2025-04-23 10:51:18
1713,264,purchase,2025-10-20 14:22:52
1713,100,cart,2026-02-20 09:16:11
1713,383,view,2025-05-18 14:24:59
1713,404,purchase,2025-12-19 14:30:07
1713,272,cart,2026-03-05 00:26:54
1713,348,purchase,2025-06-30 04:18:20
1714,204,purchase,2025-07-09 10:32:45
1715,349,purchase,2026-04-04 05:06:23
1715,405,view,2025-05-03 04:21:08
1715,188,view,2025-10-27 21:30:50
1716,452,view,2025-12-14 16:13:16
1716,339,cart,2025-07-26 18:59:55
1716,386,cart,2025-08-30 22:58:02
1716,195,purchase,2026-04-08 20:16:49
1716,317,cart,2025-11-13 18:43:19
1717,291,view,2025-09-21 23:19:36
1717,15,purchase,2025-10-04 19:12:29
1717,63,view,2025-05-02 09:31:06
1717,143,purchase,2025-05-01 17:39:23
1717,90,purchase,2025-09-01 18:05:39
1717,175,cart,2025-12-07 03:17:17
1717,137,cart,2025-07-29 04:00:33
1717,93,purchase,2025-08-13 16:38:49
1718,235,purchase,2025-12-02 16:35:20
1718,201,view,2025-04-20 01:28:24
1718,71,cart,2026-04-18 07:15:14
1718,423,purchase,2025-09-20 18:36:35
1718,150,view,2025-09-10 15:34:06
1718,326,view,2025-07-01 21:11:34
1718,324,view,2026-03-11 00:56:53
1719,378,purchase,2025-06-07 14:20:40
1719,433,cart,2025-07-01 00:11:42
1719,404,cart,2026-03-18 16:50:16
1719,425,view,2026-03-28 11:17:58
1719,443,view,2025-11-12 23:04:53
1719,279,purchase,2025-10-22 12:43:21
1719,478,view,2025-05-21 02:24:43
1719,174,cart,2025-05-12 23:33:17
1719,84,cart,2025-10-29 18:26:35
1720,350,purchase,2026-02-16 15:08:33
1720,468,cart,2025-09-10 14:27:06
1721,272,cart,2025-12-08 17:37:56
1721,369,cart,2025-05-23 07:00:20
1721,91,cart,2026-01-06 10:32:09
1722,85,purchase,2026-01-05 07:08:00
1722,87,cart,2026-03-15 01:13:18
1722,484,purchase,2025-10-25 13:57:10
1722,113,purchase,2025-12-20 22:39:18
1722,113,cart,2026-01-08 21:05:09
1722,271,purchase,2025-11-19 04:03:41
1722,400,purchase,2026-03-24 19:50:16
1723,52,view,2025-08-31 19:10:11
1723,440,purchase,2026-01-21 18:55:29
1723,54,purchase,2025-10-17 16:50:13
1723,363,cart,2025-05-17 20:00:04
1723,189,cart,2026-01-21 17:21:02
1723,13,purchase,2025-07-11 03:36:28
1724,265,cart,2025-10-31 04:29:35
1724,489,cart,2025-07-07 07:31:41
1724,486,purchase,2026-03-15 03:46:46
1724,166,view,2025-06-17 22:45:18
1724,312,cart,2025-09-12 11:29:53
1724,387,cart,2026-02-20 04:38:20
1724,395,purchase,2025-10-15 13:19:38
1724,147,cart,2025-09-09 20:05:12
1725,3,view,2025-11-12 05:13:54
1725,156,purchase,2025-07-20 10:33:12
1725,319,view,2025-05-01 05:05:18
1725,449,purchase,2025-06-03 14:57:09
1726,422,purchase,2025-09-27 18:15:50
1726,38,view,2025-11-06 17:07:38
1726,467,cart,2025-10-18 20:12:51
1726,306,cart,2026-03-29 06:09:05
1726,84,view,2025-08-22 09:21:20
1726,101,purchase,2026-04-01 04:31:56
1726,426,purchase,2025-05-26 13:58:54
1726,170,purchase,2026-03-01 00:07:36
1726,120,cart,2026-01-15 22:25:09
1727,44,cart,2026-02-22 14:31:22
1728,201,cart,2025-06-14 03:00:30
1728,45,cart,2025-09-19 14:17:46
1728,150,cart,2025-11-01 17:11:19
1728,55,cart,2026-04-10 06:42:42
1729,103,view,2026-01-28 10:55:04
1729,110,purchase,2025-11-10 13:14:16
1729,88,cart,2025-08-10 04:03:31
1729,317,view,2026-03-28 14:08:27
1729,418,cart,2025-07-19 02:26:22
1729,243,purchase,2026-04-12 07:49:20
1730,49,view,2026-01-24 12:38:03
1730,408,cart,2025-10-14 12:23:11
1730,229,cart,2025-05-23 00:57:33
1730,23,view,2026-01-02 13:39:50
1730,491,purchase,2026-02-23 08:38:10
1730,136,view,2025-09-03 14:26:59
1730,356,purchase,2025-08-01 20:35:47
1730,410,view,2026-04-19 01:02:20
1730,145,view,2025-08-25 02:06:54
1731,397,cart,2025-10-17 05:08:16
1732,233,cart,2025-05-20 05:22:25
1732,315,purchase,2025-07-30 13:51:44
1732,485,view,2025-04-28 22:03:41
1733,268,cart,2025-10-01 12:40:02
1733,287,view,2025-06-05 04:22:50
1733,309,purchase,2025-05-17 03:21:45
1733,427,view,2026-03-22 03:35:20
1733,387,cart,2025-06-01 11:45:08
1733,3,cart,2025-12-15 23:19:49
1733,184,view,2025-08-13 11:44:06
1733,120,purchase,2025-05-09 01:21:00
1733,269,purchase,2026-02-26 04:14:04
1733,438,cart,2025-07-20 15:52:31
1734,83,view,2025-08-30 11:23:46
1734,478,cart,2026-01-07 09:43:53
1734,285,cart,2025-09-20 15:54:13
1734,213,view,2025-04-29 02:50:30
1734,489,cart,2026-03-03 14:19:03
1734,442,purchase,2026-01-24 14:15:08
1734,259,cart,2025-06-13 00:56:34
1735,275,cart,2025-12-23 00:27:41
1735,143,cart,2026-01-03 07:35:13
1735,441,view,2025-09-15 00:04:12
1735,70,cart,2025-08-29 10:13:04
1735,361,cart,2025-11-30 23:46:08
1735,261,cart,2026-01-31 01:33:33
1735,379,purchase,2025-11-20 03:54:52
1735,143,purchase,2025-07-29 02:22:23
1736,375,purchase,2025-10-22 21:44:27
1736,216,cart,2025-10-10 00:18:36
1736,407,cart,2025-12-06 03:25:26
1736,403,purchase,2026-04-02 01:26:00
1736,430,purchase,2026-02-22 22:02:07
1736,147,view,2025-07-10 22:44:04
1737,65,cart,2025-09-14 08:52:52
1737,490,purchase,2026-04-16 21:54:03
1737,466,view,2025-09-27 09:17:51
1737,495,view,2026-04-09 02:43:44
1737,415,purchase,2026-01-17 11:06:06
1737,219,cart,2025-07-27 05:23:15
1737,13,view,2025-10-14 23:29:26
1737,477,view,2026-01-28 11:56:42
1737,451,view,2025-05-31 02:29:30
1738,79,cart,2025-10-13 04:50:55
1739,327,view,2025-12-12 09:29:27
1739,300,purchase,2025-10-28 15:31:53
1739,449,view,2026-02-06 17:59:08
1739,37,view,2026-02-22 02:17:40
1739,67,purchase,2026-01-17 01:08:01
1739,449,view,2025-11-16 08:32:53
1740,444,cart,2025-12-17 00:09:26
1740,35,view,2026-01-01 00:49:53
1740,2,cart,2025-06-27 23:19:14
1740,174,cart,2025-06-04 19:50:12
1740,17,purchase,2025-06-23 20:26:09
1740,104,purchase,2026-02-11 01:13:27
1741,284,purchase,2025-05-11 23:42:06
1741,93,purchase,2025-05-31 19:21:44
1741,51,cart,2025-10-11 06:47:40
1741,155,cart,2025-06-19 20:51:29
1741,435,purchase,2025-06-03 07:55:00
1741,268,purchase,2025-05-07 08:08:47
1741,196,cart,2025-06-19 01:01:55
1742,317,purchase,2026-02-06 13:05:45
1742,251,view,2025-09-03 17:59:08
1742,255,purchase,2025-12-11 15:39:29
1742,479,view,2025-12-28 02:54:03
1742,216,cart,2025-09-15 09:58:42
1742,460,purchase,2025-09-16 13:34:35
1742,403,cart,2025-05-29 07:36:22
1742,368,cart,2025-11-12 14:32:05
1742,329,cart,2025-05-09 19:11:43
1742,76,purchase,2025-10-25 08:38:19
1743,66,cart,2025-12-16 17:57:03
1744,378,purchase,2025-04-20 02:07:53
1744,85,cart,2025-12-24 05:05:20
1744,147,view,2026-03-29 13:59:58
1744,486,view,2025-08-05 15:45:15
1744,269,view,2025-07-13 03:05:53
1744,412,view,2025-06-04 17:56:48
1744,362,purchase,2026-04-18 23:08:03
1744,413,view,2025-07-02 03:08:30
1744,377,view,2025-05-06 21:55:47
1745,428,view,2026-01-22 01:43:06
1745,64,view,2025-08-02 15:37:53
1745,310,view,2025-10-15 21:14:18
1745,449,purchase,2025-09-16 12:52:32
1746,320,cart,2025-05-09 19:42:28
1747,47,view,2025-05-22 13:14:31
1747,193,purchase,2025-05-18 14:34:57
1747,4,view,2026-01-10 07:49:15
1747,266,view,2025-12-12 21:32:30
1747,212,cart,2026-01-13 18:15:33
1747,250,view,2025-08-24 12:48:22
1747,104,purchase,2026-03-16 06:58:27
1747,283,cart,2026-03-03 04:15:15
1747,176,view,2025-09-22 05:10:47
1747,272,view,2026-03-27 18:10:40
1748,206,purchase,2026-03-19 06:32:47
1748,361,view,2025-08-25 03:58:14
1748,340,cart,2025-09-05 14:12:35
1748,90,view,2025-10-08 22:27:31
1748,460,cart,2026-02-07 05:23:14
1748,245,cart,2025-09-17 19:58:42
1748,164,cart,2025-07-29 17:34:15
1748,382,cart,2025-10-20 19:48:15
1749,321,cart,2025-04-29 02:41:51
1749,247,view,2025-10-01 21:10:44
1749,194,view,2025-09-12 13:01:13
1749,441,purchase,2025-05-23 23:54:34
1749,482,view,2025-12-15 03:59:30
1749,166,view,2025-06-29 20:47:24
1749,316,view,2026-04-19 14:40:37
1749,261,purchase,2025-11-13 02:31:24
1749,379,cart,2026-03-15 12:46:00
1750,460,purchase,2026-02-09 09:13:04
1750,283,view,2026-02-15 20:42:31
1750,373,view,2025-07-22 03:33:24
1750,200,view,2026-03-14 09:12:03
1750,281,view,2025-07-30 00:10:03
1750,367,cart,2025-11-16 20:30:48
1750,491,view,2025-08-30 05:56:11
1751,89,view,2026-01-28 23:57:58
1751,234,purchase,2026-01-11 20:47:38
1751,110,view,2025-08-29 08:50:44
1751,226,purchase,2025-09-14 14:16:20
1751,372,view,2025-07-23 04:42:14
1751,474,purchase,2025-11-18 06:59:45
1751,335,purchase,2026-02-19 06:35:54
1751,494,view,2025-09-23 19:18:59
1752,166,view,2026-01-28 08:32:33
1753,79,purchase,2026-02-18 19:50:00
1753,489,purchase,2025-07-23 04:41:05
1753,465,purchase,2025-10-03 21:34:39
1754,379,cart,2025-12-05 02:10:08
1754,451,view,2025-08-23 20:13:04
1754,489,view,2025-05-24 11:53:29
1754,375,cart,2026-03-07 20:42:44
1755,336,purchase,2025-11-08 10:49:02
1755,38,purchase,2026-03-02 16:12:26
1755,155,view,2025-11-15 06:33:28
1755,283,purchase,2025-08-08 09:50:01
1755,73,view,2025-09-01 16:28:48
1755,459,view,2026-02-12 11:03:06
1756,334,cart,2025-05-13 14:33:46
1756,359,view,2025-08-01 08:35:14
1756,404,purchase,2026-01-05 13:11:32
1756,438,purchase,2025-08-24 15:56:43
1756,104,cart,2025-05-10 23:45:19
1756,284,cart,2025-09-24 18:54:22
1757,213,view,2026-02-18 18:13:28
1757,250,purchase,2026-01-02 20:09:58
1757,330,cart,2026-02-14 23:08:38
1757,377,purchase,2025-06-02 07:17:34
1757,451,cart,2025-11-10 05:46:59
1758,82,cart,2026-03-31 08:02:29
1758,148,view,2025-12-23 13:13:27
1758,482,view,2025-09-13 09:51:50
1758,292,cart,2025-06-22 12:57:40
1759,443,cart,2025-09-26 08:50:45
1759,295,cart,2025-06-30 07:31:17
1759,312,purchase,2025-07-03 03:36:22
1759,371,view,2025-07-22 05:23:57
1759,92,cart,2026-02-11 20:30:21
1760,422,purchase,2025-09-05 07:20:57
1760,224,view,2025-04-26 13:40:02
1760,95,purchase,2025-12-01 09:48:52
1760,89,cart,2026-01-30 01:31:38
1760,35,view,2025-09-07 17:32:19
1760,28,cart,2025-12-01 02:48:53
1760,126,purchase,2026-03-15 19:34:06
1760,461,purchase,2025-07-09 03:02:17
1760,239,purchase,2025-07-02 02:29:04
1760,466,cart,2026-02-22 22:02:45
1761,109,cart,2025-07-11 03:15:30
1761,362,cart,2025-09-11 05:06:47
1762,296,purchase,2026-01-25 16:04:25
1762,484,purchase,2025-06-26 19:20:24
1762,124,view,2026-03-18 11:08:25
1763,14,purchase,2025-05-10 00:11:37
1763,385,view,2025-11-07 07:08:11
1763,68,cart,2025-10-22 00:44:47
1764,373,purchase,2025-05-02 06:37:27
1764,441,view,2025-12-16 06:46:25
1764,280,view,2025-06-14 06:32:26
1764,88,view,2025-09-04 17:06:14
1764,452,view,2025-07-16 17:32:53
1764,135,purchase,2025-10-18 23:16:09
1764,250,purchase,2026-04-09 01:31:57
1765,265,purchase,2026-01-03 02:47:08
1765,259,purchase,2026-04-09 04:39:07
1765,224,cart,2025-04-27 14:19:17
1765,350,view,2026-01-20 19:15:00
1765,354,purchase,2026-03-06 12:34:27
1765,369,purchase,2025-06-03 09:41:42
1765,449,cart,2026-04-01 23:14:15
1765,341,purchase,2025-08-02 07:37:55
1766,94,view,2025-10-26 12:39:45
1766,326,purchase,2025-06-28 02:20:51
1766,201,view,2025-04-24 15:07:10
1766,408,view,2025-06-13 02:12:16
1766,103,view,2026-01-05 19:55:49
1766,142,cart,2025-05-01 11:45:50
1767,472,cart,2025-08-07 13:48:25
1767,330,view,2025-06-07 07:16:48
1767,417,purchase,2026-02-02 19:22:48
1767,437,purchase,2025-11-24 07:18:58
1768,56,cart,2025-11-30 16:24:53
1768,34,cart,2026-01-03 18:38:47
1768,427,view,2025-10-21 22:33:12
1768,488,view,2026-01-01 00:14:44
1768,446,purchase,2026-01-07 03:43:24
1768,292,view,2025-06-09 22:03:27
1769,398,view,2026-02-06 15:02:09
1770,85,purchase,2025-07-20 13:08:01
1770,482,purchase,2025-09-01 19:39:08
1770,383,cart,2025-12-29 01:24:29
1770,339,view,2026-01-21 23:13:12
1770,47,cart,2026-01-23 17:24:03
1770,101,cart,2026-02-06 12:47:55
1770,141,purchase,2025-11-17 04:14:20
1770,444,purchase,2026-03-18 03:58:14
1770,261,view,2025-10-16 18:56:58
1770,29,purchase,2025-12-13 05:03:35
1771,466,view,2025-09-20 04:42:35
1771,295,cart,2026-01-24 08:46:45
1771,240,view,2025-05-08 02:50:28
1771,107,purchase,2026-03-29 09:35:54
1772,255,view,2025-08-14 17:31:29
1772,311,view,2026-03-29 10:54:37
1772,74,cart,2025-12-04 15:20:45
1772,24,purchase,2025-10-02 14:13:08
1772,77,purchase,2025-04-28 09:10:55
1772,77,view,2026-02-19 03:32:36
1772,106,view,2025-07-05 05:32:35
1772,60,purchase,2025-10-02 13:52:25
1772,473,purchase,2025-07-17 15:26:31
1772,491,cart,2025-05-08 16:16:29
1773,238,purchase,2025-04-27 13:28:47
1773,71,view,2025-12-25 05:02:15
1773,58,purchase,2025-10-10 19:42:55
1773,394,purchase,2025-06-08 15:36:57
1773,344,view,2026-04-18 17:26:43
1773,59,view,2025-04-22 15:44:52
1773,195,cart,2026-02-22 01:31:09
1774,66,view,2025-06-14 03:34:19
1774,21,view,2025-08-31 14:24:30
1775,369,view,2026-01-08 15:49:03
1775,228,view,2026-02-27 04:46:23
1775,370,cart,2025-07-15 20:06:14
1775,338,purchase,2025-12-05 02:05:53
1775,473,purchase,2025-12-22 06:30:28
1775,389,cart,2025-04-22 21:57:27
1775,477,view,2025-10-08 20:20:34
1775,101,purchase,2026-03-21 03:22:42
1775,382,purchase,2025-05-05 13:12:42
1775,109,view,2025-10-27 09:32:25
1776,292,view,2025-04-22 02:37:30
1776,220,cart,2025-10-15 13:29:28
1776,172,view,2026-04-05 02:56:26
1776,274,view,2026-01-01 09:09:28
1776,338,view,2025-12-26 08:51:12
1777,333,purchase,2025-11-28 14:59:28
1777,415,cart,2025-12-03 09:11:01
1777,397,purchase,2025-08-24 17:43:10
1777,53,view,2026-04-10 20:36:38
1777,391,cart,2025-12-15 03:02:16
1777,90,view,2026-03-16 08:58:09
1777,46,cart,2025-08-07 18:22:28
1777,11,purchase,2025-10-13 13:23:23
1778,320,purchase,2026-03-27 21:59:29
1778,71,cart,2025-11-10 13:05:49
1778,440,view,2026-02-18 09:44:00
1778,295,purchase,2025-06-30 20:38:01
1778,167,view,2025-08-06 16:20:43
1778,76,purchase,2025-10-25 00:22:45
1778,146,cart,2025-08-26 23:36:04
1779,8,purchase,2026-04-12 17:11:49
1779,99,purchase,2026-04-13 04:08:21
1779,433,cart,2025-10-27 07:08:05
1780,369,cart,2025-10-01 02:13:41
1780,429,view,2025-10-22 08:59:06
1780,414,purchase,2025-04-21 14:58:37
1780,376,purchase,2026-02-09 04:48:35
1780,0,view,2025-12-29 12:11:41
1780,366,purchase,2025-08-24 02:23:19
1781,305,cart,2025-11-16 21:52:03
1781,65,purchase,2025-07-03 03:48:34
1781,298,cart,2025-08-15 13:37:58
1781,421,view,2025-12-17 10:25:26
1781,397,view,2025-12-03 03:25:14
1781,117,cart,2026-01-15 14:54:29
1781,60,view,2026-02-08 02:54:44
1781,141,view,2025-11-03 03:48:08
1781,217,cart,2026-03-29 22:36:25
1781,281,cart,2025-12-19 01:29:02
1782,187,cart,2025-05-23 23:03:37
1782,157,view,2025-08-11 03:58:30
1782,108,view,2025-09-27 09:05:15
1782,132,view,2025-05-27 22:55:21
1782,454,purchase,2025-09-27 07:01:53
1782,398,view,2026-02-18 03:52:07
1782,13,view,2025-08-30 20:53:06
1782,246,view,2025-11-24 20:59:01
1782,216,view,2025-07-23 20:39:17
1783,314,view,2025-05-11 02:54:18
1783,245,view,2026-01-23 15:50:19
1783,285,cart,2025-11-08 03:33:59
1783,142,view,2026-02-23 12:22:24
1783,85,purchase,2025-06-16 19:45:26
1783,317,view,2025-05-06 07:30:32
1784,368,purchase,2025-09-28 18:46:00
1784,493,view,2026-03-04 15:51:37
1784,220,cart,2025-10-19 09:50:16
1784,441,purchase,2025-08-10 21:49:06
1784,11,cart,2026-01-24 19:48:33
1784,116,view,2025-11-17 00:42:42
1784,64,cart,2025-06-29 08:08:13
1784,271,purchase,2025-09-09 20:47:43
1785,175,cart,2025-06-26 05:04:32
1785,133,view,2025-05-06 11:54:11
1786,113,purchase,2025-05-30 02:35:10
1787,16,view,2025-04-29 12:04:13
1787,30,view,2025-05-03 07:30:59
1787,8,purchase,2026-01-21 18:25:32
1787,185,cart,2026-02-07 17:44:24
1787,489,cart,2025-05-08 00:48:23
1788,468,purchase,2025-08-16 17:42:24
1788,231,cart,2026-02-24 18:59:17
1788,216,cart,2026-04-17 19:39:04
1788,318,view,2025-12-04 08:14:19
1788,189,cart,2025-08-27 00:39:00
1788,302,purchase,2025-07-03 07:16:41
1788,398,cart,2025-08-02 02:59:39
1788,190,cart,2025-06-21 10:48:07
1788,217,view,2026-01-02 04:26:29
1788,484,view,2025-06-02 01:15:59
1789,245,view,2025-11-26 06:02:08
1789,70,cart,2026-02-26 12:09:17
1789,236,cart,2025-08-10 04:08:17
1789,1,view,2025-12-04 00:02:18
1789,22,purchase,2025-12-09 10:20:47
1790,393,view,2026-01-14 19:48:46
1791,62,view,2026-03-28 11:59:44
1791,106,view,2025-07-02 02:59:40
1791,412,purchase,2026-03-24 16:32:15
1791,405,cart,2026-04-04 21:45:28
1791,283,view,2026-03-15 03:16:57
1791,51,cart,2025-07-12 12:13:40
1791,204,cart,2026-03-26 15:41:00
1791,390,view,2026-02-25 17:45:13
1791,250,view,2025-10-08 12:52:34
1792,264,view,2025-09-10 14:43:16
1792,278,view,2025-10-12 16:59:33
1792,264,view,2026-01-28 22:45:40
1792,415,purchase,2025-07-04 23:21:35
1792,343,cart,2025-09-05 13:21:20
1792,229,view,2025-04-27 16:53:20
1792,75,purchase,2026-03-14 08:31:21
1793,444,purchase,2026-01-18 02:05:22
1794,498,cart,2025-08-26 18:16:53
1794,360,view,2025-06-24 23:22:04
1795,43,view,2025-06-23 07:11:57
1795,260,view,2025-09-26 16:09:00
1795,209,cart,2025-06-12 03:36:27
1795,52,view,2025-11-10 05:29:06
1795,27,cart,2025-06-06 20:17:12
1795,364,view,2025-09-20 18:50:10
1795,170,view,2026-03-14 02:51:47
1795,496,view,2026-04-07 13:18:19
1796,184,purchase,2025-09-21 03:27:54
1796,488,cart,2025-12-02 09:24:07
1796,251,cart,2025-04-30 00:30:43
1796,102,cart,2025-12-03 20:54:33
1796,89,view,2025-12-01 09:57:23
1797,12,view,2025-09-08 21:29:35
1797,289,cart,2025-05-26 09:59:36
1797,93,cart,2026-02-08 23:38:51
1797,272,purchase,2026-02-16 18:46:47
1798,228,cart,2025-07-18 14:46:18
1798,360,cart,2025-10-27 16:26:39
1798,305,cart,2025-09-07 13:09:15
1798,254,view,2025-04-24 16:19:37
1798,104,view,2025-10-04 09:13:01
1798,287,view,2026-03-29 11:24:51
1799,101,purchase,2025-10-11 02:07:20
1799,411,view,2025-06-11 05:21:27
1799,310,cart,2025-07-02 16:00:03
1799,80,cart,2026-04-18 15:30:39
1799,472,cart,2026-02-26 04:27:45
1799,429,cart,2025-07-28 09:22:35
1800,223,view,2026-02-24 13:48:26
1800,40,cart,2025-09-09 16:43:46
1800,299,view,2026-02-11 17:04:00
1800,268,view,2026-04-12 09:32:55
1800,425,view,2025-05-03 10:02:28
1800,358,cart,2025-04-23 13:32:51
1800,9,view,2025-07-29 02:59:13
1801,136,cart,2025-09-27 06:50:47
1802,217,view,2026-03-05 20:27:55
1802,159,cart,2026-01-20 08:40:31
1802,320,purchase,2025-07-02 07:50:47
1802,12,view,2026-01-04 06:05:07
1802,407,view,2025-12-31 21:35:03
1802,25,cart,2026-04-09 02:17:10
1802,301,cart,2025-08-27 02:36:58
1803,63,cart,2025-10-12 02:02:57
1803,19,view,2025-10-19 12:15:59
1803,383,purchase,2026-01-23 03:49:19
1803,134,purchase,2025-11-19 00:53:01
1803,120,purchase,2025-06-02 15:57:35
1803,393,purchase,2026-03-13 05:07:12
1803,34,purchase,2025-05-06 12:46:07
1803,288,purchase,2025-05-24 08:48:45
1804,293,view,2026-02-13 08:51:29
1804,161,view,2025-10-31 07:51:39
1804,341,purchase,2025-11-06 21:48:34
1804,33,cart,2025-11-24 08:38:37
1804,401,view,2025-11-08 18:42:16
1805,130,purchase,2025-05-12 06:05:43
1806,256,view,2025-06-28 20:41:25
1806,413,purchase,2025-08-29 09:09:55
1806,152,purchase,2025-05-24 06:14:06
1806,425,purchase,2026-01-06 11:20:57
1806,420,cart,2025-06-07 04:44:11
1806,475,cart,2026-01-29 16:32:18
1806,401,purchase,2025-10-29 00:20:38
1806,270,cart,2025-09-24 19:44:21
1806,327,view,2025-12-01 18:02:08
1806,331,view,2025-07-10 19:11:18
1807,237,purchase,2026-02-15 23:59:33
1807,224,purchase,2025-09-16 06:08:25
1807,61,cart,2026-03-13 21:17:34
1807,195,purchase,2025-12-04 05:12:50
1808,383,cart,2025-11-15 18:48:35
1808,52,cart,2025-09-14 18:49:54
1808,464,cart,2025-08-04 14:03:03
1808,489,view,2025-04-25 06:40:41
1808,76,view,2025-10-16 18:33:39
1808,248,cart,2025-12-31 00:52:24
1808,487,view,2025-09-11 00:49:57
1808,248,cart,2025-07-08 15:32:06
1808,292,cart,2025-06-26 23:16:46
1809,119,view,2025-06-15 19:23:39
1809,390,cart,2025-09-14 17:06:49
1809,223,view,2025-10-31 06:09:52
1809,107,purchase,2025-08-19 06:18:40
1810,342,purchase,2026-03-29 06:50:48
1810,304,cart,2025-10-02 07:41:13
1810,298,purchase,2025-05-03 10:59:18
1810,466,view,2026-01-13 00:19:45
1810,312,cart,2025-11-09 01:04:09
1810,413,view,2025-06-25 13:00:44
1810,34,purchase,2025-10-10 06:39:26
1810,421,cart,2026-03-23 20:07:39
1810,84,cart,2025-09-05 21:30:03
1811,13,view,2025-10-19 02:33:48
1811,239,view,2025-06-26 14:32:03
1811,263,cart,2025-06-08 03:58:49
1812,432,view,2026-03-02 08:21:23
1812,54,view,2026-02-11 17:40:17
1812,210,view,2026-02-09 07:51:33
1812,430,view,2026-01-08 06:42:08
1812,338,purchase,2025-09-19 21:32:38
1812,337,view,2025-07-18 14:43:08
1812,322,purchase,2025-10-26 08:43:23
1812,321,cart,2026-01-18 06:39:04
1812,48,purchase,2025-12-13 10:23:56
1813,120,cart,2026-04-03 20:20:11
1813,350,purchase,2026-01-10 14:50:48
1814,292,purchase,2025-08-04 05:06:25
1814,304,purchase,2025-06-12 23:41:32
1814,453,purchase,2025-10-02 10:43:34
1814,229,view,2025-06-22 11:05:52
1814,459,view,2025-08-03 10:37:35
1814,42,cart,2025-10-28 04:19:53
1814,492,view,2026-04-09 01:07:16
1814,374,purchase,2026-01-01 13:44:55
1814,257,purchase,2025-09-06 16:54:59
1814,300,cart,2026-04-12 10:18:42
1815,15,view,2025-06-21 11:31:27
1815,496,purchase,2025-05-29 00:55:03
1815,475,cart,2026-03-24 09:46:09
1815,457,cart,2025-04-27 09:18:03
1815,155,purchase,2025-08-21 09:51:00
1815,70,view,2025-11-26 03:12:23
1815,388,view,2025-12-19 08:04:27
1815,231,cart,2026-01-03 12:14:35
1815,267,purchase,2025-09-18 18:31:51
1816,292,cart,2026-02-07 20:21:10
1816,497,purchase,2026-04-12 04:56:43
1816,191,cart,2026-01-28 08:52:15
1816,477,view,2026-01-02 08:35:46
1817,88,view,2026-02-27 22:37:57
1817,415,view,2025-11-27 16:17:28
1817,132,purchase,2025-11-20 18:19:14
1817,23,cart,2026-04-19 19:36:08
1817,242,cart,2025-06-18 23:36:22
1817,242,purchase,2025-07-06 16:56:46
1817,47,view,2025-12-29 01:23:05
1817,431,view,2025-05-27 13:40:35
1817,194,purchase,2025-06-01 23:38:22
1818,153,purchase,2025-09-12 08:49:46
1818,206,view,2026-02-07 21:53:37
1819,478,view,2025-06-01 14:05:50
1819,261,cart,2025-05-05 20:44:25
1820,138,view,2025-06-24 20:32:44
1820,307,purchase,2026-03-14 14:23:48
1820,216,purchase,2025-11-03 03:28:22
1820,462,purchase,2025-06-23 07:21:17
1820,77,cart,2026-03-18 18:48:26
1820,371,cart,2025-10-27 01:30:05
1820,296,purchase,2026-02-11 05:57:25
1820,476,cart,2025-11-23 21:47:48
1820,340,purchase,2025-09-21 23:51:40
1820,25,cart,2025-11-16 17:07:07
1821,301,cart,2025-11-03 17:27:55
1822,365,view,2025-12-02 01:15:10
1822,132,view,2025-09-22 08:37:51
1822,404,purchase,2025-11-21 15:46:29
1822,216,view,2025-05-16 10:29:22
1823,218,view,2026-01-31 06:36:14
1823,253,purchase,2025-05-13 21:18:05
1823,328,view,2026-02-23 10:08:08
1823,90,cart,2025-10-22 12:44:17
1823,145,purchase,2025-05-18 09:09:21
1823,457,purchase,2025-12-20 00:45:53
1824,285,view,2025-07-16 22:22:06
1824,170,purchase,2025-09-21 08:40:14
1824,193,cart,2025-05-25 20:51:13
1824,54,cart,2025-05-04 11:16:52
1824,297,purchase,2026-04-16 15:13:34
1824,343,purchase,2025-12-11 20:05:27
1824,203,view,2025-10-25 11:22:30
1824,149,purchase,2025-10-05 10:02:04
1824,23,purchase,2025-11-25 11:05:58
1825,359,purchase,2025-04-20 04:44:36
1825,144,purchase,2025-06-06 20:46:38
1825,192,cart,2025-05-19 21:03:27
1825,279,view,2025-12-06 03:56:56
1825,368,cart,2025-07-15 22:37:04
1825,479,purchase,2025-11-24 21:54:56
1825,219,view,2025-08-13 00:44:22
1826,231,purchase,2025-12-26 18:01:55
1826,159,view,2026-02-09 20:30:40
1826,33,cart,2026-03-20 17:14:03
1826,5,view,2025-10-16 21:26:11
1826,287,cart,2025-04-29 15:58:51
1827,197,view,2025-11-13 03:32:11
1827,81,cart,2025-12-29 05:18:32
1828,389,view,2026-02-24 01:06:10
1828,422,purchase,2025-05-10 13:55:06
1828,208,cart,2025-06-04 12:35:32
1828,277,purchase,2025-04-20 19:52:12
1828,64,view,2025-06-14 11:41:20
1828,257,purchase,2025-04-20 00:15:03
1828,491,view,2025-11-09 23:39:11
1828,136,purchase,2025-12-17 10:29:22
1828,204,purchase,2025-07-02 11:57:36
1828,356,purchase,2025-06-16 19:24:42
1829,314,view,2025-06-01 11:17:50
1829,450,cart,2025-10-11 12:17:18
1829,70,cart,2025-04-22 21:24:40
1829,202,cart,2025-07-18 18:08:34
1830,385,purchase,2025-11-27 11:16:37
1830,227,purchase,2025-09-15 02:44:36
1830,294,view,2025-07-05 15:19:30
1831,11,purchase,2026-03-23 08:20:20
1831,426,view,2025-05-15 10:44:02
1831,45,cart,2026-02-14 03:16:52
1831,37,view,2025-07-31 01:41:53
1831,424,view,2026-02-27 20:07:26
1831,300,purchase,2025-07-02 01:08:03
1831,127,cart,2025-12-25 22:03:48
1832,327,view,2025-06-29 16:06:08
1832,420,view,2025-05-31 03:39:59
1832,365,cart,2025-05-26 12:04:13
1832,55,view,2025-05-17 03:45:13
1832,109,cart,2025-09-25 23:12:58
1832,368,cart,2026-01-02 21:46:11
1832,457,view,2025-11-10 20:05:26
1832,174,view,2025-07-19 01:42:27
1832,127,view,2026-02-05 10:24:06
1832,470,cart,2025-04-20 20:02:06
1833,284,purchase,2025-11-14 09:20:01
1833,48,cart,2026-04-02 17:41:36
1833,170,purchase,2026-01-15 10:54:44
1833,11,view,2025-12-25 16:30:30
1833,184,cart,2025-07-30 11:39:29
1833,384,cart,2026-03-01 14:05:50
1834,74,cart,2026-02-03 02:05:11
1834,63,purchase,2025-08-04 07:41:45
1834,49,cart,2025-10-01 09:46:00
1834,162,purchase,2025-06-14 03:59:06
1834,16,view,2026-03-04 19:56:16
1834,356,cart,2025-12-09 12:01:48
1834,140,view,2025-12-04 00:03:24
1834,403,purchase,2025-11-30 17:24:41
1835,205,view,2026-02-12 07:46:00
1835,240,purchase,2025-09-10 16:05:39
1835,247,purchase,2025-12-04 01:17:34
1835,33,purchase,2025-08-01 06:18:46
1835,64,purchase,2025-09-26 01:21:48
1835,132,purchase,2025-10-12 23:31:04
1835,275,purchase,2025-10-19 01:20:36
1836,322,view,2026-04-07 02:32:37
1836,279,purchase,2025-07-15 22:31:15
1836,489,purchase,2025-04-22 00:37:48
1836,1,cart,2026-03-02 16:08:03
1836,236,purchase,2025-07-10 23:29:06
1836,74,view,2025-11-29 20:38:34
1836,139,view,2026-03-14 07:22:24
1836,226,cart,2026-02-20 02:01:42
1836,211,purchase,2026-04-14 22:03:50
1837,403,view,2025-11-06 21:16:03
1837,429,cart,2025-05-14 16:04:58
1838,94,cart,2026-01-15 16:42:14
1838,320,cart,2025-08-22 06:02:26
1838,484,cart,2026-03-16 07:47:49
1838,279,cart,2025-12-24 17:32:16
1838,315,purchase,2025-11-29 06:37:34
1838,275,purchase,2025-08-30 20:53:36
1838,412,view,2026-02-20 22:28:01
1838,357,purchase,2025-11-19 06:37:37
1838,202,purchase,2026-02-14 05:44:06
1838,316,purchase,2025-05-05 01:48:33
1839,159,purchase,2025-09-05 04:00:13
1839,195,purchase,2025-07-18 13:26:04
1839,159,purchase,2025-06-18 05:16:12
1839,456,view,2025-04-27 15:49:01
1839,167,cart,2026-02-26 23:17:27
1839,301,cart,2025-09-19 16:32:43
1839,160,purchase,2025-05-28 04:57:48
1839,25,view,2025-05-07 18:02:39
1840,314,view,2025-07-24 13:49:01
1840,369,purchase,2025-04-30 17:06:39
1841,29,purchase,2025-08-24 16:37:21
1841,399,cart,2025-08-06 16:19:39
1841,184,view,2025-05-29 20:29:54
1842,455,purchase,2026-01-15 14:13:04
1842,22,cart,2026-03-23 15:37:27
1842,58,view,2025-10-25 22:06:53
1842,242,view,2025-07-06 09:19:19
1842,216,purchase,2025-08-31 01:05:55
1842,372,view,2025-12-26 01:04:00
1842,116,purchase,2026-03-11 18:19:29
1843,385,purchase,2025-05-03 06:34:59
1843,413,cart,2025-05-30 18:55:41
1843,106,cart,2025-06-27 02:21:26
1843,160,view,2025-07-22 22:00:17
1843,210,purchase,2025-05-25 19:04:29
1843,331,view,2025-07-29 16:07:58
1843,51,purchase,2026-01-23 15:14:44
1843,296,cart,2025-09-02 07:43:02
1843,167,cart,2025-08-01 20:46:07
1844,28,cart,2026-01-02 06:18:00
1844,248,view,2026-02-10 07:45:35
1844,25,view,2025-11-07 19:12:15
1844,304,purchase,2026-04-09 05:51:26
1844,333,purchase,2025-06-30 23:41:36
1844,154,view,2025-08-15 17:51:56
1844,152,purchase,2026-04-12 17:56:00
1844,497,purchase,2025-10-12 00:53:14
1844,128,view,2026-04-11 17:41:58
1844,24,cart,2025-12-07 01:58:09
1845,192,purchase,2025-07-22 17:57:01
1845,442,cart,2025-12-12 23:17:27
1845,402,purchase,2025-11-19 07:12:41
1845,441,purchase,2026-04-07 00:47:47
1845,314,cart,2025-10-31 08:50:55
1845,220,cart,2026-01-26 02:50:02
1845,210,view,2025-07-20 10:49:17
1846,404,cart,2025-12-12 07:10:37
1846,134,view,2025-05-31 05:35:20
1846,7,cart,2025-11-29 13:55:01
1846,161,cart,2026-02-23 09:43:39
1846,442,cart,2026-02-24 11:15:49
1846,250,cart,2026-02-09 10:57:32
1847,275,view,2025-07-31 13:03:16
1847,292,cart,2026-03-31 12:31:46
1847,400,cart,2025-11-19 03:25:51
1847,393,cart,2025-05-02 04:44:22
1847,493,view,2025-05-17 01:45:13
1847,98,purchase,2025-10-28 20:06:07
1848,14,cart,2026-04-03 18:52:46
1848,66,view,2026-02-01 22:01:44
1848,438,cart,2026-02-25 11:36:37
1848,132,cart,2025-04-20 09:51:59
1848,448,cart,2025-07-28 03:03:25
1848,401,view,2026-04-06 19:04:17
1848,437,purchase,2025-10-30 11:16:04
1848,94,cart,2025-07-11 16:18:02
1848,172,purchase,2025-10-09 15:00:31
1848,148,view,2025-09-23 19:44:08
1849,203,purchase,2025-09-10 18:37:12
1849,171,purchase,2025-05-20 05:27:42
1850,177,view,2025-10-26 19:29:03
1850,473,view,2025-08-16 12:39:24
1850,4,purchase,2025-09-25 00:57:46
1850,477,purchase,2025-07-13 03:27:51
1850,217,view,2025-08-16 16:03:51
1850,438,view,2026-03-10 16:13:41
1850,60,view,2025-07-08 09:31:35
1850,77,cart,2026-03-14 03:55:19
1850,92,cart,2025-09-13 02:31:36
1850,219,cart,2025-07-23 15:00:32
1851,159,cart,2025-05-05 21:06:41
1851,68,cart,2025-07-09 05:12:48
1851,313,view,2025-04-25 12:43:49
1851,199,view,2026-01-24 04:16:13
1851,53,view,2025-08-01 20:11:26
1851,90,cart,2025-08-25 01:01:01
1851,363,view,2025-06-24 10:04:51
1851,47,cart,2026-02-12 04:35:00
1852,417,cart,2026-01-07 12:14:41
1852,273,purchase,2025-08-07 01:08:55
1852,327,cart,2025-07-21 10:12:39
1852,30,view,2025-11-28 00:50:08
1852,389,purchase,2025-08-10 02:05:33
1852,7,view,2025-05-29 12:41:42
1852,242,purchase,2025-07-15 05:49:41
1852,264,cart,2026-02-27 04:30:22
1852,246,purchase,2025-05-27 18:40:17
1853,286,view,2026-01-24 09:39:34
1853,100,view,2025-11-30 09:33:27
1853,88,purchase,2025-11-11 18:01:24
1853,304,cart,2025-11-07 20:14:08
1853,227,view,2026-04-02 07:06:26
1853,476,cart,2025-04-29 07:44:30
1853,228,view,2025-10-28 06:37:27
1853,367,cart,2025-10-29 12:09:54
1854,436,view,2025-07-06 12:40:18
1854,326,cart,2025-06-20 03:23:07
1854,38,view,2025-08-06 23:49:38
1854,373,view,2026-01-29 05:00:54
1854,470,view,2025-11-28 16:19:29
1855,104,purchase,2025-10-06 07:53:33
1856,117,purchase,2025-05-03 19:33:32
1856,388,cart,2025-05-17 14:28:01
1856,175,view,2025-07-13 16:11:12
1856,220,cart,2025-10-12 04:14:40
1856,356,purchase,2025-08-03 17:26:58
1857,443,purchase,2025-11-10 07:03:24
1857,24,cart,2025-08-05 20:28:54
1857,283,cart,2025-10-03 05:36:49
1857,498,purchase,2026-03-12 15:40:34
1857,86,cart,2025-05-03 20:39:52
1857,135,purchase,2025-10-03 14:11:04
1857,89,cart,2026-04-08 04:36:50
1858,63,purchase,2025-08-06 06:30:48
1858,285,purchase,2026-04-01 15:14:05
1858,384,view,2025-06-24 17:18:55
1859,166,cart,2025-06-05 19:46:30
1859,185,cart,2026-01-16 02:55:44
1859,24,view,2025-12-30 04:36:58
1859,346,cart,2025-05-24 09:15:21
1859,130,cart,2026-04-16 02:11:18
1859,334,cart,2025-05-25 13:13:09
1859,146,purchase,2025-10-28 23:36:50
1859,239,cart,2025-05-05 02:43:30
1859,378,view,2026-03-24 05:36:06
1860,432,view,2025-09-26 18:59:31
1860,57,view,2025-09-07 03:29:54
1860,483,view,2025-10-03 22:23:51
1860,78,purchase,2025-09-25 23:39:06
1861,146,purchase,2025-05-31 13:30:33
1861,314,purchase,2026-04-19 15:25:35
1861,374,cart,2026-02-10 18:18:55
1861,349,purchase,2026-01-03 03:07:46
1861,375,view,2025-05-28 12:14:56
1861,230,cart,2025-08-14 05:04:55
1861,461,cart,2025-05-03 14:58:45
1861,391,view,2025-09-11 18:57:07
1862,340,cart,2026-02-02 06:12:50
1862,330,purchase,2025-07-17 11:14:33
1862,347,purchase,2025-04-28 19:50:45
1862,85,cart,2025-08-08 14:45:47
1863,15,view,2025-04-27 18:19:38
1863,444,purchase,2025-12-12 02:13:54
1863,275,cart,2025-11-01 05:07:13
1864,419,view,2026-01-30 07:38:51
1864,459,cart,2025-11-01 14:59:45
1864,181,purchase,2026-02-25 19:16:33
1865,335,purchase,2025-10-02 13:06:23
1866,410,view,2025-12-28 09:08:41
1867,401,cart,2025-11-23 06:33:05
1867,492,view,2025-05-29 18:35:00
1867,423,view,2026-01-12 02:29:30
1867,130,cart,2025-08-22 19:14:47
1867,365,purchase,2025-06-08 22:35:47
1867,99,view,2025-06-29 14:11:40
1867,197,purchase,2025-10-30 15:38:13
1867,405,view,2025-04-27 14:09:17
1867,166,purchase,2026-01-29 21:08:16
1867,279,purchase,2025-07-03 03:20:30
1868,136,purchase,2026-01-07 09:40:17
1868,457,view,2025-09-17 13:07:09
1868,169,view,2025-12-16 13:29:50
1869,6,view,2026-04-09 17:32:55
1869,439,purchase,2025-07-10 05:47:13
1869,403,purchase,2025-05-12 07:39:31
1869,379,view,2026-03-11 07:08:22
1869,263,view,2026-03-15 18:49:55
1870,225,cart,2025-07-10 18:23:36
1870,258,cart,2026-01-28 11:47:56
1870,263,view,2026-04-01 17:35:30
1870,431,cart,2025-05-23 01:53:13
1870,176,view,2026-02-08 14:00:44
1870,142,cart,2025-08-22 09:01:54
1870,130,purchase,2025-12-11 16:06:34
1871,133,cart,2025-12-11 02:38:08
1871,218,view,2025-05-01 21:10:15
1871,422,purchase,2025-08-26 01:29:15
1871,107,purchase,2025-06-30 16:38:33
1871,450,cart,2025-10-24 17:58:09
1871,352,view,2025-05-19 17:10:39
1872,308,purchase,2025-07-12 17:26:41
1872,111,cart,2026-02-28 21:26:38
1872,360,purchase,2025-06-30 19:19:06
1872,54,view,2025-08-14 03:34:14
1872,328,purchase,2025-08-15 13:54:26
1872,333,purchase,2025-04-22 16:03:52
1872,342,cart,2025-08-11 21:56:13
1872,123,purchase,2025-12-19 03:43:57
1873,63,view,2025-06-08 20:17:26
1873,274,cart,2025-06-17 01:08:18
1873,491,purchase,2025-05-08 03:13:29
1873,262,purchase,2025-08-26 22:37:19
1873,130,purchase,2025-08-01 12:55:51
1873,376,cart,2025-08-04 09:17:16
1873,411,purchase,2025-07-20 07:18:14
1873,290,purchase,2025-07-06 09:58:08
1873,217,purchase,2025-04-30 13:54:09
1873,270,purchase,2025-05-14 12:52:32
1874,453,purchase,2025-11-16 21:23:58
1874,306,view,2026-04-14 21:39:16
1874,156,cart,2026-04-10 07:44:27
1875,296,purchase,2025-09-30 10:56:59
1875,68,cart,2025-04-23 17:54:50
1875,53,cart,2026-03-08 01:36:22
1875,429,cart,2025-07-25 13:05:09
1875,348,view,2025-07-18 06:24:17
1875,129,cart,2026-01-15 02:11:46
1875,119,view,2025-08-14 22:06:59
1875,414,view,2025-12-03 12:35:25
1876,276,purchase,2026-02-09 12:20:56
1876,493,cart,2025-12-28 13:49:25
1876,363,cart,2026-01-21 03:17:36
1876,89,cart,2025-05-15 00:05:23
1876,67,view,2025-08-31 02:43:10
1876,425,purchase,2026-03-09 05:08:10
1876,332,view,2025-05-27 21:44:02
1876,303,cart,2026-03-25 16:32:30
1876,83,purchase,2026-01-04 23:40:56
1876,120,view,2026-04-03 16:44:08
1877,405,view,2025-08-15 23:55:32
1877,77,view,2026-02-19 02:23:18
1877,330,purchase,2025-06-22 14:45:31
1877,281,cart,2025-06-13 06:09:43
1877,15,cart,2025-11-03 07:02:33
1877,471,view,2025-07-15 17:23:17
1877,483,purchase,2025-08-09 00:32:00
1877,107,view,2025-09-06 20:00:56
1877,264,purchase,2025-12-18 20:36:56
1877,473,view,2026-03-15 06:44:28
1878,285,view,2025-11-20 14:14:13
1878,85,view,2026-02-27 13:58:28
1878,62,view,2026-01-18 14:05:11
1878,417,view,2025-05-17 20:04:40
1878,7,view,2026-03-19 22:38:17
1878,117,view,2025-12-23 17:28:12
1878,455,view,2025-06-01 22:25:19
1878,8,view,2025-04-24 21:49:35
1878,354,purchase,2025-05-19 03:22:37
1878,197,cart,2026-01-04 05:11:22
1879,194,view,2025-12-19 02:35:51
1879,23,view,2025-12-08 08:44:17
1879,260,purchase,2025-04-26 00:29:16
1879,305,purchase,2025-05-14 03:29:58
1879,444,purchase,2025-06-11 20:38:50
1879,470,purchase,2025-06-20 11:06:43
1879,246,purchase,2025-05-20 17:42:42
1880,62,view,2026-02-10 14:00:34
1880,280,view,2025-10-23 12:13:51
1880,418,cart,2025-06-19 22:09:41
1880,96,cart,2026-03-15 01:42:53
1880,196,view,2026-02-04 18:02:00
1880,147,view,2025-11-30 01:50:53
1880,469,purchase,2026-02-27 13:00:10
1881,459,purchase,2025-11-02 12:32:59
1881,148,cart,2025-10-03 19:33:54
1881,332,view,2026-01-13 19:00:21
1881,328,view,2025-12-01 04:52:08
1882,261,view,2026-04-13 05:36:43
1882,402,cart,2025-08-31 23:30:31
1882,141,cart,2026-02-27 05:27:45
1882,400,purchase,2025-12-25 21:33:01
1882,328,view,2025-06-16 02:45:02
1882,99,cart,2026-01-05 11:15:51
1882,158,cart,2026-01-24 05:31:58
1882,443,purchase,2026-03-04 16:08:43
1882,161,purchase,2025-10-01 16:14:14
1882,404,view,2025-12-23 18:29:50
1883,1,view,2025-06-21 10:22:11
1884,234,cart,2025-08-12 01:01:34
1885,1,cart,2026-01-24 12:17:27
1885,418,cart,2026-03-10 12:36:05
1885,483,cart,2026-04-19 12:38:08
1886,194,cart,2025-11-21 00:53:11
1886,427,view,2026-04-05 03:51:53
1886,169,view,2026-01-16 13:54:01
1886,462,purchase,2026-02-03 12:36:32
1886,23,cart,2025-09-10 19:55:42
1886,221,purchase,2026-04-01 08:43:01
1886,199,cart,2026-03-30 12:57:27
1886,137,view,2025-11-16 20:05:58
1886,37,view,2026-04-16 02:32:06
1886,463,purchase,2025-08-25 00:02:44
1887,469,cart,2025-08-29 00:00:31
1887,153,view,2025-08-09 08:31:11
1887,362,view,2025-10-01 14:18:10
1887,360,view,2025-07-03 01:10:20
1887,144,view,2025-06-20 05:58:43
1887,413,cart,2025-05-07 14:48:13
1887,277,cart,2025-09-09 20:13:38
1888,204,purchase,2025-06-02 09:46:32
1888,418,purchase,2026-01-24 17:21:44
1889,395,purchase,2026-03-22 13:38:22
1889,240,view,2026-02-06 15:56:01
1889,267,purchase,2025-04-21 06:57:08
1889,7,cart,2026-02-04 21:18:50
1889,395,purchase,2025-09-08 06:50:40
1890,220,cart,2026-02-15 07:13:02
1890,280,view,2026-03-30 18:44:53
1890,150,purchase,2026-03-22 12:36:58
1890,72,cart,2025-12-10 19:54:28
1891,371,purchase,2025-10-07 14:09:45
1891,289,purchase,2026-02-07 10:02:42
1891,207,view,2025-11-10 03:47:18
1891,198,purchase,2025-05-31 06:37:23
1891,235,view,2025-08-23 20:27:28
1891,270,view,2025-05-28 23:32:36
1891,276,cart,2025-08-07 19:06:16
1891,285,purchase,2025-07-18 23:44:29
1891,266,purchase,2025-08-31 11:29:55
1892,60,cart,2025-10-29 05:45:55
1892,270,purchase,2025-08-16 15:59:12
1892,338,purchase,2025-12-07 00:53:24
1892,248,purchase,2025-10-10 15:46:20
1892,37,cart,2026-03-12 15:34:45
1892,15,cart,2025-06-04 19:36:03
1892,411,purchase,2025-08-21 18:31:04
1892,219,view,2026-01-25 13:10:28
1892,185,cart,2026-03-22 15:57:36
1892,432,view,2026-04-12 05:16:06
1893,232,cart,2025-06-05 09:22:44
1893,11,purchase,2026-01-08 03:39:19
1893,304,view,2026-01-24 16:39:10
1893,64,view,2025-07-28 04:42:33
1893,482,view,2025-05-09 08:25:29
1893,67,cart,2025-07-15 18:21:40
1893,451,purchase,2026-01-17 19:29:50
1893,391,cart,2025-09-18 22:24:52
1893,232,purchase,2026-02-23 19:00:30
1893,267,purchase,2025-07-26 01:42:22
1894,425,view,2026-03-07 01:21:40
1894,194,view,2025-10-01 12:56:11
1894,154,view,2026-04-16 12:52:24
1894,283,view,2025-05-01 11:46:48
1894,389,purchase,2025-12-28 09:46:07
1894,188,view,2025-09-30 04:05:31
1894,481,view,2025-06-01 08:22:45
1894,401,cart,2026-03-08 00:31:42
1894,184,cart,2025-10-16 10:05:02
1895,160,view,2026-03-21 06:40:59
1895,235,cart,2025-11-17 08:40:05
1895,233,cart,2025-10-03 02:10:04
1895,361,view,2026-01-08 18:26:14
1895,343,purchase,2025-08-11 06:52:57
1895,70,cart,2026-01-22 11:14:42
1895,151,cart,2025-07-13 17:30:33
1895,308,view,2026-01-30 16:52:50
1895,401,view,2025-08-14 16:32:58
1896,277,purchase,2026-04-12 10:42:08
1896,408,purchase,2025-12-15 09:18:24
1897,74,cart,2026-01-08 13:39:38
1897,47,purchase,2026-02-11 08:02:42
1897,364,purchase,2025-11-20 06:40:14
1897,206,view,2025-04-27 13:47:20
1897,223,cart,2025-06-29 23:57:35
1897,90,view,2025-08-11 15:06:45
1897,72,purchase,2025-04-21 08:39:50
1897,482,cart,2025-07-01 05:17:36
1897,171,purchase,2025-05-31 12:41:52
1898,38,cart,2026-03-17 10:33:25
1898,27,purchase,2026-01-14 21:45:02
1898,451,cart,2025-11-18 16:55:41
1898,369,purchase,2025-11-28 05:46:16
1898,187,cart,2025-06-25 12:28:10
1898,469,view,2026-02-18 18:30:38
1898,53,purchase,2025-10-18 06:15:40
1898,177,purchase,2026-03-08 20:57:40
1898,150,cart,2025-10-08 13:46:01
1898,248,view,2026-01-15 18:53:17
1899,222,purchase,2025-04-29 06:36:13
1899,64,view,2025-12-30 21:52:30
1899,432,purchase,2025-11-28 13:31:35
1899,72,view,2025-08-29 16:44:50
1899,432,cart,2025-06-06 15:54:21
1899,254,view,2026-03-26 14:48:25
1900,9,purchase,2025-05-05 01:47:54
1900,25,view,2026-04-14 16:49:24
1900,323,cart,2025-05-26 11:59:28
1900,112,purchase,2026-02-17 05:06:10
1900,460,cart,2026-01-03 10:33:15
1900,209,cart,2025-06-22 17:20:58
1900,486,view,2025-05-04 11:18:49
1900,235,view,2025-06-01 01:46:31
1900,108,view,2025-08-20 14:45:17
1900,142,cart,2025-05-27 06:25:57
1901,257,view,2026-03-19 02:11:58
1901,470,purchase,2026-01-23 12:30:51
1901,312,cart,2025-05-01 19:01:10
1902,2,view,2025-12-14 00:00:04
1902,45,cart,2026-01-21 09:28:46
1902,266,purchase,2025-07-20 08:05:22
1902,484,purchase,2025-07-04 13:52:20
1902,93,view,2025-08-29 00:16:32
1903,367,cart,2026-02-04 14:09:28
1903,123,view,2025-12-06 10:36:02
1903,69,cart,2025-06-27 10:44:06
1903,37,cart,2026-03-16 15:05:34
1903,482,purchase,2026-02-01 19:59:36
1904,3,cart,2025-09-06 01:33:21
1904,33,view,2026-01-02 12:24:28
1904,402,cart,2025-09-06 08:35:16
1904,482,purchase,2026-02-15 03:19:23
1904,328,purchase,2025-09-09 04:31:16
1904,385,view,2026-02-27 05:23:59
1905,59,purchase,2025-09-10 02:33:31
1905,190,view,2025-06-27 23:17:17
1906,91,cart,2026-02-19 05:53:16
1906,453,view,2025-12-15 20:21:30
1906,417,purchase,2026-04-13 12:28:35
1906,44,cart,2026-04-14 02:02:07
1906,95,cart,2026-02-20 05:11:42
1906,41,purchase,2025-06-29 06:48:37
1906,450,view,2026-02-08 20:55:50
1906,380,cart,2025-08-29 22:44:15
1906,116,cart,2025-11-16 20:43:12
1906,27,purchase,2026-03-18 13:57:34
1907,102,view,2025-11-15 21:09:40
1907,16,cart,2025-10-19 14:21:28
1907,36,cart,2025-04-20 03:56:11
1908,160,purchase,2025-05-17 03:09:38
1908,7,view,2026-03-31 19:36:47
1908,489,cart,2025-04-23 23:32:48
1908,131,purchase,2026-01-07 17:13:52
1908,424,purchase,2026-01-20 23:14:16
1908,44,purchase,2026-02-02 04:52:33
1908,293,cart,2025-06-02 20:56:50
1908,287,purchase,2025-05-21 02:46:45
1908,167,purchase,2025-06-13 06:22:30
1908,150,view,2026-04-01 12:11:51
1909,408,purchase,2026-04-16 17:10:49
1909,267,cart,2025-06-07 15:48:04
1909,211,purchase,2026-01-29 01:23:21
1910,293,view,2026-04-01 15:02:25
1910,442,cart,2025-09-10 09:55:27
1910,176,view,2025-09-27 18:15:23
1910,304,cart,2025-09-17 23:27:39
1910,142,cart,2025-08-27 09:01:49
1910,392,view,2026-02-08 14:20:07
1910,211,purchase,2025-12-17 10:46:36
1910,45,purchase,2025-12-30 18:57:56
1910,406,purchase,2026-01-19 02:32:55
1911,473,view,2025-04-28 07:42:32
1911,242,view,2026-03-09 02:42:45
1911,412,cart,2025-09-21 16:52:26
1911,415,purchase,2025-07-23 14:14:02
1911,42,view,2025-11-14 11:53:13
1911,461,purchase,2025-07-27 01:52:11
1911,396,view,2026-01-15 00:41:39
1911,18,cart,2026-02-02 13:52:41
1911,170,view,2025-08-30 09:29:57
1912,180,purchase,2025-12-30 07:14:40
1912,339,purchase,2026-02-13 04:37:33
1912,206,view,2025-11-01 03:21:15
1913,35,cart,2025-10-17 19:31:30
1913,456,cart,2025-08-10 23:17:24
1913,109,purchase,2025-07-07 03:58:09
1914,224,cart,2025-12-30 17:09:21
1914,268,view,2025-08-28 06:28:05
1914,172,view,2026-01-07 18:51:05
1914,215,purchase,2026-02-16 11:12:04
1914,30,cart,2025-05-05 21:07:44
1914,441,cart,2025-07-06 05:45:45
1915,222,view,2026-03-13 01:25:07
1915,381,cart,2025-12-29 04:10:13
1915,229,view,2026-03-31 15:48:37
1915,301,purchase,2026-01-30 23:47:08
1915,112,purchase,2025-07-18 06:46:58
1915,128,cart,2025-05-23 02:55:09
1915,476,purchase,2026-02-19 16:50:38
1915,257,view,2025-04-27 09:22:02
1915,280,cart,2025-08-02 23:55:12
1916,162,view,2026-04-03 18:26:22
1916,195,purchase,2025-10-02 01:08:53
1916,496,cart,2025-08-09 19:36:31
1917,468,view,2025-07-30 00:06:13
1917,276,view,2025-09-01 07:57:41
1917,169,cart,2025-10-13 15:48:59
1917,27,cart,2026-01-04 05:33:37
1917,417,cart,2025-10-10 02:00:49
1917,474,cart,2025-07-17 06:43:16
1917,360,view,2025-09-24 10:16:24
1918,184,cart,2025-07-20 02:57:01
1918,317,cart,2025-11-10 22:51:44
1918,180,view,2025-07-26 06:10:12
1918,186,cart,2026-01-25 18:07:49
1918,81,view,2025-06-05 16:12:24
1918,289,view,2025-09-07 19:11:02
1918,373,view,2025-09-13 14:45:29
1919,17,purchase,2025-09-22 20:06:11
1919,479,cart,2025-09-14 07:18:11
1919,461,cart,2025-05-08 07:08:36
1919,54,view,2025-09-30 08:23:49
1919,252,purchase,2026-03-16 13:25:18
1919,358,cart,2025-08-13 11:57:43
1919,374,view,2025-05-07 12:52:26
1919,341,purchase,2026-03-24 23:48:48
1919,52,view,2025-05-24 12:44:23
1919,51,view,2025-07-16 20:40:10
1920,236,purchase,2025-10-01 06:44:55
1920,481,cart,2026-01-12 05:18:23
1921,307,purchase,2025-12-23 13:09:53
1921,9,view,2025-07-28 19:20:20
1922,412,cart,2026-03-31 23:41:03
1922,360,cart,2025-09-13 14:22:58
1922,349,cart,2025-07-18 05:29:44
1922,27,purchase,2026-01-15 20:16:32
1922,359,view,2025-07-31 02:55:00
1922,86,purchase,2025-12-04 22:41:07
1923,207,purchase,2025-12-13 18:33:11
1924,189,view,2025-10-27 17:02:39
1924,161,cart,2026-01-22 14:50:58
1924,357,view,2025-07-04 11:56:53
1924,349,view,2025-09-05 22:36:24
1924,0,view,2025-06-24 04:00:00
1924,341,view,2026-02-21 07:30:49
1924,93,cart,2025-04-22 06:46:07
1924,461,cart,2025-10-25 07:08:41
1924,401,purchase,2025-04-27 12:26:58
1924,182,view,2025-11-04 19:34:39
1925,80,cart,2025-11-16 16:29:28
1926,40,cart,2025-10-29 10:54:25
1927,172,view,2025-09-20 17:21:53
1927,441,purchase,2026-02-05 05:47:42
1928,464,cart,2026-04-10 02:16:05
1928,494,purchase,2025-06-07 13:13:30
1928,351,purchase,2026-02-01 20:32:53
1929,132,cart,2025-08-05 08:56:15
1929,324,purchase,2026-03-14 19:00:14
1929,173,view,2026-01-13 10:30:11
1929,224,cart,2026-03-15 01:32:28
1929,22,cart,2025-08-25 05:42:52
1929,51,cart,2025-12-01 19:10:46
1929,360,view,2026-02-16 02:12:04
1929,432,view,2025-08-01 15:08:12
1929,237,purchase,2025-05-27 06:10:03
1929,281,view,2025-09-15 10:29:35
1930,362,purchase,2026-01-18 08:41:44
1930,302,purchase,2025-08-18 20:16:33
1930,187,purchase,2025-05-26 02:55:43
1930,14,view,2025-08-29 19:57:44
1930,341,view,2025-04-30 20:11:59
1930,24,view,2025-10-04 14:00:55
1931,147,purchase,2025-09-28 06:50:10
1931,318,view,2026-01-31 19:04:44
1931,496,cart,2025-05-08 10:07:44
1931,395,purchase,2025-07-09 02:00:53
1931,6,view,2025-11-05 22:04:22
1931,353,purchase,2025-12-09 11:23:01
1931,60,view,2025-11-25 13:40:05
1932,178,view,2025-10-15 03:04:44
1932,480,view,2026-03-23 10:04:28
1932,449,view,2025-11-12 01:50:41
1932,219,view,2025-12-05 05:11:06
1932,259,purchase,2025-11-17 00:26:38
1933,32,view,2025-11-08 13:47:24
1933,277,cart,2025-12-02 08:28:02
1933,320,purchase,2025-08-10 09:52:09
1933,465,view,2025-11-17 19:46:37
1933,489,view,2026-02-16 03:29:53
1934,450,purchase,2025-09-11 22:44:53
1934,315,view,2025-06-30 12:30:12
1934,491,purchase,2025-05-27 12:29:55
1934,183,cart,2025-06-15 04:55:29
1934,389,view,2025-05-19 18:48:06
1934,465,cart,2025-10-24 23:30:56
1935,174,view,2025-10-10 06:55:57
1935,23,cart,2025-10-18 11:52:34
1935,198,view,2026-01-28 06:22:57
1935,17,view,2025-05-13 06:23:58
1935,208,cart,2025-05-04 05:16:24
1935,291,purchase,2025-08-01 08:48:21
1935,6,purchase,2026-02-16 16:34:59
1935,9,cart,2026-03-04 22:07:29
1935,292,cart,2026-01-01 12:26:24
1935,482,purchase,2026-01-11 09:57:11
1936,37,purchase,2025-06-21 22:18:58
1937,367,cart,2025-11-08 19:49:10
1937,244,cart,2026-04-12 16:28:56
1937,22,purchase,2025-05-05 13:32:26
1937,458,view,2026-01-23 09:08:52
1937,245,purchase,2025-04-22 14:53:35
1937,136,purchase,2025-10-13 02:34:02
1937,348,view,2025-07-20 19:26:33
1938,339,view,2025-09-10 08:08:21
1938,291,cart,2025-11-21 11:22:42
1938,157,purchase,2025-05-19 05:38:11
1938,357,cart,2025-08-05 18:51:06
1939,10,view,2025-10-19 21:14:55
1939,201,cart,2025-06-27 09:53:13
1939,234,cart,2025-08-08 22:45:06
1939,388,view,2025-06-23 08:57:44
1940,167,view,2025-09-01 16:24:20
1940,111,view,2025-09-18 18:27:35
1940,324,cart,2025-10-01 04:25:07
1940,424,view,2025-06-11 03:13:46
1940,37,cart,2026-02-11 02:10:30
1940,108,cart,2025-08-07 17:27:53
1941,130,view,2025-08-31 02:59:51
1941,460,cart,2026-04-05 12:43:58
1941,94,cart,2026-01-26 18:43:50
1941,54,cart,2025-11-22 22:02:56
1941,275,cart,2026-03-01 09:01:39
1941,94,purchase,2026-02-26 20:44:00
1942,321,view,2026-04-13 13:18:42
1943,359,view,2026-02-15 10:41:06
1943,112,view,2026-03-28 08:59:03
1943,157,cart,2026-03-30 17:05:37
1943,438,view,2026-01-02 19:53:48
1943,35,view,2025-07-06 06:40:39
1943,377,view,2025-12-14 05:03:46
1943,292,view,2026-01-01 16:06:07
1943,329,cart,2026-01-20 23:27:39
1943,429,purchase,2026-01-01 08:37:23
1943,23,cart,2025-05-23 12:25:01
1944,2,purchase,2026-02-01 04:22:21
1944,391,purchase,2025-09-10 01:40:17
1944,284,cart,2026-01-04 12:49:52
1944,261,cart,2026-04-07 09:47:04
1945,7,view,2025-04-21 01:03:13
1945,453,view,2026-01-03 21:18:34
1945,45,cart,2025-09-26 01:43:10
1945,201,cart,2025-07-04 01:06:17
1946,406,view,2025-06-01 07:42:41
1946,315,view,2025-05-14 11:40:59
1946,144,purchase,2025-06-11 07:13:33
1946,171,cart,2026-01-21 17:06:42
1947,386,purchase,2025-07-19 14:15:35
1947,284,purchase,2025-06-25 21:19:33
1947,230,cart,2025-05-12 04:02:32
1947,438,purchase,2025-07-09 23:30:24
1947,440,view,2026-02-06 07:42:45
1947,44,view,2025-07-03 19:54:24
1948,377,purchase,2025-10-21 23:15:17
1948,394,cart,2025-10-06 11:20:16
1948,159,view,2025-08-09 03:48:48
1948,202,view,2026-02-27 01:07:41
1948,118,view,2025-12-07 09:54:06
1948,214,purchase,2026-02-13 23:56:00
1948,411,view,2025-08-21 03:56:34
1948,408,view,2025-08-06 03:55:33
1948,452,purchase,2026-03-26 09:34:06
1948,72,cart,2026-01-30 20:50:15
1949,181,purchase,2026-01-25 16:22:08
1949,95,view,2025-12-22 05:30:39
1949,130,cart,2025-04-27 13:35:32
1949,237,view,2025-09-10 11:58:15
1949,355,purchase,2025-07-04 22:28:51
1949,64,view,2025-10-26 02:02:16
1950,58,view,2025-12-02 09:15:30
1950,410,cart,2025-06-04 10:50:57
1950,431,view,2025-10-08 18:37:11
1950,115,purchase,2025-05-26 18:45:18
1950,384,purchase,2025-11-07 10:21:26
1950,3,view,2026-02-28 12:38:08
1950,96,cart,2026-03-24 18:08:22
1950,358,view,2025-06-04 22:49:23
1951,331,purchase,2026-03-13 01:41:21
1951,371,purchase,2025-08-17 11:48:25
1952,34,cart,2026-02-25 14:28:09
1952,464,purchase,2025-04-28 19:07:48
1952,402,view,2025-10-21 18:36:04
1953,293,cart,2026-01-05 06:16:36
1953,370,view,2025-08-14 11:50:36
1953,351,cart,2025-10-07 09:11:29
1953,289,view,2025-10-07 13:00:43
1953,222,view,2026-03-02 08:21:49
1953,395,view,2025-06-06 02:46:43
1953,257,cart,2025-12-03 12:31:43
1953,108,purchase,2025-11-14 00:13:13
1953,190,cart,2026-04-06 00:31:03
1954,281,view,2026-04-07 15:00:09
1954,373,purchase,2025-05-15 18:05:33
1954,450,cart,2025-11-12 21:48:02
1954,291,purchase,2026-01-13 04:10:30
1954,237,purchase,2025-06-02 03:28:22
1954,498,cart,2025-06-12 04:24:36
1954,85,purchase,2026-02-19 14:20:38
1954,353,view,2025-05-19 22:48:56
1954,195,purchase,2025-07-29 10:46:59
1955,22,purchase,2025-05-22 09:20:16
1955,25,cart,2025-07-02 00:02:51
1955,469,view,2026-01-19 15:53:48
1955,245,purchase,2025-10-22 03:51:31
1955,391,purchase,2025-08-03 02:12:38
1955,309,view,2025-11-08 04:58:24
1955,34,purchase,2025-09-23 12:41:39
1955,192,purchase,2025-07-28 00:50:25
1955,482,view,2025-05-22 20:12:05
1956,465,purchase,2026-01-22 09:25:35
1956,245,view,2025-12-23 10:33:54
1956,411,purchase,2025-04-30 18:16:21
1956,141,cart,2026-01-04 19:26:06
1956,492,cart,2025-06-22 03:10:54
1956,443,view,2026-04-17 14:40:00
1956,336,view,2025-09-17 12:40:27
1956,263,view,2025-09-26 00:27:35
1956,86,purchase,2025-05-01 15:22:17
1957,83,view,2025-08-20 11:09:53
1957,27,view,2025-10-14 03:57:55
1957,282,view,2025-09-29 21:25:58
1957,314,cart,2025-10-10 07:25:48
1957,274,view,2025-12-08 12:56:56
1957,320,view,2025-11-30 07:46:08
1957,69,purchase,2025-06-26 13:41:34
1957,484,view,2025-07-09 08:18:22
1958,129,view,2025-08-13 16:48:28
1959,142,cart,2025-08-03 05:15:29
1959,142,purchase,2026-03-09 14:24:22
1959,108,purchase,2025-06-07 07:29:07
1959,67,purchase,2025-06-10 06:13:53
1959,440,purchase,2025-10-19 16:24:13
1960,33,cart,2026-01-28 04:56:55
1960,498,cart,2025-10-12 18:11:22
1961,308,purchase,2025-04-20 08:40:30
1961,100,purchase,2025-09-19 20:24:47
1961,5,purchase,2025-12-27 13:13:55
1961,64,purchase,2025-10-16 14:28:48
1961,321,purchase,2026-02-27 23:02:53
1961,6,view,2025-07-20 10:19:18
1961,18,purchase,2026-02-11 20:14:57
1961,106,view,2026-01-26 07:11:31
1961,141,purchase,2026-03-12 22:05:01
1961,356,view,2025-09-11 17:08:38
1962,436,view,2025-09-29 21:33:25
1962,66,purchase,2025-12-09 01:19:03
1962,224,cart,2025-06-11 02:41:14
1962,183,view,2026-01-19 15:04:38
1963,124,cart,2026-02-22 05:22:50
1963,367,view,2025-06-12 10:03:30
1964,460,view,2025-09-14 09:46:42
1965,47,cart,2025-06-29 18:49:40
1965,171,view,2025-05-27 00:56:58
1965,208,cart,2025-09-09 00:05:22
1965,202,view,2025-09-18 17:00:28
1965,1,purchase,2025-08-14 08:38:50
1965,422,view,2025-07-05 00:29:39
1965,176,purchase,2026-01-09 22:15:27
1965,406,purchase,2026-01-23 06:33:55
1965,118,cart,2026-02-19 23:40:14
1966,235,cart,2025-06-06 14:12:59
1966,203,purchase,2026-04-19 12:57:12
1966,49,purchase,2025-05-24 11:36:29
1966,275,view,2026-01-20 03:37:16
1966,67,view,2026-02-23 08:25:36
1966,350,view,2026-03-24 12:58:54
1966,333,view,2025-10-28 00:32:55
1966,306,view,2025-06-23 03:37:04
1967,349,purchase,2025-09-30 19:37:47
1967,380,view,2026-03-28 17:07:36
1967,240,cart,2026-02-02 11:39:11
1967,193,purchase,2025-11-05 14:18:12
1967,20,view,2025-07-04 11:46:16
1967,298,purchase,2025-10-08 13:44:13
1967,489,purchase,2025-09-07 05:18:33
1968,61,view,2025-12-02 16:09:27
1968,134,view,2026-03-10 02:22:47
1968,431,purchase,2025-09-28 01:50:35
1968,277,cart,2025-12-19 03:09:43
1969,317,cart,2026-02-04 06:21:22
1969,200,view,2025-06-14 09:13:23
1970,290,view,2026-04-13 01:02:40
1970,410,view,2025-11-21 23:08:23
1970,480,view,2026-02-26 02:55:04
1971,249,view,2025-11-10 19:04:28
1971,256,view,2026-02-02 17:41:21
1971,187,cart,2025-11-10 06:34:04
1971,285,cart,2025-05-19 19:57:24
1971,496,cart,2025-05-06 00:57:25
1971,430,cart,2025-06-06 19:17:55
1971,235,view,2026-01-28 08:41:37
1972,119,purchase,2026-02-02 12:29:50
1972,201,view,2025-05-22 05:27:09
1972,43,purchase,2026-01-23 22:19:07
1972,262,cart,2025-12-06 23:08:35
1972,185,cart,2025-11-28 03:00:12
1972,30,cart,2026-03-25 03:12:33
1972,297,cart,2025-12-17 01:15:16
1973,153,purchase,2025-10-12 10:29:15
1973,18,cart,2025-05-06 06:27:19
1973,494,cart,2025-12-18 20:21:02
1973,200,view,2026-03-26 15:33:32
1973,350,cart,2026-03-18 00:21:59
1974,394,view,2025-07-02 21:55:58
1974,367,view,2025-08-11 22:47:33
1974,290,cart,2025-06-03 01:27:08
1974,176,view,2025-07-18 06:29:19
1974,154,purchase,2025-06-23 18:16:07
1974,309,cart,2025-11-19 12:49:30
1974,85,cart,2025-05-18 13:49:45
1974,97,view,2026-03-24 18:20:00
1974,433,view,2026-02-05 01:12:38
1974,197,view,2025-08-15 15:14:32
1975,451,view,2025-06-15 16:00:23
1975,45,cart,2025-10-28 15:33:58
1975,495,view,2025-06-25 19:43:09
1975,130,view,2025-06-05 13:13:47
1975,402,cart,2026-03-10 11:54:13
1975,340,view,2025-05-22 04:07:12
1975,470,purchase,2025-06-08 22:07:36
1976,481,purchase,2026-01-29 15:29:22
1976,284,purchase,2025-10-19 20:28:30
1976,164,cart,2025-10-17 18:06:46
1976,344,view,2026-01-30 19:01:50
1976,51,purchase,2025-06-16 21:25:53
1976,263,purchase,2025-08-28 18:40:04
1977,273,purchase,2025-06-12 05:04:01
1978,485,purchase,2026-03-21 00:43:37
1978,486,purchase,2025-05-17 15:55:17
1978,316,view,2025-08-29 07:39:02
1978,378,purchase,2025-10-25 11:48:22
1978,476,cart,2025-05-27 09:22:11
1978,75,purchase,2025-04-24 12:13:52
1978,122,purchase,2026-01-16 21:29:42
1978,159,purchase,2025-11-26 04:15:20
1979,336,purchase,2026-03-08 16:30:18
1979,292,purchase,2026-03-24 10:50:22
1980,134,view,2025-10-10 16:09:44
1980,102,purchase,2025-11-22 11:30:16
1980,173,view,2026-04-19 21:12:05
1980,454,view,2025-11-26 08:11:21
1980,368,cart,2025-07-07 15:44:05
1980,484,cart,2025-05-14 03:22:58
1980,498,view,2025-07-26 23:05:06
1981,341,view,2026-03-13 21:01:26
1981,186,purchase,2025-06-22 18:49:29
1981,120,view,2026-02-20 22:14:43
1981,125,cart,2025-12-01 06:13:05
1981,486,view,2025-05-17 18:26:43
1981,486,view,2026-02-09 13:50:24
1982,39,view,2026-04-15 09:03:59
1982,361,cart,2025-08-21 11:53:43
1982,434,purchase,2025-05-06 15:18:50
1982,270,cart,2025-09-05 12:50:38
1983,14,cart,2025-04-29 12:47:02
1983,368,cart,2026-03-16 02:36:43
1983,189,cart,2025-07-13 19:10:31
1983,398,purchase,2025-05-22 10:31:53
1983,199,purchase,2026-03-23 10:06:34
1983,288,purchase,2025-05-06 19:56:30
1983,137,cart,2025-05-08 19:38:09
1984,407,cart,2025-05-13 03:30:27
1984,205,purchase,2026-03-26 16:39:26
1984,364,purchase,2025-06-14 04:54:57
1984,408,cart,2025-09-08 05:52:03
1984,369,purchase,2025-07-20 04:24:35
1984,171,view,2025-08-25 21:18:44
1985,495,view,2026-02-17 23:50:28
1985,223,cart,2025-09-16 19:35:36
1985,288,cart,2025-10-28 11:24:14
1985,438,cart,2026-02-02 11:10:52
1985,201,cart,2026-04-15 03:58:58
1985,476,purchase,2025-07-12 10:39:26
1986,397,purchase,2025-09-11 02:10:33
1986,195,view,2026-02-14 05:45:59
1986,220,view,2025-04-22 13:53:05
1986,463,cart,2026-01-06 21:39:31
1986,64,view,2025-07-18 13:17:57
1986,90,cart,2026-04-11 18:14:15
1986,146,cart,2025-10-07 02:05:22
1986,11,purchase,2025-07-20 02:16:23
1986,357,view,2025-11-11 23:01:24
1986,293,cart,2025-10-05 09:03:04
1987,469,cart,2025-06-24 09:38:35
1987,260,view,2025-09-12 01:05:03
1987,417,cart,2026-04-17 08:58:59
1987,94,cart,2025-12-05 11:28:05
1987,305,view,2025-06-26 05:58:25
1987,165,cart,2026-03-03 04:24:27
1987,294,cart,2025-06-25 05:03:47
1987,203,cart,2025-07-18 08:29:48
1987,432,cart,2025-10-30 13:44:12
1987,93,view,2025-07-14 09:40:59
1988,6,cart,2025-05-14 00:12:47
1988,445,cart,2026-02-22 20:01:54
1988,69,view,2026-04-08 00:55:39
1988,188,purchase,2025-08-27 23:18:33
1989,60,cart,2025-09-30 12:16:14
1989,92,cart,2025-11-29 15:51:24
1989,62,cart,2025-11-19 16:43:00
1989,26,purchase,2025-05-19 00:49:40
1989,488,cart,2025-10-16 01:00:48
1989,333,purchase,2026-03-16 00:10:36
1989,298,view,2025-08-08 22:19:03
1989,126,view,2026-03-25 02:15:50
1989,481,cart,2026-02-13 02:34:25
1989,418,view,2026-04-14 08:39:34
1990,397,cart,2026-03-29 03:41:44
1990,453,cart,2026-01-05 12:56:12
1990,109,purchase,2025-08-30 23:39:24
1990,414,view,2025-05-07 07:49:58
1990,231,purchase,2026-04-07 23:02:33
1991,112,purchase,2025-06-18 12:04:30
1991,394,cart,2025-12-24 12:16:37
1991,115,view,2025-05-13 19:38:26
1991,492,purchase,2025-08-09 07:17:22
1991,462,view,2025-12-23 12:49:53
1991,15,purchase,2026-02-23 14:58:57
1991,330,purchase,2026-03-31 04:10:54
1992,253,purchase,2025-06-18 18:28:26
1992,420,cart,2025-12-27 13:42:58
1993,72,view,2026-03-05 18:04:19
1993,40,cart,2025-05-18 10:24:06
1993,373,purchase,2025-10-13 14:10:39
1994,47,purchase,2025-06-30 20:39:02
1994,143,cart,2025-07-05 12:39:29
1994,80,view,2026-01-29 00:04:59
1994,185,purchase,2025-08-07 10:25:12
1994,143,purchase,2025-04-27 11:05:31
1994,458,view,2025-08-12 15:01:46
1994,221,purchase,2025-07-26 22:58:27
1994,408,cart,2026-04-03 06:03:18
1995,136,purchase,2025-07-09 17:25:34
1995,333,purchase,2025-06-23 22:22:24
1995,255,view,2026-02-27 14:39:16
1995,57,cart,2025-08-06 00:35:16
1995,99,purchase,2025-06-22 02:56:51
1996,445,purchase,2026-01-20 00:48:20
1996,478,purchase,2025-10-09 15:25:27
1996,12,purchase,2025-09-06 14:35:55
1997,210,cart,2025-07-17 04:55:33
1997,448,purchase,2025-05-14 09:26:25
1997,420,view,2025-09-22 15:59:35
1997,113,cart,2025-06-30 13:41:33
1997,236,cart,2026-02-05 01:16:26
1997,67,purchase,2026-03-21 00:41:09
1997,220,cart,2026-03-05 20:00:35
1997,349,cart,2025-12-25 23:39:30
1997,208,view,2025-09-02 03:52:57
1998,239,view,2026-01-15 00:06:42
1998,57,cart,2026-02-25 09:26:16
1998,466,view,2025-08-18 13:12:50
1998,330,view,2025-09-19 19:23:13
1999,417,view,2026-01-03 17:22:09
1999,416,cart,2026-02-03 20:09:44
1999,477,purchase,2025-09-02 16:18:16
1999,32,view,2025-06-29 05:17:04
1999,474,cart,2025-08-20 23:09:22
1999,166,purchase,2025-08-25 03:37:38
