user_id,product_id,interaction_type,interaction_score
1,145,purchase,3
1,69,cart,2
1,102,purchase,3
1,5,cart,2
1,191,cart,2
1,389,purchase,3
2,270,view,1
2,384,cart,2
2,165,cart,2
2,19,view,1
2,92,purchase,3
2,209,purchase,3
2,486,purchase,3
2,453,view,1
2,218,cart,2
2,246,purchase,3
2,25,cart,2
2,467,cart,2
2,189,purchase,3
3,446,view,1
3,323,cart,2
3,69,purchase,3
3,86,cart,2
3,106,view,1
3,484,view,1
3,338,view,1
3,244,cart,2
3,19,view,1
3,65,cart,2
3,133,cart,2
3,239,view,1
3,469,purchase,3
3,161,view,1
3,455,view,1
4,218,purchase,3
4,122,cart,2
4,70,cart,2
4,89,cart,2
4,220,view,1
4,218,view,1
4,9,purchase,3
5,26,view,1
5,294,view,1
5,121,purchase,3
5,470,purchase,3
5,74,purchase,3
5,305,purchase,3
6,174,purchase,3
6,78,purchase,3
6,166,purchase,3
6,227,purchase,3
6,68,purchase,3
6,417,view,1
6,327,cart,2
6,39,cart,2
6,229,purchase,3
6,250,cart,2
6,362,purchase,3
6,25,purchase,3
6,353,cart,2
6,210,purchase,3
6,59,view,1
7,39,view,1
7,174,purchase,3
7,483,purchase,3
7,65,cart,2
7,214,cart,2
7,35,cart,2
7,213,cart,2
7,283,view,1
7,50,view,1
7,432,view,1
7,128,purchase,3
7,29,purchase,3
7,160,purchase,3
7,51,purchase,3
7,359,purchase,3
7,29,cart,2
8,378,purchase,3
8,333,cart,2
8,178,view,1
8,406,purchase,3
8,370,cart,2
8,318,view,1
8,372,cart,2
8,252,purchase,3
8,397,view,1
8,464,cart,2
8,472,view,1
9,183,view,1
9,185,purchase,3
9,342,cart,2
9,497,view,1
9,202,cart,2
9,88,purchase,3
9,57,view,1
9,198,view,1
9,150,purchase,3
9,279,view,1
9,173,view,1
9,130,purchase,3
10,88,purchase,3
10,304,cart,2
10,490,view,1
10,274,cart,2
10,246,view,1
10,471,cart,2
10,490,cart,2
10,380,purchase,3
10,366,purchase,3
10,75,cart,2
10,246,purchase,3
10,370,view,1
10,438,cart,2
11,394,view,1
11,130,purchase,3
11,292,view,1
11,256,purchase,3
11,64,cart,2
11,255,purchase,3
11,324,purchase,3
11,337,purchase,3
11,354,purchase,3
11,264,cart,2
11,294,cart,2
11,167,view,1
11,219,view,1
11,426,view,1
11,414,view,1
12,221,purchase,3
12,468,view,1
12,110,cart,2
12,185,cart,2
12,430,cart,2
12,359,cart,2
12,299,purchase,3
12,312,purchase,3
12,17,cart,2
12,308,view,1
12,241,cart,2
12,401,cart,2
12,73,view,1
12,111,cart,2
12,123,purchase,3
13,84,view,1
13,374,cart,2
13,178,cart,2
13,281,view,1
13,204,view,1
13,77,view,1
13,431,purchase,3
13,216,view,1
14,294,view,1
14,388,purchase,3
14,257,cart,2
14,214,purchase,3
14,475,view,1
14,64,cart,2
14,396,purchase,3
14,383,view,1
14,375,cart,2
14,165,purchase,3
14,415,cart,2
14,158,cart,2
15,297,purchase,3
15,240,purchase,3
15,346,cart,2
15,33,purchase,3
15,461,purchase,3
15,68,view,1
15,438,view,1
15,216,purchase,3
15,334,purchase,3
15,57,view,1
15,382,cart,2
15,198,view,1
15,413,cart,2
15,88,view,1
15,227,purchase,3
15,55,view,1
15,480,purchase,3
15,397,cart,2
16,469,view,1
16,79,cart,2
16,363,cart,2
16,79,purchase,3
16,327,view,1
17,47,view,1
17,209,purchase,3
17,307,cart,2
17,422,cart,2
17,129,purchase,3
17,473,view,1
17,455,cart,2
17,83,purchase,3
17,42,cart,2
17,347,cart,2
17,236,cart,2
17,432,purchase,3
17,445,purchase,3
17,169,cart,2
17,322,purchase,3
17,334,view,1
18,303,view,1
18,474,cart,2
18,329,purchase,3
18,131,purchase,3
18,209,purchase,3
18,151,cart,2
18,464,purchase,3
18,118,view,1
18,483,purchase,3
18,399,view,1
18,228,purchase,3
18,98,cart,2
18,150,purchase,3
19,385,view,1
19,58,cart,2
19,458,purchase,3
19,213,cart,2
19,220,purchase,3
19,258,purchase,3
19,232,cart,2
19,442,purchase,3
19,126,purchase,3
19,33,view,1
20,422,purchase,3
20,68,view,1
20,157,cart,2
20,18,cart,2
20,284,purchase,3
20,310,cart,2
20,31,purchase,3
20,171,cart,2
20,32,purchase,3
21,205,cart,2
21,207,cart,2
21,487,cart,2
21,384,purchase,3
21,308,cart,2
21,455,view,1
21,227,purchase,3
21,153,cart,2
21,392,cart,2
21,295,purchase,3
21,256,cart,2
21,283,cart,2
21,465,view,1
21,455,cart,2
21,53,cart,2
21,413,cart,2
22,465,view,1
22,11,purchase,3
22,221,view,1
22,368,purchase,3
22,196,view,1
22,367,purchase,3
22,83,view,1
22,302,purchase,3
22,169,purchase,3
22,453,cart,2
22,441,view,1
22,422,cart,2
22,224,cart,2
22,439,view,1
23,50,cart,2
23,4,cart,2
23,38,view,1
23,285,purchase,3
23,145,purchase,3
23,496,purchase,3
23,362,view,1
23,182,purchase,3
23,5,cart,2
23,262,cart,2
23,116,cart,2
23,500,cart,2
23,116,purchase,3
23,291,view,1
23,249,purchase,3
23,326,view,1
23,10,purchase,3
23,180,view,1
23,358,view,1
24,120,view,1
24,252,view,1
24,375,purchase,3
24,129,cart,2
24,351,view,1
24,265,cart,2
24,115,purchase,3
24,321,purchase,3
24,131,cart,2
24,267,view,1
24,337,cart,2
25,173,cart,2
25,262,cart,2
25,127,purchase,3
25,94,cart,2
25,472,view,1
25,364,cart,2
25,376,cart,2
25,488,purchase,3
25,390,cart,2
25,240,view,1
25,418,cart,2
25,202,purchase,3
25,65,purchase,3
25,477,cart,2
26,125,view,1
26,280,view,1
26,255,view,1
26,144,view,1
26,165,view,1
26,43,purchase,3
26,303,cart,2
26,468,purchase,3
26,27,view,1
26,42,purchase,3
26,258,purchase,3
26,318,view,1
26,408,purchase,3
26,241,view,1
26,482,view,1
26,49,cart,2
26,396,view,1
26,490,purchase,3
26,111,cart,2
27,79,cart,2
27,125,cart,2
27,197,purchase,3
27,379,view,1
27,164,view,1
27,194,cart,2
27,496,cart,2
27,387,view,1
27,69,cart,2
27,485,cart,2
27,134,view,1
27,425,purchase,3
27,231,cart,2
27,448,view,1
27,56,purchase,3
27,55,view,1
27,211,view,1
27,340,view,1
28,238,view,1
28,59,cart,2
28,28,purchase,3
28,33,purchase,3
28,358,purchase,3
28,189,cart,2
28,61,purchase,3
28,400,cart,2
28,484,cart,2
28,450,cart,2
28,394,view,1
28,185,purchase,3
28,197,purchase,3
28,471,cart,2
28,366,purchase,3
28,6,view,1
28,91,cart,2
28,124,purchase,3
29,184,purchase,3
29,250,view,1
29,351,cart,2
29,410,purchase,3
29,175,cart,2
29,349,view,1
29,401,view,1
29,403,purchase,3
30,83,cart,2
30,479,cart,2
30,393,purchase,3
30,45,cart,2
30,9,cart,2
31,94,view,1
31,325,cart,2
31,240,view,1
31,102,cart,2
31,486,purchase,3
31,144,purchase,3
31,104,purchase,3
31,38,purchase,3
31,285,cart,2
31,193,view,1
31,74,cart,2
31,293,cart,2
31,162,view,1
31,140,purchase,3
31,493,view,1
31,256,view,1
31,319,cart,2
31,155,cart,2
31,322,view,1
32,335,view,1
32,110,view,1
32,257,purchase,3
32,6,cart,2
32,22,cart,2
32,405,purchase,3
32,485,purchase,3
32,287,purchase,3
32,299,view,1
32,216,cart,2
32,209,cart,2
32,177,view,1
32,435,cart,2
32,351,purchase,3
32,15,cart,2
32,368,cart,2
32,163,purchase,3
32,373,cart,2
32,391,cart,2
32,286,view,1
33,163,view,1
33,161,cart,2
33,79,purchase,3
33,19,cart,2
33,370,purchase,3
33,78,purchase,3
33,135,view,1
34,65,view,1
34,242,purchase,3
34,195,purchase,3
34,99,view,1
34,220,cart,2
34,342,purchase,3
34,41,purchase,3
34,462,purchase,3
34,271,view,1
35,62,cart,2
35,392,purchase,3
35,466,purchase,3
35,498,view,1
35,218,cart,2
36,82,view,1
36,339,view,1
36,266,view,1
36,85,cart,2
36,435,cart,2
36,13,purchase,3
36,340,view,1
36,100,purchase,3
36,351,purchase,3
36,201,cart,2
36,76,view,1
36,411,cart,2
37,121,view,1
37,32,purchase,3
37,12,purchase,3
37,46,view,1
37,413,purchase,3
37,355,view,1
37,331,cart,2
37,366,view,1
37,88,cart,2
37,140,cart,2
37,24,view,1
37,190,cart,2
37,62,cart,2
37,278,cart,2
37,426,cart,2
37,255,view,1
37,366,purchase,3
37,246,cart,2
37,223,cart,2
38,264,view,1
38,330,cart,2
38,224,cart,2
38,190,purchase,3
38,427,view,1
38,319,cart,2
38,220,view,1
38,332,purchase,3
38,249,purchase,3
38,490,cart,2
38,366,view,1
38,148,purchase,3
38,471,view,1
38,477,purchase,3
38,61,purchase,3
39,359,cart,2
39,329,purchase,3
39,295,view,1
39,170,purchase,3
39,478,purchase,3
39,234,purchase,3
39,250,cart,2
39,221,purchase,3
39,145,purchase,3
39,195,cart,2
39,416,view,1
39,234,purchase,3
39,242,cart,2
39,42,cart,2
39,474,cart,2
40,110,purchase,3
40,186,view,1
40,68,purchase,3
40,394,view,1
40,59,cart,2
40,383,cart,2
40,353,purchase,3
40,340,cart,2
40,314,cart,2
40,132,cart,2
41,346,view,1
41,309,view,1
41,40,view,1
41,305,view,1
41,43,purchase,3
41,95,purchase,3
41,62,view,1
41,489,cart,2
41,152,purchase,3
41,250,view,1
42,358,cart,2
42,125,view,1
42,324,view,1
42,317,cart,2
42,407,view,1
43,284,cart,2
43,455,cart,2
43,393,cart,2
43,299,purchase,3
43,456,purchase,3
43,470,cart,2
44,366,cart,2
44,39,purchase,3
44,234,view,1
44,262,cart,2
44,30,purchase,3
44,456,cart,2
44,235,view,1
44,26,purchase,3
44,43,purchase,3
44,455,cart,2
44,259,purchase,3
44,65,cart,2
45,432,purchase,3
45,270,view,1
45,404,purchase,3
45,409,cart,2
45,101,cart,2
45,395,view,1
45,29,purchase,3
45,313,view,1
45,8,view,1
45,208,view,1
45,312,view,1
45,59,purchase,3
45,488,purchase,3
45,327,view,1
46,106,view,1
46,421,purchase,3
46,226,purchase,3
46,453,purchase,3
46,398,purchase,3
46,468,purchase,3
46,177,view,1
46,78,purchase,3
46,385,purchase,3
46,362,cart,2
46,378,purchase,3
46,152,view,1
47,325,purchase,3
47,69,view,1
47,138,cart,2
47,176,purchase,3
47,300,view,1
47,69,purchase,3
47,384,cart,2
47,400,cart,2
47,60,view,1
47,222,view,1
48,76,cart,2
48,365,view,1
48,25,purchase,3
48,219,view,1
48,179,purchase,3
48,445,purchase,3
48,92,view,1
48,73,cart,2
48,127,view,1
48,135,view,1
48,64,cart,2
48,207,view,1
48,300,view,1
48,317,cart,2
48,178,purchase,3
48,307,view,1
48,139,view,1
48,237,purchase,3
48,243,purchase,3
48,193,cart,2
49,414,cart,2
49,65,cart,2
49,48,cart,2
49,221,cart,2
49,120,view,1
49,476,cart,2
49,381,cart,2
49,289,view,1
49,394,purchase,3
50,461,cart,2
50,488,cart,2
50,293,view,1
50,405,purchase,3
50,231,purchase,3
51,127,cart,2
51,224,cart,2
51,146,cart,2
51,55,cart,2
51,139,cart,2
51,19,view,1
51,35,purchase,3
51,247,cart,2
51,104,purchase,3
51,276,cart,2
51,47,view,1
52,269,cart,2
52,83,view,1
52,187,cart,2
52,418,view,1
52,443,view,1
52,233,view,1
52,285,view,1
52,146,purchase,3
52,339,cart,2
52,227,cart,2
52,274,cart,2
52,137,view,1
52,451,view,1
52,458,cart,2
52,280,cart,2
52,55,view,1
52,223,purchase,3
53,62,cart,2
53,493,purchase,3
53,385,view,1
53,181,purchase,3
53,314,view,1
53,384,cart,2
53,120,cart,2
53,488,view,1
54,455,cart,2
54,373,cart,2
54,478,purchase,3
54,95,view,1
54,125,cart,2
54,180,purchase,3
54,59,cart,2
54,288,view,1
54,189,cart,2
54,243,purchase,3
55,447,cart,2
55,303,view,1
55,422,purchase,3
55,13,view,1
55,203,cart,2
55,251,cart,2
55,73,purchase,3
55,483,purchase,3
55,314,view,1
55,465,purchase,3
55,337,view,1
55,55,purchase,3
55,31,cart,2
55,14,purchase,3
55,440,purchase,3
55,293,purchase,3
55,268,cart,2
55,225,view,1
55,153,purchase,3
55,24,cart,2
56,36,purchase,3
56,179,view,1
56,277,view,1
56,330,view,1
56,359,cart,2
56,412,purchase,3
56,189,purchase,3
56,223,cart,2
57,405,view,1
57,236,view,1
57,227,view,1
57,233,cart,2
57,121,cart,2
57,429,view,1
57,95,purchase,3
57,381,purchase,3
57,14,cart,2
57,336,purchase,3
57,288,view,1
57,32,cart,2
57,412,cart,2
57,116,purchase,3
57,205,view,1
57,112,view,1
57,258,cart,2
57,492,cart,2
57,500,cart,2
57,102,view,1
58,276,view,1
58,84,cart,2
58,496,purchase,3
58,303,cart,2
58,261,view,1
58,405,purchase,3
58,56,cart,2
58,196,view,1
58,89,view,1
58,156,cart,2
58,95,cart,2
58,325,view,1
58,130,cart,2
58,122,view,1
58,211,purchase,3
58,451,purchase,3
58,257,cart,2
59,358,purchase,3
59,385,purchase,3
59,174,cart,2
59,457,purchase,3
59,231,purchase,3
59,283,purchase,3
59,276,purchase,3
59,197,view,1
59,363,view,1
60,326,cart,2
60,482,view,1
60,331,view,1
60,388,cart,2
60,473,purchase,3
60,499,cart,2
60,299,purchase,3
60,240,purchase,3
60,477,cart,2
60,29,cart,2
60,363,purchase,3
60,330,view,1
60,102,cart,2
60,249,purchase,3
60,500,purchase,3
60,55,view,1
60,289,purchase,3
60,61,purchase,3
60,335,view,1
60,292,cart,2
61,262,cart,2
61,93,purchase,3
61,150,purchase,3
61,280,cart,2
61,453,cart,2
61,219,view,1
61,412,view,1
61,455,view,1
62,309,view,1
62,465,purchase,3
62,416,cart,2
62,235,purchase,3
62,458,cart,2
62,98,view,1
62,258,view,1
62,30,view,1
62,283,cart,2
62,86,cart,2
62,94,view,1
63,48,cart,2
63,33,view,1
63,368,view,1
63,105,cart,2
63,364,purchase,3
63,84,cart,2
63,325,purchase,3
63,36,cart,2
63,208,purchase,3
63,162,view,1
63,497,purchase,3
63,237,purchase,3
63,355,cart,2
63,397,purchase,3
63,175,view,1
63,10,view,1
63,329,purchase,3
64,285,view,1
64,398,view,1
64,240,view,1
64,371,view,1
64,205,cart,2
64,276,purchase,3
64,63,purchase,3
64,379,cart,2
64,225,purchase,3
64,104,cart,2
64,220,purchase,3
64,249,view,1
64,194,cart,2
64,168,view,1
65,8,view,1
65,248,purchase,3
65,136,cart,2
65,497,view,1
65,241,view,1
65,435,view,1
65,224,view,1
65,239,cart,2
65,453,view,1
65,217,cart,2
65,207,view,1
65,181,cart,2
65,398,cart,2
65,44,purchase,3
65,60,cart,2
65,339,cart,2
65,163,cart,2
65,77,cart,2
65,196,purchase,3
65,1,cart,2
66,20,view,1
66,50,cart,2
66,149,cart,2
66,54,purchase,3
66,450,purchase,3
66,296,view,1
66,1,cart,2
66,273,purchase,3
66,431,view,1
66,96,cart,2
66,486,cart,2
66,61,purchase,3
66,184,view,1
66,52,view,1
66,230,view,1
66,87,purchase,3
67,388,cart,2
67,170,cart,2
67,127,purchase,3
67,177,cart,2
67,421,cart,2
67,122,view,1
67,185,view,1
67,30,view,1
68,336,cart,2
68,127,cart,2
68,68,purchase,3
68,137,cart,2
68,437,cart,2
68,340,view,1
68,271,view,1
68,202,cart,2
68,493,view,1
68,189,cart,2
68,412,cart,2
68,374,view,1
69,334,purchase,3
69,414,view,1
69,491,view,1
69,452,purchase,3
69,193,view,1
69,125,cart,2
70,80,cart,2
70,496,view,1
70,40,cart,2
70,171,cart,2
70,374,view,1
70,273,purchase,3
70,109,purchase,3
70,201,view,1
70,388,purchase,3
70,320,view,1
70,151,cart,2
70,175,cart,2
70,37,view,1
70,127,view,1
70,66,view,1
70,249,cart,2
70,130,view,1
71,215,view,1
71,357,view,1
71,68,purchase,3
71,302,cart,2
71,103,view,1
71,86,purchase,3
71,119,view,1
71,426,view,1
71,499,view,1
71,332,purchase,3
71,374,view,1
71,101,cart,2
71,444,view,1
71,364,view,1
71,489,view,1
71,105,purchase,3
72,255,view,1
72,114,cart,2
72,367,purchase,3
72,451,view,1
72,42,purchase,3
72,270,view,1
72,189,view,1
72,173,view,1
72,138,purchase,3
73,262,purchase,3
73,254,view,1
73,463,cart,2
73,26,view,1
73,407,view,1
73,328,cart,2
73,263,cart,2
73,398,view,1
73,301,view,1
73,437,purchase,3
73,455,purchase,3
73,187,cart,2
73,87,purchase,3
73,199,view,1
73,413,cart,2
73,403,view,1
73,157,purchase,3
74,96,purchase,3
74,416,purchase,3
74,35,cart,2
74,215,purchase,3
74,480,purchase,3
74,165,cart,2
74,52,cart,2
74,77,view,1
74,302,cart,2
74,369,view,1
74,228,purchase,3
74,479,view,1
75,279,view,1
75,460,cart,2
75,227,cart,2
75,344,purchase,3
75,493,view,1
75,406,view,1
75,243,view,1
75,179,view,1
75,444,cart,2
75,71,view,1
75,25,purchase,3
76,428,view,1
76,370,view,1
76,471,purchase,3
76,207,cart,2
76,378,cart,2
76,433,purchase,3
76,368,view,1
76,214,view,1
76,69,cart,2
76,244,view,1
76,246,view,1
77,384,cart,2
77,174,cart,2
77,105,cart,2
77,205,purchase,3
77,107,cart,2
77,79,cart,2
77,419,purchase,3
77,146,purchase,3
77,170,view,1
77,388,purchase,3
77,292,cart,2
78,308,purchase,3
78,445,purchase,3
78,486,purchase,3
78,34,purchase,3
78,147,purchase,3
78,500,view,1
78,91,purchase,3
78,367,purchase,3
78,333,view,1
78,486,purchase,3
78,92,view,1
78,46,view,1
78,81,purchase,3
79,122,purchase,3
79,500,purchase,3
79,193,view,1
79,350,cart,2
79,141,purchase,3
79,461,view,1
79,187,view,1
79,220,purchase,3
79,316,purchase,3
79,333,view,1
79,406,purchase,3
79,415,cart,2
79,133,view,1
79,154,purchase,3
80,483,view,1
80,128,view,1
80,176,view,1
80,156,cart,2
80,85,cart,2
80,495,cart,2
80,90,view,1
80,231,cart,2
80,450,purchase,3
80,232,cart,2
80,169,view,1
80,149,cart,2
80,90,view,1
80,494,cart,2
80,466,purchase,3
80,389,view,1
80,191,purchase,3
81,62,cart,2
81,63,view,1
81,59,view,1
81,332,cart,2
81,371,purchase,3
81,473,cart,2
81,264,purchase,3
81,326,cart,2
82,169,purchase,3
82,98,cart,2
82,348,cart,2
82,271,purchase,3
82,187,view,1
82,238,cart,2
82,364,cart,2
82,320,purchase,3
82,159,view,1
82,30,cart,2
82,122,view,1
83,450,purchase,3
83,191,purchase,3
83,349,purchase,3
83,424,cart,2
83,265,purchase,3
83,251,purchase,3
83,334,cart,2
83,162,view,1
83,394,cart,2
84,99,view,1
84,356,purchase,3
84,257,view,1
84,411,view,1
84,230,purchase,3
84,224,purchase,3
84,65,cart,2
84,94,cart,2
84,201,view,1
84,97,purchase,3
84,132,view,1
84,358,cart,2
84,232,view,1
84,439,view,1
84,240,view,1
84,463,cart,2
85,84,view,1
85,50,cart,2
85,304,purchase,3
85,140,cart,2
85,124,cart,2
85,390,cart,2
85,408,cart,2
85,430,cart,2
85,352,cart,2
85,126,purchase,3
85,162,view,1
85,218,view,1
86,234,cart,2
86,361,purchase,3
86,490,purchase,3
86,19,purchase,3
86,140,cart,2
86,8,purchase,3
86,188,view,1
86,252,purchase,3
86,72,cart,2
86,78,purchase,3
86,187,cart,2
86,491,cart,2
87,230,cart,2
87,491,purchase,3
87,212,purchase,3
87,88,purchase,3
87,464,view,1
87,342,purchase,3
87,381,view,1
87,282,cart,2
88,83,view,1
88,338,purchase,3
88,393,view,1
88,91,cart,2
88,397,view,1
88,162,purchase,3
88,136,purchase,3
88,153,cart,2
88,231,cart,2
88,54,cart,2
88,267,view,1
88,405,purchase,3
88,375,cart,2
88,318,view,1
88,209,view,1
88,72,view,1
88,271,view,1
89,406,view,1
89,276,purchase,3
89,93,view,1
89,304,cart,2
89,323,view,1
89,230,cart,2
89,291,cart,2
89,357,cart,2
89,202,purchase,3
89,446,cart,2
90,326,view,1
90,374,purchase,3
90,261,view,1
90,135,view,1
90,210,view,1
90,64,purchase,3
90,374,view,1
90,159,view,1
90,100,purchase,3
90,38,purchase,3
90,222,purchase,3
90,241,view,1
90,251,purchase,3
90,27,view,1
90,269,purchase,3
90,152,cart,2
90,209,cart,2
91,245,cart,2
91,289,cart,2
91,37,cart,2
91,430,view,1
91,360,view,1
92,285,view,1
92,469,cart,2
92,436,purchase,3
92,384,view,1
92,323,cart,2
92,421,purchase,3
93,291,cart,2
93,353,purchase,3
93,426,view,1
93,267,purchase,3
93,233,view,1
93,240,view,1
93,122,view,1
93,299,cart,2
93,174,purchase,3
93,361,cart,2
93,467,purchase,3
93,32,view,1
93,87,purchase,3
93,449,cart,2
93,396,purchase,3
93,442,cart,2
93,385,cart,2
93,116,cart,2
94,145,purchase,3
94,91,purchase,3
94,471,view,1
94,397,purchase,3
94,263,purchase,3
94,463,purchase,3
94,493,view,1
94,301,view,1
94,60,cart,2
94,305,purchase,3
94,293,cart,2
94,203,purchase,3
94,150,purchase,3
94,304,view,1
94,245,view,1
94,82,cart,2
94,403,cart,2
95,386,view,1
95,280,purchase,3
95,421,cart,2
95,109,cart,2
95,40,view,1
95,462,view,1
95,269,cart,2
95,367,view,1
95,354,purchase,3
95,340,view,1
95,187,cart,2
95,317,purchase,3
95,385,view,1
95,136,cart,2
95,323,purchase,3
95,158,purchase,3
95,161,cart,2
95,47,view,1
96,214,cart,2
96,99,cart,2
96,76,purchase,3
96,311,cart,2
96,326,cart,2
96,373,purchase,3
96,168,cart,2
96,20,view,1
96,169,view,1
96,183,view,1
96,103,cart,2
96,343,purchase,3
96,127,cart,2
96,341,purchase,3
96,155,view,1
96,220,purchase,3
97,287,cart,2
97,218,purchase,3
97,210,cart,2
97,438,cart,2
97,158,cart,2
97,292,view,1
97,31,purchase,3
97,45,view,1
97,405,purchase,3
97,278,view,1
97,248,cart,2
97,184,purchase,3
98,225,purchase,3
98,390,view,1
98,377,view,1
98,107,view,1
98,122,view,1
98,236,view,1
98,402,view,1
98,447,purchase,3
98,318,view,1
98,431,view,1
98,20,purchase,3
98,241,purchase,3
98,229,view,1
99,205,view,1
99,460,view,1
99,422,view,1
99,203,view,1
99,226,view,1
99,171,view,1
99,341,cart,2
99,224,view,1
99,104,cart,2
99,4,purchase,3
99,336,purchase,3
99,194,cart,2
99,144,view,1
99,198,purchase,3
99,456,cart,2
99,202,purchase,3
99,233,purchase,3
99,78,view,1
99,47,view,1
100,265,purchase,3
100,169,view,1
100,155,view,1
100,165,view,1
100,252,purchase,3
100,482,cart,2
100,278,purchase,3
100,115,cart,2
100,287,cart,2
100,168,view,1
100,325,view,1
100,453,view,1
100,318,view,1
100,70,cart,2
100,353,cart,2
100,297,cart,2
101,452,purchase,3
101,373,view,1
101,254,cart,2
101,478,view,1
101,418,purchase,3
101,398,cart,2
101,62,cart,2
102,420,view,1
102,72,view,1
102,255,view,1
102,187,purchase,3
102,492,cart,2
102,405,view,1
102,497,purchase,3
102,320,view,1
102,197,view,1
102,108,cart,2
102,292,view,1
102,175,view,1
102,289,view,1
102,168,purchase,3
102,439,purchase,3
103,169,view,1
103,336,purchase,3
103,184,view,1
103,151,view,1
103,118,view,1
103,372,cart,2
103,333,view,1
103,438,cart,2
103,41,cart,2
103,108,view,1
103,150,view,1
103,9,view,1
103,43,cart,2
104,369,view,1
104,393,view,1
104,399,cart,2
104,111,view,1
104,230,purchase,3
104,1,cart,2
104,270,cart,2
104,409,cart,2
104,170,purchase,3
104,119,purchase,3
104,64,view,1
104,6,view,1
104,357,view,1
105,43,cart,2
105,72,purchase,3
105,214,view,1
105,77,cart,2
105,454,view,1
105,492,purchase,3
105,194,purchase,3
105,220,purchase,3
105,242,view,1
105,386,view,1
105,356,purchase,3
105,225,view,1
105,233,purchase,3
105,10,view,1
105,278,view,1
105,271,purchase,3
105,226,cart,2
105,426,purchase,3
105,144,view,1
106,401,purchase,3
106,343,view,1
106,428,view,1
106,94,purchase,3
106,10,purchase,3
106,438,cart,2
106,452,view,1
106,153,purchase,3
106,322,purchase,3
106,62,cart,2
106,261,view,1
106,440,view,1
106,360,purchase,3
106,246,purchase,3
107,229,cart,2
107,219,cart,2
107,341,purchase,3
107,110,purchase,3
107,321,view,1
107,232,view,1
107,440,purchase,3
107,218,cart,2
107,201,purchase,3
107,122,purchase,3
107,244,purchase,3
107,314,view,1
107,347,view,1
107,131,purchase,3
108,463,purchase,3
108,440,cart,2
108,191,cart,2
108,157,view,1
108,383,cart,2
109,408,cart,2
109,80,view,1
109,232,cart,2
109,199,cart,2
109,483,purchase,3
109,45,purchase,3
109,22,purchase,3
109,215,cart,2
109,450,view,1
109,46,view,1
109,156,cart,2
109,162,view,1
109,165,cart,2
110,485,purchase,3
110,497,purchase,3
110,439,cart,2
110,445,view,1
110,99,view,1
110,284,purchase,3
110,197,cart,2
110,156,cart,2
110,224,purchase,3
110,244,purchase,3
110,112,purchase,3
110,110,cart,2
110,284,purchase,3
110,461,view,1
110,341,purchase,3
110,396,view,1
111,437,cart,2
111,85,purchase,3
111,307,view,1
111,492,cart,2
111,380,purchase,3
111,406,purchase,3
111,13,cart,2
111,286,view,1
111,20,cart,2
111,362,view,1
112,62,purchase,3
112,247,view,1
112,148,view,1
112,277,view,1
112,8,view,1
112,273,purchase,3
112,152,view,1
112,151,view,1
112,207,view,1
113,212,cart,2
113,457,view,1
113,87,purchase,3
113,155,cart,2
113,214,view,1
113,208,view,1
113,246,view,1
113,391,purchase,3
113,418,view,1
113,442,purchase,3
113,258,view,1
113,242,purchase,3
113,395,cart,2
114,69,purchase,3
114,378,view,1
114,337,purchase,3
114,133,view,1
114,128,cart,2
114,21,view,1
114,297,view,1
114,284,view,1
114,133,purchase,3
114,209,purchase,3
114,165,cart,2
114,317,view,1
114,453,cart,2
114,160,view,1
114,50,view,1
114,470,purchase,3
114,263,view,1
114,53,view,1
115,243,cart,2
115,253,purchase,3
115,239,view,1
115,153,view,1
115,194,view,1
115,497,cart,2
115,320,purchase,3
115,310,view,1
115,34,cart,2
115,477,cart,2
116,350,purchase,3
116,273,cart,2
116,484,view,1
116,32,view,1
116,412,cart,2
116,343,purchase,3
116,481,view,1
116,417,cart,2
116,335,cart,2
116,133,purchase,3
117,351,purchase,3
117,364,purchase,3
117,324,cart,2
117,111,view,1
117,125,view,1
117,167,cart,2
117,11,cart,2
117,102,view,1
117,153,purchase,3
117,43,view,1
117,5,view,1
117,270,view,1
117,246,cart,2
117,98,purchase,3
117,57,cart,2
118,278,purchase,3
118,326,view,1
118,26,purchase,3
118,386,cart,2
118,232,purchase,3
118,183,purchase,3
118,480,view,1
118,139,cart,2
118,327,purchase,3
118,141,view,1
118,142,cart,2
118,440,view,1
118,216,view,1
118,36,cart,2
118,119,cart,2
118,157,view,1
118,332,cart,2
118,241,purchase,3
119,361,view,1
119,381,view,1
119,210,purchase,3
119,440,view,1
119,479,purchase,3
119,194,cart,2
119,55,purchase,3
120,354,cart,2
120,462,cart,2
120,334,view,1
120,259,cart,2
120,125,view,1
120,487,purchase,3
120,20,purchase,3
120,343,cart,2
120,249,cart,2
120,91,purchase,3
120,259,cart,2
120,395,cart,2
120,414,cart,2
120,295,view,1
120,97,cart,2
120,93,view,1
121,55,purchase,3
121,332,view,1
121,120,purchase,3
121,212,cart,2
121,341,cart,2
121,457,cart,2
121,243,purchase,3
121,444,purchase,3
121,351,cart,2
121,330,purchase,3
122,198,purchase,3
122,481,cart,2
122,281,cart,2
122,348,view,1
122,483,view,1
122,288,purchase,3
122,270,cart,2
122,490,view,1
122,62,purchase,3
122,277,cart,2
122,273,purchase,3
123,198,view,1
123,14,purchase,3
123,147,purchase,3
123,441,view,1
123,51,purchase,3
123,494,purchase,3
123,295,cart,2
123,446,purchase,3
123,474,cart,2
123,104,view,1
123,247,view,1
123,436,view,1
123,398,cart,2
123,1,purchase,3
123,116,purchase,3
124,18,purchase,3
124,222,purchase,3
124,182,purchase,3
124,347,view,1
124,31,purchase,3
124,299,purchase,3
124,130,view,1
124,193,view,1
124,2,cart,2
124,161,purchase,3
124,205,view,1
124,352,purchase,3
124,346,cart,2
124,426,purchase,3
124,262,cart,2
124,52,cart,2
124,467,view,1
124,135,view,1
125,9,purchase,3
125,162,cart,2
125,69,purchase,3
125,38,purchase,3
125,92,cart,2
125,155,cart,2
125,21,view,1
125,223,view,1
125,401,view,1
125,200,cart,2
125,56,view,1
125,188,cart,2
125,38,view,1
125,98,purchase,3
125,324,purchase,3
126,306,cart,2
126,475,cart,2
126,367,purchase,3
126,34,view,1
126,304,purchase,3
126,357,purchase,3
126,48,view,1
126,494,cart,2
126,456,cart,2
126,335,cart,2
126,132,purchase,3
126,210,cart,2
126,208,purchase,3
126,396,view,1
126,469,view,1
126,429,view,1
126,233,purchase,3
126,111,purchase,3
126,309,purchase,3
126,257,view,1
127,155,purchase,3
127,359,cart,2
127,94,cart,2
127,443,purchase,3
127,481,cart,2
127,23,purchase,3
127,295,purchase,3
127,165,purchase,3
127,473,purchase,3
127,349,view,1
128,30,purchase,3
128,252,purchase,3
128,373,purchase,3
128,150,cart,2
128,488,view,1
128,294,cart,2
128,366,cart,2
128,11,cart,2
128,219,view,1
128,117,purchase,3
128,144,view,1
128,440,view,1
128,366,view,1
128,291,view,1
129,260,purchase,3
129,404,view,1
129,440,view,1
129,111,cart,2
129,63,view,1
129,26,purchase,3
129,141,view,1
129,2,view,1
129,217,cart,2
130,371,view,1
130,172,purchase,3
130,152,cart,2
130,386,view,1
130,410,cart,2
130,256,view,1
130,480,purchase,3
130,478,view,1
130,346,purchase,3
130,427,view,1
130,241,cart,2
130,348,purchase,3
130,362,view,1
131,284,purchase,3
131,33,cart,2
131,472,view,1
131,98,purchase,3
131,476,purchase,3
131,289,cart,2
131,316,purchase,3
131,144,cart,2
131,308,view,1
131,164,view,1
131,104,view,1
131,11,cart,2
131,182,view,1
131,474,view,1
132,268,cart,2
132,5,cart,2
132,177,view,1
132,106,view,1
132,109,cart,2
132,45,cart,2
132,77,cart,2
132,413,cart,2
132,330,cart,2
132,149,cart,2
132,95,view,1
132,47,cart,2
132,105,view,1
133,326,cart,2
133,304,cart,2
133,442,purchase,3
133,386,view,1
133,102,purchase,3
133,209,purchase,3
133,252,purchase,3
133,160,view,1
133,185,view,1
133,85,view,1
133,465,view,1
133,433,cart,2
133,336,purchase,3
133,253,cart,2
133,128,view,1
133,85,purchase,3
134,4,purchase,3
134,31,cart,2
134,20,cart,2
134,7,cart,2
134,141,purchase,3
134,358,cart,2
134,65,view,1
134,492,purchase,3
134,477,cart,2
134,386,purchase,3
134,40,purchase,3
134,330,cart,2
134,404,view,1
134,322,view,1
134,270,view,1
134,87,purchase,3
135,449,view,1
135,363,purchase,3
135,62,cart,2
135,202,cart,2
135,379,cart,2
135,296,view,1
135,32,cart,2
135,137,view,1
135,481,purchase,3
135,314,cart,2
135,354,purchase,3
135,472,view,1
135,25,purchase,3
136,1,cart,2
136,483,cart,2
136,498,cart,2
136,378,view,1
136,199,cart,2
136,390,purchase,3
136,71,cart,2
136,49,cart,2
136,87,purchase,3
136,281,cart,2
136,380,view,1
136,280,cart,2
137,138,cart,2
137,478,view,1
137,395,cart,2
137,211,view,1
137,132,cart,2
137,212,view,1
137,435,purchase,3
137,45,cart,2
137,42,cart,2
137,223,purchase,3
137,318,purchase,3
137,442,view,1
137,25,view,1
137,42,cart,2
138,186,view,1
138,411,view,1
138,433,view,1
138,460,view,1
138,163,cart,2
138,164,purchase,3
138,299,cart,2
138,174,view,1
138,180,view,1
138,245,view,1
138,310,cart,2
138,371,purchase,3
138,55,view,1
139,455,purchase,3
139,27,view,1
139,393,cart,2
139,411,cart,2
139,456,purchase,3
139,72,view,1
139,56,view,1
139,379,cart,2
139,97,view,1
139,398,purchase,3
140,471,view,1
140,450,view,1
140,238,purchase,3
140,403,purchase,3
140,420,purchase,3
140,154,purchase,3
140,487,cart,2
140,258,view,1
140,300,cart,2
140,39,cart,2
140,126,cart,2
140,424,view,1
140,260,cart,2
140,232,cart,2
140,39,purchase,3
140,150,purchase,3
141,209,cart,2
141,276,view,1
141,241,cart,2
141,313,view,1
141,228,view,1
141,470,cart,2
141,217,purchase,3
141,66,purchase,3
142,249,view,1
142,69,purchase,3
142,432,purchase,3
142,440,purchase,3
142,86,cart,2
142,211,cart,2
142,268,view,1
142,407,purchase,3
142,484,view,1
142,180,view,1
142,272,view,1
142,337,purchase,3
142,181,cart,2
142,330,view,1
142,62,view,1
143,184,cart,2
143,93,cart,2
143,11,view,1
143,163,purchase,3
143,418,view,1
143,395,purchase,3
143,87,cart,2
143,290,view,1
143,138,view,1
143,276,view,1
144,251,view,1
144,255,purchase,3
144,316,view,1
144,111,purchase,3
144,39,view,1
144,90,purchase,3
144,400,view,1
144,83,view,1
144,277,cart,2
144,373,view,1
144,101,cart,2
144,307,view,1
144,193,cart,2
145,67,view,1
145,269,cart,2
145,477,purchase,3
145,22,view,1
145,425,purchase,3
145,417,view,1
145,331,view,1
145,217,view,1
145,426,purchase,3
145,155,purchase,3
145,344,purchase,3
145,323,view,1
145,31,cart,2
146,482,cart,2
146,63,cart,2
146,285,view,1
146,447,purchase,3
146,357,purchase,3
146,45,cart,2
146,298,cart,2
146,403,cart,2
147,64,cart,2
147,366,cart,2
147,153,view,1
147,214,cart,2
147,378,purchase,3
148,314,purchase,3
148,286,view,1
148,221,view,1
148,149,cart,2
148,378,cart,2
148,156,view,1
148,291,purchase,3
148,234,view,1
149,315,cart,2
149,353,purchase,3
149,141,purchase,3
149,182,purchase,3
149,449,purchase,3
149,262,cart,2
149,142,purchase,3
149,251,cart,2
150,152,view,1
150,237,cart,2
150,437,cart,2
150,227,purchase,3
150,292,view,1
150,407,cart,2
150,284,cart,2
150,183,purchase,3
150,493,cart,2
150,5,view,1
150,444,view,1
150,82,cart,2
150,86,cart,2
150,456,view,1
150,246,cart,2
150,146,cart,2
150,346,view,1
150,3,cart,2
150,330,purchase,3
150,314,purchase,3
151,114,cart,2
151,198,purchase,3
151,228,view,1
151,96,view,1
151,73,purchase,3
151,68,view,1
151,401,cart,2
151,395,cart,2
151,459,purchase,3
151,244,purchase,3
151,189,purchase,3
151,63,view,1
151,470,purchase,3
152,483,cart,2
152,407,cart,2
152,459,cart,2
152,157,view,1
152,328,purchase,3
152,451,view,1
153,266,view,1
153,493,purchase,3
153,61,view,1
153,411,view,1
153,68,purchase,3
153,39,purchase,3
153,35,view,1
153,61,cart,2
153,402,purchase,3
153,297,cart,2
153,467,cart,2
153,455,view,1
153,274,view,1
153,147,purchase,3
153,342,cart,2
153,401,purchase,3
153,65,purchase,3
153,472,cart,2
153,496,view,1
153,216,cart,2
154,176,cart,2
154,348,view,1
154,269,view,1
154,138,view,1
154,38,cart,2
154,139,purchase,3
154,316,view,1
154,430,view,1
154,487,view,1
154,117,view,1
154,215,purchase,3
154,432,purchase,3
154,342,view,1
154,14,view,1
154,436,view,1
155,344,cart,2
155,20,view,1
155,427,view,1
155,467,cart,2
155,207,view,1
155,459,view,1
155,134,purchase,3
155,447,purchase,3
155,450,purchase,3
155,83,cart,2
155,439,cart,2
155,145,cart,2
155,257,purchase,3
155,377,view,1
155,224,view,1
156,232,purchase,3
156,46,view,1
156,149,view,1
156,426,purchase,3
156,173,view,1
156,259,cart,2
156,86,cart,2
156,485,purchase,3
156,74,purchase,3
156,454,view,1
156,357,purchase,3
156,308,cart,2
156,245,purchase,3
156,398,purchase,3
156,328,cart,2
156,381,view,1
156,50,purchase,3
156,496,view,1
156,220,cart,2
157,368,cart,2
157,285,view,1
157,51,purchase,3
157,196,cart,2
157,207,cart,2
157,286,view,1
157,209,cart,2
157,396,cart,2
157,314,purchase,3
157,162,view,1
157,95,purchase,3
157,486,purchase,3
157,150,view,1
157,179,cart,2
157,368,purchase,3
158,320,view,1
158,78,purchase,3
158,286,cart,2
158,285,view,1
158,473,purchase,3
158,28,cart,2
159,477,purchase,3
159,289,cart,2
159,272,purchase,3
159,21,view,1
159,124,view,1
159,226,view,1
159,4,view,1
159,299,purchase,3
160,7,purchase,3
160,286,purchase,3
160,142,view,1
160,241,view,1
160,352,purchase,3
160,91,cart,2
160,271,purchase,3
160,309,purchase,3
160,86,purchase,3
160,385,view,1
160,307,purchase,3
160,14,cart,2
160,181,cart,2
161,192,view,1
161,190,cart,2
161,314,purchase,3
161,192,purchase,3
161,461,view,1
161,196,cart,2
161,345,purchase,3
161,172,purchase,3
161,333,cart,2
161,334,view,1
161,128,cart,2
161,368,view,1
161,293,view,1
161,314,purchase,3
161,289,purchase,3
161,195,view,1
161,99,cart,2
161,299,view,1
161,246,purchase,3
161,35,cart,2
162,494,cart,2
162,403,view,1
162,408,view,1
162,60,cart,2
162,167,cart,2
162,74,purchase,3
162,17,cart,2
162,90,cart,2
162,161,view,1
162,428,purchase,3
162,413,cart,2
162,274,cart,2
162,263,view,1
162,221,purchase,3
162,336,view,1
162,498,view,1
163,133,view,1
163,159,view,1
163,202,view,1
163,378,view,1
163,111,view,1
163,408,purchase,3
163,254,view,1
163,321,purchase,3
163,323,purchase,3
163,451,purchase,3
163,463,purchase,3
163,374,cart,2
163,233,cart,2
163,18,cart,2
163,269,cart,2
163,267,cart,2
163,210,purchase,3
164,465,cart,2
164,162,view,1
164,66,purchase,3
164,280,cart,2
164,287,cart,2
164,334,cart,2
164,245,cart,2
164,485,view,1
164,24,view,1
164,474,purchase,3
165,122,view,1
165,94,purchase,3
165,258,view,1
165,287,view,1
165,270,purchase,3
165,136,view,1
165,300,view,1
165,424,cart,2
165,257,cart,2
165,460,view,1
165,83,purchase,3
166,48,purchase,3
166,339,cart,2
166,450,purchase,3
166,302,view,1
166,312,purchase,3
166,378,cart,2
166,418,cart,2
166,356,view,1
166,463,view,1
166,257,cart,2
166,289,purchase,3
167,496,purchase,3
167,152,cart,2
167,56,view,1
167,433,purchase,3
167,204,cart,2
167,130,view,1
167,414,cart,2
167,218,cart,2
167,162,view,1
167,54,purchase,3
167,217,cart,2
167,233,purchase,3
167,166,view,1
167,393,cart,2
167,17,purchase,3
167,154,view,1
168,367,cart,2
168,89,cart,2
168,453,view,1
168,221,cart,2
168,194,view,1
168,7,cart,2
168,264,view,1
168,461,view,1
168,143,cart,2
168,254,view,1
168,189,cart,2
168,120,cart,2
168,263,view,1
168,41,purchase,3
168,294,purchase,3
168,56,purchase,3
168,5,purchase,3
168,156,purchase,3
169,272,purchase,3
169,429,purchase,3
169,409,purchase,3
169,199,view,1
169,395,purchase,3
169,141,view,1
169,296,purchase,3
169,30,view,1
169,91,purchase,3
170,209,view,1
170,240,purchase,3
170,486,cart,2
170,78,view,1
170,289,cart,2
170,460,purchase,3
170,100,cart,2
171,303,purchase,3
171,413,cart,2
171,288,cart,2
171,468,cart,2
171,413,purchase,3
171,408,purchase,3
171,441,cart,2
171,364,purchase,3
172,476,view,1
172,484,cart,2
172,394,purchase,3
172,354,view,1
172,264,view,1
172,365,cart,2
172,366,cart,2
172,108,purchase,3
172,205,view,1
172,312,cart,2
172,22,purchase,3
172,64,cart,2
172,5,view,1
172,22,cart,2
172,330,view,1
172,203,purchase,3
172,194,cart,2
172,227,cart,2
172,226,view,1
173,208,purchase,3
173,110,view,1
173,475,cart,2
173,333,view,1
173,79,purchase,3
173,89,view,1
173,89,cart,2
173,323,cart,2
173,167,purchase,3
173,57,view,1
174,455,view,1
174,365,cart,2
174,268,view,1
174,33,cart,2
174,124,view,1
174,190,cart,2
174,330,cart,2
174,467,view,1
174,282,purchase,3
174,102,view,1
174,285,view,1
174,249,cart,2
174,410,purchase,3
174,439,view,1
174,359,cart,2
174,137,cart,2
174,356,cart,2
174,286,purchase,3
175,123,purchase,3
175,431,purchase,3
175,317,cart,2
175,308,cart,2
175,230,purchase,3
175,432,cart,2
175,163,view,1
175,50,purchase,3
175,201,view,1
176,23,purchase,3
176,284,view,1
176,451,view,1
176,185,cart,2
176,478,cart,2
176,56,purchase,3
176,358,cart,2
176,292,cart,2
176,284,view,1
177,342,cart,2
177,270,view,1
177,84,cart,2
177,271,view,1
177,152,cart,2
177,294,cart,2
177,171,view,1
177,267,view,1
177,468,purchase,3
177,462,cart,2
177,482,purchase,3
177,42,purchase,3
177,495,purchase,3
178,308,view,1
178,331,purchase,3
178,418,view,1
178,12,cart,2
178,169,cart,2
178,410,view,1
178,459,cart,2
178,480,view,1
179,464,purchase,3
179,185,purchase,3
179,486,view,1
179,174,view,1
179,123,purchase,3
179,109,view,1
179,105,view,1
179,330,cart,2
179,290,cart,2
179,399,purchase,3
179,101,cart,2
179,184,cart,2
179,153,cart,2
179,171,cart,2
179,89,view,1
179,131,cart,2
179,490,view,1
179,238,cart,2
179,193,cart,2
180,115,view,1
180,318,purchase,3
180,16,view,1
180,132,purchase,3
180,281,view,1
180,358,cart,2
180,288,purchase,3
180,175,view,1
180,181,purchase,3
180,329,purchase,3
180,166,view,1
180,23,purchase,3
180,410,purchase,3
181,462,cart,2
181,173,cart,2
181,175,purchase,3
181,4,view,1
181,274,view,1
181,91,cart,2
181,413,view,1
181,244,cart,2
181,93,view,1
181,177,purchase,3
181,162,view,1
181,24,purchase,3
181,457,cart,2
181,40,view,1
181,285,view,1
181,269,purchase,3
181,201,purchase,3
181,335,cart,2
182,344,purchase,3
182,380,purchase,3
182,341,cart,2
182,438,view,1
182,293,cart,2
182,138,cart,2
182,408,cart,2
182,200,cart,2
182,368,cart,2
182,404,purchase,3
182,112,purchase,3
182,111,cart,2
182,47,view,1
182,284,cart,2
183,295,purchase,3
183,218,view,1
183,308,cart,2
183,287,purchase,3
183,166,cart,2
184,100,cart,2
184,142,view,1
184,170,view,1
184,468,cart,2
184,20,cart,2
184,410,purchase,3
184,106,cart,2
184,292,view,1
184,370,purchase,3
184,58,cart,2
184,464,view,1
184,243,purchase,3
185,257,cart,2
185,435,purchase,3
185,249,cart,2
185,232,view,1
185,380,cart,2
185,496,purchase,3
185,184,purchase,3
185,465,cart,2
185,233,cart,2
185,187,view,1
186,320,view,1
186,57,view,1
186,204,purchase,3
186,178,purchase,3
186,9,purchase,3
187,255,cart,2
187,288,view,1
187,87,view,1
187,187,purchase,3
187,167,cart,2
187,210,cart,2
187,449,cart,2
187,11,view,1
187,43,purchase,3
187,4,purchase,3
188,461,purchase,3
188,129,view,1
188,495,purchase,3
188,413,purchase,3
188,489,purchase,3
188,419,view,1
188,54,view,1
188,118,view,1
188,76,view,1
188,153,view,1
188,253,cart,2
189,96,cart,2
189,219,purchase,3
189,179,purchase,3
189,359,cart,2
189,201,view,1
189,38,cart,2
189,281,purchase,3
189,245,cart,2
189,257,cart,2
189,134,purchase,3
190,76,cart,2
190,377,purchase,3
190,69,cart,2
190,345,purchase,3
190,267,purchase,3
190,162,view,1
190,178,cart,2
190,20,cart,2
190,203,purchase,3
190,404,view,1
190,53,view,1
190,312,purchase,3
190,101,purchase,3
190,235,cart,2
190,425,cart,2
190,35,view,1
190,484,purchase,3
190,147,view,1
190,7,purchase,3
191,407,purchase,3
191,108,purchase,3
191,204,purchase,3
191,216,view,1
191,312,cart,2
191,45,view,1
191,218,purchase,3
191,178,purchase,3
191,172,cart,2
191,215,cart,2
191,487,view,1
191,119,view,1
191,81,purchase,3
191,352,cart,2
191,484,view,1
191,451,cart,2
191,75,cart,2
192,120,purchase,3
192,309,purchase,3
192,295,cart,2
192,397,view,1
192,185,view,1
192,257,cart,2
192,218,view,1
192,165,cart,2
193,232,purchase,3
193,381,cart,2
193,253,purchase,3
193,496,purchase,3
193,451,cart,2
193,56,purchase,3
193,60,cart,2
193,140,view,1
193,108,cart,2
193,461,cart,2
193,50,cart,2
193,195,view,1
193,145,view,1
193,425,view,1
193,297,purchase,3
194,290,cart,2
194,450,purchase,3
194,192,view,1
194,207,cart,2
194,409,purchase,3
194,70,purchase,3
194,273,purchase,3
194,224,view,1
194,138,purchase,3
194,202,purchase,3
195,90,cart,2
195,437,view,1
195,490,cart,2
195,195,view,1
195,366,view,1
195,216,cart,2
195,271,purchase,3
195,249,view,1
195,456,purchase,3
195,398,purchase,3
195,185,purchase,3
195,30,purchase,3
195,249,cart,2
195,280,cart,2
195,38,cart,2
195,324,purchase,3
195,115,purchase,3
195,408,view,1
195,155,cart,2
196,424,cart,2
196,423,purchase,3
196,28,purchase,3
196,383,cart,2
196,461,view,1
196,473,purchase,3
196,414,cart,2
196,275,purchase,3
196,397,cart,2
196,5,view,1
197,189,cart,2
197,133,view,1
197,143,view,1
197,162,purchase,3
197,14,view,1
197,323,purchase,3
197,463,cart,2
197,335,view,1
197,137,purchase,3
197,491,cart,2
198,379,view,1
198,346,cart,2
198,463,view,1
198,256,purchase,3
198,204,cart,2
198,263,view,1
198,325,purchase,3
198,39,view,1
198,318,view,1
198,176,cart,2
198,464,purchase,3
198,305,view,1
198,367,purchase,3
199,34,view,1
199,229,view,1
199,194,cart,2
199,232,view,1
199,154,view,1
199,491,cart,2
200,418,purchase,3
200,159,view,1
200,143,cart,2
200,293,cart,2
200,260,cart,2
200,457,cart,2
200,246,cart,2
200,204,purchase,3
200,83,view,1
200,9,purchase,3
200,491,view,1
200,447,cart,2
200,323,purchase,3
200,376,purchase,3
200,53,view,1
200,443,cart,2
201,480,view,1
201,185,purchase,3
201,167,cart,2
201,472,view,1
201,74,view,1
201,96,purchase,3
202,270,view,1
202,35,purchase,3
202,114,cart,2
202,477,view,1
202,267,view,1
202,400,view,1
202,100,view,1
202,66,view,1
202,119,cart,2
202,229,purchase,3
203,184,purchase,3
203,271,purchase,3
203,56,view,1
203,152,cart,2
203,412,view,1
203,214,view,1
203,231,purchase,3
203,49,cart,2
204,494,cart,2
204,457,cart,2
204,299,view,1
204,327,purchase,3
204,263,cart,2
204,312,view,1
204,378,purchase,3
204,368,cart,2
204,248,view,1
204,35,cart,2
204,101,purchase,3
204,241,view,1
204,378,view,1
204,2,view,1
204,306,cart,2
204,220,view,1
204,320,view,1
205,328,view,1
205,187,purchase,3
205,238,view,1
205,255,purchase,3
205,430,cart,2
205,485,view,1
205,375,purchase,3
205,136,purchase,3
205,29,purchase,3
205,159,purchase,3
205,389,purchase,3
205,434,view,1
206,28,view,1
206,20,view,1
206,456,purchase,3
206,387,view,1
206,311,cart,2
206,476,view,1
206,274,purchase,3
206,448,cart,2
206,397,view,1
206,68,view,1
206,217,view,1
206,206,purchase,3
207,84,purchase,3
207,263,view,1
207,155,cart,2
207,119,purchase,3
207,418,view,1
207,95,view,1
207,266,purchase,3
207,166,view,1
207,487,purchase,3
207,71,cart,2
207,442,view,1
207,280,view,1
208,24,purchase,3
208,409,cart,2
208,58,view,1
208,229,cart,2
208,404,cart,2
208,131,cart,2
208,322,purchase,3
208,403,view,1
208,428,cart,2
208,26,cart,2
208,340,cart,2
208,331,purchase,3
208,325,view,1
208,415,purchase,3
209,298,purchase,3
209,51,view,1
209,47,cart,2
209,222,cart,2
209,23,view,1
209,316,view,1
209,392,purchase,3
209,482,purchase,3
209,140,cart,2
209,326,cart,2
209,71,purchase,3
209,121,view,1
209,99,cart,2
209,57,cart,2
209,452,cart,2
209,101,cart,2
209,243,cart,2
209,452,cart,2
210,130,cart,2
210,340,purchase,3
210,24,purchase,3
210,108,purchase,3
210,34,view,1
210,37,cart,2
210,395,cart,2
210,259,cart,2
210,10,purchase,3
210,355,cart,2
210,242,cart,2
210,387,cart,2
211,437,cart,2
211,234,view,1
211,350,cart,2
211,249,purchase,3
211,268,cart,2
211,246,purchase,3
211,466,view,1
211,117,cart,2
211,128,cart,2
211,452,view,1
211,149,view,1
211,377,view,1
211,279,purchase,3
211,367,cart,2
211,183,purchase,3
211,145,view,1
211,425,cart,2
211,35,cart,2
212,439,view,1
212,233,view,1
212,109,cart,2
212,384,view,1
212,420,view,1
212,446,cart,2
212,353,cart,2
213,177,cart,2
213,195,cart,2
213,35,cart,2
213,138,purchase,3
213,159,view,1
213,346,cart,2
213,47,cart,2
213,194,view,1
213,34,cart,2
213,278,purchase,3
213,124,cart,2
213,468,purchase,3
214,88,view,1
214,242,cart,2
214,70,cart,2
214,32,view,1
214,273,cart,2
214,358,purchase,3
214,165,purchase,3
214,334,cart,2
214,76,purchase,3
214,206,purchase,3
214,486,view,1
214,378,purchase,3
214,499,purchase,3
215,372,cart,2
215,12,view,1
215,128,cart,2
215,200,cart,2
215,134,purchase,3
216,58,view,1
216,349,cart,2
216,394,purchase,3
216,185,view,1
216,499,view,1
216,51,view,1
216,157,purchase,3
216,96,purchase,3
216,318,purchase,3
216,277,purchase,3
216,492,view,1
216,312,view,1
216,345,cart,2
216,268,purchase,3
217,427,purchase,3
217,383,cart,2
217,425,view,1
217,196,view,1
217,131,view,1
217,360,purchase,3
217,57,view,1
217,417,view,1
217,355,purchase,3
217,104,cart,2
217,289,cart,2
217,434,purchase,3
217,478,cart,2
217,469,purchase,3
217,466,purchase,3
217,469,cart,2
217,104,purchase,3
217,154,cart,2
217,10,cart,2
218,463,view,1
218,451,cart,2
218,62,view,1
218,8,purchase,3
218,116,view,1
218,88,purchase,3
218,330,cart,2
219,51,purchase,3
219,351,view,1
219,457,view,1
219,428,view,1
219,105,view,1
220,281,view,1
220,323,view,1
220,95,view,1
220,110,view,1
220,467,view,1
220,447,purchase,3
220,377,cart,2
220,262,cart,2
220,401,purchase,3
220,17,cart,2
220,99,cart,2
220,187,purchase,3
221,439,cart,2
221,300,cart,2
221,485,cart,2
221,313,cart,2
221,121,view,1
221,108,view,1
221,466,purchase,3
221,451,view,1
221,474,cart,2
221,42,view,1
221,250,view,1
221,379,cart,2
221,293,view,1
221,94,cart,2
221,21,view,1
221,16,view,1
221,450,cart,2
222,316,cart,2
222,383,cart,2
222,482,purchase,3
222,179,purchase,3
222,206,view,1
222,310,view,1
222,389,purchase,3
222,330,view,1
222,132,purchase,3
223,410,view,1
223,119,view,1
223,405,purchase,3
223,82,purchase,3
223,30,purchase,3
223,263,view,1
223,484,purchase,3
223,224,view,1
223,109,purchase,3
223,78,purchase,3
223,322,view,1
223,99,cart,2
223,197,purchase,3
223,140,cart,2
223,364,cart,2
223,71,purchase,3
224,426,cart,2
224,493,purchase,3
224,367,purchase,3
224,50,purchase,3
224,40,purchase,3
224,152,purchase,3
224,73,view,1
224,356,view,1
224,129,cart,2
224,414,purchase,3
224,122,purchase,3
224,460,purchase,3
224,1,view,1
224,198,view,1
224,441,view,1
224,58,view,1
224,490,view,1
224,500,cart,2
224,91,cart,2
224,323,view,1
225,126,view,1
225,250,cart,2
225,337,purchase,3
225,353,cart,2
225,103,cart,2
225,111,cart,2
225,389,cart,2
225,354,cart,2
225,460,view,1
225,12,cart,2
225,179,cart,2
225,77,cart,2
226,428,view,1
226,66,purchase,3
226,451,view,1
226,36,cart,2
226,108,purchase,3
226,394,purchase,3
226,135,cart,2
226,182,view,1
226,157,cart,2
226,225,cart,2
226,383,view,1
226,454,purchase,3
226,62,cart,2
226,434,cart,2
226,330,cart,2
226,96,view,1
226,91,cart,2
227,156,purchase,3
227,398,view,1
227,130,purchase,3
227,241,cart,2
227,492,cart,2
227,330,purchase,3
227,333,purchase,3
227,320,purchase,3
227,59,purchase,3
227,25,view,1
227,365,purchase,3
227,362,cart,2
228,128,purchase,3
228,398,purchase,3
228,176,view,1
228,119,purchase,3
228,304,purchase,3
228,459,cart,2
228,122,cart,2
229,196,cart,2
229,343,cart,2
229,65,purchase,3
229,290,purchase,3
229,56,purchase,3
229,274,cart,2
230,123,view,1
230,140,purchase,3
230,415,cart,2
230,158,cart,2
230,480,cart,2
230,45,purchase,3
230,27,view,1
230,481,purchase,3
230,193,purchase,3
230,266,purchase,3
230,109,cart,2
230,363,cart,2
230,333,purchase,3
230,132,view,1
230,40,view,1
230,247,purchase,3
230,353,purchase,3
230,125,cart,2
230,21,purchase,3
231,290,cart,2
231,418,view,1
231,123,view,1
231,121,cart,2
231,487,view,1
231,419,cart,2
232,184,purchase,3
232,290,view,1
232,45,cart,2
232,101,cart,2
232,41,cart,2
232,111,purchase,3
232,69,view,1
232,124,purchase,3
232,414,cart,2
232,155,purchase,3
232,268,cart,2
232,288,view,1
232,340,view,1
232,263,view,1
232,402,cart,2
232,311,purchase,3
232,170,cart,2
232,243,purchase,3
232,325,view,1
233,22,view,1
233,66,purchase,3
233,30,view,1
233,197,view,1
233,415,view,1
233,190,purchase,3
233,84,view,1
233,121,cart,2
233,61,cart,2
233,52,cart,2
234,282,cart,2
234,274,cart,2
234,62,view,1
234,32,cart,2
234,283,cart,2
234,30,view,1
234,401,view,1
234,361,purchase,3
234,84,cart,2
234,121,cart,2
234,354,purchase,3
235,86,view,1
235,383,cart,2
235,200,purchase,3
235,311,view,1
235,142,cart,2
235,186,purchase,3
235,435,view,1
235,438,cart,2
235,292,view,1
235,130,purchase,3
235,41,purchase,3
235,121,purchase,3
235,1,cart,2
235,89,purchase,3
235,474,purchase,3
235,59,view,1
235,302,view,1
235,427,cart,2
235,183,cart,2
235,367,purchase,3
236,90,view,1
236,460,view,1
236,446,view,1
236,44,purchase,3
236,112,view,1
236,263,cart,2
236,291,cart,2
236,251,view,1
236,77,cart,2
236,428,cart,2
237,164,view,1
237,69,view,1
237,118,purchase,3
237,483,view,1
237,181,view,1
238,181,purchase,3
238,285,cart,2
238,394,view,1
238,475,view,1
238,280,cart,2
238,188,cart,2
238,359,cart,2
238,317,view,1
238,485,purchase,3
238,247,cart,2
238,361,view,1
238,117,view,1
238,285,purchase,3
238,43,purchase,3
238,333,view,1
238,436,cart,2
238,478,cart,2
238,104,purchase,3
238,7,purchase,3
239,270,view,1
239,470,cart,2
239,412,purchase,3
239,264,view,1
239,264,cart,2
239,187,purchase,3
240,97,view,1
240,46,view,1
240,425,cart,2
240,445,purchase,3
240,108,cart,2
240,88,view,1
240,147,view,1
240,331,purchase,3
240,137,purchase,3
240,351,view,1
240,39,cart,2
240,229,purchase,3
240,317,purchase,3
240,388,view,1
240,431,view,1
240,38,cart,2
240,187,cart,2
240,464,cart,2
240,110,cart,2
241,421,view,1
241,446,view,1
241,80,cart,2
241,389,view,1
241,331,view,1
241,389,purchase,3
241,477,purchase,3
242,257,cart,2
242,19,view,1
242,65,cart,2
242,362,view,1
242,88,view,1
242,229,view,1
242,67,view,1
242,20,purchase,3
242,304,view,1
242,41,purchase,3
242,18,purchase,3
242,30,purchase,3
243,272,cart,2
243,429,cart,2
243,297,purchase,3
243,229,purchase,3
243,89,view,1
244,369,view,1
244,419,purchase,3
244,168,cart,2
244,320,purchase,3
244,214,cart,2
244,295,view,1
244,58,view,1
244,301,cart,2
245,349,purchase,3
245,63,view,1
245,170,cart,2
245,428,purchase,3
245,243,purchase,3
245,39,purchase,3
245,55,purchase,3
246,98,purchase,3
246,356,view,1
246,467,purchase,3
246,268,view,1
246,456,cart,2
246,1,cart,2
246,328,view,1
246,206,cart,2
246,313,view,1
246,8,cart,2
246,46,purchase,3
247,219,purchase,3
247,444,view,1
247,457,view,1
247,69,cart,2
247,2,cart,2
247,271,view,1
247,11,purchase,3
247,498,view,1
247,428,cart,2
247,476,view,1
247,178,purchase,3
247,459,cart,2
247,372,purchase,3
247,307,purchase,3
247,341,purchase,3
247,53,view,1
247,3,view,1
247,269,purchase,3
248,255,purchase,3
248,374,purchase,3
248,422,purchase,3
248,334,view,1
248,429,cart,2
248,75,cart,2
248,95,cart,2
248,234,purchase,3
248,460,purchase,3
248,322,cart,2
248,432,cart,2
248,445,view,1
248,134,purchase,3
248,194,cart,2
248,469,purchase,3
248,490,view,1
248,290,purchase,3
248,230,cart,2
249,375,cart,2
249,303,cart,2
249,237,view,1
249,103,purchase,3
249,467,view,1
249,464,cart,2
249,384,purchase,3
249,375,view,1
249,274,purchase,3
249,27,purchase,3
249,80,purchase,3
249,490,purchase,3
249,343,view,1
249,308,cart,2
249,157,view,1
250,247,view,1
250,25,view,1
250,175,purchase,3
250,311,purchase,3
250,191,purchase,3
250,198,view,1
250,82,view,1
250,83,cart,2
250,357,view,1
250,127,view,1
250,118,view,1
250,404,view,1
250,252,cart,2
250,140,view,1
250,295,view,1
250,391,purchase,3
251,271,view,1
251,332,view,1
251,52,view,1
251,295,purchase,3
251,394,purchase,3
251,179,cart,2
251,481,cart,2
251,356,cart,2
251,122,cart,2
251,489,cart,2
251,407,purchase,3
251,305,cart,2
251,44,purchase,3
251,266,purchase,3
251,437,purchase,3
252,189,cart,2
252,492,cart,2
252,149,view,1
252,41,purchase,3
252,161,view,1
252,355,view,1
252,350,view,1
252,329,purchase,3
252,478,purchase,3
252,244,purchase,3
252,318,purchase,3
252,302,view,1
252,93,cart,2
252,10,view,1
253,146,purchase,3
253,180,cart,2
253,495,view,1
253,467,purchase,3
253,354,view,1
253,155,view,1
253,196,view,1
253,371,cart,2
254,168,view,1
254,422,cart,2
254,53,purchase,3
254,345,purchase,3
254,273,view,1
254,297,cart,2
254,270,view,1
254,470,purchase,3
254,479,cart,2
254,58,purchase,3
254,226,cart,2
254,214,purchase,3
254,249,purchase,3
254,452,purchase,3
255,176,view,1
255,432,purchase,3
255,100,purchase,3
255,70,view,1
255,234,cart,2
255,495,cart,2
255,203,cart,2
255,252,view,1
256,410,cart,2
256,439,view,1
256,393,cart,2
256,137,purchase,3
256,245,view,1
256,310,purchase,3
256,214,view,1
256,55,view,1
256,47,view,1
256,266,view,1
256,39,view,1
256,400,cart,2
256,169,view,1
256,21,cart,2
256,52,cart,2
256,38,purchase,3
256,158,cart,2
257,56,cart,2
257,285,view,1
257,225,cart,2
257,3,view,1
257,294,cart,2
257,467,purchase,3
257,436,purchase,3
257,108,view,1
257,493,purchase,3
257,229,cart,2
257,293,cart,2
257,14,purchase,3
257,63,cart,2
257,438,cart,2
257,282,cart,2
257,221,cart,2
257,457,cart,2
257,198,purchase,3
257,418,purchase,3
257,462,view,1
258,325,cart,2
258,249,cart,2
258,127,cart,2
258,289,view,1
258,115,view,1
258,27,cart,2
258,105,cart,2
258,74,view,1
258,295,view,1
258,16,cart,2
259,311,view,1
259,23,purchase,3
259,464,view,1
259,485,view,1
259,213,purchase,3
259,186,purchase,3
259,219,purchase,3
259,187,view,1
259,122,view,1
259,73,purchase,3
259,196,view,1
260,364,purchase,3
260,249,view,1
260,308,cart,2
260,372,purchase,3
260,87,cart,2
260,203,cart,2
260,101,cart,2
260,345,purchase,3
260,293,cart,2
260,353,view,1
260,185,purchase,3
260,395,cart,2
260,197,view,1
260,216,view,1
260,223,purchase,3
260,371,cart,2
261,418,purchase,3
261,181,view,1
261,44,view,1
261,369,purchase,3
261,157,purchase,3
261,165,purchase,3
261,341,view,1
261,370,purchase,3
261,385,purchase,3
261,395,purchase,3
261,498,purchase,3
261,99,view,1
261,173,purchase,3
261,317,purchase,3
261,243,purchase,3
261,100,purchase,3
261,223,view,1
261,390,purchase,3
261,220,view,1
262,284,cart,2
262,500,purchase,3
262,194,purchase,3
262,397,view,1
262,162,view,1
263,385,view,1
263,416,cart,2
263,201,view,1
263,340,cart,2
263,443,view,1
263,115,cart,2
263,29,view,1
263,377,purchase,3
263,175,purchase,3
263,338,view,1
263,136,view,1
263,172,view,1
263,244,cart,2
264,133,purchase,3
264,306,view,1
264,471,cart,2
264,59,purchase,3
264,239,cart,2
264,80,view,1
264,224,purchase,3
264,323,purchase,3
264,178,purchase,3
265,103,purchase,3
265,138,purchase,3
265,293,cart,2
265,146,purchase,3
265,163,view,1
265,349,purchase,3
265,9,cart,2
265,117,cart,2
265,355,purchase,3
265,424,purchase,3
265,402,view,1
265,370,purchase,3
265,262,purchase,3
265,148,cart,2
265,234,purchase,3
265,326,purchase,3
265,110,view,1
266,439,cart,2
266,491,view,1
266,102,cart,2
266,248,view,1
266,100,cart,2
266,487,view,1
266,122,cart,2
266,44,view,1
266,263,purchase,3
266,367,cart,2
266,302,purchase,3
266,193,purchase,3
266,34,cart,2
266,251,view,1
266,46,view,1
266,425,cart,2
266,244,view,1
267,365,purchase,3
267,40,cart,2
267,123,purchase,3
267,471,purchase,3
267,481,purchase,3
268,424,view,1
268,91,view,1
268,422,purchase,3
268,118,cart,2
268,399,purchase,3
268,106,purchase,3
268,391,purchase,3
268,414,view,1
268,350,view,1
268,99,view,1
268,395,view,1
268,160,cart,2
268,124,view,1
268,129,purchase,3
268,108,cart,2
268,328,cart,2
269,446,purchase,3
269,61,cart,2
269,429,cart,2
269,103,view,1
269,96,purchase,3
269,201,purchase,3
269,83,cart,2
269,31,cart,2
269,399,cart,2
269,428,view,1
269,438,purchase,3
269,131,view,1
269,17,purchase,3
269,305,view,1
270,319,purchase,3
270,496,view,1
270,57,purchase,3
270,152,view,1
270,496,cart,2
270,120,view,1
270,2,purchase,3
270,233,purchase,3
270,144,cart,2
270,171,cart,2
270,60,purchase,3
270,332,cart,2
270,122,view,1
270,492,view,1
270,493,purchase,3
270,199,view,1
270,343,cart,2
270,277,cart,2
270,43,view,1
270,476,cart,2
271,201,view,1
271,31,purchase,3
271,211,purchase,3
271,245,purchase,3
271,62,cart,2
271,458,purchase,3
271,460,purchase,3
271,459,purchase,3
272,34,cart,2
272,466,cart,2
272,449,view,1
272,43,cart,2
272,54,cart,2
272,137,cart,2
272,491,purchase,3
272,227,cart,2
272,444,view,1
272,146,view,1
272,466,purchase,3
272,421,cart,2
272,323,purchase,3
273,445,purchase,3
273,354,view,1
273,127,view,1
273,134,purchase,3
273,125,purchase,3
273,115,cart,2
273,164,purchase,3
273,118,view,1
273,437,cart,2
273,96,view,1
273,104,cart,2
273,177,purchase,3
273,451,purchase,3
273,380,view,1
273,254,cart,2
274,228,view,1
274,10,purchase,3
274,118,cart,2
274,36,purchase,3
274,267,purchase,3
274,55,purchase,3
274,182,view,1
274,300,purchase,3
274,212,purchase,3
274,457,cart,2
274,5,view,1
274,360,cart,2
274,377,cart,2
274,219,view,1
274,137,cart,2
275,300,cart,2
275,57,purchase,3
275,460,purchase,3
275,302,cart,2
275,49,cart,2
275,421,purchase,3
275,351,cart,2
276,397,view,1
276,329,purchase,3
276,73,view,1
276,163,cart,2
276,310,purchase,3
276,181,purchase,3
276,189,cart,2
276,415,view,1
276,479,cart,2
276,126,purchase,3
276,322,purchase,3
276,66,purchase,3
276,378,view,1
277,149,purchase,3
277,405,cart,2
277,309,purchase,3
277,449,purchase,3
277,380,cart,2
277,181,view,1
277,259,purchase,3
277,460,view,1
277,295,cart,2
277,487,cart,2
277,405,purchase,3
277,272,view,1
277,446,cart,2
277,427,purchase,3
277,283,view,1
277,375,view,1
277,279,purchase,3
277,254,view,1
278,211,cart,2
278,132,cart,2
278,243,view,1
278,29,view,1
278,86,purchase,3
279,44,cart,2
279,291,purchase,3
279,32,cart,2
279,117,cart,2
279,497,purchase,3
279,190,view,1
279,450,view,1
279,375,purchase,3
279,475,purchase,3
279,95,view,1
279,133,cart,2
279,104,purchase,3
279,153,cart,2
280,439,cart,2
280,2,cart,2
280,128,cart,2
280,70,purchase,3
280,293,cart,2
280,157,purchase,3
280,133,view,1
280,219,view,1
280,434,cart,2
280,436,cart,2
280,117,purchase,3
280,43,cart,2
280,426,cart,2
281,357,purchase,3
281,187,cart,2
281,2,purchase,3
281,10,cart,2
281,2,view,1
281,496,purchase,3
281,210,purchase,3
281,87,view,1
281,438,cart,2
281,90,cart,2
281,38,purchase,3
281,220,cart,2
281,372,purchase,3
281,216,view,1
282,443,view,1
282,22,view,1
282,15,purchase,3
282,448,view,1
282,362,cart,2
282,254,cart,2
283,158,cart,2
283,131,purchase,3
283,122,cart,2
283,105,view,1
283,304,purchase,3
283,451,purchase,3
283,265,cart,2
283,251,purchase,3
283,462,view,1
283,371,view,1
283,124,view,1
283,390,purchase,3
283,196,view,1
283,263,cart,2
283,455,cart,2
283,143,cart,2
283,119,cart,2
283,279,purchase,3
283,77,purchase,3
283,488,view,1
284,398,cart,2
284,42,purchase,3
284,477,cart,2
284,496,cart,2
284,232,view,1
284,437,view,1
284,2,view,1
285,459,view,1
285,430,purchase,3
285,296,view,1
285,426,view,1
285,18,purchase,3
285,223,view,1
286,186,purchase,3
286,401,view,1
286,268,cart,2
286,257,cart,2
286,325,view,1
286,155,cart,2
286,254,view,1
286,245,view,1
286,150,cart,2
286,173,cart,2
286,154,cart,2
286,80,view,1
286,259,purchase,3
286,331,purchase,3
286,446,view,1
286,392,view,1
287,367,view,1
287,158,view,1
287,474,view,1
287,293,purchase,3
287,426,cart,2
287,475,purchase,3
287,201,cart,2
287,304,purchase,3
287,52,cart,2
287,496,cart,2
287,59,cart,2
287,195,view,1
287,390,purchase,3
287,134,cart,2
287,140,view,1
287,497,purchase,3
287,332,view,1
287,62,view,1
287,97,purchase,3
287,309,cart,2
288,203,cart,2
288,323,purchase,3
288,373,view,1
288,22,purchase,3
288,82,view,1
288,358,purchase,3
288,235,purchase,3
288,323,purchase,3
288,144,purchase,3
288,95,purchase,3
288,485,view,1
289,358,cart,2
289,124,cart,2
289,92,cart,2
289,406,view,1
289,475,cart,2
290,173,purchase,3
290,22,view,1
290,123,view,1
290,123,purchase,3
290,408,cart,2
290,286,purchase,3
290,20,purchase,3
290,190,view,1
290,55,view,1
290,346,view,1
290,29,view,1
290,80,cart,2
290,297,cart,2
290,285,view,1
290,482,purchase,3
290,251,view,1
291,191,cart,2
291,9,cart,2
291,193,view,1
291,461,cart,2
291,115,cart,2
291,63,cart,2
291,1,purchase,3
292,59,cart,2
292,449,purchase,3
292,487,view,1
292,32,view,1
292,447,view,1
292,479,purchase,3
292,51,cart,2
292,315,purchase,3
292,73,view,1
292,84,purchase,3
292,452,purchase,3
292,304,cart,2
292,236,purchase,3
292,19,view,1
292,292,purchase,3
292,192,cart,2
292,186,purchase,3
293,472,view,1
293,452,cart,2
293,460,purchase,3
293,282,cart,2
293,282,view,1
293,106,view,1
293,146,purchase,3
293,434,purchase,3
293,236,purchase,3
293,344,view,1
293,263,view,1
293,175,purchase,3
293,216,cart,2
294,190,view,1
294,173,view,1
294,382,purchase,3
294,107,cart,2
294,298,view,1
294,301,purchase,3
295,357,purchase,3
295,92,view,1
295,389,view,1
295,389,cart,2
295,379,view,1
295,499,view,1
296,335,view,1
296,192,cart,2
296,284,view,1
296,321,purchase,3
296,32,view,1
296,274,purchase,3
296,1,purchase,3
296,54,cart,2
296,292,view,1
296,290,view,1
297,491,cart,2
297,18,purchase,3
297,371,cart,2
297,421,purchase,3
297,421,purchase,3
297,118,purchase,3
297,330,purchase,3
297,453,view,1
297,412,view,1
297,115,purchase,3
297,343,purchase,3
297,246,view,1
297,45,cart,2
297,412,purchase,3
297,226,cart,2
297,148,view,1
297,291,view,1
297,364,purchase,3
297,260,cart,2
298,22,cart,2
298,167,view,1
298,264,view,1
298,275,purchase,3
298,79,view,1
298,342,view,1
298,314,purchase,3
299,351,purchase,3
299,447,purchase,3
299,246,cart,2
299,34,cart,2
299,75,view,1
299,383,purchase,3
299,136,cart,2
299,246,view,1
299,273,cart,2
299,173,cart,2
299,383,cart,2
299,160,cart,2
299,137,purchase,3
300,335,purchase,3
300,445,purchase,3
300,386,view,1
300,125,view,1
300,417,cart,2
300,57,cart,2
300,63,cart,2
300,466,cart,2
300,326,view,1
300,481,purchase,3
301,456,purchase,3
301,420,view,1
301,318,cart,2
301,179,cart,2
301,495,view,1
301,156,view,1
302,369,purchase,3
302,403,view,1
302,25,purchase,3
302,262,view,1
302,220,cart,2
302,452,purchase,3
302,3,purchase,3
302,288,view,1
302,463,view,1
302,247,cart,2
302,271,cart,2
302,33,view,1
302,298,cart,2
302,487,view,1
302,103,cart,2
302,34,view,1
302,181,view,1
303,144,purchase,3
303,457,view,1
303,290,cart,2
303,160,view,1
303,276,view,1
303,173,cart,2
304,224,cart,2
304,51,purchase,3
304,51,view,1
304,331,view,1
304,348,cart,2
304,88,cart,2
304,239,view,1
304,204,view,1
304,381,purchase,3
304,144,purchase,3
304,230,view,1
304,345,purchase,3
304,284,purchase,3
304,109,view,1
305,263,cart,2
305,329,purchase,3
305,337,view,1
305,355,purchase,3
305,3,purchase,3
305,151,cart,2
305,482,purchase,3
305,49,cart,2
305,231,purchase,3
305,22,cart,2
305,453,cart,2
305,65,purchase,3
305,203,purchase,3
305,46,purchase,3
305,385,purchase,3
305,131,view,1
305,96,view,1
305,79,cart,2
305,403,cart,2
306,69,view,1
306,400,purchase,3
306,494,purchase,3
306,112,cart,2
306,179,view,1
306,12,purchase,3
306,290,cart,2
306,73,cart,2
306,11,view,1
306,209,view,1
306,399,purchase,3
306,301,purchase,3
307,426,view,1
307,118,cart,2
307,466,view,1
307,146,purchase,3
307,67,view,1
307,25,view,1
307,261,purchase,3
308,166,cart,2
308,430,view,1
308,196,purchase,3
308,447,purchase,3
308,362,view,1
308,256,view,1
308,336,view,1
308,500,view,1
308,437,cart,2
308,211,purchase,3
308,237,cart,2
309,98,cart,2
309,394,purchase,3
309,478,cart,2
309,257,cart,2
309,192,cart,2
309,459,view,1
309,413,cart,2
309,218,cart,2
309,260,purchase,3
309,70,view,1
309,216,cart,2
309,222,cart,2
309,152,cart,2
309,91,cart,2
309,80,purchase,3
309,374,view,1
309,408,purchase,3
310,435,view,1
310,333,cart,2
310,344,cart,2
310,397,view,1
310,181,view,1
310,178,view,1
310,162,cart,2
310,489,view,1
310,492,purchase,3
310,333,purchase,3
310,476,view,1
310,259,cart,2
310,371,cart,2
310,447,view,1
310,463,cart,2
311,293,cart,2
311,200,purchase,3
311,131,cart,2
311,24,view,1
311,9,cart,2
311,256,view,1
311,23,cart,2
311,229,view,1
311,151,purchase,3
311,395,view,1
311,399,cart,2
311,473,cart,2
311,413,purchase,3
311,311,view,1
311,164,cart,2
311,494,view,1
311,470,purchase,3
312,210,purchase,3
312,258,view,1
312,374,purchase,3
312,54,cart,2
312,83,purchase,3
312,225,cart,2
312,185,view,1
312,32,cart,2
312,466,purchase,3
312,31,purchase,3
312,147,purchase,3
312,198,cart,2
312,240,view,1
312,454,view,1
312,152,cart,2
312,456,purchase,3
312,383,view,1
312,37,view,1
312,85,view,1
312,143,view,1
313,353,cart,2
313,348,view,1
313,419,view,1
313,418,view,1
313,452,cart,2
314,204,view,1
314,88,purchase,3
314,389,purchase,3
314,163,cart,2
314,121,purchase,3
314,481,cart,2
315,155,view,1
315,71,view,1
315,131,view,1
315,231,purchase,3
315,84,view,1
315,82,cart,2
316,491,purchase,3
316,11,view,1
316,123,purchase,3
316,167,view,1
316,277,purchase,3
316,444,cart,2
316,121,cart,2
316,172,view,1
316,67,view,1
316,494,purchase,3
316,184,purchase,3
316,201,view,1
316,337,view,1
316,21,purchase,3
316,436,cart,2
316,431,purchase,3
316,445,view,1
316,183,view,1
316,31,cart,2
317,213,purchase,3
317,426,cart,2
317,258,purchase,3
317,435,cart,2
317,162,view,1
317,32,view,1
317,36,cart,2
317,159,purchase,3
318,115,cart,2
318,304,view,1
318,171,purchase,3
318,156,cart,2
318,279,view,1
319,217,purchase,3
319,438,cart,2
319,261,purchase,3
319,203,view,1
319,77,purchase,3
319,498,purchase,3
319,149,purchase,3
319,289,purchase,3
319,306,view,1
319,398,cart,2
319,280,purchase,3
319,451,view,1
319,393,purchase,3
319,323,cart,2
319,188,cart,2
320,231,cart,2
320,368,purchase,3
320,371,view,1
320,248,view,1
320,289,cart,2
320,215,view,1
320,48,view,1
320,68,view,1
320,109,cart,2
320,149,purchase,3
320,1,view,1
320,212,purchase,3
320,84,view,1
320,497,view,1
320,196,purchase,3
320,72,purchase,3
320,247,purchase,3
320,328,purchase,3
321,119,view,1
321,170,purchase,3
321,53,view,1
321,39,view,1
321,1,purchase,3
321,198,cart,2
321,59,cart,2
321,237,purchase,3
321,429,cart,2
321,472,cart,2
321,489,view,1
321,2,purchase,3
321,351,view,1
321,260,cart,2
321,27,purchase,3
321,484,purchase,3
321,17,view,1
321,412,view,1
321,352,view,1
321,82,view,1
322,246,cart,2
322,121,cart,2
322,294,purchase,3
322,278,purchase,3
322,449,view,1
322,123,view,1
322,403,view,1
322,167,purchase,3
322,488,cart,2
322,347,cart,2
322,409,purchase,3
322,262,cart,2
322,261,cart,2
322,51,purchase,3
322,243,cart,2
323,26,view,1
323,88,purchase,3
323,80,cart,2
323,7,purchase,3
323,161,view,1
323,186,view,1
323,142,purchase,3
323,248,purchase,3
323,229,purchase,3
323,495,cart,2
323,404,purchase,3
323,115,cart,2
323,60,purchase,3
323,390,cart,2
323,195,purchase,3
323,42,view,1
323,177,view,1
323,358,view,1
323,15,view,1
323,125,purchase,3
324,32,purchase,3
324,372,cart,2
324,68,cart,2
324,373,purchase,3
324,430,view,1
324,325,cart,2
325,325,view,1
325,198,view,1
325,35,cart,2
325,283,view,1
325,113,purchase,3
325,312,cart,2
325,204,cart,2
325,174,purchase,3
325,173,purchase,3
325,361,view,1
325,285,purchase,3
325,225,cart,2
325,472,purchase,3
326,484,view,1
326,366,cart,2
326,432,view,1
326,134,purchase,3
326,115,view,1
326,329,view,1
326,216,view,1
326,60,cart,2
326,1,cart,2
326,164,purchase,3
326,468,purchase,3
326,378,cart,2
326,290,view,1
326,178,view,1
326,6,cart,2
326,62,cart,2
327,360,cart,2
327,35,cart,2
327,325,view,1
327,497,view,1
327,416,cart,2
327,27,cart,2
327,438,purchase,3
327,311,purchase,3
327,334,view,1
327,348,purchase,3
327,360,view,1
327,277,cart,2
327,400,cart,2
328,414,view,1
328,348,view,1
328,57,cart,2
328,232,cart,2
328,239,cart,2
328,301,view,1
328,475,view,1
328,176,cart,2
328,176,cart,2
328,261,view,1
328,244,purchase,3
328,494,purchase,3
328,471,purchase,3
328,25,purchase,3
328,500,purchase,3
328,472,purchase,3
328,226,purchase,3
328,306,view,1
329,203,purchase,3
329,424,purchase,3
329,204,cart,2
329,81,purchase,3
329,481,cart,2
329,396,view,1
329,125,purchase,3
329,305,view,1
329,422,view,1
330,497,purchase,3
330,4,cart,2
330,401,cart,2
330,264,cart,2
330,167,purchase,3
330,145,view,1
330,128,purchase,3
330,488,view,1
330,440,purchase,3
330,314,purchase,3
330,136,purchase,3
330,185,cart,2
331,415,purchase,3
331,393,cart,2
331,392,purchase,3
331,10,cart,2
331,62,view,1
331,4,cart,2
331,111,cart,2
331,201,purchase,3
331,352,cart,2
331,139,purchase,3
332,340,view,1
332,84,purchase,3
332,218,view,1
332,165,view,1
332,280,view,1
332,32,view,1
332,305,cart,2
332,245,view,1
332,397,purchase,3
333,410,cart,2
333,21,view,1
333,483,cart,2
333,16,view,1
333,10,cart,2
333,463,view,1
333,144,cart,2
334,345,view,1
334,388,cart,2
334,326,view,1
334,143,cart,2
334,246,cart,2
334,212,cart,2
334,92,view,1
334,446,view,1
334,352,view,1
334,100,purchase,3
334,498,cart,2
334,457,purchase,3
334,179,view,1
334,417,purchase,3
334,274,cart,2
334,401,purchase,3
334,224,purchase,3
334,365,cart,2
334,484,cart,2
335,70,cart,2
335,187,cart,2
335,290,view,1
335,18,view,1
335,147,purchase,3
336,240,view,1
336,438,cart,2
336,393,purchase,3
336,446,purchase,3
336,200,cart,2
336,55,cart,2
336,157,view,1
336,499,view,1
336,329,purchase,3
337,304,view,1
337,464,view,1
337,355,purchase,3
337,414,purchase,3
337,444,view,1
337,169,view,1
337,132,view,1
337,50,cart,2
337,304,cart,2
337,226,purchase,3
337,13,purchase,3
337,494,cart,2
338,274,cart,2
338,62,purchase,3
338,333,cart,2
338,467,cart,2
338,426,purchase,3
338,138,cart,2
338,402,cart,2
338,276,purchase,3
339,356,view,1
339,379,cart,2
339,162,purchase,3
339,82,purchase,3
339,361,view,1
339,370,purchase,3
339,458,view,1
339,66,cart,2
339,110,cart,2
339,22,purchase,3
339,113,view,1
339,482,cart,2
340,273,purchase,3
340,61,cart,2
340,48,view,1
340,371,purchase,3
340,334,cart,2
340,25,cart,2
340,444,purchase,3
341,264,view,1
341,126,cart,2
341,226,view,1
341,125,purchase,3
341,120,view,1
341,341,view,1
341,73,purchase,3
341,273,cart,2
341,417,view,1
341,279,view,1
341,44,view,1
342,327,purchase,3
342,206,view,1
342,86,cart,2
342,107,purchase,3
342,305,cart,2
343,402,purchase,3
343,308,cart,2
343,379,cart,2
343,480,cart,2
343,392,cart,2
343,191,view,1
343,273,view,1
343,114,cart,2
343,431,view,1
343,129,cart,2
343,378,view,1
343,225,view,1
344,73,cart,2
344,394,cart,2
344,170,purchase,3
344,123,cart,2
344,45,view,1
344,145,view,1
344,105,cart,2
344,338,cart,2
344,77,purchase,3
344,329,view,1
345,460,view,1
345,133,purchase,3
345,25,purchase,3
345,150,cart,2
345,4,cart,2
345,286,cart,2
345,52,purchase,3
345,272,view,1
345,406,purchase,3
345,333,view,1
345,500,view,1
345,51,cart,2
345,244,view,1
345,265,cart,2
345,294,cart,2
345,343,cart,2
345,465,cart,2
345,152,view,1
346,493,view,1
346,26,cart,2
346,65,purchase,3
346,77,cart,2
346,374,purchase,3
346,145,view,1
346,171,view,1
346,67,purchase,3
346,239,cart,2
346,216,cart,2
346,382,purchase,3
346,118,purchase,3
346,109,purchase,3
346,45,purchase,3
346,427,view,1
346,88,view,1
347,355,purchase,3
347,416,cart,2
347,99,view,1
347,367,purchase,3
347,138,cart,2
347,94,purchase,3
347,139,view,1
347,486,cart,2
347,190,view,1
347,417,cart,2
347,149,purchase,3
347,381,view,1
347,322,cart,2
347,80,purchase,3
348,288,cart,2
348,315,view,1
348,237,purchase,3
348,168,cart,2
348,125,view,1
348,432,purchase,3
348,345,purchase,3
348,118,purchase,3
348,427,cart,2
348,442,cart,2
348,481,cart,2
348,323,view,1
349,23,cart,2
349,155,view,1
349,122,view,1
349,331,cart,2
349,484,purchase,3
349,358,view,1
349,204,cart,2
350,451,purchase,3
350,70,cart,2
350,31,cart,2
350,302,purchase,3
350,183,view,1
350,171,cart,2
350,133,cart,2
350,187,view,1
350,374,purchase,3
350,331,purchase,3
350,13,cart,2
350,325,purchase,3
350,370,purchase,3
350,62,view,1
350,408,cart,2
350,157,purchase,3
350,479,view,1
351,104,purchase,3
351,412,purchase,3
351,329,view,1
351,277,view,1
351,144,purchase,3
351,471,view,1
351,203,purchase,3
351,290,purchase,3
351,210,cart,2
351,178,view,1
351,326,purchase,3
351,380,view,1
352,4,purchase,3
352,33,view,1
352,71,view,1
352,204,cart,2
352,495,purchase,3
352,47,purchase,3
352,68,purchase,3
352,323,view,1
352,145,cart,2
352,232,cart,2
352,424,cart,2
352,145,view,1
352,292,cart,2
352,437,view,1
352,187,cart,2
352,388,purchase,3
352,357,view,1
352,150,view,1
352,392,cart,2
353,442,cart,2
353,4,purchase,3
353,443,purchase,3
353,153,view,1
353,429,cart,2
353,307,cart,2
354,43,view,1
354,76,cart,2
354,41,purchase,3
354,436,cart,2
354,379,cart,2
354,206,cart,2
354,378,cart,2
354,13,view,1
354,51,view,1
354,405,cart,2
354,449,cart,2
355,9,purchase,3
355,201,purchase,3
355,115,purchase,3
355,59,purchase,3
355,180,view,1
355,198,cart,2
355,497,cart,2
355,161,purchase,3
355,479,cart,2
355,399,view,1
355,396,purchase,3
356,195,purchase,3
356,158,cart,2
356,24,cart,2
356,319,cart,2
356,252,purchase,3
356,488,cart,2
356,471,cart,2
356,74,cart,2
357,51,cart,2
357,254,view,1
357,147,view,1
357,72,cart,2
357,136,cart,2
357,351,view,1
357,111,purchase,3
357,287,cart,2
357,492,cart,2
357,400,purchase,3
357,372,view,1
358,57,cart,2
358,432,view,1
358,12,view,1
358,79,cart,2
358,15,purchase,3
358,388,purchase,3
358,47,cart,2
358,317,purchase,3
358,380,purchase,3
358,45,view,1
359,427,purchase,3
359,397,cart,2
359,363,view,1
359,175,cart,2
359,367,purchase,3
359,374,view,1
359,416,cart,2
360,94,cart,2
360,306,view,1
360,74,cart,2
360,97,purchase,3
360,370,cart,2
360,465,purchase,3
360,232,purchase,3
360,147,cart,2
360,330,purchase,3
361,395,cart,2
361,192,purchase,3
361,151,view,1
361,304,cart,2
361,70,purchase,3
361,148,cart,2
362,472,purchase,3
362,181,purchase,3
362,273,view,1
362,24,cart,2
362,437,cart,2
362,336,cart,2
362,345,view,1
362,246,cart,2
362,412,purchase,3
362,83,purchase,3
362,249,purchase,3
362,215,view,1
362,407,cart,2
362,73,cart,2
362,287,view,1
362,324,cart,2
362,458,view,1
362,137,cart,2
363,337,cart,2
363,75,view,1
363,264,purchase,3
363,170,cart,2
363,384,view,1
363,260,view,1
363,299,view,1
363,200,cart,2
363,297,view,1
363,119,view,1
363,56,purchase,3
363,300,cart,2
364,273,view,1
364,13,purchase,3
364,26,view,1
364,405,purchase,3
364,422,view,1
365,282,cart,2
365,188,view,1
365,61,cart,2
365,488,view,1
365,165,cart,2
365,308,view,1
365,493,cart,2
365,372,cart,2
365,14,purchase,3
365,119,purchase,3
365,376,cart,2
365,477,view,1
365,91,view,1
365,226,cart,2
365,94,purchase,3
365,167,purchase,3
366,196,cart,2
366,104,view,1
366,166,view,1
366,400,view,1
366,170,cart,2
366,158,purchase,3
366,392,cart,2
366,299,view,1
366,144,view,1
366,438,view,1
366,475,purchase,3
366,193,cart,2
366,56,cart,2
366,284,cart,2
366,293,cart,2
366,390,view,1
366,115,view,1
366,451,cart,2
367,377,cart,2
367,18,view,1
367,240,cart,2
367,63,purchase,3
367,452,cart,2
367,376,purchase,3
367,62,purchase,3
367,241,view,1
367,185,view,1
367,303,view,1
367,129,purchase,3
367,16,purchase,3
367,10,cart,2
367,87,purchase,3
367,379,purchase,3
367,92,purchase,3
367,134,purchase,3
368,86,view,1
368,198,purchase,3
368,390,view,1
368,495,cart,2
368,50,purchase,3
368,344,purchase,3
368,500,view,1
368,458,cart,2
368,102,view,1
368,444,purchase,3
368,418,cart,2
368,221,cart,2
368,293,cart,2
368,327,purchase,3
368,83,purchase,3
368,151,purchase,3
368,362,purchase,3
368,439,view,1
368,248,view,1
369,7,view,1
369,221,view,1
369,340,purchase,3
369,247,purchase,3
369,379,purchase,3
369,335,view,1
369,419,view,1
369,230,cart,2
369,155,view,1
369,428,view,1
369,463,view,1
369,121,view,1
370,222,purchase,3
370,487,view,1
370,327,purchase,3
370,379,cart,2
370,215,purchase,3
370,342,cart,2
370,274,view,1
370,17,view,1
370,379,purchase,3
370,392,view,1
370,302,view,1
370,168,cart,2
370,116,view,1
370,185,purchase,3
370,391,view,1
370,170,view,1
371,446,cart,2
371,446,purchase,3
371,332,cart,2
371,177,cart,2
371,234,view,1
371,242,view,1
371,492,cart,2
371,241,view,1
372,408,cart,2
372,85,cart,2
372,425,purchase,3
372,174,view,1
372,282,purchase,3
372,4,view,1
372,385,cart,2
372,123,view,1
372,368,cart,2
372,84,cart,2
372,8,view,1
373,202,cart,2
373,259,view,1
373,293,purchase,3
373,230,view,1
373,246,purchase,3
373,279,cart,2
373,464,view,1
373,8,view,1
373,369,cart,2
373,337,view,1
373,98,view,1
373,305,cart,2
373,6,purchase,3
373,228,view,1
373,312,cart,2
374,3,purchase,3
374,347,view,1
374,347,view,1
374,108,view,1
374,495,cart,2
374,58,cart,2
374,46,view,1
374,496,cart,2
374,432,view,1
374,282,view,1
374,496,cart,2
374,399,view,1
374,230,purchase,3
374,309,purchase,3
374,457,view,1
374,338,view,1
374,93,cart,2
374,364,purchase,3
374,234,cart,2
375,318,view,1
375,444,purchase,3
375,408,cart,2
375,314,cart,2
375,118,purchase,3
375,176,cart,2
375,407,cart,2
375,324,purchase,3
376,251,cart,2
376,488,purchase,3
376,260,view,1
376,300,cart,2
376,463,cart,2
376,41,cart,2
376,134,view,1
376,240,purchase,3
376,346,view,1
376,383,purchase,3
376,375,purchase,3
376,93,purchase,3
376,271,purchase,3
376,411,purchase,3
376,173,view,1
376,487,cart,2
376,138,cart,2
377,233,view,1
377,317,purchase,3
377,308,cart,2
377,22,purchase,3
377,135,view,1
377,199,purchase,3
377,285,view,1
377,398,view,1
377,335,view,1
377,364,cart,2
377,404,view,1
377,228,cart,2
377,138,purchase,3
377,54,purchase,3
377,204,view,1
377,283,purchase,3
378,187,cart,2
378,338,cart,2
378,271,purchase,3
378,460,view,1
378,239,cart,2
378,59,purchase,3
378,237,purchase,3
378,421,purchase,3
378,122,cart,2
378,304,purchase,3
378,137,cart,2
379,93,cart,2
379,7,purchase,3
379,178,purchase,3
379,187,cart,2
379,76,purchase,3
379,312,purchase,3
379,355,purchase,3
380,414,purchase,3
380,214,view,1
380,77,purchase,3
380,407,purchase,3
380,40,cart,2
380,217,purchase,3
380,393,view,1
380,315,purchase,3
380,108,cart,2
380,368,view,1
380,1,purchase,3
380,18,view,1
380,278,cart,2
380,213,purchase,3
380,277,cart,2
380,315,view,1
380,496,view,1
381,336,view,1
381,333,view,1
381,158,view,1
381,76,purchase,3
381,264,cart,2
381,135,purchase,3
381,125,purchase,3
381,117,purchase,3
381,367,view,1
381,265,cart,2
381,463,cart,2
381,205,purchase,3
381,180,purchase,3
381,318,cart,2
381,243,view,1
381,115,cart,2
381,488,cart,2
381,182,view,1
381,215,purchase,3
382,163,view,1
382,97,view,1
382,252,purchase,3
382,345,cart,2
382,330,purchase,3
382,155,cart,2
383,77,cart,2
383,455,purchase,3
383,72,view,1
383,318,purchase,3
383,459,view,1
383,219,cart,2
383,310,view,1
383,208,purchase,3
383,18,cart,2
384,459,purchase,3
384,186,view,1
384,211,purchase,3
384,423,purchase,3
384,73,cart,2
384,72,cart,2
384,213,cart,2
384,352,cart,2
384,157,view,1
384,188,cart,2
384,416,view,1
384,396,purchase,3
384,146,purchase,3
384,412,view,1
384,489,cart,2
384,20,cart,2
384,409,purchase,3
385,494,view,1
385,433,purchase,3
385,56,purchase,3
385,164,cart,2
385,122,cart,2
385,278,view,1
385,42,view,1
385,20,cart,2
385,147,cart,2
385,109,view,1
385,252,purchase,3
386,17,view,1
386,227,view,1
386,171,purchase,3
386,447,view,1
386,50,cart,2
386,187,view,1
386,55,purchase,3
386,22,purchase,3
386,174,cart,2
386,492,purchase,3
386,134,purchase,3
387,7,cart,2
387,393,view,1
387,80,purchase,3
387,362,purchase,3
387,177,cart,2
388,128,view,1
388,290,purchase,3
388,169,cart,2
388,410,view,1
388,266,view,1
388,493,purchase,3
388,128,view,1
388,431,cart,2
388,270,cart,2
388,446,purchase,3
389,37,cart,2
389,424,purchase,3
389,260,purchase,3
389,57,cart,2
389,51,cart,2
389,113,view,1
389,6,purchase,3
389,85,purchase,3
389,242,purchase,3
389,398,view,1
389,124,cart,2
389,427,cart,2
389,124,view,1
389,418,cart,2
389,140,cart,2
389,187,view,1
389,242,cart,2
389,475,cart,2
389,490,cart,2
389,328,view,1
390,78,purchase,3
390,491,view,1
390,478,view,1
390,117,cart,2
390,46,purchase,3
390,324,purchase,3
390,75,cart,2
390,375,view,1
390,290,cart,2
390,419,cart,2
390,339,purchase,3
390,283,view,1
390,95,purchase,3
390,370,cart,2
390,366,purchase,3
391,5,view,1
391,429,cart,2
391,445,cart,2
391,217,view,1
391,305,view,1
391,8,view,1
391,162,view,1
391,111,view,1
391,402,view,1
391,262,view,1
391,441,view,1
392,100,view,1
392,229,purchase,3
392,9,view,1
392,143,purchase,3
392,475,cart,2
392,321,view,1
392,486,view,1
392,211,purchase,3
392,252,view,1
392,323,cart,2
393,144,view,1
393,59,cart,2
393,462,cart,2
393,11,view,1
393,338,purchase,3
393,284,view,1
394,469,cart,2
394,140,cart,2
394,252,purchase,3
394,214,purchase,3
394,55,purchase,3
394,304,view,1
394,72,purchase,3
394,141,cart,2
394,53,purchase,3
394,19,cart,2
394,324,purchase,3
394,168,purchase,3
395,348,view,1
395,339,purchase,3
395,207,purchase,3
395,127,cart,2
395,388,cart,2
395,176,cart,2
395,490,purchase,3
395,464,cart,2
395,480,view,1
395,465,purchase,3
395,195,purchase,3
395,206,cart,2
395,412,view,1
395,158,purchase,3
395,353,cart,2
395,470,cart,2
395,307,cart,2
395,318,purchase,3
396,93,view,1
396,431,purchase,3
396,299,purchase,3
396,111,view,1
396,97,cart,2
396,465,purchase,3
396,228,view,1
397,473,cart,2
397,495,cart,2
397,178,view,1
397,246,cart,2
397,321,purchase,3
397,388,purchase,3
397,144,cart,2
397,428,purchase,3
397,252,cart,2
398,199,cart,2
398,327,purchase,3
398,6,cart,2
398,227,view,1
398,491,view,1
398,155,view,1
398,176,cart,2
398,172,cart,2
398,333,view,1
398,203,cart,2
398,39,view,1
398,261,cart,2
398,423,view,1
398,76,cart,2
398,102,cart,2
398,4,cart,2
398,411,purchase,3
399,330,view,1
399,405,cart,2
399,197,cart,2
399,9,view,1
399,278,cart,2
399,241,cart,2
399,305,purchase,3
399,24,view,1
399,320,purchase,3
399,85,cart,2
399,257,view,1
399,13,purchase,3
399,354,cart,2
399,498,cart,2
399,9,purchase,3
399,294,purchase,3
399,196,purchase,3
399,341,purchase,3
399,411,cart,2
400,66,cart,2
400,258,view,1
400,362,cart,2
400,4,purchase,3
400,216,cart,2
400,265,view,1
400,22,view,1
400,279,purchase,3
400,92,cart,2
400,385,purchase,3
400,40,purchase,3
400,241,cart,2
400,196,view,1
400,248,view,1
400,362,cart,2
400,500,cart,2
401,389,cart,2
401,118,cart,2
401,30,cart,2
401,164,purchase,3
401,50,view,1
401,426,cart,2
401,63,cart,2
401,378,cart,2
401,345,cart,2
401,290,view,1
401,303,view,1
401,372,purchase,3
401,315,cart,2
401,89,view,1
401,250,cart,2
401,52,view,1
402,15,cart,2
402,45,purchase,3
402,91,view,1
402,250,cart,2
402,197,view,1
402,168,cart,2
402,237,view,1
402,209,cart,2
402,322,cart,2
402,456,purchase,3
402,289,cart,2
402,303,cart,2
402,419,purchase,3
402,487,purchase,3
402,252,view,1
403,202,view,1
403,411,cart,2
403,8,view,1
403,309,view,1
403,180,purchase,3
403,467,purchase,3
403,383,view,1
403,344,purchase,3
403,280,view,1
403,173,cart,2
404,161,view,1
404,198,purchase,3
404,317,view,1
404,302,cart,2
404,84,purchase,3
404,182,view,1
404,153,cart,2
404,431,cart,2
404,232,purchase,3
404,307,view,1
404,88,cart,2
404,378,view,1
404,105,cart,2
404,35,purchase,3
405,459,cart,2
405,17,view,1
405,69,purchase,3
405,471,purchase,3
405,405,purchase,3
405,406,cart,2
406,276,purchase,3
406,213,view,1
406,433,cart,2
406,13,cart,2
406,134,cart,2
406,209,view,1
407,77,cart,2
407,400,view,1
407,271,purchase,3
407,496,cart,2
407,218,view,1
407,142,view,1
407,198,purchase,3
407,114,view,1
407,490,view,1
407,269,cart,2
407,304,cart,2
407,20,purchase,3
407,207,purchase,3
408,87,purchase,3
408,226,purchase,3
408,372,purchase,3
408,158,purchase,3
408,321,purchase,3
408,14,cart,2
408,325,purchase,3
408,135,cart,2
409,94,purchase,3
409,280,view,1
409,142,purchase,3
409,231,purchase,3
409,350,cart,2
409,471,purchase,3
409,499,view,1
409,348,cart,2
409,322,cart,2
409,187,view,1
409,207,cart,2
409,119,cart,2
409,73,cart,2
409,53,view,1
409,299,view,1
409,65,purchase,3
410,153,view,1
410,173,cart,2
410,352,view,1
410,462,purchase,3
410,152,view,1
410,283,cart,2
410,99,cart,2
410,440,cart,2
410,90,view,1
410,19,view,1
410,343,purchase,3
410,284,view,1
410,144,cart,2
411,346,cart,2
411,453,view,1
411,462,view,1
411,71,view,1
411,408,view,1
411,422,view,1
411,156,cart,2
412,444,view,1
412,257,view,1
412,264,cart,2
412,424,purchase,3
412,163,view,1
412,195,view,1
412,73,view,1
412,260,purchase,3
412,349,cart,2
412,369,cart,2
412,189,purchase,3
412,242,purchase,3
412,361,view,1
412,11,cart,2
412,274,view,1
412,136,view,1
412,322,cart,2
412,15,purchase,3
412,500,view,1
412,330,cart,2
413,52,view,1
413,366,cart,2
413,423,cart,2
413,302,purchase,3
413,189,purchase,3
413,492,purchase,3
413,204,cart,2
413,314,view,1
413,23,view,1
413,36,view,1
414,103,cart,2
414,14,view,1
414,152,cart,2
414,111,purchase,3
414,408,view,1
414,404,purchase,3
415,185,view,1
415,499,purchase,3
415,277,view,1
415,340,purchase,3
415,218,purchase,3
415,275,purchase,3
415,185,purchase,3
415,18,view,1
416,88,cart,2
416,362,view,1
416,236,cart,2
416,24,purchase,3
416,10,cart,2
416,463,view,1
416,165,view,1
416,140,view,1
416,228,view,1
416,37,view,1
416,324,cart,2
416,433,cart,2
417,7,purchase,3
417,231,cart,2
417,419,cart,2
417,88,cart,2
417,430,view,1
417,450,cart,2
417,182,cart,2
417,401,cart,2
417,88,view,1
417,112,view,1
417,475,purchase,3
417,278,cart,2
417,449,purchase,3
417,253,cart,2
417,452,cart,2
417,19,cart,2
417,333,purchase,3
418,346,view,1
418,171,purchase,3
418,266,purchase,3
418,118,cart,2
418,341,view,1
418,223,view,1
418,14,purchase,3
418,435,view,1
418,227,view,1
418,225,view,1
419,201,purchase,3
419,399,cart,2
419,307,view,1
419,201,cart,2
419,475,purchase,3
419,161,view,1
419,408,cart,2
419,429,purchase,3
419,205,view,1
419,414,view,1
419,27,purchase,3
420,135,cart,2
420,214,view,1
420,456,view,1
420,108,cart,2
420,380,cart,2
420,415,view,1
420,98,purchase,3
420,187,view,1
420,117,view,1
420,131,view,1
420,115,view,1
420,304,purchase,3
420,203,purchase,3
420,490,cart,2
420,370,purchase,3
420,118,view,1
420,279,view,1
420,362,cart,2
421,154,cart,2
421,354,purchase,3
421,299,purchase,3
421,383,view,1
421,310,purchase,3
421,492,purchase,3
421,292,cart,2
421,271,purchase,3
421,259,view,1
421,84,purchase,3
421,74,cart,2
421,341,cart,2
421,284,cart,2
421,48,view,1
422,449,view,1
422,6,cart,2
422,444,view,1
422,478,purchase,3
422,154,purchase,3
422,172,cart,2
422,207,cart,2
422,124,view,1
422,220,view,1
422,100,purchase,3
422,162,purchase,3
422,156,cart,2
422,384,view,1
422,87,cart,2
423,422,view,1
423,364,cart,2
423,305,cart,2
423,98,cart,2
423,128,cart,2
423,371,purchase,3
423,223,cart,2
423,290,purchase,3
423,476,purchase,3
423,446,purchase,3
423,137,cart,2
423,243,view,1
424,65,view,1
424,435,view,1
424,63,purchase,3
424,472,view,1
424,16,cart,2
424,137,purchase,3
425,32,cart,2
425,359,purchase,3
425,340,view,1
425,5,purchase,3
425,61,purchase,3
425,370,purchase,3
425,3,cart,2
425,492,view,1
425,361,view,1
425,271,view,1
425,269,cart,2
426,23,view,1
426,392,view,1
426,130,cart,2
426,470,cart,2
426,329,purchase,3
426,28,view,1
426,357,cart,2
426,401,cart,2
426,115,view,1
426,385,view,1
426,183,view,1
426,60,cart,2
427,321,view,1
427,143,purchase,3
427,83,purchase,3
427,49,purchase,3
427,371,view,1
427,427,view,1
428,177,view,1
428,293,cart,2
428,151,purchase,3
428,55,cart,2
428,205,cart,2
428,487,cart,2
428,472,view,1
429,185,view,1
429,361,purchase,3
429,413,view,1
429,159,cart,2
429,21,view,1
429,400,cart,2
429,165,purchase,3
429,466,purchase,3
429,58,purchase,3
429,179,cart,2
429,148,purchase,3
429,475,cart,2
429,442,purchase,3
429,100,purchase,3
429,395,view,1
430,26,cart,2
430,271,view,1
430,384,view,1
430,183,view,1
430,24,view,1
430,111,cart,2
430,30,view,1
430,437,purchase,3
430,84,cart,2
430,215,purchase,3
430,301,view,1
430,31,view,1
430,306,cart,2
430,451,view,1
431,181,view,1
431,358,cart,2
431,226,cart,2
431,350,cart,2
431,335,view,1
431,466,cart,2
431,7,view,1
431,244,purchase,3
432,471,view,1
432,32,view,1
432,166,purchase,3
432,135,cart,2
432,118,purchase,3
432,435,cart,2
432,57,purchase,3
432,214,view,1
433,494,view,1
433,10,view,1
433,262,purchase,3
433,357,purchase,3
433,343,cart,2
433,370,view,1
434,404,cart,2
434,124,view,1
434,222,cart,2
434,151,cart,2
434,219,view,1
434,327,view,1
434,487,purchase,3
435,216,purchase,3
435,86,view,1
435,80,cart,2
435,160,purchase,3
435,139,cart,2
435,228,purchase,3
435,271,cart,2
435,437,view,1
435,341,cart,2
435,352,cart,2
435,428,cart,2
435,387,cart,2
435,21,view,1
435,341,view,1
435,22,view,1
436,205,view,1
436,171,purchase,3
436,23,cart,2
436,474,cart,2
436,181,cart,2
436,250,view,1
437,170,view,1
437,476,view,1
437,150,purchase,3
437,49,view,1
437,322,view,1
437,41,purchase,3
437,226,purchase,3
437,237,purchase,3
437,436,cart,2
438,396,purchase,3
438,279,view,1
438,72,cart,2
438,110,purchase,3
438,485,purchase,3
438,190,cart,2
438,14,cart,2
438,47,cart,2
438,198,view,1
438,182,view,1
438,443,cart,2
438,41,cart,2
438,499,cart,2
438,39,cart,2
438,261,purchase,3
438,207,view,1
438,178,cart,2
438,44,view,1
438,168,purchase,3
439,276,view,1
439,289,cart,2
439,348,purchase,3
439,195,view,1
439,464,cart,2
439,276,purchase,3
439,475,purchase,3
439,163,purchase,3
439,403,view,1
439,412,view,1
439,308,cart,2
439,216,purchase,3
440,161,view,1
440,113,purchase,3
440,146,view,1
440,476,view,1
440,367,cart,2
440,384,purchase,3
440,219,purchase,3
440,155,view,1
440,55,cart,2
440,452,cart,2
440,367,view,1
440,93,cart,2
440,191,view,1
440,452,view,1
440,332,purchase,3
440,358,view,1
440,6,cart,2
440,34,cart,2
441,36,purchase,3
441,443,view,1
441,438,cart,2
441,131,view,1
441,438,purchase,3
441,76,view,1
441,273,purchase,3
441,40,cart,2
441,178,purchase,3
441,415,cart,2
441,301,cart,2
441,100,view,1
441,140,purchase,3
441,122,cart,2
441,476,purchase,3
441,124,purchase,3
441,63,view,1
442,79,view,1
442,338,cart,2
442,279,cart,2
442,499,view,1
442,134,purchase,3
442,469,purchase,3
442,266,cart,2
442,181,view,1
442,41,view,1
442,140,cart,2
442,434,purchase,3
442,336,purchase,3
443,45,purchase,3
443,265,purchase,3
443,189,purchase,3
443,91,purchase,3
443,309,view,1
443,99,view,1
443,328,view,1
443,302,purchase,3
443,102,purchase,3
443,34,view,1
444,104,purchase,3
444,473,cart,2
444,200,cart,2
444,330,purchase,3
444,225,cart,2
444,246,cart,2
444,203,view,1
444,371,view,1
444,99,cart,2
444,225,purchase,3
445,279,view,1
445,244,view,1
445,147,purchase,3
445,153,purchase,3
445,261,purchase,3
445,124,purchase,3
445,271,purchase,3
445,151,view,1
445,464,cart,2
445,80,cart,2
445,40,cart,2
445,345,view,1
445,329,cart,2
446,11,view,1
446,406,view,1
446,406,view,1
446,220,view,1
446,484,purchase,3
447,497,purchase,3
447,400,purchase,3
447,141,view,1
447,359,cart,2
447,368,purchase,3
447,111,purchase,3
447,335,view,1
447,83,cart,2
447,237,cart,2
447,454,cart,2
447,429,view,1
447,494,view,1
447,174,purchase,3
447,304,cart,2
448,107,view,1
448,381,cart,2
448,360,view,1
448,450,cart,2
448,387,cart,2
448,157,view,1
448,43,cart,2
448,259,cart,2
448,69,purchase,3
448,278,cart,2
448,457,cart,2
448,107,cart,2
448,247,purchase,3
448,98,view,1
448,56,purchase,3
448,30,cart,2
448,370,cart,2
448,87,purchase,3
448,176,cart,2
448,417,purchase,3
449,46,cart,2
449,154,cart,2
449,129,view,1
449,92,purchase,3
449,435,purchase,3
449,21,purchase,3
449,263,purchase,3
449,412,cart,2
449,259,cart,2
449,457,view,1
449,281,purchase,3
449,358,view,1
449,394,view,1
449,400,view,1
449,148,view,1
449,480,cart,2
449,252,cart,2
450,492,view,1
450,494,view,1
450,374,view,1
450,256,view,1
450,222,view,1
450,62,cart,2
450,245,purchase,3
451,419,cart,2
451,252,purchase,3
451,87,view,1
451,476,cart,2
451,451,view,1
452,465,view,1
452,409,view,1
452,105,view,1
452,318,purchase,3
452,400,view,1
452,51,cart,2
452,272,cart,2
452,419,view,1
452,296,cart,2
452,29,cart,2
452,499,purchase,3
452,69,view,1
453,26,view,1
453,165,cart,2
453,257,cart,2
453,2,view,1
453,344,cart,2
453,210,cart,2
453,472,cart,2
453,422,cart,2
453,413,view,1
453,6,purchase,3
453,392,view,1
453,336,cart,2
453,315,view,1
453,11,cart,2
453,420,purchase,3
453,124,cart,2
453,42,cart,2
454,235,cart,2
454,61,cart,2
454,458,cart,2
454,367,purchase,3
454,49,cart,2
454,263,cart,2
454,51,purchase,3
454,249,purchase,3
455,47,view,1
455,223,cart,2
455,11,purchase,3
455,453,view,1
455,424,view,1
455,461,view,1
455,101,cart,2
455,417,cart,2
455,497,cart,2
455,402,purchase,3
455,420,view,1
455,425,cart,2
455,333,purchase,3
455,145,cart,2
455,399,view,1
455,63,purchase,3
456,156,purchase,3
456,41,cart,2
456,89,view,1
456,460,cart,2
456,118,cart,2
456,73,purchase,3
456,444,view,1
456,299,view,1
456,87,purchase,3
456,477,cart,2
456,263,view,1
456,97,purchase,3
456,56,view,1
456,388,view,1
456,339,cart,2
456,244,purchase,3
456,467,cart,2
457,142,view,1
457,117,cart,2
457,65,purchase,3
457,233,cart,2
457,22,cart,2
457,382,purchase,3
457,182,view,1
457,436,purchase,3
457,188,view,1
458,427,cart,2
458,267,purchase,3
458,51,purchase,3
458,464,view,1
458,78,view,1
458,396,purchase,3
458,214,cart,2
458,338,purchase,3
458,129,cart,2
458,141,purchase,3
458,139,purchase,3
458,341,cart,2
458,188,view,1
458,301,view,1
458,464,cart,2
458,349,cart,2
459,368,view,1
459,466,purchase,3
459,363,purchase,3
459,455,purchase,3
459,408,cart,2
459,387,purchase,3
459,405,cart,2
460,300,view,1
460,462,purchase,3
460,193,purchase,3
460,27,cart,2
460,221,cart,2
460,208,view,1
460,117,purchase,3
460,139,view,1
460,426,view,1
460,407,cart,2
460,479,view,1
460,80,cart,2
460,330,cart,2
460,362,cart,2
460,124,cart,2
460,408,cart,2
460,201,cart,2
460,423,purchase,3
461,328,cart,2
461,450,cart,2
461,362,purchase,3
461,217,view,1
461,262,view,1
461,407,cart,2
462,386,view,1
462,9,cart,2
462,350,purchase,3
462,249,purchase,3
462,192,purchase,3
462,435,cart,2
462,345,view,1
462,458,cart,2
462,273,cart,2
462,31,view,1
463,261,purchase,3
463,4,cart,2
463,338,purchase,3
463,311,view,1
463,305,view,1
463,473,cart,2
463,38,cart,2
463,207,view,1
463,379,purchase,3
463,159,cart,2
463,10,purchase,3
463,159,purchase,3
463,432,view,1
463,223,view,1
464,313,view,1
464,100,cart,2
464,134,view,1
464,219,purchase,3
464,181,cart,2
465,72,purchase,3
465,139,cart,2
465,39,purchase,3
465,18,cart,2
465,464,purchase,3
465,428,purchase,3
465,202,view,1
465,454,view,1
465,481,view,1
465,488,view,1
466,194,view,1
466,425,view,1
466,166,view,1
466,221,view,1
466,491,cart,2
466,254,purchase,3
466,319,view,1
466,435,cart,2
466,345,view,1
466,409,cart,2
466,377,cart,2
466,210,view,1
466,363,purchase,3
466,347,view,1
466,101,view,1
467,94,view,1
467,465,purchase,3
467,148,cart,2
467,11,view,1
467,20,purchase,3
467,483,purchase,3
467,148,view,1
467,17,view,1
467,160,cart,2
467,265,view,1
467,220,view,1
467,484,purchase,3
467,266,cart,2
467,10,view,1
468,382,cart,2
468,195,purchase,3
468,287,cart,2
468,133,view,1
468,232,cart,2
468,346,purchase,3
468,46,view,1
468,389,purchase,3
468,500,view,1
468,6,view,1
468,377,purchase,3
468,457,view,1
468,411,cart,2
469,466,cart,2
469,480,view,1
469,43,purchase,3
469,266,purchase,3
469,66,view,1
469,69,purchase,3
469,426,view,1
469,32,cart,2
469,103,view,1
469,294,purchase,3
469,373,view,1
469,37,cart,2
469,364,purchase,3
469,268,cart,2
469,405,cart,2
469,345,cart,2
469,237,cart,2
470,435,purchase,3
470,416,view,1
470,292,cart,2
470,375,purchase,3
470,462,cart,2
470,235,purchase,3
470,195,purchase,3
470,81,view,1
470,353,purchase,3
470,17,purchase,3
470,430,view,1
470,345,view,1
470,254,purchase,3
471,74,view,1
471,233,view,1
471,424,cart,2
471,434,view,1
471,72,view,1
471,225,cart,2
471,101,purchase,3
471,210,cart,2
471,301,cart,2
471,43,view,1
472,246,purchase,3
472,205,view,1
472,423,view,1
472,386,view,1
472,244,view,1
472,62,view,1
472,475,purchase,3
472,426,cart,2
473,194,purchase,3
473,471,view,1
473,339,purchase,3
473,26,view,1
473,186,purchase,3
473,285,cart,2
473,45,cart,2
473,34,cart,2
473,110,view,1
473,51,purchase,3
474,396,purchase,3
474,276,view,1
474,164,purchase,3
474,330,view,1
474,323,purchase,3
474,446,cart,2
474,174,cart,2
474,360,cart,2
474,316,purchase,3
474,291,cart,2
475,406,view,1
475,125,cart,2
475,299,cart,2
475,295,purchase,3
475,232,view,1
475,307,view,1
475,119,view,1
475,149,cart,2
475,346,cart,2
475,162,cart,2
475,496,purchase,3
475,46,purchase,3
475,437,cart,2
475,364,purchase,3
475,275,cart,2
475,494,purchase,3
475,259,cart,2
475,467,view,1
475,275,view,1
476,307,cart,2
476,167,purchase,3
476,349,cart,2
476,172,cart,2
476,44,cart,2
476,130,view,1
476,190,view,1
476,307,purchase,3
476,490,purchase,3
476,222,purchase,3
476,15,view,1
476,216,view,1
476,315,cart,2
477,420,purchase,3
477,212,view,1
477,296,purchase,3
477,487,view,1
477,184,purchase,3
477,141,view,1
477,328,purchase,3
477,12,cart,2
477,358,purchase,3
477,56,cart,2
477,384,purchase,3
477,230,view,1
477,386,view,1
477,328,cart,2
477,231,cart,2
477,328,cart,2
477,205,cart,2
478,369,cart,2
478,277,purchase,3
478,68,view,1
478,108,view,1
478,83,cart,2
478,59,purchase,3
478,379,view,1
479,324,purchase,3
479,257,view,1
479,319,view,1
479,316,cart,2
479,317,cart,2
479,282,view,1
479,206,purchase,3
479,469,purchase,3
479,264,view,1
479,1,purchase,3
479,491,purchase,3
479,173,purchase,3
479,123,purchase,3
479,283,purchase,3
479,290,cart,2
479,16,view,1
479,498,purchase,3
479,81,cart,2
480,9,purchase,3
480,495,view,1
480,271,view,1
480,497,purchase,3
480,494,view,1
480,1,purchase,3
480,497,cart,2
480,211,cart,2
480,57,purchase,3
480,412,view,1
480,358,cart,2
480,407,cart,2
481,480,cart,2
481,145,cart,2
481,363,view,1
481,464,view,1
481,409,purchase,3
481,422,view,1
481,37,purchase,3
481,201,view,1
481,50,view,1
481,311,view,1
481,180,cart,2
481,365,view,1
482,85,cart,2
482,218,purchase,3
482,333,cart,2
482,452,cart,2
482,405,purchase,3
482,437,view,1
482,382,view,1
482,188,cart,2
482,457,cart,2
482,166,purchase,3
482,402,view,1
482,375,view,1
482,10,view,1
483,442,purchase,3
483,465,purchase,3
483,286,purchase,3
483,447,view,1
483,215,cart,2
483,243,purchase,3
483,59,cart,2
483,89,purchase,3
483,292,view,1
483,500,cart,2
483,298,purchase,3
483,81,cart,2
483,164,purchase,3
483,214,view,1
483,316,purchase,3
483,156,cart,2
484,459,view,1
484,355,purchase,3
484,217,purchase,3
484,233,view,1
484,21,view,1
484,458,cart,2
484,91,purchase,3
484,96,cart,2
484,40,view,1
484,179,view,1
484,370,cart,2
484,411,purchase,3
485,240,purchase,3
485,303,purchase,3
485,70,cart,2
485,407,view,1
485,133,view,1
485,498,purchase,3
485,449,cart,2
485,180,view,1
485,443,purchase,3
486,422,purchase,3
486,354,cart,2
486,149,cart,2
486,10,view,1
486,366,cart,2
486,321,purchase,3
487,201,purchase,3
487,363,view,1
487,182,purchase,3
487,180,purchase,3
487,1,cart,2
487,191,view,1
487,406,view,1
487,410,view,1
487,332,cart,2
487,172,cart,2
487,29,view,1
487,138,cart,2
487,202,cart,2
487,202,purchase,3
488,479,cart,2
488,144,purchase,3
488,79,purchase,3
488,351,cart,2
488,245,view,1
488,357,cart,2
488,83,purchase,3
488,95,cart,2
488,62,cart,2
488,207,view,1
488,440,view,1
488,49,purchase,3
488,167,view,1
488,392,cart,2
488,62,cart,2
488,249,purchase,3
488,423,view,1
489,382,purchase,3
489,311,purchase,3
489,169,view,1
489,249,cart,2
489,185,cart,2
489,227,cart,2
489,369,view,1
489,267,cart,2
489,277,cart,2
489,120,purchase,3
489,138,view,1
489,110,view,1
489,485,purchase,3
489,110,purchase,3
489,295,purchase,3
489,457,view,1
489,103,cart,2
489,9,cart,2
490,12,cart,2
490,39,view,1
490,347,purchase,3
490,467,purchase,3
490,195,view,1
490,147,cart,2
490,237,view,1
490,243,cart,2
490,107,purchase,3
490,481,cart,2
490,91,cart,2
490,21,cart,2
490,259,view,1
490,253,purchase,3
490,224,purchase,3
490,242,cart,2
490,412,purchase,3
490,422,purchase,3
490,363,cart,2
490,500,cart,2
491,409,view,1
491,316,view,1
491,478,purchase,3
491,374,view,1
491,453,cart,2
491,83,cart,2
492,417,view,1
492,41,view,1
492,272,cart,2
492,136,purchase,3
492,6,purchase,3
492,101,purchase,3
493,184,purchase,3
493,64,view,1
493,154,cart,2
493,225,cart,2
493,99,cart,2
493,281,cart,2
493,178,cart,2
493,80,cart,2
493,219,purchase,3
493,232,view,1
493,159,cart,2
493,302,purchase,3
493,5,view,1
493,195,cart,2
493,62,purchase,3
493,282,purchase,3
493,180,view,1
493,169,view,1
493,472,cart,2
493,308,view,1
494,172,cart,2
494,477,purchase,3
494,265,cart,2
494,399,cart,2
494,338,cart,2
495,327,cart,2
495,244,view,1
495,173,view,1
495,61,purchase,3
495,213,view,1
495,449,cart,2
495,1,cart,2
495,165,purchase,3
495,210,purchase,3
496,192,cart,2
496,76,purchase,3
496,129,view,1
496,296,purchase,3
496,9,purchase,3
496,35,purchase,3
496,417,cart,2
496,288,purchase,3
496,122,view,1
496,162,cart,2
496,150,cart,2
496,109,cart,2
496,420,view,1
496,276,purchase,3
496,30,purchase,3
496,93,view,1
496,382,cart,2
497,107,view,1
497,101,purchase,3
497,10,view,1
497,416,view,1
497,288,cart,2
497,217,cart,2
498,91,purchase,3
498,456,view,1
498,399,view,1
498,347,purchase,3
498,337,view,1
498,484,purchase,3
498,98,view,1
498,107,purchase,3
498,114,view,1
498,360,purchase,3
498,278,purchase,3
498,390,view,1
498,26,cart,2
498,38,view,1
498,76,view,1
499,172,purchase,3
499,359,purchase,3
499,322,purchase,3
499,453,purchase,3
499,245,cart,2
499,447,view,1
499,197,view,1
500,375,cart,2
500,350,cart,2
500,45,cart,2
500,387,cart,2
500,4,purchase,3
500,463,purchase,3
500,438,view,1
500,263,purchase,3
500,170,purchase,3
500,214,purchase,3
500,218,view,1
500,369,view,1
500,138,view,1
500,288,cart,2
500,334,purchase,3
500,307,cart,2
500,276,cart,2
500,1,view,1
500,4,cart,2
500,470,view,1
501,203,cart,2
501,144,view,1
501,256,purchase,3
501,496,view,1
501,308,view,1
501,372,view,1
501,174,view,1
501,274,purchase,3
501,63,view,1
501,389,purchase,3
501,431,cart,2
501,464,purchase,3
501,374,view,1
501,171,purchase,3
501,72,cart,2
501,493,view,1
502,398,purchase,3
502,146,purchase,3
502,17,cart,2
502,37,purchase,3
502,144,purchase,3
503,454,view,1
503,78,purchase,3
503,408,purchase,3
503,150,cart,2
503,365,view,1
503,361,cart,2
504,189,purchase,3
504,479,cart,2
504,126,view,1
504,127,view,1
504,12,view,1
505,113,cart,2
505,214,purchase,3
505,374,cart,2
505,312,view,1
505,206,purchase,3
505,148,purchase,3
505,309,purchase,3
505,448,purchase,3
505,93,view,1
505,6,view,1
505,419,purchase,3
505,269,purchase,3
505,476,cart,2
505,323,purchase,3
506,216,cart,2
506,84,view,1
506,39,view,1
506,477,purchase,3
506,111,purchase,3
506,126,cart,2
506,364,cart,2
506,393,purchase,3
506,417,purchase,3
506,458,purchase,3
506,93,cart,2
506,58,purchase,3
507,262,purchase,3
507,268,view,1
507,278,view,1
507,500,cart,2
507,473,view,1
507,211,view,1
507,4,view,1
507,265,view,1
507,324,cart,2
507,68,cart,2
508,366,cart,2
508,109,purchase,3
508,204,view,1
508,461,cart,2
508,19,view,1
508,288,cart,2
508,238,purchase,3
508,402,purchase,3
508,229,cart,2
508,97,view,1
508,191,cart,2
508,391,view,1
508,458,cart,2
508,40,purchase,3
508,382,view,1
508,45,purchase,3
508,354,purchase,3
508,151,view,1
508,333,purchase,3
508,205,cart,2
509,408,cart,2
509,124,cart,2
509,416,cart,2
509,241,view,1
509,456,cart,2
509,202,view,1
509,331,view,1
509,54,view,1
509,420,view,1
509,7,cart,2
509,123,cart,2
510,299,purchase,3
510,229,purchase,3
510,493,cart,2
510,260,view,1
510,80,purchase,3
510,197,view,1
510,469,view,1
510,500,cart,2
510,497,view,1
511,331,cart,2
511,314,cart,2
511,78,purchase,3
511,113,purchase,3
511,259,cart,2
511,336,view,1
512,479,cart,2
512,320,view,1
512,417,purchase,3
512,101,purchase,3
512,111,view,1
512,239,cart,2
512,65,cart,2
512,124,cart,2
512,28,view,1
513,280,purchase,3
513,451,purchase,3
513,293,purchase,3
513,95,cart,2
513,87,cart,2
513,340,cart,2
513,140,purchase,3
513,292,cart,2
513,423,purchase,3
514,307,purchase,3
514,360,cart,2
514,385,view,1
514,77,view,1
514,415,purchase,3
514,153,view,1
514,430,cart,2
514,187,cart,2
514,355,cart,2
514,91,view,1
514,284,cart,2
514,269,cart,2
515,385,cart,2
515,348,view,1
515,135,cart,2
515,375,cart,2
515,75,cart,2
515,279,purchase,3
515,161,cart,2
515,120,cart,2
515,377,view,1
515,92,view,1
515,402,view,1
516,317,purchase,3
516,57,cart,2
516,77,view,1
516,298,purchase,3
516,45,purchase,3
516,285,view,1
516,286,view,1
517,370,purchase,3
517,123,purchase,3
517,360,view,1
517,459,cart,2
517,94,purchase,3
517,89,cart,2
517,235,purchase,3
517,264,purchase,3
517,249,view,1
517,126,view,1
517,428,view,1
517,406,cart,2
517,26,view,1
517,476,cart,2
517,113,view,1
517,426,view,1
517,342,purchase,3
517,214,cart,2
517,343,purchase,3
517,108,cart,2
518,197,purchase,3
518,115,cart,2
518,257,cart,2
518,178,cart,2
518,286,view,1
518,73,cart,2
518,381,cart,2
518,230,cart,2
518,6,purchase,3
518,141,cart,2
518,236,cart,2
518,291,view,1
518,260,purchase,3
518,461,cart,2
518,247,purchase,3
518,336,purchase,3
518,141,view,1
518,225,purchase,3
518,371,view,1
518,344,view,1
519,4,purchase,3
519,119,purchase,3
519,271,purchase,3
519,240,purchase,3
519,348,purchase,3
519,379,view,1
520,382,view,1
520,186,view,1
520,210,view,1
520,419,purchase,3
520,277,purchase,3
520,313,purchase,3
520,367,cart,2
520,450,view,1
520,248,cart,2
520,239,purchase,3
520,149,purchase,3
520,361,cart,2
521,28,cart,2
521,64,purchase,3
521,263,cart,2
521,16,purchase,3
521,302,view,1
521,286,view,1
521,121,purchase,3
521,256,cart,2
521,116,purchase,3
521,331,view,1
521,123,cart,2
521,423,view,1
521,13,view,1
521,400,purchase,3
521,374,purchase,3
521,229,view,1
521,36,cart,2
522,113,cart,2
522,428,purchase,3
522,116,view,1
522,141,view,1
522,423,purchase,3
522,378,cart,2
522,54,view,1
523,406,cart,2
523,206,view,1
523,419,view,1
523,68,view,1
523,426,view,1
523,297,view,1
523,324,purchase,3
523,166,purchase,3
523,28,view,1
523,225,view,1
523,201,purchase,3
523,65,cart,2
523,427,purchase,3
523,48,purchase,3
523,405,view,1
523,199,cart,2
523,101,view,1
523,417,purchase,3
524,443,purchase,3
524,476,purchase,3
524,198,cart,2
524,417,view,1
524,254,purchase,3
524,499,view,1
524,349,cart,2
524,400,view,1
524,347,purchase,3
525,213,cart,2
525,420,view,1
525,439,purchase,3
525,429,cart,2
525,469,cart,2
525,283,cart,2
526,57,cart,2
526,343,view,1
526,126,cart,2
526,170,cart,2
526,337,cart,2
526,308,cart,2
526,360,purchase,3
526,425,purchase,3
526,83,purchase,3
526,492,cart,2
526,322,purchase,3
527,476,view,1
527,50,purchase,3
527,352,cart,2
527,395,view,1
527,314,purchase,3
527,55,purchase,3
527,216,view,1
527,92,cart,2
527,173,cart,2
528,122,purchase,3
528,300,purchase,3
528,163,purchase,3
528,52,purchase,3
528,237,cart,2
528,388,purchase,3
528,34,view,1
528,418,cart,2
528,279,cart,2
528,139,purchase,3
528,283,cart,2
528,159,cart,2
528,451,purchase,3
528,290,view,1
528,83,purchase,3
528,22,cart,2
528,483,purchase,3
528,430,view,1
528,398,cart,2
529,370,purchase,3
529,341,view,1
529,286,view,1
529,154,view,1
529,330,cart,2
529,163,cart,2
529,326,view,1
529,69,purchase,3
529,18,purchase,3
529,318,cart,2
529,491,purchase,3
530,449,purchase,3
530,324,purchase,3
530,173,purchase,3
530,280,cart,2
530,103,view,1
530,41,purchase,3
530,451,purchase,3
530,57,cart,2
530,298,purchase,3
530,354,cart,2
530,216,view,1
530,435,view,1
530,207,purchase,3
530,121,purchase,3
530,229,purchase,3
530,226,cart,2
530,87,view,1
530,345,view,1
531,235,purchase,3
531,161,purchase,3
531,268,purchase,3
531,233,purchase,3
531,484,purchase,3
531,339,purchase,3
531,495,purchase,3
531,491,cart,2
531,172,cart,2
531,104,view,1
531,404,purchase,3
531,149,cart,2
532,95,view,1
532,38,cart,2
532,293,view,1
532,177,view,1
532,444,view,1
532,360,view,1
532,212,view,1
532,164,purchase,3
532,233,purchase,3
532,304,purchase,3
532,295,cart,2
532,463,view,1
532,422,cart,2
532,278,cart,2
532,118,view,1
533,351,view,1
533,412,purchase,3
533,273,cart,2
533,459,cart,2
533,484,view,1
533,315,view,1
533,338,purchase,3
533,320,view,1
533,439,view,1
533,340,cart,2
533,193,cart,2
533,352,cart,2
533,418,cart,2
533,231,purchase,3
533,347,purchase,3
534,157,view,1
534,118,purchase,3
534,232,view,1
534,126,view,1
534,379,cart,2
534,360,cart,2
534,95,cart,2
534,69,view,1
534,44,cart,2
534,300,cart,2
534,287,cart,2
534,227,cart,2
534,253,cart,2
534,85,cart,2
534,130,purchase,3
534,393,view,1
534,447,view,1
534,344,purchase,3
534,305,purchase,3
534,407,purchase,3
535,186,view,1
535,417,purchase,3
535,27,purchase,3
535,360,view,1
535,185,view,1
535,53,cart,2
535,252,cart,2
535,190,purchase,3
535,484,purchase,3
535,496,view,1
535,279,view,1
535,137,purchase,3
535,19,view,1
535,147,purchase,3
535,404,cart,2
535,28,purchase,3
536,379,purchase,3
536,190,cart,2
536,17,purchase,3
536,385,purchase,3
536,92,view,1
536,84,cart,2
536,276,cart,2
536,387,view,1
536,149,purchase,3
536,171,view,1
536,334,purchase,3
536,294,purchase,3
536,365,view,1
537,257,view,1
537,321,cart,2
537,155,view,1
537,420,cart,2
537,162,cart,2
537,152,purchase,3
537,201,cart,2
537,329,cart,2
537,108,cart,2
537,376,purchase,3
537,148,purchase,3
537,1,view,1
537,62,view,1
537,189,cart,2
537,239,purchase,3
537,148,purchase,3
537,216,view,1
537,211,cart,2
538,298,cart,2
538,132,view,1
538,314,purchase,3
538,218,view,1
538,314,cart,2
538,132,purchase,3
538,316,cart,2
539,257,purchase,3
539,34,view,1
539,182,cart,2
539,153,purchase,3
539,52,purchase,3
539,330,cart,2
539,319,view,1
539,225,purchase,3
539,36,view,1
539,214,view,1
539,119,view,1
539,72,cart,2
540,29,view,1
540,76,view,1
540,499,view,1
540,16,cart,2
540,100,purchase,3
540,24,view,1
540,355,cart,2
540,235,view,1
540,135,purchase,3
540,474,view,1
540,132,purchase,3
540,453,view,1
540,13,view,1
540,417,purchase,3
540,228,view,1
540,60,view,1
540,415,cart,2
540,303,view,1
540,381,cart,2
540,400,view,1
541,229,cart,2
541,413,view,1
541,20,cart,2
541,362,view,1
541,359,cart,2
541,203,view,1
541,354,purchase,3
542,163,cart,2
542,419,view,1
542,58,cart,2
542,426,cart,2
542,475,purchase,3
542,120,view,1
542,168,view,1
542,177,view,1
542,103,view,1
542,36,cart,2
542,200,purchase,3
543,274,cart,2
543,408,cart,2
543,197,purchase,3
543,413,purchase,3
543,213,view,1
543,4,view,1
543,312,cart,2
543,353,purchase,3
544,364,cart,2
544,486,cart,2
544,183,cart,2
544,167,cart,2
544,409,purchase,3
544,123,cart,2
544,83,purchase,3
544,52,view,1
544,74,purchase,3
544,50,cart,2
545,103,purchase,3
545,382,purchase,3
545,264,cart,2
545,389,view,1
545,337,cart,2
545,494,view,1
545,385,cart,2
546,238,purchase,3
546,96,purchase,3
546,267,cart,2
546,188,view,1
546,349,cart,2
546,434,cart,2
546,390,purchase,3
546,252,cart,2
546,59,cart,2
546,2,purchase,3
546,340,purchase,3
546,262,cart,2
546,235,view,1
546,108,purchase,3
547,369,purchase,3
547,93,purchase,3
547,140,cart,2
547,21,purchase,3
547,445,cart,2
547,30,purchase,3
547,225,view,1
547,142,cart,2
547,203,purchase,3
548,371,cart,2
548,62,cart,2
548,155,purchase,3
548,285,cart,2
548,492,view,1
548,378,view,1
548,258,cart,2
548,209,purchase,3
549,39,cart,2
549,463,purchase,3
549,86,cart,2
549,245,view,1
549,388,cart,2
549,363,cart,2
549,188,view,1
549,377,purchase,3
549,34,cart,2
549,226,purchase,3
549,280,view,1
549,390,cart,2
549,148,cart,2
549,146,cart,2
549,307,purchase,3
549,240,cart,2
549,241,cart,2
549,42,cart,2
549,141,purchase,3
549,117,purchase,3
550,404,view,1
550,457,purchase,3
550,88,view,1
550,65,purchase,3
550,486,purchase,3
550,24,purchase,3
551,143,cart,2
551,236,cart,2
551,199,cart,2
551,264,view,1
551,376,cart,2
551,228,view,1
551,139,cart,2
551,262,view,1
552,403,purchase,3
552,120,view,1
552,188,cart,2
552,233,cart,2
552,8,cart,2
553,230,purchase,3
553,418,view,1
553,42,cart,2
553,137,view,1
553,365,view,1
553,147,cart,2
554,432,purchase,3
554,250,purchase,3
554,330,view,1
554,114,purchase,3
554,464,view,1
554,479,cart,2
554,183,cart,2
554,58,purchase,3
554,62,cart,2
554,255,purchase,3
554,57,cart,2
554,35,purchase,3
554,384,purchase,3
554,476,purchase,3
554,132,view,1
554,353,view,1
555,68,cart,2
555,498,view,1
555,27,view,1
555,261,cart,2
555,360,view,1
555,159,view,1
555,436,cart,2
555,101,purchase,3
556,343,cart,2
556,269,view,1
556,187,cart,2
556,259,cart,2
556,399,view,1
556,425,purchase,3
557,308,view,1
557,99,cart,2
557,8,purchase,3
557,435,view,1
557,318,purchase,3
557,412,cart,2
557,68,view,1
558,108,purchase,3
558,329,purchase,3
558,265,purchase,3
558,178,cart,2
558,425,purchase,3
558,44,cart,2
558,415,cart,2
558,210,cart,2
558,87,view,1
558,488,view,1
558,234,cart,2
558,248,purchase,3
558,288,cart,2
558,260,cart,2
558,386,cart,2
558,479,purchase,3
558,262,cart,2
558,56,purchase,3
558,281,purchase,3
559,40,cart,2
559,334,purchase,3
559,467,cart,2
559,466,cart,2
559,312,cart,2
560,200,purchase,3
560,486,cart,2
560,103,view,1
560,444,purchase,3
560,55,view,1
560,467,purchase,3
560,487,cart,2
560,40,view,1
560,198,purchase,3
560,187,purchase,3
560,111,view,1
561,107,view,1
561,181,view,1
561,229,cart,2
561,154,purchase,3
561,430,cart,2
561,31,cart,2
561,151,purchase,3
561,367,view,1
561,84,cart,2
561,435,view,1
561,255,cart,2
562,56,cart,2
562,303,purchase,3
562,251,purchase,3
562,19,view,1
562,205,cart,2
562,190,cart,2
562,268,view,1
562,255,purchase,3
563,166,purchase,3
563,414,view,1
563,351,view,1
563,454,view,1
563,79,cart,2
563,337,view,1
563,486,purchase,3
563,353,purchase,3
563,471,cart,2
563,183,view,1
563,54,purchase,3
563,171,purchase,3
563,446,cart,2
564,126,view,1
564,151,cart,2
564,365,cart,2
564,193,purchase,3
564,115,cart,2
564,330,view,1
564,406,purchase,3
564,209,view,1
564,126,cart,2
564,247,view,1
564,183,purchase,3
564,166,purchase,3
564,393,purchase,3
564,408,purchase,3
564,467,cart,2
564,411,cart,2
564,303,cart,2
564,273,cart,2
565,23,view,1
565,219,view,1
565,177,cart,2
565,436,purchase,3
565,290,purchase,3
565,462,view,1
565,11,purchase,3
565,221,view,1
565,143,purchase,3
565,289,cart,2
565,468,cart,2
565,206,purchase,3
565,151,purchase,3
565,295,view,1
565,367,purchase,3
565,390,purchase,3
565,322,cart,2
565,234,view,1
565,278,cart,2
565,78,cart,2
566,117,cart,2
566,317,cart,2
566,162,cart,2
566,452,view,1
566,341,cart,2
567,358,cart,2
567,478,purchase,3
567,260,view,1
567,126,view,1
567,381,cart,2
567,206,cart,2
567,109,cart,2
567,166,purchase,3
567,339,cart,2
567,355,purchase,3
567,306,cart,2
567,461,view,1
567,329,cart,2
567,156,cart,2
567,36,view,1
567,360,purchase,3
567,163,view,1
567,387,purchase,3
567,476,view,1
568,94,cart,2
568,355,cart,2
568,227,cart,2
568,206,view,1
568,71,view,1
568,225,purchase,3
568,44,purchase,3
568,336,view,1
569,317,view,1
569,167,view,1
569,459,purchase,3
569,231,cart,2
569,110,cart,2
569,198,purchase,3
569,87,view,1
569,387,cart,2
569,435,purchase,3
569,391,cart,2
569,452,cart,2
570,45,purchase,3
570,422,cart,2
570,213,cart,2
570,459,cart,2
570,1,purchase,3
570,213,cart,2
570,150,view,1
570,495,cart,2
570,383,cart,2
570,279,cart,2
570,122,purchase,3
570,163,cart,2
570,407,purchase,3
571,1,view,1
571,40,cart,2
571,500,purchase,3
571,137,cart,2
571,15,purchase,3
572,16,view,1
572,230,cart,2
572,26,view,1
572,180,view,1
572,343,view,1
572,53,view,1
572,277,purchase,3
572,408,purchase,3
572,356,purchase,3
572,255,purchase,3
572,384,purchase,3
572,32,cart,2
572,115,cart,2
572,212,cart,2
572,171,purchase,3
572,443,purchase,3
572,220,view,1
572,218,purchase,3
573,445,cart,2
573,424,cart,2
573,143,view,1
573,370,purchase,3
573,466,cart,2
573,172,view,1
573,2,purchase,3
573,80,view,1
573,178,cart,2
573,20,purchase,3
573,128,purchase,3
573,159,view,1
573,140,view,1
573,488,view,1
573,349,view,1
574,240,purchase,3
574,426,view,1
574,346,view,1
574,409,view,1
574,141,view,1
574,414,purchase,3
574,209,view,1
574,277,cart,2
574,219,view,1
574,56,purchase,3
574,231,cart,2
574,345,cart,2
574,285,view,1
574,319,view,1
574,459,view,1
574,442,view,1
574,278,purchase,3
574,178,purchase,3
574,128,purchase,3
574,401,purchase,3
575,123,purchase,3
575,343,purchase,3
575,131,purchase,3
575,91,purchase,3
575,26,purchase,3
575,83,view,1
575,360,purchase,3
575,422,view,1
575,419,purchase,3
575,268,purchase,3
575,54,purchase,3
575,473,cart,2
576,289,cart,2
576,425,view,1
576,71,cart,2
576,259,cart,2
576,310,view,1
577,82,purchase,3
577,157,purchase,3
577,298,purchase,3
577,127,cart,2
577,304,cart,2
578,23,purchase,3
578,297,purchase,3
578,270,purchase,3
578,173,purchase,3
578,226,cart,2
579,392,view,1
579,246,view,1
579,74,purchase,3
579,216,view,1
579,75,view,1
579,219,view,1
579,149,view,1
579,61,view,1
579,270,cart,2
579,260,view,1
580,62,view,1
580,306,cart,2
580,146,purchase,3
580,24,purchase,3
580,270,view,1
580,63,purchase,3
581,16,cart,2
581,18,purchase,3
581,379,purchase,3
581,403,purchase,3
581,11,view,1
581,86,purchase,3
581,49,cart,2
581,338,view,1
581,461,cart,2
581,498,cart,2
581,331,cart,2
582,261,view,1
582,372,view,1
582,454,purchase,3
582,483,cart,2
582,240,purchase,3
582,336,purchase,3
583,394,purchase,3
583,400,view,1
583,315,cart,2
583,323,purchase,3
583,358,view,1
583,388,cart,2
583,347,view,1
583,253,cart,2
583,377,view,1
584,304,cart,2
584,448,purchase,3
584,44,cart,2
584,65,view,1
584,270,purchase,3
585,445,view,1
585,2,cart,2
585,241,cart,2
585,249,view,1
585,165,view,1
585,361,purchase,3
585,245,cart,2
585,330,purchase,3
585,353,purchase,3
585,190,cart,2
585,404,purchase,3
585,256,view,1
585,61,purchase,3
585,32,purchase,3
586,134,purchase,3
586,105,cart,2
586,228,view,1
586,48,purchase,3
586,177,view,1
586,474,purchase,3
586,334,cart,2
586,468,purchase,3
586,411,cart,2
586,365,purchase,3
586,138,view,1
586,213,cart,2
586,123,view,1
586,257,cart,2
586,2,purchase,3
586,187,purchase,3
586,322,cart,2
586,448,purchase,3
586,85,view,1
587,464,view,1
587,414,purchase,3
587,395,view,1
587,226,view,1
587,71,purchase,3
587,448,cart,2
587,181,view,1
587,394,view,1
587,373,cart,2
587,456,purchase,3
587,207,cart,2
587,10,cart,2
587,377,purchase,3
588,82,view,1
588,301,view,1
588,112,view,1
588,434,cart,2
588,390,cart,2
588,366,view,1
588,253,view,1
588,136,view,1
588,33,view,1
588,238,purchase,3
588,477,cart,2
588,340,purchase,3
588,500,cart,2
588,71,cart,2
588,264,purchase,3
588,156,cart,2
589,278,purchase,3
589,456,view,1
589,191,cart,2
589,260,cart,2
589,72,view,1
589,134,cart,2
589,467,purchase,3
589,334,purchase,3
590,149,purchase,3
590,75,purchase,3
590,467,cart,2
590,362,cart,2
590,374,view,1
590,483,purchase,3
590,134,cart,2
590,77,purchase,3
590,143,cart,2
591,410,cart,2
591,156,cart,2
591,195,purchase,3
591,315,cart,2
591,266,cart,2
591,344,view,1
591,169,view,1
591,400,cart,2
591,69,view,1
591,261,view,1
591,467,purchase,3
592,336,view,1
592,466,view,1
592,2,purchase,3
592,47,cart,2
592,339,cart,2
592,373,view,1
592,111,cart,2
592,417,cart,2
592,125,cart,2
592,395,cart,2
592,494,purchase,3
592,41,view,1
592,371,cart,2
592,28,purchase,3
592,4,cart,2
593,44,view,1
593,321,view,1
593,239,purchase,3
593,447,cart,2
593,196,view,1
593,336,cart,2
593,483,view,1
593,58,cart,2
593,119,view,1
593,265,purchase,3
593,452,cart,2
593,84,purchase,3
593,200,purchase,3
593,256,cart,2
593,408,purchase,3
593,407,purchase,3
593,414,purchase,3
593,151,purchase,3
593,267,cart,2
594,453,purchase,3
594,7,view,1
594,263,view,1
594,371,cart,2
594,49,view,1
594,416,purchase,3
594,397,cart,2
594,177,purchase,3
594,297,cart,2
594,381,purchase,3
594,34,view,1
594,249,cart,2
594,172,purchase,3
594,212,purchase,3
594,55,purchase,3
594,322,cart,2
594,135,cart,2
594,247,cart,2
594,58,view,1
594,291,view,1
595,477,view,1
595,26,purchase,3
595,322,purchase,3
595,155,purchase,3
595,188,purchase,3
595,220,view,1
595,274,purchase,3
595,430,purchase,3
595,257,purchase,3
595,402,view,1
595,496,purchase,3
595,244,purchase,3
595,35,cart,2
595,92,cart,2
595,259,cart,2
595,421,purchase,3
595,352,purchase,3
595,457,cart,2
595,408,cart,2
595,280,cart,2
596,328,purchase,3
596,320,view,1
596,294,purchase,3
596,499,view,1
596,155,purchase,3
596,209,purchase,3
597,376,purchase,3
597,355,purchase,3
597,211,view,1
597,18,view,1
597,414,cart,2
597,171,view,1
598,500,purchase,3
598,135,cart,2
598,465,purchase,3
598,451,purchase,3
598,470,view,1
598,34,cart,2
598,203,view,1
598,335,cart,2
598,270,view,1
598,6,purchase,3
598,270,purchase,3
598,335,purchase,3
598,74,purchase,3
598,259,cart,2
598,284,purchase,3
599,228,view,1
599,186,cart,2
599,102,cart,2
599,317,cart,2
599,379,view,1
599,488,cart,2
599,350,purchase,3
599,259,view,1
599,206,view,1
599,7,purchase,3
599,261,purchase,3
599,148,cart,2
599,226,view,1
599,154,view,1
599,338,purchase,3
599,227,cart,2
599,37,view,1
599,91,cart,2
600,433,purchase,3
600,109,view,1
600,93,cart,2
600,399,purchase,3
600,396,view,1
600,58,cart,2
600,55,cart,2
600,123,purchase,3
600,104,purchase,3
600,334,cart,2
600,54,cart,2
600,177,cart,2
600,102,purchase,3
600,299,purchase,3
600,140,cart,2
600,375,purchase,3
600,264,cart,2
600,221,purchase,3
600,1,cart,2
600,146,cart,2
601,33,view,1
601,219,cart,2
601,407,purchase,3
601,56,cart,2
601,91,purchase,3
601,296,purchase,3
601,51,cart,2
601,456,view,1
601,328,purchase,3
601,407,cart,2
601,261,view,1
601,361,view,1
601,269,cart,2
601,182,cart,2
601,392,cart,2
601,460,view,1
601,69,cart,2
601,267,view,1
601,87,purchase,3
602,51,cart,2
602,97,cart,2
602,35,purchase,3
602,312,view,1
602,435,view,1
602,23,cart,2
602,68,view,1
602,294,view,1
602,5,cart,2
602,241,purchase,3
602,278,cart,2
602,395,view,1
602,407,purchase,3
602,35,cart,2
603,67,purchase,3
603,231,cart,2
603,324,cart,2
603,494,purchase,3
603,48,purchase,3
604,353,view,1
604,176,view,1
604,400,purchase,3
604,281,view,1
604,196,cart,2
604,332,purchase,3
604,414,view,1
604,437,view,1
604,191,cart,2
604,382,view,1
604,346,view,1
604,482,purchase,3
604,358,purchase,3
604,146,cart,2
604,11,purchase,3
604,164,purchase,3
604,151,cart,2
604,121,view,1
605,242,view,1
605,295,view,1
605,256,cart,2
605,193,purchase,3
605,10,cart,2
605,243,purchase,3
605,324,view,1
605,44,view,1
605,303,view,1
605,123,purchase,3
605,220,cart,2
605,388,purchase,3
605,215,view,1
606,88,purchase,3
606,494,cart,2
606,497,cart,2
606,86,purchase,3
606,296,cart,2
606,1,cart,2
606,339,view,1
606,320,purchase,3
606,111,purchase,3
606,173,purchase,3
606,20,cart,2
606,448,cart,2
606,73,cart,2
606,409,cart,2
606,29,purchase,3
606,233,view,1
606,45,view,1
607,356,view,1
607,315,purchase,3
607,273,cart,2
607,387,purchase,3
607,316,view,1
607,439,purchase,3
607,360,purchase,3
607,320,purchase,3
607,128,view,1
607,41,cart,2
607,465,view,1
607,233,purchase,3
607,105,view,1
607,300,view,1
607,48,view,1
608,78,purchase,3
608,304,purchase,3
608,359,cart,2
608,102,cart,2
608,294,cart,2
608,125,view,1
608,123,cart,2
608,412,cart,2
608,175,view,1
608,240,purchase,3
608,173,purchase,3
608,323,view,1
608,131,cart,2
608,36,view,1
608,11,view,1
608,50,view,1
608,454,view,1
608,52,view,1
608,280,view,1
608,380,cart,2
609,496,cart,2
609,190,purchase,3
609,237,view,1
609,185,cart,2
609,72,view,1
609,491,view,1
609,356,cart,2
609,488,purchase,3
609,401,view,1
609,376,purchase,3
610,63,purchase,3
610,62,cart,2
610,29,cart,2
610,297,cart,2
610,294,view,1
610,159,view,1
610,162,cart,2
610,487,purchase,3
611,262,purchase,3
611,140,view,1
611,387,view,1
611,397,view,1
611,33,view,1
611,79,cart,2
611,28,cart,2
611,261,cart,2
611,194,view,1
611,137,cart,2
611,240,cart,2
611,484,purchase,3
611,418,cart,2
611,472,view,1
611,488,view,1
612,373,purchase,3
612,385,purchase,3
612,234,cart,2
612,266,view,1
612,323,purchase,3
612,39,view,1
612,195,purchase,3
612,360,cart,2
612,156,view,1
612,296,view,1
612,282,view,1
613,78,view,1
613,291,view,1
613,224,purchase,3
613,54,purchase,3
613,108,purchase,3
613,179,purchase,3
613,341,cart,2
613,262,cart,2
613,12,purchase,3
613,24,purchase,3
613,406,purchase,3
613,366,view,1
614,499,purchase,3
614,397,view,1
614,476,cart,2
614,467,view,1
614,415,view,1
614,439,view,1
614,180,view,1
614,241,view,1
615,45,view,1
615,259,cart,2
615,125,cart,2
615,197,view,1
615,302,cart,2
615,214,cart,2
615,45,purchase,3
615,421,view,1
615,99,cart,2
615,215,purchase,3
615,147,purchase,3
615,479,view,1
615,481,view,1
615,38,purchase,3
615,261,purchase,3
615,155,cart,2
615,320,cart,2
615,186,cart,2
616,80,purchase,3
616,369,purchase,3
616,422,view,1
616,55,view,1
616,25,purchase,3
616,48,purchase,3
616,422,purchase,3
616,238,view,1
616,33,purchase,3
616,10,cart,2
616,120,cart,2
616,77,cart,2
616,233,purchase,3
617,481,purchase,3
617,51,cart,2
617,170,view,1
617,49,purchase,3
617,296,view,1
617,339,view,1
618,238,cart,2
618,28,cart,2
618,70,purchase,3
618,492,view,1
618,80,view,1
618,479,purchase,3
618,405,view,1
618,332,view,1
618,343,cart,2
618,137,view,1
618,335,purchase,3
618,51,purchase,3
618,495,view,1
618,390,view,1
618,56,view,1
618,33,view,1
618,199,cart,2
618,330,purchase,3
618,133,purchase,3
619,100,view,1
619,475,cart,2
619,362,purchase,3
619,83,cart,2
619,488,cart,2
619,228,view,1
619,371,purchase,3
619,345,cart,2
620,484,view,1
620,199,purchase,3
620,208,cart,2
620,283,view,1
620,438,purchase,3
620,422,purchase,3
620,284,cart,2
620,84,purchase,3
620,258,purchase,3
620,338,view,1
620,496,view,1
620,482,purchase,3
621,149,purchase,3
621,366,purchase,3
621,24,cart,2
621,197,purchase,3
621,48,view,1
621,82,view,1
621,395,view,1
621,371,view,1
621,168,purchase,3
621,80,view,1
621,411,cart,2
621,274,cart,2
621,95,purchase,3
621,64,purchase,3
621,177,view,1
621,394,purchase,3
622,413,cart,2
622,262,cart,2
622,15,view,1
622,255,purchase,3
622,234,cart,2
622,337,view,1
622,204,cart,2
622,48,purchase,3
622,338,cart,2
622,372,view,1
622,344,cart,2
622,135,view,1
622,169,purchase,3
622,7,cart,2
622,273,purchase,3
622,458,view,1
622,55,cart,2
622,177,purchase,3
623,34,purchase,3
623,314,view,1
623,49,cart,2
623,366,purchase,3
623,330,view,1
623,391,cart,2
623,40,view,1
623,425,cart,2
623,404,purchase,3
623,153,cart,2
623,43,purchase,3
623,244,cart,2
623,479,purchase,3
623,400,view,1
623,169,purchase,3
623,299,view,1
623,37,cart,2
623,169,cart,2
623,232,cart,2
623,445,view,1
624,158,view,1
624,109,cart,2
624,378,purchase,3
624,70,purchase,3
624,383,view,1
624,471,cart,2
624,143,purchase,3
624,305,purchase,3
624,14,view,1
624,313,purchase,3
624,173,purchase,3
624,234,view,1
624,243,cart,2
624,356,view,1
624,420,cart,2
624,365,cart,2
624,214,view,1
625,456,cart,2
625,148,cart,2
625,173,cart,2
625,285,view,1
625,276,view,1
625,22,purchase,3
625,35,view,1
625,194,view,1
625,264,purchase,3
625,421,purchase,3
625,479,view,1
625,232,purchase,3
625,345,cart,2
625,404,purchase,3
626,81,purchase,3
626,263,purchase,3
626,324,purchase,3
626,17,view,1
626,336,view,1
626,263,purchase,3
626,256,view,1
626,477,cart,2
627,75,view,1
627,62,view,1
627,480,purchase,3
627,38,cart,2
627,448,purchase,3
627,401,view,1
627,345,purchase,3
627,49,purchase,3
627,284,cart,2
627,338,view,1
627,414,cart,2
628,479,cart,2
628,168,cart,2
628,189,purchase,3
628,206,purchase,3
628,80,cart,2
628,375,cart,2
628,181,cart,2
628,478,view,1
628,432,view,1
628,142,view,1
628,111,purchase,3
628,147,cart,2
629,17,cart,2
629,145,view,1
629,27,cart,2
629,171,cart,2
629,357,view,1
629,410,purchase,3
629,286,purchase,3
629,71,cart,2
629,227,view,1
629,442,purchase,3
629,167,view,1
629,180,cart,2
630,88,cart,2
630,128,cart,2
630,202,cart,2
630,418,purchase,3
630,161,cart,2
630,261,cart,2
630,267,view,1
630,490,view,1
631,157,cart,2
631,112,cart,2
631,18,view,1
631,322,cart,2
631,426,purchase,3
631,55,view,1
631,107,purchase,3
631,216,cart,2
631,381,purchase,3
631,267,view,1
631,382,purchase,3
631,435,view,1
631,148,purchase,3
631,423,purchase,3
632,11,view,1
632,129,cart,2
632,73,cart,2
632,132,view,1
632,412,view,1
632,36,cart,2
632,494,view,1
632,37,purchase,3
632,489,cart,2
632,401,purchase,3
632,68,view,1
632,61,purchase,3
632,106,cart,2
633,36,purchase,3
633,318,view,1
633,153,view,1
633,138,view,1
633,392,view,1
633,297,cart,2
633,298,cart,2
633,489,purchase,3
633,450,cart,2
633,387,purchase,3
633,362,view,1
633,448,purchase,3
633,40,cart,2
633,219,cart,2
633,135,purchase,3
633,293,view,1
633,267,cart,2
633,87,view,1
633,361,cart,2
633,258,cart,2
634,175,view,1
634,87,cart,2
634,161,cart,2
634,318,cart,2
634,235,view,1
634,466,purchase,3
634,456,cart,2
634,391,purchase,3
634,127,view,1
635,22,view,1
635,55,view,1
635,449,purchase,3
635,265,cart,2
635,128,purchase,3
635,174,view,1
635,330,purchase,3
635,263,cart,2
635,195,cart,2
635,202,purchase,3
635,274,cart,2
635,116,purchase,3
635,41,cart,2
635,463,purchase,3
635,277,cart,2
635,87,cart,2
635,99,cart,2
635,452,view,1
635,46,view,1
636,189,view,1
636,119,view,1
636,205,view,1
636,236,cart,2
636,349,cart,2
636,279,view,1
636,484,cart,2
636,87,cart,2
636,313,view,1
636,437,purchase,3
636,258,purchase,3
636,114,view,1
636,429,cart,2
636,475,view,1
636,33,cart,2
636,132,view,1
636,429,purchase,3
637,173,purchase,3
637,420,view,1
637,137,cart,2
637,470,cart,2
637,294,purchase,3
637,425,purchase,3
637,399,view,1
637,286,purchase,3
638,140,view,1
638,196,purchase,3
638,83,cart,2
638,267,purchase,3
638,78,view,1
638,427,view,1
638,215,purchase,3
638,372,purchase,3
638,400,cart,2
638,375,cart,2
638,150,view,1
638,191,view,1
638,194,view,1
638,68,view,1
638,461,view,1
638,61,purchase,3
638,191,view,1
638,264,view,1
638,305,view,1
638,326,cart,2
639,139,view,1
639,155,cart,2
639,495,purchase,3
639,429,purchase,3
639,84,view,1
639,288,view,1
639,175,cart,2
639,145,cart,2
639,382,purchase,3
639,74,purchase,3
639,250,purchase,3
639,11,purchase,3
639,308,cart,2
640,144,purchase,3
640,246,cart,2
640,32,view,1
640,255,purchase,3
640,380,view,1
640,326,cart,2
640,135,view,1
640,134,view,1
640,313,view,1
640,274,view,1
640,164,purchase,3
640,166,view,1
640,221,view,1
640,212,view,1
640,265,view,1
640,131,cart,2
640,220,cart,2
640,375,cart,2
640,431,purchase,3
640,230,view,1
641,406,view,1
641,202,purchase,3
641,295,purchase,3
641,223,purchase,3
641,54,purchase,3
641,95,view,1
641,429,view,1
641,8,purchase,3
641,256,purchase,3
641,386,cart,2
641,50,purchase,3
641,280,view,1
641,85,view,1
641,312,cart,2
641,327,view,1
641,436,view,1
641,55,cart,2
641,260,cart,2
641,212,view,1
642,86,purchase,3
642,339,cart,2
642,39,view,1
642,442,purchase,3
642,309,purchase,3
643,396,cart,2
643,295,view,1
643,67,purchase,3
643,489,view,1
643,141,view,1
643,181,cart,2
643,384,view,1
643,385,purchase,3
643,342,purchase,3
643,325,purchase,3
643,110,purchase,3
644,329,cart,2
644,16,view,1
644,82,cart,2
644,33,purchase,3
644,109,purchase,3
644,340,cart,2
645,468,purchase,3
645,471,view,1
645,225,view,1
645,4,cart,2
645,316,view,1
645,198,cart,2
645,208,purchase,3
645,195,cart,2
645,231,view,1
646,285,view,1
646,218,view,1
646,318,cart,2
646,57,purchase,3
646,170,purchase,3
646,448,view,1
646,272,purchase,3
646,308,cart,2
647,33,view,1
647,427,cart,2
647,249,view,1
647,127,view,1
647,196,cart,2
647,480,cart,2
647,396,purchase,3
647,434,view,1
648,280,cart,2
648,193,purchase,3
648,464,purchase,3
648,459,purchase,3
648,371,cart,2
648,339,cart,2
649,364,purchase,3
649,198,view,1
649,298,cart,2
649,49,purchase,3
649,9,cart,2
649,190,view,1
649,144,purchase,3
649,50,cart,2
649,431,purchase,3
649,329,view,1
649,244,purchase,3
649,378,view,1
649,27,cart,2
649,263,purchase,3
649,423,purchase,3
649,185,view,1
649,41,purchase,3
649,132,view,1
650,169,view,1
650,311,purchase,3
650,77,purchase,3
650,165,purchase,3
650,168,view,1
650,223,purchase,3
650,421,view,1
650,365,purchase,3
650,68,view,1
650,87,purchase,3
650,149,view,1
651,349,view,1
651,432,purchase,3
651,16,cart,2
651,137,cart,2
651,281,purchase,3
651,306,cart,2
651,104,cart,2
651,70,cart,2
651,32,cart,2
651,226,purchase,3
651,488,purchase,3
651,294,view,1
651,304,cart,2
651,324,purchase,3
652,284,purchase,3
652,37,view,1
652,278,view,1
652,303,cart,2
652,476,purchase,3
652,105,cart,2
653,103,cart,2
653,406,view,1
653,411,cart,2
653,1,cart,2
653,235,view,1
653,160,view,1
653,76,cart,2
653,9,cart,2
653,376,view,1
653,460,purchase,3
653,406,cart,2
653,415,purchase,3
653,167,purchase,3
653,98,purchase,3
653,50,purchase,3
653,415,cart,2
653,302,cart,2
653,375,view,1
653,405,view,1
654,100,cart,2
654,98,view,1
654,263,view,1
654,229,cart,2
654,264,view,1
654,83,cart,2
654,281,cart,2
654,362,purchase,3
654,128,cart,2
654,86,purchase,3
654,76,view,1
654,374,view,1
654,272,view,1
654,225,purchase,3
654,329,view,1
654,257,purchase,3
654,135,purchase,3
654,122,purchase,3
654,122,cart,2
655,158,cart,2
655,325,purchase,3
655,10,view,1
655,77,view,1
655,1,cart,2
655,205,purchase,3
655,269,view,1
655,188,purchase,3
656,329,view,1
656,146,cart,2
656,293,purchase,3
656,282,cart,2
656,44,cart,2
656,489,purchase,3
656,413,view,1
656,307,cart,2
656,406,view,1
656,56,view,1
657,466,purchase,3
657,245,view,1
657,371,cart,2
657,4,cart,2
657,107,cart,2
657,239,view,1
657,483,view,1
657,427,view,1
657,268,cart,2
657,172,purchase,3
657,123,purchase,3
657,409,cart,2
657,128,purchase,3
657,21,view,1
657,205,cart,2
658,381,cart,2
658,182,cart,2
658,492,cart,2
658,323,purchase,3
658,152,view,1
658,11,view,1
658,232,cart,2
658,104,view,1
658,388,cart,2
658,367,view,1
658,371,purchase,3
658,219,purchase,3
659,85,cart,2
659,183,cart,2
659,12,cart,2
659,139,view,1
659,9,view,1
659,88,cart,2
660,462,view,1
660,499,purchase,3
660,139,view,1
660,414,view,1
660,53,view,1
660,250,view,1
660,349,cart,2
661,461,cart,2
661,331,purchase,3
661,242,view,1
661,281,view,1
661,387,purchase,3
661,430,cart,2
661,230,view,1
661,177,purchase,3
661,393,cart,2
661,151,purchase,3
661,120,cart,2
661,341,purchase,3
661,203,cart,2
661,200,cart,2
661,68,purchase,3
661,183,purchase,3
661,231,view,1
661,23,purchase,3
661,489,cart,2
661,487,view,1
662,366,cart,2
662,304,view,1
662,46,purchase,3
662,376,cart,2
662,361,purchase,3
662,159,view,1
662,425,purchase,3
662,285,purchase,3
662,471,purchase,3
662,495,cart,2
662,73,cart,2
662,335,view,1
662,482,view,1
662,301,cart,2
662,77,view,1
662,110,purchase,3
662,379,purchase,3
662,485,view,1
663,22,view,1
663,485,cart,2
663,418,purchase,3
663,92,cart,2
663,195,view,1
663,180,view,1
663,286,cart,2
663,353,view,1
663,46,purchase,3
663,163,view,1
663,145,cart,2
663,157,cart,2
663,118,view,1
663,427,view,1
663,210,view,1
664,338,purchase,3
664,346,cart,2
664,381,purchase,3
664,413,view,1
664,180,cart,2
664,123,cart,2
664,20,view,1
664,254,view,1
664,61,purchase,3
664,497,cart,2
664,424,purchase,3
664,141,cart,2
664,225,purchase,3
664,449,purchase,3
664,361,purchase,3
665,345,view,1
665,185,purchase,3
665,214,cart,2
665,117,view,1
665,229,purchase,3
665,453,cart,2
665,290,cart,2
665,66,cart,2
665,109,view,1
665,73,purchase,3
666,174,cart,2
666,486,cart,2
666,139,purchase,3
666,22,purchase,3
666,15,purchase,3
666,246,cart,2
666,382,cart,2
666,481,purchase,3
667,255,view,1
667,198,view,1
667,406,purchase,3
667,67,cart,2
667,60,view,1
668,197,purchase,3
668,371,view,1
668,163,cart,2
668,61,purchase,3
668,491,cart,2
668,348,view,1
668,219,cart,2
668,296,cart,2
668,465,view,1
668,75,purchase,3
668,402,view,1
668,436,view,1
669,175,cart,2
669,110,purchase,3
669,131,cart,2
669,110,cart,2
669,282,purchase,3
669,367,view,1
669,440,view,1
669,472,cart,2
669,296,purchase,3
669,245,view,1
669,229,cart,2
669,210,cart,2
669,145,purchase,3
669,297,cart,2
669,359,view,1
669,246,cart,2
669,183,view,1
669,29,purchase,3
670,429,purchase,3
670,145,view,1
670,399,cart,2
670,245,cart,2
670,145,cart,2
670,150,purchase,3
670,349,purchase,3
670,167,view,1
670,422,view,1
670,136,view,1
670,311,purchase,3
670,366,purchase,3
670,477,cart,2
670,345,cart,2
670,334,purchase,3
670,391,purchase,3
670,197,cart,2
670,228,purchase,3
670,277,cart,2
671,454,view,1
671,340,view,1
671,161,purchase,3
671,277,cart,2
671,144,purchase,3
671,192,purchase,3
671,150,purchase,3
671,12,purchase,3
671,54,view,1
671,3,cart,2
671,455,view,1
671,498,purchase,3
671,490,cart,2
671,35,purchase,3
671,65,view,1
672,51,cart,2
672,230,cart,2
672,446,view,1
672,235,purchase,3
672,409,purchase,3
672,268,cart,2
672,5,cart,2
672,117,view,1
672,470,purchase,3
672,27,cart,2
672,2,purchase,3
672,304,purchase,3
672,62,view,1
672,20,cart,2
672,390,cart,2
672,401,view,1
672,379,cart,2
672,298,cart,2
673,238,view,1
673,32,purchase,3
673,98,purchase,3
673,79,view,1
673,418,purchase,3
673,478,purchase,3
673,249,cart,2
673,360,view,1
673,460,cart,2
674,274,cart,2
674,371,cart,2
674,445,purchase,3
674,193,cart,2
674,35,purchase,3
674,157,view,1
674,412,view,1
674,232,cart,2
674,151,purchase,3
674,142,view,1
674,169,purchase,3
674,47,view,1
674,68,purchase,3
674,181,purchase,3
675,125,view,1
675,339,view,1
675,137,cart,2
675,38,purchase,3
675,211,view,1
675,125,view,1
675,251,purchase,3
675,86,purchase,3
675,141,purchase,3
675,192,cart,2
675,212,view,1
675,330,view,1
675,293,view,1
676,131,view,1
676,199,cart,2
676,450,cart,2
676,70,purchase,3
676,176,purchase,3
676,363,view,1
676,109,view,1
676,88,view,1
676,221,purchase,3
676,228,view,1
676,214,purchase,3
676,19,cart,2
676,341,cart,2
676,257,view,1
676,463,cart,2
676,382,cart,2
676,20,view,1
676,399,cart,2
676,460,view,1
677,71,view,1
677,245,cart,2
677,378,cart,2
677,492,purchase,3
677,362,cart,2
677,206,purchase,3
677,255,view,1
677,210,view,1
677,483,view,1
677,283,view,1
677,369,view,1
677,266,purchase,3
677,96,purchase,3
677,309,view,1
677,9,purchase,3
677,226,cart,2
677,200,purchase,3
677,168,cart,2
678,116,view,1
678,67,cart,2
678,61,cart,2
678,462,view,1
678,244,view,1
678,300,purchase,3
678,391,view,1
679,163,view,1
679,430,purchase,3
679,261,view,1
679,87,view,1
679,109,purchase,3
680,126,cart,2
680,320,cart,2
680,242,purchase,3
680,450,view,1
680,298,cart,2
680,179,purchase,3
680,203,cart,2
680,486,cart,2
680,53,view,1
680,473,cart,2
680,424,cart,2
680,19,purchase,3
680,223,view,1
681,420,purchase,3
681,478,cart,2
681,410,purchase,3
681,201,cart,2
681,88,purchase,3
681,21,purchase,3
681,406,view,1
681,380,view,1
681,166,cart,2
681,3,cart,2
681,413,purchase,3
681,189,purchase,3
681,244,purchase,3
681,235,purchase,3
681,500,cart,2
682,14,view,1
682,321,purchase,3
682,314,cart,2
682,486,cart,2
682,279,cart,2
682,121,purchase,3
682,465,purchase,3
682,337,view,1
682,306,view,1
682,310,cart,2
682,285,purchase,3
682,363,view,1
682,316,cart,2
682,299,view,1
682,113,cart,2
682,375,purchase,3
682,302,cart,2
682,450,purchase,3
682,287,cart,2
683,109,purchase,3
683,453,view,1
683,500,cart,2
683,173,cart,2
683,75,view,1
684,148,purchase,3
684,14,cart,2
684,479,purchase,3
684,257,purchase,3
684,487,purchase,3
684,245,purchase,3
684,310,cart,2
684,255,view,1
684,498,view,1
684,235,view,1
684,80,purchase,3
684,99,purchase,3
684,390,purchase,3
685,125,view,1
685,79,view,1
685,394,view,1
685,74,view,1
685,417,cart,2
685,100,cart,2
685,6,purchase,3
685,325,purchase,3
685,199,view,1
685,336,purchase,3
685,58,purchase,3
685,48,purchase,3
685,294,view,1
685,263,cart,2
685,412,view,1
685,148,view,1
685,99,view,1
685,156,view,1
685,486,view,1
685,116,cart,2
686,51,view,1
686,366,cart,2
686,189,cart,2
686,421,cart,2
686,403,view,1
686,416,cart,2
686,500,purchase,3
686,209,purchase,3
686,10,view,1
686,492,cart,2
686,181,cart,2
686,34,cart,2
686,385,purchase,3
687,96,purchase,3
687,402,view,1
687,339,purchase,3
687,146,view,1
687,206,cart,2
687,225,view,1
687,190,purchase,3
687,36,purchase,3
687,197,view,1
687,332,cart,2
687,139,purchase,3
687,371,purchase,3
687,248,purchase,3
687,135,purchase,3
687,322,purchase,3
687,460,purchase,3
687,432,purchase,3
687,181,cart,2
687,431,cart,2
687,237,cart,2
688,173,view,1
688,30,purchase,3
688,455,cart,2
688,105,cart,2
688,447,view,1
688,344,cart,2
688,107,cart,2
689,167,cart,2
689,128,purchase,3
689,96,purchase,3
689,104,purchase,3
689,228,purchase,3
689,75,cart,2
689,468,cart,2
689,495,cart,2
689,51,cart,2
689,248,view,1
689,494,cart,2
689,240,cart,2
689,170,purchase,3
689,24,cart,2
689,344,cart,2
689,225,purchase,3
689,144,purchase,3
689,36,cart,2
690,491,purchase,3
690,254,cart,2
690,363,purchase,3
690,129,cart,2
690,434,purchase,3
690,111,view,1
690,49,purchase,3
690,82,purchase,3
690,44,cart,2
691,58,cart,2
691,417,cart,2
691,148,cart,2
691,339,cart,2
691,131,view,1
691,469,view,1
691,286,cart,2
691,421,purchase,3
691,268,cart,2
692,157,purchase,3
692,254,cart,2
692,100,purchase,3
692,3,view,1
692,98,purchase,3
692,474,purchase,3
692,141,cart,2
692,488,cart,2
692,330,view,1
692,442,view,1
693,62,purchase,3
693,9,view,1
693,313,purchase,3
693,480,purchase,3
693,23,purchase,3
693,287,purchase,3
693,168,purchase,3
693,417,view,1
693,317,cart,2
693,473,cart,2
693,243,view,1
693,438,view,1
693,242,view,1
693,302,cart,2
693,482,purchase,3
694,255,view,1
694,308,purchase,3
694,458,view,1
694,326,purchase,3
694,121,view,1
694,102,purchase,3
694,348,purchase,3
694,58,purchase,3
694,370,cart,2
694,111,view,1
694,384,view,1
694,388,purchase,3
694,172,cart,2
694,288,cart,2
694,468,purchase,3
694,261,view,1
695,173,purchase,3
695,301,view,1
695,423,cart,2
695,346,purchase,3
695,237,view,1
695,116,cart,2
695,62,cart,2
695,365,view,1
695,209,view,1
695,172,view,1
695,146,cart,2
696,343,cart,2
696,47,view,1
696,208,purchase,3
696,99,view,1
696,26,cart,2
696,68,purchase,3
696,441,cart,2
696,231,purchase,3
696,489,cart,2
696,115,cart,2
696,395,purchase,3
696,331,view,1
696,398,purchase,3
697,437,cart,2
697,169,purchase,3
697,197,purchase,3
697,217,purchase,3
697,433,view,1
697,287,view,1
697,252,cart,2
697,475,cart,2
697,181,purchase,3
697,148,purchase,3
697,263,purchase,3
697,218,view,1
697,415,view,1
697,293,view,1
697,96,view,1
697,382,cart,2
697,122,view,1
697,388,view,1
698,140,purchase,3
698,36,view,1
698,377,view,1
698,497,purchase,3
698,383,view,1
698,364,cart,2
698,155,cart,2
698,371,purchase,3
698,435,view,1
698,481,purchase,3
698,385,purchase,3
698,483,view,1
698,131,cart,2
699,162,view,1
699,234,purchase,3
699,186,purchase,3
699,285,view,1
699,95,view,1
699,238,cart,2
699,63,view,1
699,162,cart,2
699,481,cart,2
699,125,purchase,3
700,128,purchase,3
700,180,cart,2
700,397,cart,2
700,145,cart,2
700,180,purchase,3
700,44,cart,2
700,388,view,1
700,13,purchase,3
700,119,purchase,3
700,223,view,1
700,173,view,1
700,468,purchase,3
700,356,cart,2
700,256,purchase,3
700,149,view,1
700,458,purchase,3
700,398,view,1
700,219,cart,2
700,206,view,1
701,362,view,1
701,435,view,1
701,26,view,1
701,238,cart,2
701,373,view,1
701,240,cart,2
701,111,purchase,3
701,13,view,1
701,215,purchase,3
701,387,cart,2
701,437,view,1
701,317,purchase,3
701,379,cart,2
701,104,view,1
701,247,cart,2
702,243,purchase,3
702,57,purchase,3
702,128,purchase,3
702,454,view,1
702,3,view,1
702,234,cart,2
702,405,purchase,3
702,476,purchase,3
702,219,view,1
702,365,purchase,3
702,118,view,1
702,335,view,1
702,393,purchase,3
702,419,purchase,3
702,477,cart,2
702,103,purchase,3
702,215,cart,2
702,494,cart,2
703,19,purchase,3
703,471,cart,2
703,235,cart,2
703,12,cart,2
703,144,view,1
703,36,purchase,3
703,405,purchase,3
703,387,view,1
703,414,purchase,3
703,35,view,1
703,259,purchase,3
703,314,purchase,3
703,197,cart,2
703,459,cart,2
703,467,purchase,3
703,322,purchase,3
703,208,purchase,3
704,89,purchase,3
704,11,cart,2
704,271,view,1
704,138,cart,2
704,76,view,1
704,396,cart,2
704,279,purchase,3
704,87,cart,2
705,482,cart,2
705,74,cart,2
705,305,purchase,3
705,171,cart,2
705,143,cart,2
705,150,view,1
705,258,cart,2
705,96,view,1
705,183,view,1
705,256,cart,2
705,383,cart,2
705,186,cart,2
705,374,purchase,3
705,40,view,1
705,258,purchase,3
705,295,cart,2
705,324,cart,2
706,72,purchase,3
706,483,cart,2
706,247,view,1
706,129,purchase,3
706,391,cart,2
706,144,cart,2
706,323,view,1
707,64,purchase,3
707,288,cart,2
707,342,cart,2
707,346,purchase,3
707,72,view,1
707,326,purchase,3
707,38,purchase,3
707,270,view,1
707,399,cart,2
707,395,view,1
707,239,purchase,3
707,444,cart,2
707,160,cart,2
707,218,view,1
707,137,purchase,3
707,127,cart,2
707,224,cart,2
707,413,view,1
708,497,cart,2
708,264,view,1
708,147,cart,2
708,88,purchase,3
708,481,view,1
709,20,cart,2
709,395,view,1
709,128,cart,2
709,471,view,1
709,274,view,1
709,468,view,1
709,279,view,1
709,279,purchase,3
709,431,cart,2
709,94,purchase,3
709,243,cart,2
709,401,purchase,3
709,311,purchase,3
710,18,view,1
710,452,cart,2
710,168,cart,2
710,166,view,1
710,10,cart,2
710,263,view,1
710,167,cart,2
710,347,cart,2
710,190,view,1
710,62,cart,2
710,121,cart,2
710,309,view,1
710,45,cart,2
710,474,cart,2
710,78,cart,2
710,342,purchase,3
710,383,purchase,3
710,275,purchase,3
710,433,view,1
710,246,view,1
711,228,cart,2
711,78,view,1
711,246,purchase,3
711,42,purchase,3
711,256,cart,2
711,386,cart,2
712,373,purchase,3
712,30,view,1
712,302,purchase,3
712,46,view,1
712,358,view,1
712,441,purchase,3
712,8,purchase,3
712,456,cart,2
712,2,cart,2
713,275,cart,2
713,367,purchase,3
713,491,view,1
713,284,purchase,3
713,221,cart,2
713,367,cart,2
713,97,view,1
713,356,cart,2
713,408,view,1
713,19,view,1
713,336,view,1
713,249,purchase,3
713,143,purchase,3
713,102,view,1
714,293,purchase,3
714,461,cart,2
714,426,view,1
714,21,purchase,3
714,399,purchase,3
714,140,cart,2
714,120,view,1
714,300,view,1
714,369,view,1
715,161,purchase,3
715,483,purchase,3
715,417,cart,2
715,107,purchase,3
715,422,view,1
715,185,view,1
715,476,cart,2
715,150,view,1
715,438,purchase,3
715,366,cart,2
715,244,cart,2
715,195,view,1
715,93,view,1
716,451,purchase,3
716,74,view,1
716,414,view,1
716,295,view,1
716,162,view,1
716,384,view,1
716,328,purchase,3
716,108,purchase,3
716,392,view,1
717,212,cart,2
717,245,cart,2
717,143,purchase,3
717,287,view,1
717,422,cart,2
717,151,view,1
717,376,cart,2
717,424,cart,2
717,218,purchase,3
717,50,cart,2
717,268,purchase,3
717,475,view,1
717,147,purchase,3
717,255,cart,2
717,428,purchase,3
717,112,cart,2
718,327,cart,2
718,211,cart,2
718,438,cart,2
718,106,cart,2
718,286,view,1
718,76,cart,2
719,109,purchase,3
719,115,view,1
719,28,cart,2
719,194,cart,2
719,417,cart,2
719,60,cart,2
719,426,cart,2
719,214,purchase,3
719,471,purchase,3
719,48,view,1
719,453,cart,2
719,216,cart,2
719,34,view,1
719,246,cart,2
719,120,cart,2
719,218,purchase,3
719,293,view,1
719,417,purchase,3
720,278,purchase,3
720,388,view,1
720,443,cart,2
720,329,purchase,3
720,174,cart,2
720,33,cart,2
720,30,cart,2
720,212,view,1
720,495,cart,2
721,185,purchase,3
721,386,purchase,3
721,302,cart,2
721,306,view,1
721,476,view,1
721,384,cart,2
721,68,view,1
721,248,view,1
722,164,cart,2
722,354,view,1
722,30,cart,2
722,189,view,1
722,35,cart,2
722,471,view,1
722,290,cart,2
722,76,cart,2
722,158,cart,2
722,232,view,1
722,123,cart,2
722,366,purchase,3
722,49,cart,2
722,500,cart,2
722,228,view,1
722,270,purchase,3
722,210,view,1
722,259,cart,2
722,48,cart,2
722,496,view,1
723,175,purchase,3
723,28,view,1
723,196,view,1
723,116,cart,2
723,164,cart,2
723,331,view,1
723,374,view,1
723,22,purchase,3
723,239,view,1
724,462,purchase,3
724,99,view,1
724,349,cart,2
724,180,view,1
724,20,view,1
724,26,purchase,3
724,437,cart,2
724,52,purchase,3
724,371,cart,2
724,354,view,1
724,358,view,1
724,152,view,1
724,481,view,1
724,121,view,1
724,98,view,1
724,372,purchase,3
724,456,purchase,3
724,244,cart,2
724,304,cart,2
724,210,purchase,3
725,68,cart,2
725,277,view,1
725,456,purchase,3
725,332,purchase,3
725,61,cart,2
725,209,purchase,3
725,153,purchase,3
725,246,purchase,3
725,416,purchase,3
725,101,view,1
725,34,cart,2
725,310,view,1
725,141,cart,2
725,422,cart,2
725,268,cart,2
725,356,purchase,3
725,419,view,1
726,240,view,1
726,187,purchase,3
726,334,view,1
726,301,purchase,3
726,317,cart,2
726,67,purchase,3
726,123,purchase,3
726,243,purchase,3
726,35,view,1
726,385,purchase,3
727,470,cart,2
727,175,purchase,3
727,268,view,1
727,466,view,1
727,236,purchase,3
727,112,view,1
727,146,cart,2
727,51,view,1
727,206,purchase,3
728,414,purchase,3
728,209,purchase,3
728,42,view,1
728,197,purchase,3
728,491,cart,2
728,106,view,1
728,83,cart,2
728,227,purchase,3
729,9,view,1
729,114,purchase,3
729,19,cart,2
729,114,view,1
729,121,purchase,3
729,51,view,1
729,42,purchase,3
729,213,cart,2
729,131,view,1
729,150,cart,2
729,200,view,1
729,126,cart,2
729,313,purchase,3
729,180,cart,2
729,202,view,1
729,97,view,1
729,265,cart,2
729,366,purchase,3
729,374,view,1
729,84,view,1
730,338,purchase,3
730,126,purchase,3
730,335,view,1
730,148,view,1
730,86,cart,2
730,195,purchase,3
730,50,view,1
730,414,cart,2
730,405,view,1
730,263,view,1
730,216,view,1
730,475,view,1
730,25,cart,2
730,183,view,1
730,295,cart,2
730,91,view,1
730,497,cart,2
730,301,view,1
730,51,cart,2
731,174,view,1
731,152,purchase,3
731,73,purchase,3
731,379,cart,2
731,298,cart,2
731,23,purchase,3
731,248,purchase,3
731,461,cart,2
731,123,cart,2
731,60,cart,2
731,320,cart,2
731,362,view,1
732,201,cart,2
732,332,purchase,3
732,311,view,1
732,344,cart,2
732,133,purchase,3
732,441,purchase,3
732,41,cart,2
732,457,view,1
732,94,purchase,3
732,332,view,1
732,185,purchase,3
732,65,cart,2
732,96,view,1
732,71,purchase,3
733,173,cart,2
733,433,purchase,3
733,233,view,1
733,80,purchase,3
733,367,view,1
733,62,cart,2
734,466,purchase,3
734,254,view,1
734,355,purchase,3
734,144,purchase,3
734,479,view,1
734,149,cart,2
735,64,view,1
735,62,cart,2
735,50,view,1
735,350,view,1
735,221,cart,2
735,3,cart,2
735,17,cart,2
735,232,purchase,3
735,94,cart,2
735,371,purchase,3
735,263,view,1
735,228,view,1
735,81,cart,2
735,160,view,1
735,439,view,1
735,225,view,1
735,310,view,1
736,434,cart,2
736,366,purchase,3
736,109,cart,2
736,172,view,1
736,199,cart,2
736,474,purchase,3
736,269,cart,2
736,278,view,1
736,294,cart,2
736,468,purchase,3
736,8,purchase,3
736,254,cart,2
736,152,cart,2
736,2,view,1
737,416,cart,2
737,118,view,1
737,342,cart,2
737,296,purchase,3
737,397,view,1
737,493,purchase,3
737,441,purchase,3
737,33,cart,2
737,430,purchase,3
737,108,view,1
737,129,purchase,3
737,157,purchase,3
737,165,purchase,3
737,190,view,1
737,195,purchase,3
737,193,view,1
737,111,cart,2
737,44,purchase,3
737,121,cart,2
737,308,purchase,3
738,273,view,1
738,231,view,1
738,384,purchase,3
738,367,view,1
738,172,view,1
738,37,view,1
738,485,view,1
738,142,purchase,3
738,281,purchase,3
738,381,purchase,3
738,471,view,1
738,454,view,1
738,371,cart,2
738,386,purchase,3
738,259,view,1
738,268,purchase,3
738,187,view,1
738,6,purchase,3
738,433,cart,2
739,109,cart,2
739,447,purchase,3
739,268,cart,2
739,58,purchase,3
739,136,cart,2
739,403,view,1
740,298,purchase,3
740,183,cart,2
740,439,cart,2
740,262,view,1
740,117,view,1
740,212,cart,2
740,101,cart,2
740,391,cart,2
740,344,cart,2
740,123,view,1
740,136,view,1
740,235,purchase,3
740,42,purchase,3
740,428,view,1
740,238,view,1
741,327,purchase,3
741,64,view,1
741,304,purchase,3
741,42,purchase,3
741,105,view,1
741,23,purchase,3
741,81,cart,2
741,191,view,1
742,483,view,1
742,317,cart,2
742,289,cart,2
742,91,cart,2
742,210,purchase,3
742,176,purchase,3
742,431,cart,2
742,175,purchase,3
742,301,view,1
742,438,cart,2
742,49,cart,2
742,162,purchase,3
742,33,view,1
742,257,purchase,3
743,284,view,1
743,187,purchase,3
743,188,cart,2
743,139,purchase,3
743,198,cart,2
743,447,purchase,3
744,331,view,1
744,141,view,1
744,271,purchase,3
744,27,cart,2
744,312,purchase,3
744,91,purchase,3
744,39,cart,2
744,145,cart,2
744,56,cart,2
744,162,cart,2
744,137,purchase,3
744,420,cart,2
745,72,cart,2
745,18,cart,2
745,72,view,1
745,200,cart,2
745,20,view,1
746,452,purchase,3
746,176,cart,2
746,251,view,1
746,255,view,1
746,464,purchase,3
747,183,cart,2
747,149,cart,2
747,206,purchase,3
747,229,cart,2
747,343,view,1
747,38,view,1
747,461,purchase,3
747,219,purchase,3
747,222,purchase,3
747,135,view,1
747,86,purchase,3
747,112,purchase,3
747,375,purchase,3
747,199,cart,2
747,35,purchase,3
747,171,view,1
748,383,cart,2
748,80,cart,2
748,335,cart,2
748,385,cart,2
748,121,view,1
748,178,purchase,3
749,434,purchase,3
749,117,cart,2
749,172,purchase,3
749,392,cart,2
749,212,view,1
749,325,view,1
749,67,view,1
749,355,cart,2
749,184,purchase,3
749,246,cart,2
749,306,purchase,3
749,471,cart,2
749,135,cart,2
750,191,purchase,3
750,336,purchase,3
750,154,purchase,3
750,50,cart,2
750,53,view,1
750,344,view,1
751,423,view,1
751,195,cart,2
751,257,cart,2
751,468,purchase,3
751,98,view,1
751,402,view,1
751,392,purchase,3
751,44,purchase,3
752,69,purchase,3
752,402,view,1
752,204,view,1
752,246,purchase,3
752,202,purchase,3
752,403,view,1
752,270,view,1
752,323,view,1
752,422,cart,2
752,264,view,1
752,460,purchase,3
752,364,purchase,3
752,373,purchase,3
752,289,cart,2
752,134,cart,2
752,440,purchase,3
753,403,cart,2
753,48,cart,2
753,359,view,1
753,395,purchase,3
753,69,view,1
753,383,view,1
753,498,purchase,3
753,33,view,1
754,349,cart,2
754,250,cart,2
754,214,purchase,3
754,460,view,1
754,406,view,1
754,161,cart,2
754,495,cart,2
754,383,view,1
754,399,view,1
754,156,purchase,3
754,128,purchase,3
754,349,purchase,3
755,216,view,1
755,118,purchase,3
755,268,cart,2
755,33,purchase,3
755,432,view,1
755,244,purchase,3
756,88,purchase,3
756,75,purchase,3
756,204,purchase,3
756,182,view,1
756,229,cart,2
756,74,view,1
756,217,view,1
756,351,view,1
757,272,view,1
757,294,purchase,3
757,87,purchase,3
757,401,view,1
757,108,view,1
757,361,cart,2
757,302,purchase,3
757,399,view,1
757,376,purchase,3
757,216,purchase,3
757,451,view,1
757,56,view,1
757,379,view,1
757,383,purchase,3
757,16,view,1
757,406,view,1
757,369,view,1
757,482,cart,2
757,53,cart,2
758,290,cart,2
758,312,view,1
758,48,view,1
758,289,purchase,3
758,57,cart,2
758,259,cart,2
758,145,cart,2
758,312,purchase,3
758,34,purchase,3
759,418,purchase,3
759,151,purchase,3
759,124,cart,2
759,293,purchase,3
759,234,view,1
759,273,purchase,3
759,380,cart,2
759,356,cart,2
759,485,cart,2
759,402,cart,2
759,422,cart,2
759,470,cart,2
759,345,view,1
759,333,cart,2
759,130,view,1
759,153,cart,2
759,177,cart,2
759,162,purchase,3
759,238,purchase,3
759,427,purchase,3
760,277,view,1
760,167,cart,2
760,257,cart,2
760,131,cart,2
760,340,view,1
760,181,view,1
760,435,purchase,3
760,252,view,1
760,138,purchase,3
760,275,cart,2
760,150,view,1
760,154,cart,2
761,334,view,1
761,277,view,1
761,63,purchase,3
761,458,purchase,3
761,22,cart,2
761,295,cart,2
761,95,purchase,3
761,223,view,1
761,157,cart,2
761,359,cart,2
761,31,view,1
761,82,purchase,3
761,96,cart,2
761,40,purchase,3
761,73,purchase,3
761,441,purchase,3
761,113,cart,2
762,175,view,1
762,104,purchase,3
762,289,cart,2
762,307,cart,2
762,285,purchase,3
762,3,purchase,3
762,5,purchase,3
763,494,purchase,3
763,455,cart,2
763,223,view,1
763,227,view,1
763,373,cart,2
763,251,purchase,3
763,155,view,1
763,330,cart,2
763,363,cart,2
763,112,purchase,3
764,86,purchase,3
764,359,purchase,3
764,238,view,1
764,147,view,1
764,348,purchase,3
764,136,purchase,3
764,10,view,1
764,34,cart,2
764,137,cart,2
764,1,view,1
764,87,purchase,3
764,309,purchase,3
764,293,cart,2
764,74,purchase,3
764,255,cart,2
764,477,cart,2
764,12,view,1
764,42,purchase,3
765,220,purchase,3
765,125,view,1
765,279,purchase,3
765,373,cart,2
765,426,cart,2
765,50,cart,2
765,270,cart,2
765,251,cart,2
765,218,cart,2
765,290,cart,2
765,160,cart,2
765,316,purchase,3
765,481,view,1
765,313,cart,2
765,205,view,1
765,148,purchase,3
765,318,purchase,3
765,440,purchase,3
765,184,purchase,3
765,426,purchase,3
766,481,purchase,3
766,219,view,1
766,80,purchase,3
766,336,purchase,3
766,465,cart,2
766,446,view,1
766,35,purchase,3
766,238,purchase,3
766,493,cart,2
766,237,purchase,3
766,488,purchase,3
766,390,purchase,3
767,91,purchase,3
767,269,cart,2
767,264,cart,2
767,255,cart,2
767,275,purchase,3
767,454,purchase,3
767,104,purchase,3
767,340,purchase,3
767,298,view,1
767,178,purchase,3
768,334,view,1
768,28,view,1
768,486,purchase,3
768,152,purchase,3
768,265,cart,2
768,395,purchase,3
768,311,purchase,3
768,82,view,1
768,5,purchase,3
768,365,view,1
768,225,cart,2
768,333,purchase,3
768,323,cart,2
768,84,view,1
768,207,view,1
768,4,view,1
768,403,view,1
768,248,view,1
768,208,cart,2
769,358,purchase,3
769,418,cart,2
769,160,cart,2
769,407,view,1
769,65,purchase,3
770,270,cart,2
770,420,view,1
770,306,cart,2
770,198,purchase,3
770,449,cart,2
770,356,view,1
770,110,view,1
770,26,purchase,3
771,70,purchase,3
771,81,purchase,3
771,357,view,1
771,289,view,1
771,166,view,1
771,401,cart,2
772,470,view,1
772,120,cart,2
772,495,purchase,3
772,196,cart,2
772,246,purchase,3
772,56,view,1
772,214,purchase,3
772,222,purchase,3
772,114,view,1
772,89,cart,2
772,74,cart,2
772,186,cart,2
772,30,purchase,3
772,458,cart,2
772,145,purchase,3
772,316,purchase,3
773,70,purchase,3
773,160,view,1
773,342,purchase,3
773,148,purchase,3
773,326,view,1
773,286,purchase,3
773,316,cart,2
773,386,purchase,3
773,163,purchase,3
773,232,view,1
773,338,purchase,3
773,438,view,1
773,471,purchase,3
774,99,view,1
774,76,cart,2
774,148,purchase,3
774,250,view,1
774,165,view,1
774,114,cart,2
774,401,view,1
774,291,purchase,3
774,12,view,1
774,129,cart,2
774,268,cart,2
774,311,cart,2
774,161,view,1
774,466,cart,2
774,422,purchase,3
774,115,cart,2
774,123,cart,2
775,417,view,1
775,269,view,1
775,313,purchase,3
775,110,purchase,3
775,436,cart,2
775,128,purchase,3
775,468,purchase,3
776,36,view,1
776,81,purchase,3
776,500,view,1
776,303,cart,2
776,438,cart,2
776,265,cart,2
776,82,cart,2
776,299,cart,2
776,85,cart,2
776,93,cart,2
776,408,cart,2
776,238,cart,2
776,407,view,1
776,352,purchase,3
777,224,view,1
777,2,cart,2
777,228,view,1
777,277,purchase,3
777,52,purchase,3
777,432,cart,2
778,231,view,1
778,261,view,1
778,43,cart,2
778,33,purchase,3
778,81,view,1
778,262,purchase,3
778,86,purchase,3
778,219,purchase,3
778,220,view,1
778,381,cart,2
779,391,view,1
779,468,purchase,3
779,144,purchase,3
779,208,cart,2
779,432,view,1
780,327,purchase,3
780,63,purchase,3
780,392,view,1
780,376,view,1
780,398,view,1
780,274,cart,2
780,77,cart,2
780,166,purchase,3
780,405,view,1
780,315,view,1
781,338,cart,2
781,352,cart,2
781,216,view,1
781,394,purchase,3
781,60,cart,2
781,330,cart,2
781,436,cart,2
781,434,view,1
781,187,purchase,3
781,304,purchase,3
781,179,cart,2
781,265,cart,2
781,320,view,1
781,444,cart,2
781,222,view,1
781,354,view,1
781,423,view,1
781,140,view,1
781,448,cart,2
781,436,purchase,3
782,358,purchase,3
782,458,view,1
782,202,view,1
782,92,purchase,3
782,301,cart,2
782,49,purchase,3
782,43,purchase,3
783,94,view,1
783,331,cart,2
783,472,view,1
783,286,view,1
783,462,view,1
783,56,view,1
783,104,purchase,3
783,129,purchase,3
783,44,cart,2
783,200,cart,2
783,429,purchase,3
783,235,purchase,3
783,98,purchase,3
783,132,cart,2
783,360,cart,2
783,18,purchase,3
783,200,purchase,3
783,296,cart,2
784,310,cart,2
784,418,cart,2
784,365,cart,2
784,27,purchase,3
784,470,view,1
784,441,purchase,3
784,367,view,1
784,360,cart,2
784,63,view,1
784,201,view,1
785,496,cart,2
785,164,view,1
785,71,view,1
785,292,purchase,3
785,94,purchase,3
785,236,cart,2
785,160,view,1
785,236,view,1
785,91,cart,2
785,23,view,1
785,23,purchase,3
785,388,cart,2
785,394,purchase,3
785,400,purchase,3
785,435,purchase,3
786,240,purchase,3
786,353,purchase,3
786,191,purchase,3
786,109,cart,2
786,451,view,1
786,178,purchase,3
786,160,cart,2
786,272,purchase,3
786,133,view,1
786,275,view,1
786,483,view,1
786,55,view,1
786,135,cart,2
787,481,purchase,3
787,43,view,1
787,229,purchase,3
787,304,view,1
787,484,purchase,3
787,398,cart,2
787,450,cart,2
787,50,purchase,3
787,100,cart,2
788,401,purchase,3
788,194,purchase,3
788,272,cart,2
788,128,purchase,3
788,95,cart,2
788,160,cart,2
788,91,cart,2
788,358,view,1
788,187,purchase,3
788,39,purchase,3
788,405,cart,2
788,153,cart,2
788,138,cart,2
788,422,cart,2
788,276,view,1
789,16,cart,2
789,240,view,1
789,103,cart,2
789,285,purchase,3
789,221,cart,2
789,243,purchase,3
789,370,purchase,3
790,36,cart,2
790,7,purchase,3
790,182,purchase,3
790,404,purchase,3
790,213,purchase,3
790,128,view,1
790,457,cart,2
790,307,view,1
790,316,purchase,3
790,39,purchase,3
790,329,view,1
791,11,purchase,3
791,232,purchase,3
791,138,view,1
791,424,view,1
791,470,purchase,3
792,146,cart,2
792,144,purchase,3
792,6,cart,2
792,168,cart,2
792,455,view,1
792,125,view,1
792,396,view,1
792,35,cart,2
792,337,cart,2
792,469,view,1
792,97,cart,2
792,219,purchase,3
792,296,cart,2
792,67,cart,2
792,181,purchase,3
792,75,view,1
793,15,purchase,3
793,90,cart,2
793,110,cart,2
793,146,view,1
793,25,purchase,3
793,284,purchase,3
793,207,purchase,3
793,339,view,1
793,195,view,1
793,385,purchase,3
793,207,view,1
793,426,purchase,3
793,335,purchase,3
793,457,view,1
793,125,purchase,3
793,248,view,1
793,99,cart,2
793,231,view,1
793,220,cart,2
794,370,purchase,3
794,135,cart,2
794,191,view,1
794,16,view,1
794,363,cart,2
794,13,purchase,3
794,151,view,1
794,445,view,1
794,269,purchase,3
794,435,cart,2
794,490,cart,2
794,101,cart,2
794,43,purchase,3
794,349,purchase,3
795,488,cart,2
795,186,cart,2
795,24,cart,2
795,324,view,1
795,406,purchase,3
795,294,cart,2
795,11,purchase,3
795,133,purchase,3
795,181,purchase,3
795,384,view,1
795,171,view,1
795,226,cart,2
796,189,cart,2
796,390,cart,2
796,30,cart,2
796,136,purchase,3
796,463,view,1
796,228,purchase,3
796,433,cart,2
796,63,purchase,3
796,253,view,1
796,75,view,1
796,461,purchase,3
796,441,cart,2
796,65,cart,2
796,429,cart,2
796,17,purchase,3
797,330,purchase,3
797,269,cart,2
797,316,view,1
797,367,view,1
797,227,view,1
797,279,view,1
797,157,purchase,3
797,477,view,1
797,484,view,1
797,205,purchase,3
797,76,view,1
797,149,purchase,3
797,323,cart,2
797,233,purchase,3
797,59,cart,2
797,464,view,1
798,71,cart,2
798,327,cart,2
798,425,view,1
798,490,view,1
798,43,cart,2
798,95,purchase,3
798,133,view,1
798,397,cart,2
798,338,purchase,3
798,380,cart,2
798,484,purchase,3
798,296,view,1
798,273,purchase,3
798,84,cart,2
798,354,purchase,3
798,378,purchase,3
798,95,view,1
798,411,view,1
798,308,view,1
799,164,purchase,3
799,49,cart,2
799,137,purchase,3
799,164,purchase,3
799,458,cart,2
799,261,cart,2
799,44,view,1
799,241,view,1
799,72,cart,2
799,280,purchase,3
800,106,purchase,3
800,421,cart,2
800,340,purchase,3
800,11,view,1
800,435,purchase,3
800,304,view,1
800,306,view,1
800,488,cart,2
800,11,purchase,3
800,345,cart,2
800,24,purchase,3
800,391,purchase,3
800,20,view,1
800,164,cart,2
800,460,cart,2
800,491,cart,2
801,202,cart,2
801,414,view,1
801,187,purchase,3
801,13,cart,2
801,317,view,1
801,428,cart,2
801,239,view,1
801,85,purchase,3
801,14,cart,2
801,286,cart,2
801,242,cart,2
801,285,cart,2
801,485,cart,2
801,373,purchase,3
801,343,purchase,3
801,235,cart,2
801,164,view,1
801,176,view,1
802,243,view,1
802,404,purchase,3
802,220,cart,2
802,449,purchase,3
802,185,view,1
802,307,purchase,3
802,38,view,1
802,145,cart,2
802,286,cart,2
803,26,view,1
803,42,cart,2
803,436,cart,2
803,162,purchase,3
803,339,purchase,3
803,86,purchase,3
803,262,cart,2
803,49,cart,2
803,284,view,1
804,137,view,1
804,251,purchase,3
804,439,purchase,3
804,249,purchase,3
804,259,cart,2
804,382,view,1
804,404,view,1
804,310,view,1
804,51,purchase,3
804,389,purchase,3
804,10,purchase,3
804,143,view,1
804,325,view,1
804,347,cart,2
804,44,cart,2
804,468,cart,2
804,269,purchase,3
805,394,view,1
805,12,purchase,3
805,50,purchase,3
805,403,purchase,3
805,351,cart,2
805,184,cart,2
805,333,purchase,3
805,356,cart,2
805,30,view,1
805,464,cart,2
805,4,purchase,3
806,394,cart,2
806,76,view,1
806,176,cart,2
806,270,cart,2
806,76,cart,2
806,397,purchase,3
806,395,view,1
806,395,purchase,3
807,126,view,1
807,85,cart,2
807,341,purchase,3
807,410,purchase,3
807,12,purchase,3
807,199,purchase,3
807,397,view,1
807,479,cart,2
807,68,cart,2
807,262,purchase,3
807,145,cart,2
808,58,purchase,3
808,74,cart,2
808,38,purchase,3
808,28,cart,2
808,187,purchase,3
808,450,purchase,3
808,187,cart,2
808,383,view,1
808,347,purchase,3
808,118,view,1
808,499,view,1
808,187,purchase,3
808,284,purchase,3
808,162,cart,2
808,471,purchase,3
808,460,cart,2
808,261,view,1
809,242,cart,2
809,108,cart,2
809,176,cart,2
809,236,view,1
809,72,purchase,3
809,316,purchase,3
809,26,view,1
809,93,purchase,3
810,306,purchase,3
810,273,cart,2
810,160,cart,2
810,274,view,1
810,388,purchase,3
810,400,purchase,3
810,228,cart,2
810,350,purchase,3
810,190,cart,2
810,479,view,1
810,162,cart,2
810,94,view,1
810,212,purchase,3
810,202,view,1
811,441,purchase,3
811,114,purchase,3
811,393,purchase,3
811,16,purchase,3
811,242,view,1
811,33,cart,2
811,195,purchase,3
811,27,view,1
811,58,view,1
811,36,purchase,3
811,222,cart,2
811,101,view,1
811,176,purchase,3
811,11,view,1
811,112,purchase,3
811,395,purchase,3
811,365,view,1
811,490,view,1
811,468,purchase,3
811,444,purchase,3
812,113,cart,2
812,333,cart,2
812,301,cart,2
812,22,view,1
812,497,view,1
812,449,purchase,3
812,55,cart,2
812,379,cart,2
813,438,view,1
813,111,cart,2
813,254,cart,2
813,464,view,1
813,245,view,1
813,16,purchase,3
813,472,view,1
813,394,purchase,3
813,494,purchase,3
813,289,view,1
813,264,cart,2
813,400,view,1
813,151,view,1
813,18,purchase,3
813,461,view,1
814,47,view,1
814,142,view,1
814,431,view,1
814,35,view,1
814,325,view,1
814,229,purchase,3
814,18,purchase,3
814,40,view,1
814,310,cart,2
814,184,view,1
814,3,cart,2
814,90,purchase,3
814,387,view,1
815,490,view,1
815,474,cart,2
815,334,view,1
815,176,cart,2
815,429,cart,2
815,280,cart,2
815,409,purchase,3
815,232,purchase,3
815,145,view,1
815,396,purchase,3
815,386,cart,2
816,45,purchase,3
816,403,cart,2
816,61,view,1
816,13,purchase,3
816,172,view,1
816,299,purchase,3
816,343,view,1
816,478,purchase,3
816,397,cart,2
816,272,cart,2
816,28,purchase,3
816,62,purchase,3
816,55,view,1
817,142,view,1
817,355,view,1
817,87,cart,2
817,235,cart,2
817,293,view,1
817,304,purchase,3
817,495,view,1
817,489,view,1
817,441,cart,2
818,110,purchase,3
818,4,view,1
818,147,cart,2
818,21,view,1
818,310,cart,2
818,262,view,1
818,17,cart,2
818,489,cart,2
818,500,view,1
818,349,purchase,3
818,149,purchase,3
819,397,purchase,3
819,220,view,1
819,347,cart,2
819,212,cart,2
819,10,view,1
819,466,view,1
819,487,purchase,3
819,174,purchase,3
819,475,cart,2
819,209,purchase,3
819,488,purchase,3
820,10,cart,2
820,493,purchase,3
820,160,view,1
820,109,purchase,3
820,343,purchase,3
820,294,cart,2
820,343,cart,2
820,460,cart,2
820,424,purchase,3
821,111,view,1
821,187,purchase,3
821,416,view,1
821,244,view,1
821,143,view,1
821,139,purchase,3
821,77,cart,2
821,33,cart,2
821,466,view,1
821,92,purchase,3
821,405,view,1
821,138,cart,2
821,465,purchase,3
821,180,purchase,3
821,322,view,1
821,403,purchase,3
821,62,purchase,3
821,132,purchase,3
822,77,cart,2
822,134,view,1
822,295,cart,2
822,166,view,1
822,461,purchase,3
822,317,purchase,3
822,471,view,1
822,217,cart,2
822,116,view,1
822,270,purchase,3
822,45,view,1
822,136,cart,2
822,487,purchase,3
822,418,purchase,3
823,152,cart,2
823,261,purchase,3
823,5,view,1
823,32,view,1
823,210,view,1
823,49,view,1
823,243,cart,2
823,329,cart,2
823,12,cart,2
824,294,view,1
824,58,cart,2
824,189,cart,2
824,111,view,1
824,21,purchase,3
824,431,view,1
824,338,purchase,3
824,346,view,1
824,453,view,1
824,114,cart,2
824,100,purchase,3
825,287,purchase,3
825,109,view,1
825,412,view,1
825,412,view,1
825,132,purchase,3
825,116,view,1
825,34,cart,2
825,239,cart,2
825,274,purchase,3
825,27,view,1
825,121,view,1
825,412,cart,2
825,132,view,1
825,262,view,1
826,23,view,1
826,55,view,1
826,164,view,1
826,378,cart,2
826,241,purchase,3
826,480,view,1
826,71,cart,2
826,111,view,1
826,461,view,1
826,384,view,1
826,33,view,1
826,280,purchase,3
826,454,cart,2
826,253,purchase,3
826,190,purchase,3
826,23,cart,2
826,474,view,1
826,109,cart,2
826,295,view,1
827,390,view,1
827,312,purchase,3
827,430,purchase,3
827,119,purchase,3
827,7,view,1
827,136,view,1
827,142,cart,2
827,243,view,1
827,412,view,1
827,249,purchase,3
828,183,view,1
828,176,view,1
828,145,purchase,3
828,409,view,1
828,327,view,1
828,30,view,1
828,49,view,1
828,385,view,1
828,164,view,1
828,30,cart,2
828,144,cart,2
828,78,view,1
829,40,cart,2
829,442,cart,2
829,75,purchase,3
829,13,view,1
829,478,purchase,3
829,492,purchase,3
829,394,view,1
829,194,view,1
829,240,view,1
829,87,purchase,3
829,6,cart,2
829,70,cart,2
830,443,cart,2
830,44,purchase,3
830,248,cart,2
830,181,cart,2
830,347,purchase,3
830,218,purchase,3
830,17,view,1
830,225,cart,2
830,185,view,1
830,78,purchase,3
831,399,cart,2
831,261,view,1
831,170,purchase,3
831,152,view,1
831,364,cart,2
831,429,view,1
831,64,purchase,3
831,312,cart,2
831,303,cart,2
831,265,purchase,3
831,483,cart,2
831,290,purchase,3
831,494,cart,2
831,477,cart,2
831,409,cart,2
831,105,cart,2
831,17,cart,2
831,168,purchase,3
831,381,view,1
832,455,purchase,3
832,214,cart,2
832,427,view,1
832,49,purchase,3
832,174,cart,2
832,160,cart,2
832,121,view,1
832,425,cart,2
832,31,cart,2
832,39,view,1
832,149,cart,2
832,89,purchase,3
832,14,view,1
832,300,purchase,3
832,351,cart,2
832,466,cart,2
832,301,cart,2
832,368,cart,2
833,95,view,1
833,95,purchase,3
833,409,view,1
833,299,purchase,3
833,481,cart,2
833,6,cart,2
833,17,cart,2
833,428,view,1
833,454,view,1
833,7,cart,2
833,253,purchase,3
833,464,cart,2
833,407,purchase,3
833,430,purchase,3
833,246,cart,2
833,162,view,1
834,419,cart,2
834,83,view,1
834,164,purchase,3
834,43,purchase,3
834,290,cart,2
834,187,purchase,3
834,14,purchase,3
834,181,cart,2
834,483,view,1
834,199,view,1
835,85,cart,2
835,294,cart,2
835,3,cart,2
835,327,purchase,3
835,318,view,1
835,167,purchase,3
835,308,cart,2
835,56,purchase,3
836,317,purchase,3
836,309,view,1
836,106,cart,2
836,355,view,1
836,165,cart,2
836,43,view,1
836,354,view,1
836,398,cart,2
836,455,purchase,3
836,72,view,1
836,338,view,1
836,7,cart,2
836,390,cart,2
836,446,view,1
836,103,purchase,3
836,18,purchase,3
836,60,cart,2
836,210,purchase,3
836,429,purchase,3
836,77,view,1
837,241,cart,2
837,7,cart,2
837,248,view,1
837,132,purchase,3
837,190,view,1
838,450,cart,2
838,133,purchase,3
838,59,purchase,3
838,351,cart,2
838,311,view,1
838,231,view,1
838,361,purchase,3
838,262,cart,2
838,298,purchase,3
838,422,cart,2
838,215,view,1
838,264,purchase,3
838,479,view,1
838,309,cart,2
838,16,cart,2
838,495,view,1
838,363,view,1
838,174,purchase,3
838,386,cart,2
839,204,purchase,3
839,352,purchase,3
839,405,view,1
839,228,purchase,3
839,458,purchase,3
839,144,purchase,3
839,142,purchase,3
839,237,purchase,3
839,385,view,1
839,246,cart,2
839,315,purchase,3
840,90,view,1
840,469,cart,2
840,389,cart,2
840,204,view,1
840,15,view,1
840,383,cart,2
840,68,purchase,3
840,456,view,1
840,35,purchase,3
840,203,view,1
840,486,purchase,3
840,414,view,1
841,141,purchase,3
841,305,cart,2
841,227,cart,2
841,52,cart,2
841,479,purchase,3
841,480,purchase,3
841,197,purchase,3
841,112,purchase,3
841,283,cart,2
841,385,cart,2
841,150,view,1
841,183,purchase,3
841,411,cart,2
842,116,cart,2
842,473,view,1
842,7,view,1
842,253,cart,2
842,466,view,1
842,204,view,1
842,287,cart,2
842,458,view,1
842,89,cart,2
842,82,cart,2
842,189,purchase,3
842,287,purchase,3
842,45,purchase,3
842,371,cart,2
842,145,purchase,3
842,342,view,1
842,147,cart,2
842,208,view,1
842,341,view,1
843,143,purchase,3
843,409,cart,2
843,184,purchase,3
843,319,view,1
843,4,cart,2
843,83,cart,2
843,322,cart,2
843,15,view,1
843,306,purchase,3
843,431,purchase,3
843,200,cart,2
843,397,purchase,3
843,132,view,1
843,25,cart,2
843,216,view,1
843,62,purchase,3
843,57,cart,2
843,387,view,1
843,209,cart,2
843,85,view,1
844,323,cart,2
844,75,cart,2
844,348,cart,2
844,61,cart,2
844,442,cart,2
844,64,purchase,3
844,387,purchase,3
844,28,purchase,3
844,439,cart,2
844,455,purchase,3
844,202,view,1
845,168,view,1
845,282,cart,2
845,145,cart,2
845,263,cart,2
845,233,cart,2
845,228,view,1
845,432,view,1
845,379,purchase,3
845,141,view,1
845,319,cart,2
845,194,view,1
845,128,view,1
846,500,cart,2
846,138,cart,2
846,223,purchase,3
846,275,cart,2
846,237,cart,2
846,413,purchase,3
846,399,view,1
846,96,view,1
846,92,cart,2
846,404,cart,2
846,232,cart,2
846,222,cart,2
846,58,cart,2
846,369,cart,2
847,58,view,1
847,430,purchase,3
847,471,view,1
847,441,purchase,3
847,178,view,1
847,373,cart,2
847,439,purchase,3
847,485,cart,2
847,187,purchase,3
847,178,view,1
847,439,cart,2
847,38,view,1
848,416,purchase,3
848,35,view,1
848,486,purchase,3
848,162,view,1
848,470,view,1
848,95,cart,2
848,160,purchase,3
848,241,purchase,3
848,63,purchase,3
848,123,view,1
848,294,purchase,3
848,377,cart,2
848,44,view,1
848,435,cart,2
849,258,cart,2
849,145,cart,2
849,476,cart,2
849,60,view,1
849,192,purchase,3
849,474,cart,2
849,193,purchase,3
849,35,view,1
849,408,purchase,3
850,28,cart,2
850,138,cart,2
850,112,view,1
850,274,view,1
850,270,purchase,3
851,255,purchase,3
851,482,view,1
851,450,cart,2
851,165,cart,2
851,180,cart,2
851,251,cart,2
851,335,view,1
851,132,view,1
851,71,purchase,3
852,325,view,1
852,346,view,1
852,279,cart,2
852,316,purchase,3
852,466,view,1
852,447,cart,2
852,402,view,1
852,146,view,1
852,312,purchase,3
852,121,cart,2
852,151,cart,2
852,187,purchase,3
852,149,view,1
852,215,view,1
852,213,view,1
852,62,purchase,3
852,17,view,1
852,104,purchase,3
853,384,purchase,3
853,1,view,1
853,311,cart,2
853,147,purchase,3
853,252,cart,2
853,334,view,1
853,319,view,1
853,328,cart,2
853,373,purchase,3
853,461,view,1
853,28,cart,2
853,119,cart,2
853,71,view,1
853,290,purchase,3
853,421,purchase,3
853,433,cart,2
854,476,view,1
854,342,purchase,3
854,63,cart,2
854,357,cart,2
854,71,cart,2
854,324,cart,2
854,24,cart,2
854,427,purchase,3
854,125,cart,2
854,418,cart,2
854,405,view,1
854,394,purchase,3
854,2,purchase,3
855,315,purchase,3
855,410,purchase,3
855,382,view,1
855,47,cart,2
855,308,purchase,3
855,252,purchase,3
855,14,purchase,3
855,206,view,1
855,258,purchase,3
855,114,cart,2
855,398,cart,2
855,465,view,1
855,362,purchase,3
855,310,view,1
856,320,view,1
856,397,purchase,3
856,57,purchase,3
856,327,view,1
856,96,cart,2
856,479,cart,2
856,44,view,1
856,243,cart,2
856,294,purchase,3
856,7,purchase,3
856,234,purchase,3
856,80,purchase,3
856,340,view,1
856,200,cart,2
856,257,cart,2
856,296,cart,2
857,360,cart,2
857,347,purchase,3
857,478,cart,2
857,322,cart,2
857,270,purchase,3
857,168,cart,2
857,109,cart,2
857,65,view,1
857,29,view,1
858,192,purchase,3
858,437,cart,2
858,62,view,1
858,251,purchase,3
858,403,purchase,3
858,482,purchase,3
858,287,view,1
859,272,view,1
859,24,cart,2
859,395,view,1
859,312,purchase,3
859,383,view,1
859,423,purchase,3
859,101,purchase,3
859,321,cart,2
859,383,purchase,3
859,376,purchase,3
859,380,purchase,3
859,222,purchase,3
859,469,purchase,3
859,293,view,1
859,4,purchase,3
859,283,cart,2
859,328,cart,2
859,172,purchase,3
860,378,cart,2
860,189,purchase,3
860,284,view,1
860,358,view,1
860,403,cart,2
860,324,view,1
860,395,view,1
860,500,purchase,3
860,41,cart,2
861,492,view,1
861,178,cart,2
861,8,view,1
861,102,cart,2
861,307,view,1
861,205,view,1
861,463,cart,2
861,108,view,1
861,255,cart,2
861,25,view,1
861,33,purchase,3
861,155,purchase,3
861,104,purchase,3
861,476,purchase,3
861,486,cart,2
861,111,view,1
861,295,purchase,3
861,36,view,1
862,220,purchase,3
862,117,view,1
862,14,view,1
862,372,view,1
862,26,purchase,3
862,384,cart,2
862,6,purchase,3
862,106,view,1
862,123,cart,2
862,52,view,1
862,83,purchase,3
862,197,view,1
863,33,purchase,3
863,241,view,1
863,212,view,1
863,10,cart,2
863,429,view,1
863,406,view,1
863,378,purchase,3
863,112,cart,2
863,493,purchase,3
863,177,cart,2
864,27,view,1
864,363,purchase,3
864,26,purchase,3
864,40,purchase,3
864,301,purchase,3
864,305,cart,2
864,479,purchase,3
864,150,view,1
864,199,view,1
865,78,view,1
865,435,view,1
865,66,cart,2
865,467,cart,2
865,54,cart,2
865,146,purchase,3
865,5,cart,2
865,211,view,1
865,411,view,1
865,45,purchase,3
865,271,view,1
865,120,view,1
865,341,view,1
865,139,view,1
865,467,view,1
865,115,view,1
866,61,cart,2
866,302,purchase,3
866,8,cart,2
866,271,purchase,3
866,332,purchase,3
866,494,cart,2
866,46,purchase,3
866,483,purchase,3
866,192,cart,2
866,231,view,1
866,428,cart,2
866,141,cart,2
867,478,cart,2
867,302,view,1
867,448,purchase,3
867,446,view,1
867,291,purchase,3
867,294,purchase,3
867,181,cart,2
867,408,purchase,3
868,356,view,1
868,28,purchase,3
868,39,purchase,3
868,266,purchase,3
868,350,purchase,3
868,444,view,1
868,251,view,1
869,29,cart,2
869,299,cart,2
869,132,view,1
869,446,cart,2
869,14,purchase,3
869,336,purchase,3
869,6,purchase,3
869,244,purchase,3
869,475,view,1
870,166,view,1
870,392,cart,2
870,282,view,1
870,156,purchase,3
870,171,view,1
870,219,view,1
870,462,purchase,3
871,80,purchase,3
871,61,view,1
871,357,cart,2
871,427,cart,2
871,76,purchase,3
871,397,purchase,3
871,230,view,1
871,398,purchase,3
871,70,view,1
871,46,cart,2
871,43,view,1
871,80,view,1
871,249,cart,2
871,455,purchase,3
871,361,view,1
871,305,view,1
871,230,view,1
871,371,purchase,3
871,1,purchase,3
872,84,purchase,3
872,372,purchase,3
872,247,cart,2
872,193,view,1
872,443,cart,2
872,487,purchase,3
872,254,view,1
872,464,purchase,3
872,269,purchase,3
872,240,cart,2
872,350,view,1
873,168,view,1
873,414,cart,2
873,422,cart,2
873,500,view,1
873,325,cart,2
873,75,view,1
873,143,view,1
873,158,cart,2
873,492,view,1
873,223,view,1
873,237,purchase,3
873,304,purchase,3
874,142,cart,2
874,420,purchase,3
874,45,cart,2
874,88,purchase,3
874,101,cart,2
874,262,purchase,3
874,171,view,1
874,410,cart,2
874,270,view,1
874,149,purchase,3
874,34,view,1
874,450,view,1
874,308,cart,2
874,87,purchase,3
874,212,view,1
874,255,purchase,3
874,21,purchase,3
874,309,view,1
875,135,view,1
875,156,cart,2
875,204,purchase,3
875,108,purchase,3
875,430,cart,2
875,444,purchase,3
875,440,cart,2
875,416,purchase,3
875,239,purchase,3
875,162,view,1
875,166,view,1
875,378,cart,2
875,189,purchase,3
875,468,cart,2
876,405,view,1
876,149,cart,2
876,31,view,1
876,403,view,1
876,441,cart,2
876,392,view,1
876,114,view,1
876,119,purchase,3
876,15,purchase,3
876,370,view,1
876,285,view,1
876,322,cart,2
876,486,view,1
876,434,purchase,3
877,62,view,1
877,419,cart,2
877,109,purchase,3
877,258,view,1
877,157,view,1
877,344,view,1
877,154,cart,2
877,107,view,1
877,441,purchase,3
877,128,view,1
877,25,purchase,3
877,259,cart,2
877,30,view,1
877,409,view,1
878,127,cart,2
878,142,view,1
878,268,view,1
878,95,purchase,3
878,450,purchase,3
878,130,purchase,3
878,459,cart,2
878,35,view,1
878,120,cart,2
878,106,view,1
878,193,view,1
878,147,view,1
878,219,cart,2
879,389,purchase,3
879,481,purchase,3
879,91,view,1
879,386,cart,2
879,326,purchase,3
879,138,cart,2
880,274,purchase,3
880,213,purchase,3
880,63,cart,2
880,45,cart,2
880,54,cart,2
880,491,view,1
880,308,view,1
880,139,view,1
880,218,view,1
880,172,purchase,3
881,77,cart,2
881,466,purchase,3
881,282,view,1
881,216,purchase,3
881,11,view,1
881,57,view,1
881,445,purchase,3
881,34,cart,2
881,435,cart,2
881,110,view,1
881,76,purchase,3
881,394,cart,2
881,269,purchase,3
881,193,cart,2
881,251,purchase,3
881,334,purchase,3
881,390,purchase,3
881,405,cart,2
881,64,view,1
882,81,cart,2
882,9,cart,2
882,289,view,1
882,23,purchase,3
882,153,purchase,3
882,376,view,1
882,391,view,1
883,162,view,1
883,183,cart,2
883,213,purchase,3
883,397,cart,2
883,193,cart,2
883,382,cart,2
883,157,purchase,3
883,130,view,1
884,110,cart,2
884,332,purchase,3
884,422,cart,2
884,56,purchase,3
884,439,view,1
884,474,purchase,3
884,89,view,1
885,104,purchase,3
885,353,cart,2
885,274,purchase,3
885,448,cart,2
885,433,cart,2
885,434,purchase,3
885,332,cart,2
885,36,purchase,3
886,500,purchase,3
886,127,cart,2
886,53,view,1
886,390,view,1
886,265,cart,2
886,262,purchase,3
886,4,cart,2
886,272,purchase,3
886,226,cart,2
886,389,purchase,3
886,396,view,1
886,35,view,1
886,371,purchase,3
886,299,cart,2
887,32,cart,2
887,391,view,1
887,4,cart,2
887,124,view,1
887,245,purchase,3
887,81,cart,2
887,148,cart,2
887,69,view,1
887,298,purchase,3
887,300,purchase,3
887,222,cart,2
888,327,cart,2
888,87,purchase,3
888,109,cart,2
888,327,view,1
888,122,purchase,3
888,228,cart,2
888,45,cart,2
888,65,view,1
889,321,cart,2
889,233,purchase,3
889,159,purchase,3
889,356,view,1
889,470,cart,2
889,95,view,1
889,163,purchase,3
890,420,purchase,3
890,317,cart,2
890,441,purchase,3
890,376,cart,2
890,444,cart,2
890,154,view,1
891,3,cart,2
891,86,view,1
891,495,cart,2
891,80,purchase,3
891,490,purchase,3
891,68,view,1
891,129,purchase,3
891,139,view,1
891,127,cart,2
891,109,purchase,3
891,192,cart,2
891,230,cart,2
891,287,purchase,3
891,441,cart,2
891,269,cart,2
892,127,purchase,3
892,11,cart,2
892,408,purchase,3
892,111,purchase,3
892,408,purchase,3
892,419,view,1
892,278,purchase,3
892,185,purchase,3
892,464,cart,2
892,53,purchase,3
892,433,view,1
892,35,view,1
892,34,cart,2
892,307,purchase,3
892,71,purchase,3
892,440,cart,2
892,67,view,1
893,488,purchase,3
893,138,view,1
893,314,view,1
893,177,cart,2
893,118,cart,2
893,223,view,1
893,487,view,1
893,65,view,1
893,56,purchase,3
893,451,cart,2
893,272,purchase,3
893,164,view,1
893,125,view,1
893,88,view,1
893,54,purchase,3
893,105,purchase,3
894,174,purchase,3
894,163,purchase,3
894,260,purchase,3
894,385,view,1
894,203,cart,2
895,477,purchase,3
895,344,cart,2
895,203,view,1
895,438,view,1
895,173,cart,2
895,35,view,1
895,403,purchase,3
895,10,purchase,3
896,248,view,1
896,264,view,1
896,112,view,1
896,28,purchase,3
896,195,cart,2
896,495,view,1
896,459,view,1
896,29,purchase,3
896,498,purchase,3
896,435,purchase,3
896,437,purchase,3
896,473,purchase,3
896,226,purchase,3
896,189,purchase,3
896,277,purchase,3
896,6,cart,2
896,51,purchase,3
896,168,purchase,3
896,110,view,1
897,353,view,1
897,487,purchase,3
897,211,purchase,3
897,308,cart,2
897,273,cart,2
897,59,cart,2
897,342,purchase,3
897,299,cart,2
897,469,cart,2
897,256,purchase,3
897,442,view,1
897,155,view,1
898,276,purchase,3
898,80,cart,2
898,301,purchase,3
898,8,purchase,3
898,374,view,1
898,331,view,1
898,139,view,1
898,303,cart,2
898,237,purchase,3
898,22,cart,2
898,433,view,1
899,404,view,1
899,340,cart,2
899,134,cart,2
899,488,purchase,3
899,436,view,1
899,215,view,1
899,430,cart,2
899,146,view,1
899,20,view,1
899,389,view,1
899,441,purchase,3
899,282,purchase,3
899,414,cart,2
899,284,cart,2
899,246,view,1
900,131,cart,2
900,462,purchase,3
900,485,cart,2
900,425,purchase,3
900,229,purchase,3
900,284,cart,2
900,41,purchase,3
900,78,view,1
900,215,purchase,3
900,179,cart,2
900,499,cart,2
900,148,purchase,3
900,153,purchase,3
900,435,cart,2
900,392,cart,2
901,155,view,1
901,147,view,1
901,238,purchase,3
901,446,view,1
901,379,cart,2
901,94,view,1
901,383,purchase,3
901,28,view,1
901,246,view,1
901,458,purchase,3
901,277,purchase,3
901,290,purchase,3
901,477,cart,2
902,226,view,1
902,232,purchase,3
902,332,cart,2
902,397,view,1
902,361,purchase,3
902,32,purchase,3
902,58,view,1
902,297,purchase,3
902,468,view,1
903,343,view,1
903,69,cart,2
903,99,view,1
903,11,cart,2
903,498,view,1
903,134,purchase,3
903,399,purchase,3
903,489,purchase,3
903,393,view,1
903,438,purchase,3
903,233,view,1
903,118,cart,2
903,469,view,1
903,418,view,1
903,254,purchase,3
903,413,purchase,3
904,352,cart,2
904,220,view,1
904,175,cart,2
904,312,purchase,3
904,15,purchase,3
904,390,cart,2
904,88,cart,2
904,57,purchase,3
904,204,purchase,3
904,361,cart,2
904,251,purchase,3
904,337,purchase,3
904,278,view,1
904,331,purchase,3
904,82,cart,2
905,417,view,1
905,246,purchase,3
905,172,view,1
905,21,purchase,3
905,148,cart,2
905,332,cart,2
905,363,purchase,3
905,213,purchase,3
905,438,cart,2
905,458,purchase,3
905,192,view,1
905,365,view,1
905,378,purchase,3
905,113,purchase,3
906,102,purchase,3
906,104,view,1
906,88,view,1
906,385,cart,2
906,140,purchase,3
906,31,cart,2
906,141,view,1
906,164,purchase,3
906,33,cart,2
906,216,purchase,3
906,17,cart,2
906,292,cart,2
906,270,view,1
906,366,cart,2
906,299,view,1
906,117,purchase,3
906,406,purchase,3
906,388,cart,2
906,236,purchase,3
907,66,cart,2
907,427,cart,2
907,422,cart,2
907,285,cart,2
907,365,purchase,3
907,473,view,1
907,242,purchase,3
907,331,purchase,3
907,149,cart,2
907,119,view,1
907,281,view,1
907,354,cart,2
908,89,view,1
908,74,cart,2
908,2,cart,2
908,453,view,1
908,302,purchase,3
908,98,cart,2
908,289,purchase,3
908,251,cart,2
908,459,view,1
908,395,cart,2
908,323,view,1
908,137,view,1
909,20,purchase,3
909,349,view,1
909,419,cart,2
909,420,cart,2
909,73,cart,2
909,210,purchase,3
909,80,view,1
909,250,view,1
909,368,purchase,3
909,458,view,1
910,316,cart,2
910,423,purchase,3
910,70,view,1
910,147,purchase,3
910,288,view,1
910,20,view,1
910,424,cart,2
910,424,cart,2
910,359,cart,2
910,225,cart,2
910,480,view,1
910,51,purchase,3
910,477,purchase,3
911,165,cart,2
911,123,view,1
911,449,cart,2
911,160,cart,2
911,465,cart,2
911,233,cart,2
911,191,view,1
911,347,view,1
912,165,view,1
912,248,view,1
912,120,purchase,3
912,40,purchase,3
912,120,view,1
912,212,purchase,3
912,62,cart,2
913,402,view,1
913,1,cart,2
913,299,cart,2
913,151,view,1
913,350,view,1
913,462,view,1
913,351,view,1
913,190,view,1
913,298,cart,2
913,469,view,1
913,280,view,1
914,62,purchase,3
914,396,view,1
914,3,cart,2
914,461,cart,2
914,441,view,1
914,368,purchase,3
914,36,purchase,3
915,416,cart,2
915,268,purchase,3
915,45,view,1
915,495,view,1
915,160,purchase,3
915,105,view,1
915,170,view,1
915,29,cart,2
915,424,cart,2
915,222,cart,2
915,391,cart,2
915,268,cart,2
915,214,view,1
915,350,purchase,3
915,261,purchase,3
915,61,purchase,3
916,438,view,1
916,92,cart,2
916,470,cart,2
916,338,view,1
916,213,cart,2
916,365,cart,2
916,347,purchase,3
916,272,view,1
916,58,cart,2
916,357,purchase,3
916,58,purchase,3
916,370,view,1
916,108,view,1
916,301,cart,2
916,251,purchase,3
916,26,cart,2
916,217,purchase,3
916,52,purchase,3
917,366,cart,2
917,1,purchase,3
917,161,purchase,3
917,25,view,1
917,146,view,1
918,97,view,1
918,274,view,1
918,367,view,1
918,245,purchase,3
918,345,view,1
918,161,view,1
918,167,cart,2
918,467,view,1
918,172,cart,2
918,378,view,1
918,476,cart,2
919,91,cart,2
919,48,cart,2
919,424,view,1
919,300,purchase,3
919,309,cart,2
919,40,purchase,3
919,73,cart,2
919,75,cart,2
919,300,view,1
919,106,view,1
919,294,purchase,3
919,149,cart,2
919,345,cart,2
919,86,purchase,3
919,265,cart,2
920,127,cart,2
920,333,view,1
920,381,purchase,3
920,123,cart,2
920,344,view,1
920,414,purchase,3
920,453,cart,2
920,179,purchase,3
920,239,view,1
920,325,cart,2
920,111,purchase,3
920,246,cart,2
920,343,view,1
920,388,purchase,3
921,396,purchase,3
921,119,view,1
921,464,cart,2
921,38,purchase,3
921,359,cart,2
921,146,view,1
921,487,purchase,3
921,463,purchase,3
921,188,cart,2
921,417,purchase,3
921,286,view,1
921,52,purchase,3
921,274,view,1
921,464,view,1
921,457,cart,2
921,145,cart,2
921,413,purchase,3
922,486,view,1
922,380,cart,2
922,227,cart,2
922,423,purchase,3
922,119,purchase,3
922,498,cart,2
922,375,purchase,3
922,401,purchase,3
922,127,purchase,3
922,257,purchase,3
922,296,cart,2
922,106,cart,2
922,468,cart,2
922,206,view,1
922,136,cart,2
923,294,cart,2
923,348,view,1
923,375,purchase,3
923,339,cart,2
923,320,purchase,3
923,426,cart,2
923,455,view,1
923,456,cart,2
923,118,view,1
924,348,purchase,3
924,490,purchase,3
924,421,purchase,3
924,215,purchase,3
924,445,purchase,3
924,357,cart,2
924,165,purchase,3
924,86,view,1
924,329,cart,2
924,155,view,1
924,99,purchase,3
924,165,view,1
924,139,view,1
925,448,purchase,3
925,203,cart,2
925,323,cart,2
925,16,view,1
925,430,view,1
925,455,purchase,3
925,323,cart,2
925,234,cart,2
925,436,cart,2
926,450,cart,2
926,266,view,1
926,127,purchase,3
926,348,view,1
926,281,purchase,3
926,163,purchase,3
927,102,cart,2
927,24,purchase,3
927,73,view,1
927,269,cart,2
927,124,purchase,3
927,65,purchase,3
927,58,cart,2
927,278,purchase,3
927,395,view,1
927,185,cart,2
927,454,cart,2
927,459,view,1
927,161,cart,2
928,327,view,1
928,86,purchase,3
928,468,cart,2
928,23,view,1
928,70,cart,2
928,307,view,1
928,380,purchase,3
928,34,purchase,3
928,449,purchase,3
928,172,purchase,3
928,392,cart,2
929,251,cart,2
929,213,purchase,3
929,130,cart,2
929,360,purchase,3
929,332,cart,2
929,389,purchase,3
929,295,view,1
929,29,cart,2
929,378,cart,2
929,495,cart,2
929,433,purchase,3
929,142,cart,2
930,360,purchase,3
930,116,view,1
930,292,view,1
930,107,cart,2
930,495,cart,2
930,196,cart,2
930,201,view,1
930,199,cart,2
930,219,purchase,3
930,70,purchase,3
930,415,view,1
930,354,view,1
930,402,cart,2
930,72,view,1
930,437,purchase,3
930,177,purchase,3
930,195,purchase,3
930,299,cart,2
930,270,purchase,3
930,236,purchase,3
931,158,cart,2
931,75,view,1
931,227,purchase,3
931,114,purchase,3
931,58,view,1
931,161,view,1
931,362,purchase,3
931,38,purchase,3
931,383,purchase,3
932,149,cart,2
932,152,purchase,3
932,447,cart,2
932,220,view,1
932,259,purchase,3
932,144,purchase,3
932,321,cart,2
932,155,view,1
932,415,purchase,3
932,429,purchase,3
932,117,purchase,3
932,497,cart,2
932,138,purchase,3
932,457,cart,2
932,134,cart,2
932,406,cart,2
932,360,cart,2
933,100,cart,2
933,374,view,1
933,108,purchase,3
933,314,view,1
933,190,cart,2
933,463,cart,2
933,339,purchase,3
933,347,purchase,3
933,160,purchase,3
933,147,view,1
933,442,view,1
933,196,purchase,3
933,5,purchase,3
933,111,cart,2
933,326,cart,2
933,200,cart,2
933,68,cart,2
934,245,purchase,3
934,490,purchase,3
934,113,purchase,3
934,106,view,1
934,53,purchase,3
934,19,purchase,3
934,91,cart,2
934,214,view,1
934,341,purchase,3
934,334,purchase,3
934,83,view,1
934,443,purchase,3
934,186,cart,2
934,267,cart,2
935,269,cart,2
935,80,purchase,3
935,131,view,1
935,36,purchase,3
935,332,view,1
935,92,cart,2
935,115,purchase,3
935,212,view,1
935,36,view,1
935,438,view,1
935,131,cart,2
935,347,view,1
935,309,view,1
935,392,view,1
936,414,purchase,3
936,253,purchase,3
936,223,view,1
936,289,view,1
936,59,purchase,3
936,320,view,1
936,349,view,1
936,382,cart,2
936,275,purchase,3
936,214,view,1
936,289,cart,2
936,366,purchase,3
936,327,cart,2
937,230,view,1
937,455,view,1
937,246,purchase,3
937,12,purchase,3
937,116,cart,2
937,500,purchase,3
937,3,cart,2
937,456,cart,2
937,266,purchase,3
937,192,cart,2
937,441,purchase,3
937,147,view,1
937,445,view,1
937,140,cart,2
937,55,cart,2
937,321,view,1
937,266,view,1
937,98,cart,2
938,400,purchase,3
938,435,cart,2
938,467,purchase,3
938,46,cart,2
938,108,view,1
938,4,cart,2
938,171,purchase,3
938,450,purchase,3
939,134,purchase,3
939,229,view,1
939,34,purchase,3
939,99,cart,2
939,87,view,1
939,177,purchase,3
939,329,cart,2
939,390,purchase,3
939,332,purchase,3
939,344,cart,2
939,463,view,1
939,209,purchase,3
939,359,purchase,3
939,62,view,1
939,35,cart,2
939,89,purchase,3
940,181,cart,2
940,350,purchase,3
940,338,view,1
940,478,view,1
940,48,view,1
940,460,cart,2
940,465,cart,2
940,291,purchase,3
940,211,purchase,3
940,297,view,1
940,446,view,1
940,271,view,1
940,90,view,1
940,58,cart,2
940,32,purchase,3
940,471,purchase,3
940,284,view,1
940,260,cart,2
940,49,view,1
940,418,purchase,3
941,438,cart,2
941,388,purchase,3
941,4,view,1
941,430,view,1
941,256,cart,2
941,334,view,1
941,104,purchase,3
941,168,cart,2
941,75,cart,2
941,269,purchase,3
941,396,purchase,3
941,159,cart,2
941,228,purchase,3
941,437,purchase,3
941,163,purchase,3
942,175,view,1
942,235,view,1
942,244,purchase,3
942,423,purchase,3
942,429,cart,2
942,264,view,1
942,304,cart,2
942,72,purchase,3
942,118,purchase,3
943,81,view,1
943,390,cart,2
943,497,purchase,3
943,324,purchase,3
943,146,cart,2
943,484,view,1
943,229,cart,2
944,176,cart,2
944,264,purchase,3
944,213,purchase,3
944,417,view,1
944,364,purchase,3
944,62,view,1
944,451,purchase,3
944,332,purchase,3
944,381,purchase,3
944,127,view,1
944,434,purchase,3
944,54,cart,2
944,163,purchase,3
944,107,cart,2
944,268,view,1
944,80,cart,2
944,204,cart,2
945,291,cart,2
945,374,purchase,3
945,431,view,1
945,495,purchase,3
945,397,purchase,3
945,46,purchase,3
945,339,cart,2
945,63,purchase,3
945,350,view,1
946,313,cart,2
946,151,view,1
946,366,view,1
946,38,view,1
946,256,purchase,3
946,465,cart,2
946,161,view,1
946,142,view,1
946,338,view,1
946,315,purchase,3
946,383,cart,2
947,244,purchase,3
947,215,purchase,3
947,213,cart,2
947,251,view,1
947,49,purchase,3
947,266,cart,2
947,31,purchase,3
947,123,purchase,3
948,44,cart,2
948,314,view,1
948,96,view,1
948,331,view,1
948,336,cart,2
948,68,view,1
948,349,view,1
948,9,view,1
948,285,view,1
948,4,view,1
948,156,cart,2
948,324,purchase,3
948,223,view,1
948,375,cart,2
948,443,view,1
949,464,purchase,3
949,391,purchase,3
949,232,view,1
949,2,purchase,3
949,351,cart,2
949,432,cart,2
949,453,purchase,3
949,200,view,1
950,78,view,1
950,135,cart,2
950,196,view,1
950,145,cart,2
950,476,purchase,3
950,122,cart,2
950,283,view,1
950,58,purchase,3
950,351,view,1
950,63,view,1
950,51,purchase,3
950,195,cart,2
950,432,purchase,3
950,111,purchase,3
951,357,view,1
951,492,cart,2
951,38,purchase,3
951,312,view,1
951,93,view,1
951,407,view,1
951,328,cart,2
951,164,view,1
951,3,view,1
951,141,cart,2
952,219,purchase,3
952,37,purchase,3
952,405,view,1
952,117,view,1
952,367,purchase,3
952,344,purchase,3
952,178,view,1
952,66,cart,2
952,482,purchase,3
952,87,cart,2
953,380,purchase,3
953,198,cart,2
953,475,cart,2
953,102,cart,2
953,121,view,1
953,451,cart,2
953,473,cart,2
953,149,purchase,3
953,91,cart,2
953,421,view,1
953,98,cart,2
953,274,cart,2
953,137,view,1
954,19,purchase,3
954,66,cart,2
954,239,view,1
954,10,cart,2
954,184,cart,2
954,49,purchase,3
954,208,purchase,3
954,393,view,1
954,353,view,1
954,462,cart,2
954,94,view,1
954,468,purchase,3
954,210,purchase,3
954,435,purchase,3
954,337,view,1
954,279,purchase,3
954,222,purchase,3
954,387,cart,2
954,121,purchase,3
955,230,cart,2
955,499,purchase,3
955,40,view,1
955,416,purchase,3
955,441,purchase,3
955,215,cart,2
955,433,cart,2
955,441,purchase,3
955,348,purchase,3
955,127,view,1
955,124,view,1
955,3,view,1
955,255,cart,2
955,363,view,1
955,302,view,1
955,221,purchase,3
955,367,view,1
956,28,purchase,3
956,19,view,1
956,237,purchase,3
956,151,cart,2
956,230,view,1
956,169,purchase,3
956,207,view,1
956,273,cart,2
956,76,view,1
956,179,view,1
956,251,view,1
956,246,purchase,3
956,391,view,1
956,65,view,1
956,431,purchase,3
956,364,cart,2
956,222,cart,2
957,271,view,1
957,15,view,1
957,448,view,1
957,55,cart,2
957,136,view,1
957,146,purchase,3
957,427,purchase,3
958,35,purchase,3
958,262,purchase,3
958,319,cart,2
958,9,cart,2
958,277,cart,2
958,213,view,1
958,60,purchase,3
958,385,purchase,3
958,337,purchase,3
958,431,view,1
958,397,cart,2
958,53,cart,2
958,189,purchase,3
958,320,purchase,3
958,296,purchase,3
958,371,purchase,3
959,496,cart,2
959,374,purchase,3
959,124,view,1
959,486,view,1
959,57,view,1
959,77,purchase,3
959,126,cart,2
959,271,cart,2
959,425,view,1
959,498,cart,2
959,126,purchase,3
959,316,view,1
959,153,cart,2
959,182,view,1
959,8,cart,2
960,268,purchase,3
960,415,view,1
960,40,cart,2
960,273,purchase,3
960,460,view,1
960,86,purchase,3
960,154,cart,2
960,430,purchase,3
960,299,view,1
960,76,purchase,3
960,130,cart,2
960,469,purchase,3
960,250,view,1
960,397,purchase,3
960,137,view,1
961,16,view,1
961,101,cart,2
961,482,view,1
961,171,cart,2
961,163,purchase,3
961,271,purchase,3
961,99,purchase,3
961,165,purchase,3
962,154,purchase,3
962,291,purchase,3
962,471,view,1
962,282,purchase,3
962,126,cart,2
962,451,purchase,3
962,336,purchase,3
962,479,cart,2
962,117,view,1
962,316,view,1
963,334,purchase,3
963,79,purchase,3
963,203,purchase,3
963,11,purchase,3
963,216,view,1
963,383,view,1
964,90,view,1
964,423,purchase,3
964,155,purchase,3
964,44,purchase,3
964,134,cart,2
964,414,purchase,3
965,488,view,1
965,346,cart,2
965,260,purchase,3
965,343,view,1
965,495,purchase,3
965,257,view,1
965,144,cart,2
965,5,cart,2
965,310,cart,2
965,346,cart,2
965,439,purchase,3
965,50,purchase,3
965,375,purchase,3
966,104,purchase,3
966,459,cart,2
966,330,view,1
966,180,purchase,3
966,23,cart,2
966,377,cart,2
966,313,view,1
966,423,cart,2
966,484,purchase,3
966,270,view,1
966,27,view,1
966,46,cart,2
966,351,purchase,3
966,150,cart,2
966,142,view,1
967,84,view,1
967,335,view,1
967,203,view,1
967,59,cart,2
967,354,view,1
967,8,purchase,3
967,84,purchase,3
967,147,purchase,3
967,44,view,1
967,100,purchase,3
967,151,purchase,3
968,271,view,1
968,448,view,1
968,238,purchase,3
968,455,purchase,3
968,280,view,1
968,43,view,1
968,452,view,1
968,306,view,1
968,492,view,1
968,342,view,1
968,211,cart,2
968,433,cart,2
968,464,view,1
968,468,view,1
968,345,view,1
968,428,cart,2
969,106,view,1
969,420,cart,2
969,297,purchase,3
969,331,purchase,3
969,446,view,1
970,87,view,1
970,114,cart,2
970,65,purchase,3
970,400,purchase,3
970,474,cart,2
970,335,cart,2
970,95,view,1
970,174,purchase,3
970,95,cart,2
970,50,cart,2
971,219,view,1
971,216,cart,2
971,41,purchase,3
971,394,purchase,3
971,51,cart,2
971,277,view,1
971,298,view,1
972,246,cart,2
972,490,cart,2
972,8,purchase,3
972,64,purchase,3
972,287,purchase,3
972,240,cart,2
972,487,purchase,3
972,132,cart,2
972,24,view,1
973,324,cart,2
973,114,cart,2
973,252,view,1
973,179,cart,2
973,412,purchase,3
973,326,view,1
973,150,view,1
973,393,purchase,3
973,154,view,1
973,386,purchase,3
973,114,view,1
973,113,cart,2
973,146,cart,2
973,99,purchase,3
974,274,purchase,3
974,325,purchase,3
974,335,view,1
974,172,cart,2
974,308,cart,2
974,434,view,1
974,333,view,1
974,34,cart,2
974,64,purchase,3
975,336,purchase,3
975,288,view,1
975,213,view,1
975,251,cart,2
975,417,view,1
975,399,view,1
975,433,purchase,3
975,267,cart,2
975,138,cart,2
975,455,cart,2
975,428,view,1
975,495,cart,2
975,351,cart,2
975,12,view,1
976,43,cart,2
976,332,purchase,3
976,44,purchase,3
976,341,purchase,3
976,477,purchase,3
976,104,cart,2
977,38,purchase,3
977,440,cart,2
977,92,cart,2
977,295,cart,2
977,235,view,1
977,352,purchase,3
977,387,view,1
977,256,cart,2
977,485,view,1
977,183,purchase,3
977,170,cart,2
977,384,view,1
977,74,view,1
977,137,cart,2
977,71,purchase,3
977,292,cart,2
978,490,view,1
978,375,view,1
978,56,cart,2
978,155,cart,2
978,207,view,1
978,134,view,1
978,65,view,1
978,412,cart,2
978,467,purchase,3
978,51,cart,2
978,233,purchase,3
979,384,cart,2
979,427,cart,2
979,64,purchase,3
979,162,cart,2
979,357,cart,2
979,193,cart,2
979,412,cart,2
979,354,view,1
979,422,purchase,3
979,240,view,1
979,437,view,1
979,16,view,1
979,303,cart,2
979,226,view,1
979,195,purchase,3
979,28,view,1
979,235,cart,2
979,297,purchase,3
979,495,purchase,3
979,132,purchase,3
980,404,purchase,3
980,91,view,1
980,485,purchase,3
980,297,cart,2
980,393,purchase,3
980,79,purchase,3
980,170,cart,2
980,116,cart,2
980,151,view,1
980,302,view,1
980,386,cart,2
980,150,purchase,3
980,410,purchase,3
980,427,purchase,3
981,309,cart,2
981,218,purchase,3
981,444,cart,2
981,178,purchase,3
981,186,purchase,3
981,433,purchase,3
981,447,view,1
981,390,view,1
981,216,view,1
981,60,view,1
981,443,purchase,3
981,158,cart,2
981,335,cart,2
981,184,view,1
981,49,view,1
981,207,cart,2
981,138,purchase,3
981,486,view,1
981,393,purchase,3
981,136,cart,2
982,309,cart,2
982,460,cart,2
982,92,purchase,3
982,235,cart,2
982,256,cart,2
982,368,cart,2
982,319,purchase,3
982,381,cart,2
982,223,purchase,3
982,11,purchase,3
982,87,view,1
982,247,cart,2
983,401,purchase,3
983,135,view,1
983,309,purchase,3
983,367,cart,2
983,48,purchase,3
983,344,cart,2
983,226,purchase,3
983,340,view,1
983,14,view,1
983,66,purchase,3
983,172,view,1
983,272,view,1
983,100,view,1
984,399,view,1
984,202,purchase,3
984,169,view,1
984,182,purchase,3
984,446,view,1
984,318,view,1
984,128,purchase,3
984,53,cart,2
984,54,cart,2
984,190,cart,2
984,57,cart,2
984,93,view,1
984,138,purchase,3
984,117,view,1
984,296,view,1
984,223,cart,2
984,255,cart,2
984,27,purchase,3
984,211,purchase,3
985,123,cart,2
985,203,purchase,3
985,152,purchase,3
985,244,purchase,3
985,269,cart,2
986,192,cart,2
986,32,cart,2
986,401,view,1
986,350,purchase,3
986,7,cart,2
986,388,cart,2
986,144,cart,2
986,40,cart,2
986,14,cart,2
986,7,cart,2
986,292,purchase,3
986,397,purchase,3
986,411,view,1
986,488,cart,2
986,159,cart,2
986,303,purchase,3
986,140,view,1
986,152,purchase,3
986,358,purchase,3
986,177,cart,2
987,236,cart,2
987,78,view,1
987,92,cart,2
987,31,purchase,3
987,283,purchase,3
988,306,purchase,3
988,373,cart,2
988,347,purchase,3
988,349,cart,2
988,4,purchase,3
988,359,view,1
988,328,cart,2
988,136,cart,2
988,69,purchase,3
988,492,view,1
988,112,cart,2
988,208,view,1
988,216,cart,2
988,312,view,1
988,258,purchase,3
988,289,view,1
988,21,purchase,3
988,278,purchase,3
989,336,view,1
989,331,purchase,3
989,122,view,1
989,479,cart,2
989,224,view,1
989,70,purchase,3
990,61,cart,2
990,447,cart,2
990,4,view,1
990,71,view,1
990,267,purchase,3
990,17,purchase,3
990,329,view,1
991,91,cart,2
991,254,cart,2
991,309,cart,2
991,25,cart,2
991,399,cart,2
992,432,view,1
992,227,purchase,3
992,335,cart,2
992,285,view,1
992,368,cart,2
992,475,purchase,3
992,363,purchase,3
992,465,purchase,3
992,322,cart,2
993,397,purchase,3
993,387,view,1
993,458,cart,2
993,384,purchase,3
993,263,cart,2
993,165,view,1
993,157,cart,2
993,457,view,1
993,206,view,1
993,173,cart,2
993,195,purchase,3
993,403,cart,2
993,491,purchase,3
993,330,purchase,3
993,418,purchase,3
994,175,view,1
994,25,view,1
994,250,cart,2
994,196,cart,2
994,326,purchase,3
994,146,cart,2
994,70,purchase,3
994,364,view,1
994,476,view,1
994,487,cart,2
994,61,view,1
994,221,view,1
994,96,view,1
994,344,purchase,3
994,453,view,1
995,445,cart,2
995,349,purchase,3
995,477,cart,2
995,115,view,1
995,398,purchase,3
995,336,view,1
995,191,view,1
995,75,purchase,3
995,488,cart,2
995,486,view,1
995,63,purchase,3
995,221,purchase,3
995,395,cart,2
995,469,view,1
995,412,view,1
995,187,purchase,3
995,394,purchase,3
995,117,view,1
995,381,cart,2
996,101,purchase,3
996,50,cart,2
996,45,view,1
996,94,cart,2
996,343,view,1
996,152,view,1
996,216,cart,2
996,46,purchase,3
996,157,view,1
996,16,view,1
996,5,cart,2
996,17,cart,2
996,407,view,1
997,59,cart,2
997,161,purchase,3
997,310,view,1
997,251,cart,2
997,115,cart,2
997,77,view,1
997,196,purchase,3
997,168,purchase,3
998,144,view,1
998,408,purchase,3
998,246,view,1
998,477,purchase,3
998,138,purchase,3
998,353,view,1
998,134,cart,2
998,108,view,1
998,421,purchase,3
998,14,purchase,3
998,94,view,1
998,299,purchase,3
998,289,purchase,3
998,230,view,1
998,350,cart,2
998,377,cart,2
998,104,view,1
999,389,purchase,3
999,464,view,1
999,309,view,1
999,237,view,1
999,204,cart,2
999,267,cart,2
999,407,view,1
999,120,view,1
999,258,view,1
999,254,cart,2
999,406,purchase,3
999,217,view,1
999,65,purchase,3
999,262,purchase,3
999,265,view,1
999,310,view,1
999,178,cart,2
1000,244,purchase,3
1000,20,view,1
1000,378,cart,2
1000,163,cart,2
1000,114,view,1
1001,483,view,1
1001,373,purchase,3
1001,359,cart,2
1001,312,view,1
1001,127,cart,2
1001,346,cart,2
1001,487,cart,2
1001,426,view,1
1001,55,cart,2
1001,161,purchase,3
1001,119,purchase,3
1001,489,view,1
1001,348,view,1
1001,198,purchase,3
1001,203,cart,2
1002,256,cart,2
1002,275,purchase,3
1002,362,view,1
1002,401,cart,2
1002,173,view,1
1002,80,view,1
1002,429,cart,2
1002,367,cart,2
1002,381,cart,2
1002,415,cart,2
1002,315,purchase,3
1002,385,cart,2
1002,143,view,1
1002,292,view,1
1003,346,cart,2
1003,381,view,1
1003,144,cart,2
1003,110,view,1
1003,73,view,1
1003,279,cart,2
1003,105,purchase,3
1003,456,view,1
1003,464,purchase,3
1003,66,cart,2
1004,371,view,1
1004,445,cart,2
1004,29,cart,2
1004,220,cart,2
1004,426,purchase,3
1004,274,view,1
1004,223,cart,2
1004,267,purchase,3
1004,444,purchase,3
1004,253,cart,2
1004,305,purchase,3
1004,360,view,1
1004,332,cart,2
1004,131,purchase,3
1005,161,purchase,3
1005,353,view,1
1005,259,purchase,3
1005,124,view,1
1005,467,cart,2
1005,378,view,1
1005,42,purchase,3
1005,70,cart,2
1005,467,purchase,3
1005,303,view,1
1005,175,cart,2
1005,40,view,1
1005,324,purchase,3
1005,483,purchase,3
1005,333,view,1
1005,411,purchase,3
1005,193,view,1
1006,297,purchase,3
1006,395,view,1
1006,304,view,1
1006,130,cart,2
1006,32,purchase,3
1006,149,purchase,3
1006,187,purchase,3
1006,293,purchase,3
1006,173,purchase,3
1006,242,cart,2
1006,97,purchase,3
1006,299,cart,2
1006,384,purchase,3
1006,50,purchase,3
1006,114,cart,2
1006,12,purchase,3
1006,305,view,1
1006,463,purchase,3
1006,152,view,1
1007,429,cart,2
1007,229,purchase,3
1007,302,purchase,3
1007,421,cart,2
1007,474,purchase,3
1007,276,purchase,3
1007,431,view,1
1007,168,view,1
1007,334,purchase,3
1007,445,purchase,3
1007,482,view,1
1007,298,view,1
1007,471,cart,2
1007,69,purchase,3
1007,379,cart,2
1007,446,view,1
1008,310,view,1
1008,225,view,1
1008,320,view,1
1008,287,purchase,3
1008,456,cart,2
1008,240,cart,2
1008,440,view,1
1008,252,purchase,3
1008,273,cart,2
1008,70,cart,2
1008,340,view,1
1008,405,purchase,3
1008,252,cart,2
1008,256,view,1
1008,360,purchase,3
1008,436,view,1
1008,487,purchase,3
1009,463,purchase,3
1009,40,cart,2
1009,202,cart,2
1009,488,purchase,3
1009,269,purchase,3
1010,337,cart,2
1010,330,cart,2
1010,109,cart,2
1010,372,view,1
1010,76,view,1
1010,238,cart,2
1010,271,cart,2
1010,450,purchase,3
1010,245,view,1
1010,218,purchase,3
1010,256,purchase,3
1010,391,cart,2
1010,4,view,1
1010,327,purchase,3
1010,344,view,1
1010,198,view,1
1010,358,cart,2
1011,239,purchase,3
1011,279,cart,2
1011,99,cart,2
1011,417,purchase,3
1011,32,cart,2
1011,200,purchase,3
1011,213,cart,2
1011,233,purchase,3
1011,207,cart,2
1011,229,cart,2
1011,289,cart,2
1012,245,view,1
1012,91,purchase,3
1012,331,cart,2
1012,167,view,1
1012,228,cart,2
1012,329,purchase,3
1012,165,purchase,3
1012,494,view,1
1012,122,cart,2
1012,368,purchase,3
1012,255,view,1
1012,55,cart,2
1012,341,view,1
1012,195,cart,2
1012,338,purchase,3
1012,83,cart,2
1013,459,cart,2
1013,239,cart,2
1013,77,view,1
1013,94,view,1
1013,94,view,1
1013,270,cart,2
1013,498,purchase,3
1013,73,view,1
1013,388,view,1
1013,344,cart,2
1013,165,purchase,3
1013,9,view,1
1013,107,purchase,3
1013,266,purchase,3
1013,248,purchase,3
1013,63,view,1
1013,491,purchase,3
1013,24,cart,2
1014,352,purchase,3
1014,215,purchase,3
1014,34,view,1
1014,3,purchase,3
1014,430,view,1
1014,346,view,1
1014,132,purchase,3
1015,151,cart,2
1015,350,purchase,3
1015,445,purchase,3
1015,281,cart,2
1015,441,cart,2
1015,179,cart,2
1015,176,cart,2
1015,90,cart,2
1015,204,cart,2
1015,286,purchase,3
1016,288,purchase,3
1016,69,purchase,3
1016,116,cart,2
1016,403,cart,2
1016,433,purchase,3
1016,34,view,1
1017,326,view,1
1017,87,view,1
1017,240,cart,2
1017,61,view,1
1017,270,view,1
1017,458,purchase,3
1017,222,purchase,3
1017,432,view,1
1017,105,cart,2
1017,58,purchase,3
1017,183,view,1
1017,172,cart,2
1017,266,view,1
1017,169,purchase,3
1017,469,purchase,3
1018,465,purchase,3
1018,213,purchase,3
1018,404,view,1
1018,334,purchase,3
1018,81,purchase,3
1018,122,view,1
1018,26,cart,2
1018,494,purchase,3
1018,308,cart,2
1018,85,cart,2
1018,369,purchase,3
1018,287,cart,2
1018,233,view,1
1018,290,view,1
1018,77,cart,2
1018,469,view,1
1018,51,cart,2
1018,213,cart,2
1018,474,view,1
1018,46,purchase,3
1019,289,purchase,3
1019,41,purchase,3
1019,391,view,1
1019,36,view,1
1019,97,purchase,3
1019,395,cart,2
1019,339,purchase,3
1019,437,purchase,3
1019,302,cart,2
1019,420,view,1
1019,87,view,1
1019,94,purchase,3
1019,456,purchase,3
1019,39,view,1
1019,96,view,1
1019,191,view,1
1019,327,purchase,3
1020,47,view,1
1020,381,cart,2
1020,367,view,1
1020,2,cart,2
1020,272,view,1
1020,445,purchase,3
1020,314,view,1
1020,346,purchase,3
1020,267,cart,2
1020,250,view,1
1021,495,cart,2
1021,199,view,1
1021,436,cart,2
1021,292,view,1
1021,292,purchase,3
1021,325,purchase,3
1021,257,view,1
1021,260,view,1
1021,197,purchase,3
1021,43,view,1
1021,294,view,1
1021,69,purchase,3
1021,80,view,1
1021,105,view,1
1021,101,purchase,3
1021,136,cart,2
1021,421,view,1
1022,344,view,1
1022,235,cart,2
1022,455,purchase,3
1022,449,purchase,3
1022,466,view,1
1022,452,purchase,3
1022,367,cart,2
1022,101,view,1
1022,76,cart,2
1022,336,view,1
1022,252,cart,2
1022,282,view,1
1022,359,purchase,3
1023,79,cart,2
1023,165,purchase,3
1023,180,view,1
1023,7,cart,2
1023,16,view,1
1023,414,view,1
1023,324,purchase,3
1023,429,view,1
1023,246,view,1
1023,61,view,1
1023,291,view,1
1023,339,cart,2
1023,18,view,1
1023,482,purchase,3
1023,457,purchase,3
1023,468,purchase,3
1023,259,cart,2
1024,318,cart,2
1024,399,purchase,3
1024,270,purchase,3
1024,50,cart,2
1024,418,purchase,3
1024,473,view,1
1024,406,cart,2
1024,410,view,1
1024,371,view,1
1024,130,cart,2
1024,491,purchase,3
1024,247,cart,2
1024,452,view,1
1024,429,cart,2
1024,87,purchase,3
1024,90,cart,2
1024,44,cart,2
1024,464,purchase,3
1024,147,view,1
1025,92,purchase,3
1025,297,view,1
1025,417,purchase,3
1025,485,cart,2
1025,248,purchase,3
1025,84,purchase,3
1025,388,cart,2
1025,433,cart,2
1025,131,cart,2
1025,160,purchase,3
1025,378,cart,2
1025,469,cart,2
1025,179,view,1
1025,157,cart,2
1025,9,purchase,3
1026,311,purchase,3
1026,470,purchase,3
1026,221,purchase,3
1026,29,purchase,3
1026,425,view,1
1026,64,cart,2
1026,470,view,1
1026,384,view,1
1026,313,view,1
1026,366,cart,2
1026,342,purchase,3
1026,46,purchase,3
1026,206,view,1
1026,337,purchase,3
1026,325,purchase,3
1026,399,purchase,3
1026,93,view,1
1026,364,view,1
1026,282,cart,2
1027,296,view,1
1027,7,view,1
1027,173,purchase,3
1027,466,view,1
1027,166,cart,2
1027,113,purchase,3
1027,123,cart,2
1027,497,cart,2
1027,146,cart,2
1027,207,cart,2
1027,141,cart,2
1027,477,cart,2
1027,87,view,1
1027,257,purchase,3
1027,292,purchase,3
1027,453,purchase,3
1027,52,purchase,3
1027,462,purchase,3
1027,462,purchase,3
1027,332,purchase,3
1028,298,cart,2
1028,471,purchase,3
1028,354,cart,2
1028,298,cart,2
1028,140,purchase,3
1028,297,cart,2
1028,119,view,1
1028,500,purchase,3
1028,320,cart,2
1028,295,purchase,3
1028,261,view,1
1028,290,view,1
1028,144,purchase,3
1029,21,view,1
1029,175,purchase,3
1029,271,purchase,3
1029,89,purchase,3
1029,156,view,1
1029,450,purchase,3
1029,45,view,1
1029,134,view,1
1029,335,cart,2
1029,6,purchase,3
1029,158,cart,2
1029,226,view,1
1030,21,cart,2
1030,408,cart,2
1030,256,cart,2
1030,357,purchase,3
1030,334,view,1
1030,397,view,1
1030,298,view,1
1031,22,purchase,3
1031,340,cart,2
1031,389,cart,2
1031,491,cart,2
1031,197,purchase,3
1031,458,purchase,3
1031,241,cart,2
1031,215,purchase,3
1031,358,purchase,3
1031,103,cart,2
1031,295,cart,2
1031,88,view,1
1031,8,view,1
1031,448,cart,2
1031,458,view,1
1031,171,view,1
1031,350,purchase,3
1031,85,view,1
1031,249,cart,2
1031,324,purchase,3
1032,449,view,1
1032,370,cart,2
1032,150,view,1
1032,486,purchase,3
1032,258,cart,2
1032,1,purchase,3
1032,312,purchase,3
1032,215,purchase,3
1032,214,cart,2
1032,324,view,1
1033,278,view,1
1033,453,purchase,3
1033,110,purchase,3
1033,151,cart,2
1033,37,cart,2
1033,136,view,1
1033,101,view,1
1034,225,purchase,3
1034,265,cart,2
1034,122,view,1
1034,149,cart,2
1034,58,purchase,3
1034,329,cart,2
1034,67,view,1
1034,116,view,1
1034,455,view,1
1035,169,cart,2
1035,145,cart,2
1035,104,cart,2
1035,272,cart,2
1035,458,cart,2
1035,201,purchase,3
1035,197,purchase,3
1035,344,view,1
1035,139,view,1
1035,106,view,1
1035,443,cart,2
1035,236,view,1
1035,470,purchase,3
1035,437,view,1
1035,334,cart,2
1035,77,cart,2
1035,495,cart,2
1035,4,purchase,3
1035,455,cart,2
1035,290,purchase,3
1036,114,cart,2
1036,243,view,1
1036,456,purchase,3
1036,14,purchase,3
1036,85,cart,2
1036,229,purchase,3
1036,379,cart,2
1037,497,purchase,3
1037,64,view,1
1037,333,cart,2
1037,424,purchase,3
1037,309,view,1
1037,441,view,1
1037,222,view,1
1037,100,purchase,3
1037,299,cart,2
1037,349,purchase,3
1037,462,view,1
1037,464,purchase,3
1037,261,cart,2
1037,17,purchase,3
1037,310,cart,2
1037,15,cart,2
1037,365,cart,2
1037,333,view,1
1037,289,purchase,3
1037,181,cart,2
1038,327,view,1
1038,235,view,1
1038,138,purchase,3
1038,25,cart,2
1038,193,view,1
1038,384,purchase,3
1038,73,view,1
1038,398,cart,2
1038,87,cart,2
1038,318,purchase,3
1038,7,purchase,3
1038,376,cart,2
1038,244,purchase,3
1038,146,view,1
1039,388,purchase,3
1039,217,purchase,3
1039,403,view,1
1039,137,purchase,3
1039,123,view,1
1039,256,purchase,3
1039,244,purchase,3
1039,60,cart,2
1039,498,cart,2
1039,169,view,1
1039,95,cart,2
1039,306,cart,2
1039,324,purchase,3
1039,11,cart,2
1039,347,cart,2
1039,367,cart,2
1039,270,cart,2
1040,492,purchase,3
1040,332,view,1
1040,186,purchase,3
1040,304,view,1
1040,486,view,1
1040,106,cart,2
1040,367,purchase,3
1041,243,cart,2
1041,161,view,1
1041,125,cart,2
1041,427,cart,2
1041,316,view,1
1041,248,view,1
1041,331,view,1
1041,396,purchase,3
1041,484,view,1
1041,403,cart,2
1041,286,cart,2
1041,261,purchase,3
1041,201,view,1
1041,9,cart,2
1041,227,view,1
1042,160,view,1
1042,490,view,1
1042,463,purchase,3
1042,413,view,1
1042,250,view,1
1042,471,purchase,3
1042,114,cart,2
1042,328,purchase,3
1042,154,purchase,3
1042,138,cart,2
1042,53,purchase,3
1042,276,view,1
1042,451,view,1
1042,192,purchase,3
1042,485,cart,2
1043,246,purchase,3
1043,64,cart,2
1043,203,view,1
1043,221,cart,2
1043,164,view,1
1043,27,cart,2
1043,309,purchase,3
1043,21,view,1
1043,422,cart,2
1043,244,cart,2
1043,246,view,1
1044,174,view,1
1044,34,purchase,3
1044,352,view,1
1044,150,purchase,3
1044,209,cart,2
1044,480,purchase,3
1044,251,purchase,3
1044,75,view,1
1045,449,view,1
1045,183,purchase,3
1045,22,purchase,3
1045,104,cart,2
1045,403,view,1
1045,196,cart,2
1046,293,view,1
1046,254,purchase,3
1046,443,view,1
1046,350,cart,2
1046,175,view,1
1046,296,purchase,3
1046,480,cart,2
1046,352,purchase,3
1046,435,cart,2
1046,93,cart,2
1046,435,cart,2
1046,143,view,1
1046,492,cart,2
1046,275,view,1
1046,2,cart,2
1046,44,purchase,3
1046,345,purchase,3
1047,218,view,1
1047,476,cart,2
1047,299,view,1
1047,162,purchase,3
1047,200,view,1
1047,479,cart,2
1047,382,view,1
1047,140,view,1
1047,295,purchase,3
1047,59,purchase,3
1047,371,view,1
1047,398,purchase,3
1048,465,view,1
1048,355,purchase,3
1048,455,purchase,3
1048,158,view,1
1048,212,view,1
1048,314,view,1
1048,418,cart,2
1048,17,purchase,3
1048,235,purchase,3
1048,260,cart,2
1048,285,purchase,3
1048,456,view,1
1048,203,view,1
1048,494,view,1
1048,170,purchase,3
1048,377,purchase,3
1048,269,view,1
1048,40,view,1
1048,2,purchase,3
1048,351,view,1
1049,460,cart,2
1049,401,cart,2
1049,362,purchase,3
1049,20,cart,2
1049,486,purchase,3
1049,339,view,1
1049,462,purchase,3
1049,302,purchase,3
1049,286,view,1
1049,448,purchase,3
1049,282,cart,2
1049,96,purchase,3
1050,333,cart,2
1050,68,cart,2
1050,96,purchase,3
1050,169,purchase,3
1050,97,cart,2
1050,418,view,1
1050,472,cart,2
1050,195,purchase,3
1050,227,view,1
1050,468,view,1
1050,459,view,1
1050,409,cart,2
1050,372,purchase,3
1050,286,purchase,3
1050,450,view,1
1050,191,purchase,3
1050,156,cart,2
1050,210,view,1
1050,189,view,1
1051,381,purchase,3
1051,29,purchase,3
1051,360,view,1
1051,383,view,1
1051,315,cart,2
1051,20,view,1
1051,196,view,1
1051,242,purchase,3
1051,304,cart,2
1052,112,cart,2
1052,319,purchase,3
1052,154,purchase,3
1052,416,cart,2
1052,110,view,1
1052,18,purchase,3
1052,228,view,1
1052,400,cart,2
1052,367,purchase,3
1052,230,cart,2
1052,402,purchase,3
1052,92,view,1
1052,85,cart,2
1053,418,view,1
1053,470,purchase,3
1053,134,view,1
1053,231,cart,2
1053,298,purchase,3
1053,207,cart,2
1053,461,cart,2
1054,85,view,1
1054,292,view,1
1054,340,view,1
1054,452,view,1
1054,290,view,1
1054,496,cart,2
1054,309,purchase,3
1054,392,view,1
1054,380,view,1
1054,127,purchase,3
1054,198,cart,2
1054,333,cart,2
1054,463,cart,2
1054,346,purchase,3
1054,188,cart,2
1054,29,purchase,3
1054,359,cart,2
1054,43,cart,2
1054,229,view,1
1055,26,purchase,3
1055,477,cart,2
1055,191,cart,2
1055,333,cart,2
1055,86,purchase,3
1055,183,purchase,3
1055,355,purchase,3
1055,81,purchase,3
1055,408,view,1
1055,28,cart,2
1055,317,purchase,3
1055,173,purchase,3
1055,172,view,1
1055,44,purchase,3
1055,124,cart,2
1055,211,view,1
1055,265,purchase,3
1055,44,purchase,3
1055,407,purchase,3
1055,182,purchase,3
1056,450,purchase,3
1056,467,cart,2
1056,366,cart,2
1056,105,cart,2
1056,192,purchase,3
1056,329,cart,2
1056,238,view,1
1056,55,purchase,3
1056,301,view,1
1056,427,cart,2
1056,84,cart,2
1056,323,cart,2
1056,259,cart,2
1056,482,view,1
1056,391,cart,2
1056,225,cart,2
1057,192,purchase,3
1057,240,cart,2
1057,232,purchase,3
1057,121,purchase,3
1057,114,purchase,3
1057,173,cart,2
1057,350,purchase,3
1057,64,purchase,3
1057,379,view,1
1057,136,cart,2
1057,349,view,1
1057,278,purchase,3
1057,208,cart,2
1057,162,cart,2
1057,494,view,1
1057,387,view,1
1057,244,view,1
1057,174,view,1
1057,453,view,1
1058,326,view,1
1058,256,purchase,3
1058,192,purchase,3
1058,458,cart,2
1058,461,view,1
1058,119,purchase,3
1058,180,purchase,3
1058,245,purchase,3
1058,251,view,1
1058,342,purchase,3
1058,390,purchase,3
1058,37,view,1
1058,220,view,1
1058,486,cart,2
1059,429,view,1
1059,45,cart,2
1059,271,cart,2
1059,466,purchase,3
1059,292,cart,2
1059,217,view,1
1059,313,view,1
1059,98,view,1
1059,405,purchase,3
1059,354,purchase,3
1059,480,cart,2
1059,463,purchase,3
1060,113,cart,2
1060,418,purchase,3
1060,221,purchase,3
1060,405,cart,2
1060,204,cart,2
1060,307,cart,2
1061,216,purchase,3
1061,22,purchase,3
1061,434,purchase,3
1061,296,purchase,3
1061,130,purchase,3
1061,171,cart,2
1061,280,cart,2
1061,412,cart,2
1061,130,purchase,3
1061,191,view,1
1061,66,cart,2
1062,311,purchase,3
1062,34,view,1
1062,161,view,1
1062,34,cart,2
1062,40,view,1
1062,304,view,1
1063,290,view,1
1063,77,purchase,3
1063,275,purchase,3
1063,68,cart,2
1063,226,purchase,3
1063,385,view,1
1063,203,purchase,3
1063,477,cart,2
1063,61,view,1
1063,28,cart,2
1063,471,purchase,3
1063,385,cart,2
1064,361,cart,2
1064,135,purchase,3
1064,484,cart,2
1064,157,purchase,3
1064,360,purchase,3
1064,160,cart,2
1064,164,purchase,3
1064,150,view,1
1064,147,view,1
1064,339,cart,2
1064,91,purchase,3
1064,469,view,1
1065,352,view,1
1065,103,view,1
1065,102,view,1
1065,366,view,1
1065,452,purchase,3
1065,461,view,1
1065,413,cart,2
1065,398,purchase,3
1065,445,view,1
1066,138,purchase,3
1066,68,view,1
1066,330,purchase,3
1066,455,cart,2
1066,239,view,1
1066,236,view,1
1066,137,purchase,3
1066,215,cart,2
1066,335,cart,2
1066,462,view,1
1066,245,cart,2
1066,236,cart,2
1066,185,cart,2
1067,61,purchase,3
1067,244,purchase,3
1067,284,view,1
1067,292,purchase,3
1067,81,purchase,3
1067,295,cart,2
1067,390,purchase,3
1067,185,cart,2
1067,263,purchase,3
1067,423,purchase,3
1067,252,purchase,3
1067,436,purchase,3
1067,84,purchase,3
1067,366,view,1
1067,468,cart,2
1068,483,view,1
1068,10,cart,2
1068,440,purchase,3
1068,158,cart,2
1068,446,purchase,3
1068,108,view,1
1068,386,view,1
1068,421,view,1
1069,267,cart,2
1069,478,purchase,3
1069,413,cart,2
1069,297,view,1
1069,240,view,1
1069,364,view,1
1069,208,view,1
1069,461,view,1
1069,237,view,1
1069,364,purchase,3
1069,441,view,1
1069,456,purchase,3
1069,164,view,1
1069,258,view,1
1069,289,view,1
1069,78,cart,2
1069,13,purchase,3
1069,75,purchase,3
1069,334,purchase,3
1070,411,cart,2
1070,187,cart,2
1070,253,cart,2
1070,57,cart,2
1070,78,purchase,3
1070,438,view,1
1070,376,view,1
1070,167,purchase,3
1070,18,view,1
1070,319,purchase,3
1070,304,purchase,3
1070,152,view,1
1071,152,purchase,3
1071,2,view,1
1071,203,cart,2
1071,129,purchase,3
1071,481,view,1
1071,464,view,1
1071,176,purchase,3
1071,87,cart,2
1071,279,cart,2
1072,241,cart,2
1072,47,view,1
1072,305,view,1
1072,199,view,1
1072,401,purchase,3
1072,404,cart,2
1072,409,view,1
1072,413,view,1
1072,409,purchase,3
1072,78,purchase,3
1072,478,purchase,3
1072,139,purchase,3
1072,194,view,1
1072,2,view,1
1072,419,purchase,3
1072,477,cart,2
1072,441,purchase,3
1072,132,cart,2
1072,67,view,1
1073,56,purchase,3
1073,139,purchase,3
1073,231,purchase,3
1073,348,cart,2
1073,425,purchase,3
1073,229,view,1
1073,433,view,1
1073,465,purchase,3
1073,118,purchase,3
1074,445,cart,2
1074,443,view,1
1074,447,view,1
1074,304,cart,2
1074,490,purchase,3
1074,135,view,1
1074,182,purchase,3
1074,290,cart,2
1074,240,view,1
1074,182,view,1
1074,128,view,1
1074,196,view,1
1074,213,view,1
1074,94,view,1
1074,479,cart,2
1074,497,view,1
1074,401,view,1
1074,109,cart,2
1074,152,view,1
1074,13,cart,2
1075,401,view,1
1075,296,purchase,3
1075,31,cart,2
1075,211,purchase,3
1075,413,purchase,3
1075,86,purchase,3
1075,30,view,1
1075,422,cart,2
1075,251,purchase,3
1075,225,cart,2
1075,110,cart,2
1075,248,purchase,3
1075,391,purchase,3
1075,82,view,1
1075,361,purchase,3
1075,86,cart,2
1075,307,cart,2
1075,413,cart,2
1075,274,view,1
1076,188,view,1
1076,133,view,1
1076,95,view,1
1076,231,view,1
1076,40,view,1
1076,421,view,1
1076,265,purchase,3
1076,18,purchase,3
1076,499,cart,2
1076,203,view,1
1076,190,purchase,3
1076,42,cart,2
1076,223,purchase,3
1076,143,purchase,3
1076,376,cart,2
1076,116,view,1
1076,463,purchase,3
1077,210,cart,2
1077,462,purchase,3
1077,461,purchase,3
1077,104,purchase,3
1077,23,purchase,3
1077,195,view,1
1077,421,purchase,3
1077,274,view,1
1077,471,cart,2
1078,339,purchase,3
1078,6,purchase,3
1078,445,view,1
1078,212,purchase,3
1078,440,purchase,3
1078,284,cart,2
1078,161,cart,2
1078,140,purchase,3
1078,29,cart,2
1078,217,view,1
1078,11,cart,2
1079,437,purchase,3
1079,74,purchase,3
1079,58,purchase,3
1079,363,purchase,3
1079,203,view,1
1079,254,purchase,3
1079,111,cart,2
1079,350,view,1
1079,108,view,1
1079,155,view,1
1079,432,view,1
1079,198,purchase,3
1079,395,view,1
1079,374,view,1
1079,99,cart,2
1080,119,purchase,3
1080,403,cart,2
1080,327,cart,2
1080,312,cart,2
1080,352,view,1
1080,436,purchase,3
1080,472,purchase,3
1081,297,cart,2
1081,80,view,1
1081,497,cart,2
1081,499,cart,2
1081,471,purchase,3
1081,2,view,1
1081,123,purchase,3
1082,124,purchase,3
1082,11,cart,2
1082,181,cart,2
1082,139,view,1
1082,156,view,1
1082,287,view,1
1082,67,view,1
1082,446,purchase,3
1082,383,view,1
1082,345,view,1
1082,48,cart,2
1082,253,purchase,3
1082,137,purchase,3
1082,214,cart,2
1082,477,cart,2
1083,340,view,1
1083,328,purchase,3
1083,307,purchase,3
1083,247,view,1
1083,207,view,1
1083,322,view,1
1084,340,purchase,3
1084,82,cart,2
1084,231,purchase,3
1084,326,cart,2
1084,106,purchase,3
1084,165,purchase,3
1084,82,view,1
1084,368,view,1
1084,374,cart,2
1084,65,cart,2
1084,71,view,1
1084,87,purchase,3
1085,106,purchase,3
1085,155,purchase,3
1085,310,view,1
1085,270,view,1
1085,58,view,1
1085,56,view,1
1085,220,purchase,3
1085,44,view,1
1086,45,purchase,3
1086,93,purchase,3
1086,270,view,1
1086,337,purchase,3
1086,446,purchase,3
1087,249,purchase,3
1087,324,cart,2
1087,496,purchase,3
1087,447,cart,2
1087,192,cart,2
1087,453,purchase,3
1087,372,view,1
1087,217,cart,2
1087,266,cart,2
1087,318,cart,2
1087,280,cart,2
1087,265,cart,2
1087,155,view,1
1087,287,view,1
1087,281,view,1
1087,115,view,1
1087,334,cart,2
1087,8,cart,2
1088,289,view,1
1088,13,purchase,3
1088,70,cart,2
1088,410,view,1
1088,419,view,1
1088,241,cart,2
1088,489,view,1
1088,140,purchase,3
1088,99,view,1
1089,337,purchase,3
1089,276,cart,2
1089,243,purchase,3
1089,378,view,1
1089,150,view,1
1089,47,cart,2
1089,165,view,1
1089,398,cart,2
1089,56,purchase,3
1089,100,purchase,3
1089,208,purchase,3
1089,212,purchase,3
1089,115,cart,2
1089,235,view,1
1090,438,cart,2
1090,329,view,1
1090,405,cart,2
1090,387,cart,2
1090,226,purchase,3
1090,148,cart,2
1091,131,view,1
1091,206,cart,2
1091,3,cart,2
1091,129,purchase,3
1091,462,purchase,3
1091,403,cart,2
1091,44,purchase,3
1091,233,cart,2
1091,487,cart,2
1091,385,cart,2
1091,294,view,1
1091,151,cart,2
1091,217,cart,2
1092,163,view,1
1092,256,cart,2
1092,377,cart,2
1092,3,cart,2
1092,196,cart,2
1092,406,view,1
1093,314,purchase,3
1093,81,view,1
1093,326,cart,2
1093,195,view,1
1093,454,view,1
1093,125,purchase,3
1093,374,purchase,3
1094,99,view,1
1094,358,view,1
1094,110,purchase,3
1094,242,purchase,3
1094,265,purchase,3
1094,427,view,1
1094,317,cart,2
1094,240,view,1
1094,462,view,1
1094,455,purchase,3
1094,208,view,1
1094,110,cart,2
1094,492,view,1
1095,199,view,1
1095,280,view,1
1095,397,cart,2
1095,464,purchase,3
1095,267,purchase,3
1095,274,purchase,3
1095,421,purchase,3
1095,45,cart,2
1095,195,purchase,3
1095,477,cart,2
1095,172,cart,2
1095,390,purchase,3
1095,259,purchase,3
1095,223,cart,2
1095,36,cart,2
1095,355,purchase,3
1095,61,cart,2
1096,135,purchase,3
1096,329,view,1
1096,17,view,1
1096,371,purchase,3
1096,229,view,1
1096,146,purchase,3
1096,266,cart,2
1096,470,view,1
1096,60,view,1
1097,138,purchase,3
1097,408,purchase,3
1097,190,purchase,3
1097,237,cart,2
1097,38,view,1
1097,178,cart,2
1097,273,cart,2
1097,198,purchase,3
1097,112,cart,2
1097,335,view,1
1097,78,view,1
1097,205,purchase,3
1097,288,view,1
1097,363,view,1
1097,279,view,1
1097,428,cart,2
1097,243,cart,2
1097,286,view,1
1097,193,purchase,3
1097,374,cart,2
1098,109,view,1
1098,173,view,1
1098,207,view,1
1098,102,view,1
1098,47,view,1
1098,118,cart,2
1098,45,view,1
1098,8,view,1
1098,498,view,1
1098,40,purchase,3
1098,10,purchase,3
1098,90,purchase,3
1098,261,cart,2
1099,248,view,1
1099,36,view,1
1099,422,cart,2
1099,309,cart,2
1099,69,cart,2
1099,68,cart,2
1099,473,purchase,3
1099,156,purchase,3
1099,243,purchase,3
1099,404,purchase,3
1100,60,purchase,3
1100,479,cart,2
1100,208,purchase,3
1100,30,cart,2
1100,350,cart,2
1100,416,cart,2
1100,444,cart,2
1100,291,purchase,3
1100,404,view,1
1100,450,purchase,3
1100,244,cart,2
1100,438,cart,2
1100,324,cart,2
1100,202,purchase,3
1100,296,cart,2
1100,68,purchase,3
1101,212,cart,2
1101,131,view,1
1101,115,view,1
1101,202,purchase,3
1101,497,view,1
1101,295,purchase,3
1101,135,view,1
1101,5,purchase,3
1101,55,view,1
1101,33,cart,2
1101,315,cart,2
1101,101,purchase,3
1101,468,purchase,3
1101,178,view,1
1101,39,view,1
1101,87,cart,2
1101,259,purchase,3
1101,29,cart,2
1101,351,view,1
1102,150,view,1
1102,334,purchase,3
1102,30,view,1
1102,324,cart,2
1102,85,cart,2
1102,421,purchase,3
1102,316,cart,2
1102,17,cart,2
1102,462,view,1
1102,105,view,1
1102,396,view,1
1102,184,view,1
1102,158,view,1
1103,327,cart,2
1103,208,cart,2
1103,263,cart,2
1103,462,view,1
1103,361,view,1
1103,89,view,1
1103,111,view,1
1103,363,cart,2
1103,56,cart,2
1103,428,cart,2
1103,368,purchase,3
1103,381,purchase,3
1103,7,purchase,3
1103,293,view,1
1103,111,cart,2
1103,414,view,1
1103,167,cart,2
1103,365,purchase,3
1103,467,purchase,3
1104,10,view,1
1104,460,view,1
1104,56,cart,2
1104,141,purchase,3
1104,246,cart,2
1104,17,purchase,3
1104,332,purchase,3
1104,19,purchase,3
1104,431,view,1
1104,389,cart,2
1105,278,purchase,3
1105,481,purchase,3
1105,487,cart,2
1105,338,view,1
1105,234,purchase,3
1105,292,view,1
1105,118,cart,2
1105,6,purchase,3
1105,255,view,1
1105,132,view,1
1105,9,view,1
1105,237,view,1
1105,181,purchase,3
1105,66,purchase,3
1105,455,purchase,3
1105,29,cart,2
1105,448,cart,2
1105,420,cart,2
1105,256,view,1
1106,241,view,1
1106,97,purchase,3
1106,158,view,1
1106,301,purchase,3
1106,146,view,1
1106,198,view,1
1106,58,purchase,3
1106,20,purchase,3
1106,361,purchase,3
1106,19,view,1
1106,328,cart,2
1106,173,view,1
1106,482,purchase,3
1106,393,view,1
1106,234,cart,2
1106,106,cart,2
1107,159,cart,2
1107,228,purchase,3
1107,130,purchase,3
1107,220,purchase,3
1107,200,view,1
1107,456,view,1
1107,433,view,1
1107,84,view,1
1107,188,cart,2
1107,289,purchase,3
1107,249,cart,2
1107,455,cart,2
1107,465,purchase,3
1107,186,view,1
1107,17,purchase,3
1107,397,cart,2
1107,155,cart,2
1107,457,cart,2
1108,80,view,1
1108,203,purchase,3
1108,56,cart,2
1108,392,purchase,3
1108,187,cart,2
1108,332,purchase,3
1108,150,cart,2
1108,374,cart,2
1108,317,cart,2
1108,84,view,1
1108,405,purchase,3
1108,486,view,1
1108,26,cart,2
1108,418,cart,2
1108,343,cart,2
1108,67,cart,2
1109,405,cart,2
1109,154,cart,2
1109,309,view,1
1109,239,cart,2
1109,438,purchase,3
1109,462,view,1
1109,418,view,1
1109,382,cart,2
1109,496,view,1
1109,154,purchase,3
1109,106,view,1
1109,136,cart,2
1109,119,cart,2
1109,367,purchase,3
1110,365,cart,2
1110,15,purchase,3
1110,127,view,1
1110,470,cart,2
1110,110,cart,2
1110,125,cart,2
1110,241,purchase,3
1110,147,purchase,3
1110,79,purchase,3
1110,251,cart,2
1110,268,purchase,3
1110,475,purchase,3
1110,201,purchase,3
1110,420,view,1
1110,281,cart,2
1110,216,purchase,3
1110,266,cart,2
1111,481,cart,2
1111,307,cart,2
1111,160,cart,2
1111,124,view,1
1111,62,view,1
1111,375,view,1
1111,499,purchase,3
1111,397,view,1
1111,412,cart,2
1111,124,purchase,3
1112,431,cart,2
1112,345,purchase,3
1112,322,view,1
1112,40,view,1
1112,340,view,1
1112,387,cart,2
1112,200,cart,2
1112,103,purchase,3
1113,69,view,1
1113,414,cart,2
1113,462,view,1
1113,24,view,1
1113,322,purchase,3
1113,280,view,1
1113,500,view,1
1113,107,view,1
1113,118,purchase,3
1113,319,cart,2
1113,1,cart,2
1113,105,purchase,3
1113,76,cart,2
1113,100,view,1
1113,411,purchase,3
1113,441,view,1
1113,470,cart,2
1113,120,purchase,3
1113,129,purchase,3
1113,352,view,1
1114,370,cart,2
1114,47,view,1
1114,362,view,1
1114,66,purchase,3
1114,242,cart,2
1114,428,view,1
1115,420,view,1
1115,246,cart,2
1115,65,view,1
1115,377,view,1
1115,203,cart,2
1115,370,purchase,3
1115,426,view,1
1115,90,view,1
1116,90,cart,2
1116,373,view,1
1116,51,cart,2
1116,11,cart,2
1116,104,cart,2
1116,47,cart,2
1116,29,view,1
1116,397,purchase,3
1116,125,cart,2
1116,321,cart,2
1116,406,purchase,3
1116,233,view,1
1116,378,cart,2
1116,358,view,1
1116,8,purchase,3
1116,82,cart,2
1116,209,view,1
1116,416,purchase,3
1117,142,purchase,3
1117,156,cart,2
1117,181,purchase,3
1117,314,purchase,3
1117,470,purchase,3
1117,181,view,1
1117,81,purchase,3
1117,5,view,1
1118,465,purchase,3
1118,191,purchase,3
1118,349,cart,2
1118,249,cart,2
1118,329,purchase,3
1118,164,cart,2
1118,258,cart,2
1118,7,view,1
1118,300,cart,2
1118,396,purchase,3
1118,289,purchase,3
1118,109,purchase,3
1118,416,purchase,3
1118,325,cart,2
1118,24,view,1
1118,158,purchase,3
1118,421,view,1
1119,3,view,1
1119,158,cart,2
1119,80,view,1
1119,391,cart,2
1119,277,purchase,3
1119,155,view,1
1119,133,view,1
1119,167,cart,2
1119,5,cart,2
1119,37,cart,2
1119,321,purchase,3
1119,424,cart,2
1119,144,cart,2
1119,303,purchase,3
1119,105,cart,2
1119,244,view,1
1119,280,cart,2
1119,145,view,1
1119,55,view,1
1119,455,view,1
1120,454,view,1
1120,398,purchase,3
1120,439,view,1
1120,405,cart,2
1120,236,purchase,3
1120,174,cart,2
1120,58,view,1
1120,43,view,1
1120,215,cart,2
1120,225,cart,2
1120,420,purchase,3
1120,168,view,1
1120,336,cart,2
1121,22,cart,2
1121,456,cart,2
1121,406,cart,2
1121,322,view,1
1121,165,cart,2
1122,111,cart,2
1122,98,view,1
1122,107,view,1
1122,236,purchase,3
1122,364,purchase,3
1122,417,cart,2
1122,175,cart,2
1123,229,cart,2
1123,368,purchase,3
1123,198,cart,2
1123,145,purchase,3
1123,302,purchase,3
1123,243,cart,2
1123,117,cart,2
1123,191,purchase,3
1123,178,view,1
1124,467,cart,2
1124,194,cart,2
1124,153,purchase,3
1124,138,view,1
1124,24,cart,2
1124,168,cart,2
1124,126,view,1
1124,166,cart,2
1124,360,purchase,3
1124,320,cart,2
1124,415,purchase,3
1124,20,view,1
1124,74,cart,2
1124,444,purchase,3
1124,346,purchase,3
1124,260,purchase,3
1124,50,cart,2
1125,482,purchase,3
1125,407,cart,2
1125,388,purchase,3
1125,362,view,1
1125,230,cart,2
1125,117,view,1
1125,278,view,1
1125,473,view,1
1125,121,cart,2
1125,353,cart,2
1125,198,purchase,3
1125,292,cart,2
1125,102,purchase,3
1125,104,view,1
1125,327,cart,2
1125,443,purchase,3
1125,69,purchase,3
1125,379,purchase,3
1125,426,cart,2
1126,169,view,1
1126,458,cart,2
1126,161,purchase,3
1126,205,purchase,3
1126,314,purchase,3
1126,243,view,1
1126,452,view,1
1126,12,cart,2
1126,472,view,1
1126,79,view,1
1127,381,cart,2
1127,463,view,1
1127,120,cart,2
1127,43,view,1
1127,206,purchase,3
1127,104,cart,2
1127,436,cart,2
1127,293,view,1
1127,19,cart,2
1127,43,view,1
1127,121,purchase,3
1127,382,view,1
1127,30,view,1
1127,38,view,1
1127,490,purchase,3
1127,305,purchase,3
1127,230,purchase,3
1127,188,view,1
1127,406,view,1
1128,156,cart,2
1128,71,view,1
1128,203,purchase,3
1128,192,view,1
1128,339,purchase,3
1128,421,cart,2
1128,339,cart,2
1128,345,cart,2
1128,275,cart,2
1129,459,cart,2
1129,165,cart,2
1129,212,purchase,3
1129,131,view,1
1129,43,cart,2
1129,380,view,1
1129,197,cart,2
1129,187,purchase,3
1129,176,purchase,3
1129,306,cart,2
1129,454,purchase,3
1129,7,cart,2
1129,500,view,1
1129,471,purchase,3
1129,43,cart,2
1129,252,view,1
1129,219,cart,2
1129,125,cart,2
1129,205,view,1
1130,195,cart,2
1130,91,cart,2
1130,480,view,1
1130,192,cart,2
1130,277,purchase,3
1130,212,purchase,3
1130,427,view,1
1130,395,purchase,3
1130,449,purchase,3
1130,214,purchase,3
1130,17,view,1
1130,450,cart,2
1130,194,purchase,3
1131,188,purchase,3
1131,459,cart,2
1131,495,purchase,3
1131,437,cart,2
1131,437,purchase,3
1131,413,purchase,3
1131,60,view,1
1131,290,purchase,3
1131,313,view,1
1131,491,view,1
1131,377,cart,2
1131,466,purchase,3
1131,308,cart,2
1131,365,cart,2
1131,325,purchase,3
1132,431,cart,2
1132,183,cart,2
1132,384,cart,2
1132,369,cart,2
1132,439,cart,2
1132,69,cart,2
1133,49,cart,2
1133,342,cart,2
1133,301,view,1
1133,331,purchase,3
1133,434,cart,2
1133,186,cart,2
1133,427,cart,2
1133,333,view,1
1133,368,purchase,3
1133,68,cart,2
1133,255,view,1
1133,186,purchase,3
1133,285,view,1
1133,127,cart,2
1133,470,purchase,3
1133,447,view,1
1133,493,cart,2
1133,314,view,1
1133,231,purchase,3
1133,431,cart,2
1134,126,purchase,3
1134,205,view,1
1134,31,view,1
1134,282,purchase,3
1134,137,view,1
1134,300,cart,2
1135,266,purchase,3
1135,466,cart,2
1135,212,cart,2
1135,149,cart,2
1135,355,view,1
1135,49,purchase,3
1135,34,purchase,3
1135,468,purchase,3
1135,97,view,1
1135,328,view,1
1135,32,cart,2
1135,9,purchase,3
1136,210,purchase,3
1136,152,view,1
1136,10,cart,2
1136,245,purchase,3
1136,379,purchase,3
1136,497,cart,2
1136,57,cart,2
1136,469,view,1
1136,251,purchase,3
1136,102,purchase,3
1136,183,purchase,3
1136,489,view,1
1136,176,view,1
1136,373,purchase,3
1136,280,view,1
1136,173,view,1
1136,31,purchase,3
1136,432,cart,2
1137,127,cart,2
1137,399,cart,2
1137,462,view,1
1137,165,view,1
1137,410,purchase,3
1137,262,purchase,3
1137,294,view,1
1137,238,view,1
1137,487,view,1
1137,43,view,1
1137,36,cart,2
1137,162,purchase,3
1137,6,cart,2
1137,29,cart,2
1137,110,view,1
1137,430,cart,2
1137,354,purchase,3
1137,235,cart,2
1137,396,view,1
1138,132,cart,2
1138,481,cart,2
1138,316,view,1
1138,332,view,1
1138,174,view,1
1138,430,purchase,3
1138,476,cart,2
1138,491,view,1
1138,467,cart,2
1138,77,view,1
1138,216,cart,2
1138,68,purchase,3
1138,33,view,1
1138,18,cart,2
1139,227,cart,2
1139,462,view,1
1139,321,view,1
1139,302,purchase,3
1139,443,view,1
1139,310,purchase,3
1139,275,view,1
1139,300,cart,2
1139,431,view,1
1139,361,purchase,3
1139,138,cart,2
1139,157,purchase,3
1139,432,view,1
1140,372,purchase,3
1140,22,view,1
1140,149,view,1
1140,448,purchase,3
1140,58,purchase,3
1140,62,purchase,3
1140,234,cart,2
1140,67,view,1
1140,373,cart,2
1140,464,purchase,3
1140,442,view,1
1140,208,purchase,3
1140,301,view,1
1140,418,purchase,3
1141,421,cart,2
1141,187,purchase,3
1141,150,cart,2
1141,39,purchase,3
1141,260,cart,2
1141,337,cart,2
1142,306,purchase,3
1142,165,cart,2
1142,169,view,1
1142,317,purchase,3
1142,122,purchase,3
1142,45,view,1
1142,319,view,1
1142,500,cart,2
1142,173,cart,2
1142,495,purchase,3
1142,467,view,1
1142,247,cart,2
1142,101,view,1
1143,264,purchase,3
1143,322,purchase,3
1143,453,purchase,3
1143,420,cart,2
1143,466,view,1
1143,67,purchase,3
1144,354,cart,2
1144,74,view,1
1144,137,purchase,3
1144,66,cart,2
1144,265,cart,2
1144,321,view,1
1145,336,cart,2
1145,10,purchase,3
1145,208,purchase,3
1145,139,view,1
1145,442,cart,2
1145,145,purchase,3
1145,334,view,1
1145,217,view,1
1145,204,purchase,3
1145,96,view,1
1145,159,purchase,3
1145,184,purchase,3
1145,158,cart,2
1145,417,purchase,3
1145,453,cart,2
1145,26,cart,2
1145,361,cart,2
1145,412,view,1
1145,125,purchase,3
1145,100,cart,2
1146,424,purchase,3
1146,320,cart,2
1146,57,view,1
1146,172,cart,2
1146,9,cart,2
1146,142,purchase,3
1146,422,cart,2
1146,160,cart,2
1146,220,cart,2
1146,160,view,1
1146,283,cart,2
1146,43,view,1
1146,484,cart,2
1146,23,view,1
1146,201,purchase,3
1146,234,view,1
1146,290,purchase,3
1146,76,view,1
1147,102,purchase,3
1147,246,purchase,3
1147,474,cart,2
1147,173,view,1
1147,414,purchase,3
1147,67,cart,2
1147,173,view,1
1148,15,cart,2
1148,122,cart,2
1148,488,purchase,3
1148,7,view,1
1148,476,cart,2
1148,319,purchase,3
1148,468,cart,2
1148,328,cart,2
1148,178,cart,2
1148,463,view,1
1148,81,view,1
1148,128,view,1
1149,179,purchase,3
1149,276,cart,2
1149,280,cart,2
1149,15,cart,2
1149,396,view,1
1150,174,view,1
1150,43,cart,2
1150,458,cart,2
1150,122,purchase,3
1150,363,purchase,3
1150,23,view,1
1150,411,cart,2
1150,375,purchase,3
1150,233,view,1
1150,429,view,1
1150,293,purchase,3
1151,336,view,1
1151,105,cart,2
1151,274,view,1
1151,193,cart,2
1151,163,view,1
1151,482,cart,2
1151,194,purchase,3
1151,194,purchase,3
1151,479,cart,2
1151,239,purchase,3
1151,299,view,1
1151,301,cart,2
1151,422,view,1
1151,445,purchase,3
1151,27,purchase,3
1151,12,cart,2
1152,322,cart,2
1152,80,purchase,3
1152,302,purchase,3
1152,343,view,1
1152,110,purchase,3
1152,132,view,1
1152,51,cart,2
1152,193,purchase,3
1152,138,cart,2
1152,469,purchase,3
1152,290,purchase,3
1152,104,cart,2
1152,424,view,1
1152,475,view,1
1153,345,cart,2
1153,297,cart,2
1153,200,purchase,3
1153,368,purchase,3
1153,260,purchase,3
1153,236,view,1
1153,374,cart,2
1153,406,purchase,3
1153,366,cart,2
1153,68,cart,2
1153,126,view,1
1153,134,cart,2
1154,202,purchase,3
1154,325,view,1
1154,142,purchase,3
1154,246,cart,2
1154,486,cart,2
1154,409,purchase,3
1154,327,cart,2
1154,382,cart,2
1154,287,cart,2
1154,402,purchase,3
1154,174,purchase,3
1154,169,purchase,3
1154,332,cart,2
1155,114,purchase,3
1155,117,view,1
1155,488,cart,2
1155,351,purchase,3
1155,68,cart,2
1155,466,cart,2
1155,347,cart,2
1155,289,purchase,3
1155,412,purchase,3
1155,132,cart,2
1155,377,cart,2
1155,230,cart,2
1155,339,purchase,3
1155,65,purchase,3
1155,493,cart,2
1155,418,view,1
1156,439,cart,2
1156,211,view,1
1156,465,cart,2
1156,267,purchase,3
1156,281,purchase,3
1156,456,cart,2
1156,458,view,1
1157,483,cart,2
1157,65,view,1
1157,20,view,1
1157,55,cart,2
1157,389,purchase,3
1157,385,purchase,3
1157,52,view,1
1157,255,view,1
1157,281,cart,2
1157,151,view,1
1157,413,cart,2
1157,414,cart,2
1157,413,cart,2
1158,58,view,1
1158,353,purchase,3
1158,4,view,1
1158,441,cart,2
1158,15,purchase,3
1158,68,view,1
1158,233,purchase,3
1158,394,purchase,3
1158,172,cart,2
1158,283,purchase,3
1158,336,purchase,3
1158,467,purchase,3
1158,465,purchase,3
1158,98,cart,2
1158,308,purchase,3
1158,30,view,1
1158,21,cart,2
1159,306,cart,2
1159,283,purchase,3
1159,455,purchase,3
1159,68,view,1
1159,279,view,1
1159,407,purchase,3
1159,64,purchase,3
1159,140,purchase,3
1159,271,purchase,3
1160,132,purchase,3
1160,82,view,1
1160,56,purchase,3
1160,41,purchase,3
1160,343,view,1
1160,15,purchase,3
1160,383,purchase,3
1160,167,purchase,3
1160,5,cart,2
1160,97,view,1
1160,212,purchase,3
1160,217,purchase,3
1160,290,purchase,3
1160,383,cart,2
1160,398,cart,2
1160,378,cart,2
1160,103,view,1
1160,357,view,1
1161,294,view,1
1161,324,cart,2
1161,462,cart,2
1161,305,purchase,3
1161,252,view,1
1161,253,purchase,3
1161,462,purchase,3
1161,81,purchase,3
1161,110,view,1
1161,84,cart,2
1161,56,cart,2
1161,412,cart,2
1161,15,view,1
1161,294,view,1
1161,223,purchase,3
1161,288,view,1
1161,487,view,1
1161,405,view,1
1162,71,purchase,3
1162,10,view,1
1162,320,purchase,3
1162,474,view,1
1162,188,cart,2
1162,109,view,1
1162,291,view,1
1162,83,view,1
1162,379,cart,2
1162,4,cart,2
1162,190,cart,2
1162,184,cart,2
1162,414,cart,2
1163,415,cart,2
1163,154,purchase,3
1163,337,cart,2
1163,475,purchase,3
1163,448,view,1
1163,358,view,1
1163,325,view,1
1163,430,purchase,3
1164,99,view,1
1164,220,purchase,3
1164,114,cart,2
1164,427,view,1
1164,382,cart,2
1164,108,cart,2
1164,156,cart,2
1164,314,cart,2
1164,158,view,1
1164,269,purchase,3
1165,426,view,1
1165,393,cart,2
1165,423,purchase,3
1165,154,purchase,3
1165,433,cart,2
1166,50,cart,2
1166,419,view,1
1166,450,purchase,3
1166,3,purchase,3
1166,163,purchase,3
1167,373,purchase,3
1167,257,cart,2
1167,247,cart,2
1167,373,view,1
1167,16,view,1
1167,186,purchase,3
1167,157,view,1
1167,165,cart,2
1167,139,view,1
1167,357,cart,2
1167,284,purchase,3
1167,279,view,1
1167,274,cart,2
1168,10,purchase,3
1168,121,purchase,3
1168,122,cart,2
1168,321,purchase,3
1168,70,cart,2
1169,339,view,1
1169,119,purchase,3
1169,457,purchase,3
1169,162,purchase,3
1169,65,cart,2
1170,73,view,1
1170,434,view,1
1170,25,cart,2
1170,454,cart,2
1170,333,cart,2
1170,278,view,1
1170,157,purchase,3
1170,200,view,1
1170,240,view,1
1170,90,purchase,3
1170,354,cart,2
1170,173,cart,2
1170,454,purchase,3
1170,64,view,1
1170,321,view,1
1170,107,cart,2
1170,90,purchase,3
1170,100,view,1
1170,93,purchase,3
1171,216,cart,2
1171,193,view,1
1171,429,cart,2
1171,429,purchase,3
1171,342,view,1
1171,137,cart,2
1171,285,cart,2
1171,21,purchase,3
1171,144,view,1
1171,329,purchase,3
1171,266,view,1
1171,481,cart,2
1172,124,view,1
1172,389,view,1
1172,345,cart,2
1172,271,cart,2
1172,374,view,1
1172,240,view,1
1172,482,cart,2
1172,65,cart,2
1172,227,purchase,3
1172,187,view,1
1172,60,view,1
1172,419,cart,2
1172,24,view,1
1172,469,view,1
1172,67,view,1
1172,410,cart,2
1172,338,cart,2
1173,144,view,1
1173,49,cart,2
1173,334,view,1
1173,319,purchase,3
1173,169,cart,2
1173,500,purchase,3
1173,395,purchase,3
1173,198,purchase,3
1173,328,purchase,3
1173,142,cart,2
1173,372,purchase,3
1173,424,purchase,3
1173,67,view,1
1173,153,view,1
1173,40,purchase,3
1173,461,cart,2
1173,250,purchase,3
1173,247,purchase,3
1173,308,cart,2
1174,372,view,1
1174,262,cart,2
1174,55,view,1
1174,82,purchase,3
1174,124,cart,2
1174,391,purchase,3
1174,65,view,1
1174,25,view,1
1174,324,purchase,3
1174,209,purchase,3
1174,263,cart,2
1174,278,purchase,3
1175,410,cart,2
1175,395,view,1
1175,351,view,1
1175,410,purchase,3
1175,215,cart,2
1175,188,view,1
1175,192,cart,2
1175,16,view,1
1175,163,purchase,3
1175,81,cart,2
1175,457,view,1
1175,323,cart,2
1175,181,cart,2
1175,340,view,1
1176,10,view,1
1176,295,purchase,3
1176,452,cart,2
1176,376,cart,2
1176,168,purchase,3
1176,284,view,1
1176,250,view,1
1176,176,cart,2
1176,159,cart,2
1176,76,view,1
1176,70,purchase,3
1176,464,view,1
1176,449,purchase,3
1176,218,purchase,3
1176,362,view,1
1176,344,view,1
1176,121,view,1
1176,416,cart,2
1176,58,view,1
1177,113,purchase,3
1177,146,cart,2
1177,100,view,1
1177,444,cart,2
1177,387,purchase,3
1177,493,cart,2
1177,453,purchase,3
1177,219,cart,2
1178,293,cart,2
1178,56,cart,2
1178,87,purchase,3
1178,191,cart,2
1178,77,view,1
1178,301,cart,2
1178,175,view,1
1178,8,purchase,3
1178,500,cart,2
1178,30,purchase,3
1178,259,purchase,3
1179,114,view,1
1179,289,view,1
1179,265,purchase,3
1179,269,purchase,3
1179,131,purchase,3
1179,150,purchase,3
1179,78,view,1
1180,453,purchase,3
1180,228,view,1
1180,398,purchase,3
1180,497,purchase,3
1180,271,purchase,3
1180,264,cart,2
1180,467,purchase,3
1180,269,view,1
1180,8,purchase,3
1180,262,cart,2
1180,290,view,1
1180,179,purchase,3
1180,484,cart,2
1180,72,cart,2
1180,310,cart,2
1181,188,view,1
1181,283,view,1
1181,284,purchase,3
1181,395,purchase,3
1181,214,purchase,3
1181,162,purchase,3
1181,406,view,1
1181,93,purchase,3
1181,69,view,1
1181,59,cart,2
1181,134,cart,2
1181,132,view,1
1181,465,purchase,3
1181,80,purchase,3
1181,119,purchase,3
1181,300,purchase,3
1181,131,cart,2
1181,265,cart,2
1182,383,cart,2
1182,412,view,1
1182,480,view,1
1182,394,view,1
1182,94,cart,2
1182,415,cart,2
1182,372,purchase,3
1182,78,cart,2
1182,270,view,1
1182,362,purchase,3
1182,203,purchase,3
1182,322,cart,2
1182,187,cart,2
1182,375,purchase,3
1182,445,purchase,3
1182,39,view,1
1182,182,purchase,3
1182,303,view,1
1182,361,cart,2
1183,432,purchase,3
1183,390,purchase,3
1183,342,view,1
1183,474,view,1
1183,100,view,1
1183,133,cart,2
1183,212,purchase,3
1183,205,purchase,3
1183,451,purchase,3
1183,122,view,1
1183,131,purchase,3
1183,163,purchase,3
1183,199,view,1
1183,386,cart,2
1183,99,cart,2
1183,162,view,1
1183,442,view,1
1184,299,cart,2
1184,423,purchase,3
1184,309,view,1
1184,233,purchase,3
1184,347,cart,2
1184,419,purchase,3
1184,231,purchase,3
1184,125,cart,2
1185,72,view,1
1185,147,cart,2
1185,222,cart,2
1185,396,cart,2
1185,451,purchase,3
1185,366,view,1
1185,221,cart,2
1185,304,purchase,3
1185,55,view,1
1185,294,cart,2
1185,224,purchase,3
1185,113,purchase,3
1185,12,cart,2
1185,363,purchase,3
1185,173,purchase,3
1185,476,view,1
1185,371,cart,2
1185,59,purchase,3
1186,481,cart,2
1186,330,purchase,3
1186,341,view,1
1186,454,cart,2
1186,267,purchase,3
1187,491,view,1
1187,433,view,1
1187,274,view,1
1187,189,purchase,3
1187,475,view,1
1187,196,cart,2
1187,133,view,1
1187,97,view,1
1187,255,view,1
1187,111,purchase,3
1187,410,view,1
1187,194,view,1
1187,470,purchase,3
1187,97,cart,2
1187,461,view,1
1187,413,view,1
1187,285,cart,2
1187,411,view,1
1188,171,view,1
1188,390,purchase,3
1188,172,purchase,3
1188,425,purchase,3
1188,17,cart,2
1188,227,cart,2
1188,26,cart,2
1188,135,view,1
1188,343,cart,2
1189,371,cart,2
1189,453,view,1
1189,429,view,1
1189,45,cart,2
1189,195,view,1
1189,458,view,1
1189,454,cart,2
1189,65,view,1
1189,235,purchase,3
1189,74,purchase,3
1189,321,cart,2
1189,283,cart,2
1189,383,cart,2
1189,402,purchase,3
1189,265,cart,2
1189,242,purchase,3
1189,424,view,1
1189,284,view,1
1189,254,purchase,3
1190,247,purchase,3
1190,243,view,1
1190,116,purchase,3
1190,115,view,1
1190,350,purchase,3
1190,394,cart,2
1190,383,view,1
1190,134,cart,2
1190,325,purchase,3
1190,423,view,1
1190,173,view,1
1190,168,cart,2
1190,347,view,1
1190,257,cart,2
1190,204,cart,2
1190,348,purchase,3
1191,362,view,1
1191,87,cart,2
1191,388,view,1
1191,259,purchase,3
1191,259,purchase,3
1191,218,cart,2
1191,51,cart,2
1191,83,purchase,3
1191,399,view,1
1191,10,view,1
1191,162,purchase,3
1191,203,view,1
1191,126,cart,2
1192,50,view,1
1192,466,cart,2
1192,410,view,1
1192,254,view,1
1192,56,view,1
1192,420,purchase,3
1192,197,cart,2
1193,461,view,1
1193,118,view,1
1193,7,view,1
1193,213,view,1
1193,113,purchase,3
1194,129,view,1
1194,122,view,1
1194,314,cart,2
1194,342,view,1
1194,245,purchase,3
1195,49,view,1
1195,403,view,1
1195,386,purchase,3
1195,79,view,1
1195,407,purchase,3
1195,485,view,1
1195,74,cart,2
1195,271,view,1
1195,452,view,1
1195,191,view,1
1195,404,view,1
1196,245,cart,2
1196,450,view,1
1196,253,purchase,3
1196,231,view,1
1196,484,view,1
1196,450,view,1
1196,288,cart,2
1196,291,purchase,3
1196,247,purchase,3
1196,222,cart,2
1196,280,purchase,3
1196,151,cart,2
1197,377,view,1
1197,379,view,1
1197,218,view,1
1197,371,purchase,3
1197,416,cart,2
1197,97,cart,2
1197,354,view,1
1197,235,purchase,3
1197,381,cart,2
1197,68,view,1
1197,138,purchase,3
1197,200,cart,2
1197,109,purchase,3
1197,60,cart,2
1197,338,view,1
1197,139,purchase,3
1198,10,view,1
1198,45,view,1
1198,493,purchase,3
1198,158,view,1
1198,299,cart,2
1198,118,purchase,3
1198,96,purchase,3
1198,194,view,1
1198,291,cart,2
1198,498,cart,2
1199,402,view,1
1199,377,view,1
1199,109,cart,2
1199,374,cart,2
1199,13,cart,2
1199,147,cart,2
1199,62,cart,2
1199,243,view,1
1199,191,view,1
1200,375,cart,2
1200,289,purchase,3
1200,451,cart,2
1200,286,cart,2
1200,482,view,1
1200,425,purchase,3
1200,249,cart,2
1200,318,view,1
1200,165,purchase,3
1200,82,view,1
1200,41,cart,2
1200,379,purchase,3
1200,292,view,1
1200,380,view,1
1200,129,cart,2
1200,241,view,1
1200,319,view,1
1200,331,cart,2
1200,422,view,1
1201,458,view,1
1201,36,view,1
1201,79,view,1
1201,322,purchase,3
1201,410,view,1
1201,275,view,1
1201,313,cart,2
1201,190,purchase,3
1201,127,cart,2
1201,33,purchase,3
1201,456,view,1
1201,416,cart,2
1201,325,purchase,3
1201,118,cart,2
1201,114,view,1
1201,355,purchase,3
1201,59,view,1
1201,376,purchase,3
1201,160,view,1
1202,86,view,1
1202,458,view,1
1202,391,view,1
1202,448,view,1
1202,334,cart,2
1203,241,purchase,3
1203,240,purchase,3
1203,448,view,1
1203,423,cart,2
1203,56,purchase,3
1204,284,cart,2
1204,313,view,1
1204,430,view,1
1204,220,purchase,3
1204,65,view,1
1204,443,view,1
1204,414,purchase,3
1204,47,cart,2
1204,481,view,1
1204,297,cart,2
1204,262,view,1
1204,487,view,1
1204,95,view,1
1204,250,view,1
1204,311,purchase,3
1204,478,cart,2
1204,61,view,1
1204,269,view,1
1204,126,purchase,3
1205,7,view,1
1205,323,purchase,3
1205,487,view,1
1205,228,view,1
1205,287,purchase,3
1205,312,view,1
1205,343,cart,2
1205,198,cart,2
1205,416,purchase,3
1206,180,purchase,3
1206,310,cart,2
1206,403,view,1
1206,195,view,1
1206,242,purchase,3
1206,359,cart,2
1206,24,purchase,3
1206,277,view,1
1206,247,view,1
1206,192,cart,2
1206,421,cart,2
1206,213,cart,2
1206,158,view,1
1207,291,view,1
1207,11,cart,2
1207,349,cart,2
1207,61,purchase,3
1207,280,cart,2
1207,362,purchase,3
1207,12,purchase,3
1207,99,purchase,3
1207,357,purchase,3
1207,89,view,1
1207,56,cart,2
1207,51,purchase,3
1207,431,cart,2
1207,324,cart,2
1207,433,purchase,3
1208,58,purchase,3
1208,415,purchase,3
1208,54,view,1
1208,345,cart,2
1208,251,view,1
1208,47,cart,2
1208,360,cart,2
1208,340,view,1
1208,324,cart,2
1208,161,view,1
1208,39,purchase,3
1208,493,purchase,3
1208,433,view,1
1209,266,cart,2
1209,448,view,1
1209,472,view,1
1209,177,purchase,3
1209,468,purchase,3
1209,186,purchase,3
1209,244,cart,2
1209,173,cart,2
1209,493,cart,2
1209,361,view,1
1209,434,cart,2
1209,415,view,1
1209,489,view,1
1209,444,view,1
1209,440,cart,2
1209,64,cart,2
1209,458,view,1
1209,185,view,1
1209,378,purchase,3
1209,198,purchase,3
1210,103,purchase,3
1210,151,purchase,3
1210,238,cart,2
1210,139,purchase,3
1210,281,purchase,3
1210,455,view,1
1210,185,cart,2
1211,2,view,1
1211,258,cart,2
1211,352,cart,2
1211,44,view,1
1211,168,cart,2
1211,115,cart,2
1211,378,purchase,3
1212,311,view,1
1212,350,cart,2
1212,352,purchase,3
1212,46,cart,2
1212,79,view,1
1212,250,purchase,3
1212,498,purchase,3
1212,325,purchase,3
1212,247,cart,2
1212,484,cart,2
1212,461,cart,2
1212,146,view,1
1212,428,view,1
1212,489,view,1
1212,130,view,1
1212,480,view,1
1213,170,view,1
1213,448,cart,2
1213,2,cart,2
1213,496,purchase,3
1213,298,purchase,3
1213,410,purchase,3
1213,113,view,1
1213,55,cart,2
1213,271,view,1
1213,223,purchase,3
1214,422,purchase,3
1214,500,cart,2
1214,198,cart,2
1214,397,purchase,3
1214,347,purchase,3
1214,358,view,1
1214,433,purchase,3
1214,183,purchase,3
1214,85,purchase,3
1214,14,cart,2
1215,27,view,1
1215,24,cart,2
1215,391,view,1
1215,116,purchase,3
1215,34,view,1
1215,3,purchase,3
1215,438,view,1
1215,194,view,1
1215,20,view,1
1215,360,cart,2
1215,213,view,1
1215,139,purchase,3
1215,468,view,1
1215,326,view,1
1215,159,view,1
1215,78,view,1
1216,418,cart,2
1216,167,purchase,3
1216,410,view,1
1216,465,view,1
1216,263,purchase,3
1216,34,purchase,3
1216,240,cart,2
1216,415,purchase,3
1216,151,purchase,3
1216,275,cart,2
1217,359,cart,2
1217,147,cart,2
1217,438,purchase,3
1217,384,view,1
1217,112,cart,2
1217,179,purchase,3
1218,19,view,1
1218,77,purchase,3
1218,312,view,1
1218,22,cart,2
1218,202,purchase,3
1219,334,view,1
1219,78,purchase,3
1219,16,purchase,3
1219,212,cart,2
1219,450,purchase,3
1219,343,cart,2
1219,124,view,1
1219,256,cart,2
1219,458,view,1
1220,295,cart,2
1220,305,cart,2
1220,223,view,1
1220,408,view,1
1220,177,purchase,3
1220,248,cart,2
1220,79,cart,2
1220,260,cart,2
1220,472,cart,2
1220,470,cart,2
1220,161,purchase,3
1220,267,view,1
1220,118,view,1
1220,257,purchase,3
1220,440,view,1
1220,492,view,1
1220,383,cart,2
1221,290,purchase,3
1221,77,purchase,3
1221,480,purchase,3
1221,299,view,1
1221,414,view,1
1221,242,purchase,3
1221,192,purchase,3
1221,237,cart,2
1221,165,cart,2
1221,418,cart,2
1221,119,cart,2
1221,195,cart,2
1221,138,purchase,3
1222,6,cart,2
1222,461,view,1
1222,389,view,1
1222,100,view,1
1222,282,cart,2
1222,362,cart,2
1222,252,purchase,3
1223,337,cart,2
1223,16,cart,2
1223,8,view,1
1223,246,purchase,3
1223,496,purchase,3
1223,208,view,1
1223,416,cart,2
1223,122,cart,2
1223,310,purchase,3
1224,482,view,1
1224,54,purchase,3
1224,8,purchase,3
1224,436,purchase,3
1224,494,view,1
1224,5,cart,2
1224,253,view,1
1224,367,purchase,3
1224,64,cart,2
1224,327,cart,2
1224,25,view,1
1224,226,view,1
1224,82,purchase,3
1224,317,purchase,3
1224,388,cart,2
1224,64,view,1
1224,493,view,1
1224,185,purchase,3
1224,339,cart,2
1224,40,view,1
1225,68,view,1
1225,108,cart,2
1225,39,cart,2
1225,130,cart,2
1225,213,purchase,3
1225,495,purchase,3
1225,149,purchase,3
1225,229,cart,2
1226,88,cart,2
1226,71,view,1
1226,498,view,1
1226,473,cart,2
1226,69,cart,2
1226,366,purchase,3
1226,246,view,1
1226,424,cart,2
1226,154,purchase,3
1226,172,view,1
1226,167,cart,2
1226,205,purchase,3
1226,100,cart,2
1226,296,view,1
1227,143,cart,2
1227,315,purchase,3
1227,238,cart,2
1227,151,cart,2
1227,18,cart,2
1227,113,purchase,3
1227,409,cart,2
1227,71,cart,2
1228,246,cart,2
1228,443,purchase,3
1228,130,cart,2
1228,86,cart,2
1228,394,purchase,3
1228,132,purchase,3
1228,206,view,1
1228,257,purchase,3
1228,227,purchase,3
1228,174,view,1
1228,220,cart,2
1228,229,view,1
1228,299,view,1
1228,347,view,1
1228,375,cart,2
1228,426,view,1
1228,250,cart,2
1228,333,purchase,3
1229,364,cart,2
1229,3,purchase,3
1229,482,cart,2
1229,440,cart,2
1229,262,cart,2
1229,3,purchase,3
1229,409,view,1
1229,356,view,1
1229,142,view,1
1229,386,view,1
1229,221,purchase,3
1229,346,view,1
1229,436,purchase,3
1229,141,view,1
1229,390,view,1
1229,488,cart,2
1229,469,cart,2
1230,402,cart,2
1230,86,cart,2
1230,339,view,1
1230,247,purchase,3
1230,404,purchase,3
1230,240,cart,2
1230,228,cart,2
1230,426,view,1
1230,229,purchase,3
1230,139,view,1
1230,350,cart,2
1230,383,cart,2
1230,163,cart,2
1230,278,purchase,3
1230,64,purchase,3
1230,463,view,1
1230,185,view,1
1231,216,cart,2
1231,351,purchase,3
1231,319,purchase,3
1231,92,view,1
1231,39,view,1
1231,208,purchase,3
1232,200,cart,2
1232,160,cart,2
1232,317,view,1
1232,442,view,1
1232,354,purchase,3
1232,126,cart,2
1232,349,view,1
1232,269,cart,2
1232,206,cart,2
1232,249,view,1
1232,99,view,1
1232,462,view,1
1232,43,purchase,3
1232,72,purchase,3
1232,435,cart,2
1232,197,cart,2
1232,483,purchase,3
1232,220,view,1
1232,281,view,1
1232,156,cart,2
1233,383,purchase,3
1233,434,view,1
1233,286,purchase,3
1233,109,purchase,3
1233,305,cart,2
1233,143,purchase,3
1233,147,purchase,3
1233,435,view,1
1233,80,view,1
1233,292,cart,2
1233,25,purchase,3
1233,73,purchase,3
1234,481,purchase,3
1234,166,cart,2
1234,440,view,1
1234,373,cart,2
1234,469,cart,2
1234,93,purchase,3
1234,192,view,1
1234,152,view,1
1234,118,view,1
1234,389,view,1
1234,478,cart,2
1234,159,view,1
1235,265,cart,2
1235,228,view,1
1235,268,purchase,3
1235,166,cart,2
1235,470,view,1
1235,45,cart,2
1235,372,view,1
1235,5,cart,2
1235,329,view,1
1235,376,cart,2
1235,74,cart,2
1235,489,view,1
1235,375,view,1
1235,369,view,1
1235,418,view,1
1235,362,view,1
1236,278,purchase,3
1236,199,cart,2
1236,417,view,1
1236,66,cart,2
1236,287,purchase,3
1236,375,cart,2
1236,421,view,1
1236,487,view,1
1236,295,cart,2
1236,349,cart,2
1236,465,view,1
1236,264,view,1
1236,26,purchase,3
1237,10,view,1
1237,362,purchase,3
1237,167,cart,2
1237,11,purchase,3
1237,262,purchase,3
1237,218,view,1
1237,214,view,1
1237,487,cart,2
1237,101,view,1
1237,470,purchase,3
1237,338,purchase,3
1237,34,cart,2
1237,207,cart,2
1237,182,cart,2
1237,368,view,1
1237,329,view,1
1237,176,view,1
1238,99,purchase,3
1238,428,cart,2
1238,249,cart,2
1238,106,cart,2
1238,37,purchase,3
1238,44,cart,2
1239,369,purchase,3
1239,461,view,1
1239,327,view,1
1239,167,cart,2
1239,104,purchase,3
1239,137,purchase,3
1239,407,view,1
1239,309,cart,2
1239,427,view,1
1239,325,cart,2
1239,256,purchase,3
1239,217,cart,2
1239,311,cart,2
1239,257,view,1
1239,216,view,1
1239,410,view,1
1239,107,cart,2
1240,381,cart,2
1240,87,cart,2
1240,208,view,1
1240,308,view,1
1240,129,cart,2
1240,336,cart,2
1240,45,cart,2
1240,226,cart,2
1240,318,cart,2
1240,91,purchase,3
1240,307,view,1
1240,465,purchase,3
1240,102,purchase,3
1240,385,cart,2
1240,129,purchase,3
1240,250,view,1
1240,446,cart,2
1241,175,purchase,3
1241,101,purchase,3
1241,234,purchase,3
1241,483,view,1
1241,495,purchase,3
1241,225,view,1
1241,376,view,1
1241,143,cart,2
1241,9,view,1
1242,228,purchase,3
1242,206,view,1
1242,183,purchase,3
1242,400,cart,2
1242,166,cart,2
1243,133,view,1
1243,40,cart,2
1243,399,view,1
1243,206,cart,2
1243,95,view,1
1243,111,view,1
1243,70,cart,2
1243,217,view,1
1243,178,cart,2
1243,87,cart,2
1243,37,cart,2
1243,286,purchase,3
1243,403,view,1
1243,499,purchase,3
1243,58,cart,2
1243,183,purchase,3
1244,101,cart,2
1244,79,view,1
1244,285,cart,2
1244,97,purchase,3
1244,277,cart,2
1244,500,purchase,3
1244,89,view,1
1244,486,cart,2
1245,25,view,1
1245,340,view,1
1245,202,cart,2
1245,233,purchase,3
1245,156,cart,2
1245,326,cart,2
1245,140,view,1
1245,149,view,1
1245,481,cart,2
1245,406,purchase,3
1245,135,purchase,3
1245,215,purchase,3
1245,427,view,1
1245,15,purchase,3
1245,406,purchase,3
1245,474,purchase,3
1245,434,view,1
1245,498,purchase,3
1245,108,view,1
1245,282,purchase,3
1246,162,cart,2
1246,407,purchase,3
1246,130,purchase,3
1246,360,view,1
1246,301,cart,2
1246,60,cart,2
1246,433,cart,2
1246,157,view,1
1246,31,view,1
1246,138,view,1
1246,485,view,1
1246,372,purchase,3
1246,270,view,1
1246,280,purchase,3
1246,55,cart,2
1246,360,purchase,3
1247,487,cart,2
1247,358,cart,2
1247,58,cart,2
1247,475,purchase,3
1247,448,view,1
1247,53,cart,2
1247,75,purchase,3
1247,301,view,1
1247,72,cart,2
1247,175,cart,2
1248,250,cart,2
1248,457,purchase,3
1248,450,view,1
1248,422,cart,2
1248,334,purchase,3
1248,414,cart,2
1249,87,view,1
1249,186,purchase,3
1249,280,view,1
1249,157,purchase,3
1249,335,cart,2
1249,89,cart,2
1249,339,purchase,3
1249,4,purchase,3
1249,410,view,1
1249,334,cart,2
1249,483,cart,2
1249,351,cart,2
1249,129,cart,2
1249,165,view,1
1249,327,purchase,3
1249,372,purchase,3
1249,256,cart,2
1249,82,purchase,3
1249,471,cart,2
1249,499,purchase,3
1250,144,cart,2
1250,458,purchase,3
1250,491,purchase,3
1250,282,view,1
1250,127,view,1
1250,425,view,1
1250,58,purchase,3
1251,97,view,1
1251,251,cart,2
1251,125,purchase,3
1251,311,cart,2
1251,205,purchase,3
1251,48,purchase,3
1251,473,purchase,3
1252,309,view,1
1252,175,view,1
1252,33,view,1
1252,413,cart,2
1252,452,purchase,3
1252,120,cart,2
1252,114,purchase,3
1252,289,purchase,3
1252,390,view,1
1252,87,cart,2
1252,126,purchase,3
1252,249,view,1
1252,289,view,1
1252,381,cart,2
1252,374,purchase,3
1253,83,view,1
1253,159,cart,2
1253,155,view,1
1253,139,view,1
1253,470,cart,2
1253,455,cart,2
1253,327,cart,2
1253,424,purchase,3
1253,229,cart,2
1253,242,view,1
1253,232,view,1
1253,213,cart,2
1253,175,view,1
1253,182,purchase,3
1253,413,purchase,3
1253,290,view,1
1253,5,cart,2
1253,73,view,1
1253,327,purchase,3
1253,64,view,1
1254,422,purchase,3
1254,452,cart,2
1254,393,cart,2
1254,416,purchase,3
1254,40,purchase,3
1255,190,purchase,3
1255,152,cart,2
1255,327,view,1
1255,283,view,1
1255,121,purchase,3
1255,361,cart,2
1255,393,cart,2
1255,280,view,1
1255,419,cart,2
1255,290,view,1
1255,126,purchase,3
1255,26,purchase,3
1256,393,cart,2
1256,116,view,1
1256,9,view,1
1256,314,purchase,3
1256,249,view,1
1256,310,cart,2
1256,407,purchase,3
1256,474,cart,2
1256,145,cart,2
1256,145,purchase,3
1256,182,purchase,3
1256,295,view,1
1256,266,cart,2
1256,441,purchase,3
1257,447,view,1
1257,422,cart,2
1257,229,view,1
1257,161,view,1
1257,262,cart,2
1257,224,cart,2
1257,259,view,1
1258,276,cart,2
1258,226,purchase,3
1258,57,purchase,3
1258,188,cart,2
1258,104,cart,2
1258,206,view,1
1258,465,purchase,3
1258,474,cart,2
1258,88,view,1
1258,169,purchase,3
1258,19,purchase,3
1258,92,view,1
1258,243,view,1
1258,361,view,1
1259,252,purchase,3
1259,386,cart,2
1259,486,cart,2
1259,203,purchase,3
1259,416,purchase,3
1259,459,cart,2
1259,11,cart,2
1259,136,view,1
1259,291,cart,2
1259,181,view,1
1259,3,purchase,3
1260,306,purchase,3
1260,44,cart,2
1260,377,view,1
1260,215,view,1
1260,82,purchase,3
1260,45,view,1
1260,457,view,1
1260,134,purchase,3
1260,458,view,1
1260,411,cart,2
1260,113,cart,2
1260,371,view,1
1260,357,cart,2
1260,358,cart,2
1260,33,view,1
1260,3,purchase,3
1260,41,cart,2
1260,274,cart,2
1260,255,cart,2
1260,473,cart,2
1261,465,view,1
1261,426,view,1
1261,163,view,1
1261,357,purchase,3
1261,475,view,1
1261,340,cart,2
1261,402,purchase,3
1261,319,purchase,3
1261,86,view,1
1261,23,view,1
1261,43,purchase,3
1261,311,view,1
1261,18,view,1
1261,408,view,1
1262,186,cart,2
1262,391,view,1
1262,395,view,1
1262,452,view,1
1262,7,cart,2
1262,66,purchase,3
1262,205,view,1
1262,259,view,1
1262,200,purchase,3
1262,29,cart,2
1262,337,cart,2
1263,167,purchase,3
1263,288,purchase,3
1263,441,purchase,3
1263,288,view,1
1263,159,view,1
1263,196,cart,2
1263,29,purchase,3
1263,319,cart,2
1263,296,view,1
1263,73,view,1
1263,21,view,1
1263,242,cart,2
1263,118,purchase,3
1263,117,purchase,3
1263,51,cart,2
1263,2,cart,2
1263,428,purchase,3
1263,25,view,1
1263,473,purchase,3
1264,173,cart,2
1264,186,view,1
1264,289,view,1
1264,51,view,1
1264,94,purchase,3
1264,287,purchase,3
1264,390,cart,2
1264,113,purchase,3
1264,440,cart,2
1264,358,cart,2
1264,157,view,1
1264,287,cart,2
1264,40,cart,2
1265,462,view,1
1265,271,cart,2
1265,417,cart,2
1265,172,purchase,3
1265,194,view,1
1265,271,purchase,3
1265,239,purchase,3
1265,211,purchase,3
1265,324,cart,2
1265,268,purchase,3
1265,155,cart,2
1265,340,purchase,3
1265,11,cart,2
1265,470,purchase,3
1265,48,purchase,3
1265,424,purchase,3
1266,36,cart,2
1266,99,view,1
1266,328,cart,2
1266,366,view,1
1266,188,cart,2
1266,371,purchase,3
1266,266,view,1
1266,477,cart,2
1266,476,cart,2
1266,61,view,1
1266,81,cart,2
1266,170,view,1
1266,356,cart,2
1266,313,purchase,3
1266,442,view,1
1266,414,cart,2
1266,50,cart,2
1266,281,view,1
1266,203,purchase,3
1266,435,cart,2
1267,22,cart,2
1267,213,cart,2
1267,144,purchase,3
1267,223,purchase,3
1267,72,view,1
1267,95,purchase,3
1267,197,view,1
1267,97,cart,2
1267,348,cart,2
1267,392,view,1
1267,132,purchase,3
1267,73,view,1
1268,395,purchase,3
1268,303,purchase,3
1268,425,view,1
1268,381,purchase,3
1268,89,purchase,3
1268,167,cart,2
1268,91,view,1
1268,83,view,1
1268,420,view,1
1268,142,purchase,3
1268,228,view,1
1268,74,cart,2
1268,9,purchase,3
1268,212,purchase,3
1269,383,purchase,3
1269,450,view,1
1269,346,view,1
1269,214,purchase,3
1269,268,purchase,3
1269,487,view,1
1269,495,purchase,3
1270,222,view,1
1270,32,purchase,3
1270,1,cart,2
1270,486,purchase,3
1270,372,cart,2
1270,444,cart,2
1270,410,view,1
1270,26,cart,2
1270,413,purchase,3
1270,155,cart,2
1270,395,view,1
1270,379,view,1
1270,469,purchase,3
1270,359,view,1
1270,21,view,1
1270,427,cart,2
1271,425,purchase,3
1271,347,cart,2
1271,15,cart,2
1271,209,view,1
1271,13,cart,2
1272,384,purchase,3
1272,414,cart,2
1272,53,view,1
1272,211,purchase,3
1272,137,view,1
1272,194,purchase,3
1272,146,cart,2
1272,306,cart,2
1272,58,view,1
1272,397,purchase,3
1273,103,view,1
1273,69,view,1
1273,49,purchase,3
1273,109,purchase,3
1273,187,cart,2
1273,317,cart,2
1273,19,purchase,3
1273,499,cart,2
1273,396,cart,2
1273,35,view,1
1273,74,view,1
1273,322,purchase,3
1273,350,cart,2
1273,435,view,1
1273,362,view,1
1273,69,cart,2
1273,478,view,1
1273,345,cart,2
1273,409,cart,2
1273,362,cart,2
1274,344,view,1
1274,121,cart,2
1274,270,cart,2
1274,390,purchase,3
1274,185,purchase,3
1274,128,purchase,3
1274,475,view,1
1274,288,view,1
1274,38,cart,2
1274,472,cart,2
1274,456,view,1
1274,34,view,1
1274,58,cart,2
1274,35,purchase,3
1274,379,view,1
1274,196,view,1
1274,321,cart,2
1275,331,purchase,3
1275,416,cart,2
1275,58,cart,2
1275,163,purchase,3
1275,3,cart,2
1275,69,cart,2
1275,399,cart,2
1275,490,view,1
1275,73,purchase,3
1275,111,purchase,3
1276,481,purchase,3
1276,265,purchase,3
1276,238,view,1
1276,179,purchase,3
1276,379,purchase,3
1276,179,view,1
1276,33,cart,2
1276,407,purchase,3
1276,111,cart,2
1276,393,purchase,3
1277,426,cart,2
1277,163,cart,2
1277,95,view,1
1277,229,purchase,3
1277,211,purchase,3
1277,364,view,1
1277,421,purchase,3
1277,295,cart,2
1277,357,view,1
1277,161,view,1
1277,355,view,1
1277,236,view,1
1277,443,purchase,3
1277,243,cart,2
1277,432,view,1
1277,162,purchase,3
1278,44,view,1
1278,257,purchase,3
1278,464,cart,2
1278,383,purchase,3
1278,327,cart,2
1278,484,view,1
1278,436,purchase,3
1278,48,cart,2
1278,146,view,1
1278,233,view,1
1279,86,view,1
1279,57,cart,2
1279,16,purchase,3
1279,206,purchase,3
1279,466,cart,2
1279,153,purchase,3
1279,363,purchase,3
1279,370,cart,2
1280,266,view,1
1280,235,purchase,3
1280,486,cart,2
1280,457,view,1
1280,352,purchase,3
1280,307,view,1
1280,492,view,1
1280,75,cart,2
1280,164,purchase,3
1280,71,view,1
1280,391,cart,2
1280,406,view,1
1280,80,view,1
1280,244,cart,2
1281,411,purchase,3
1281,61,view,1
1281,393,view,1
1281,63,view,1
1281,402,view,1
1281,331,view,1
1281,87,view,1
1281,95,purchase,3
1281,127,view,1
1281,418,cart,2
1281,34,view,1
1281,156,cart,2
1281,444,cart,2
1281,498,cart,2
1281,185,cart,2
1281,94,purchase,3
1281,93,purchase,3
1281,121,view,1
1281,196,view,1
1282,244,view,1
1282,419,view,1
1282,480,cart,2
1282,59,cart,2
1282,197,cart,2
1282,370,cart,2
1282,379,cart,2
1282,450,view,1
1282,227,purchase,3
1282,434,cart,2
1283,113,cart,2
1283,139,view,1
1283,277,view,1
1283,415,view,1
1283,277,purchase,3
1283,400,purchase,3
1283,137,purchase,3
1283,467,cart,2
1283,429,cart,2
1283,317,cart,2
1283,394,view,1
1283,22,cart,2
1283,261,cart,2
1283,311,view,1
1283,364,cart,2
1283,182,purchase,3
1283,378,cart,2
1284,266,purchase,3
1284,210,purchase,3
1284,416,purchase,3
1284,210,cart,2
1284,227,cart,2
1284,230,cart,2
1285,222,view,1
1285,389,cart,2
1285,152,cart,2
1285,154,view,1
1285,293,purchase,3
1285,477,cart,2
1285,225,purchase,3
1285,35,view,1
1285,267,cart,2
1285,142,view,1
1286,135,cart,2
1286,30,purchase,3
1286,238,cart,2
1286,138,cart,2
1286,13,purchase,3
1287,427,view,1
1287,62,purchase,3
1287,93,cart,2
1287,327,purchase,3
1287,175,cart,2
1287,322,cart,2
1287,175,view,1
1287,232,view,1
1287,142,view,1
1287,243,cart,2
1287,232,view,1
1287,229,cart,2
1287,6,cart,2
1287,227,cart,2
1287,454,view,1
1287,356,view,1
1287,129,view,1
1287,130,purchase,3
1288,156,view,1
1288,465,view,1
1288,131,purchase,3
1288,249,cart,2
1288,11,view,1
1288,377,purchase,3
1288,6,purchase,3
1288,405,view,1
1288,367,view,1
1288,12,view,1
1288,34,view,1
1288,361,purchase,3
1288,9,view,1
1289,469,cart,2
1289,356,view,1
1289,476,purchase,3
1289,40,purchase,3
1289,184,view,1
1289,284,purchase,3
1289,478,cart,2
1289,117,view,1
1289,358,purchase,3
1289,418,cart,2
1289,154,purchase,3
1289,217,cart,2
1289,325,view,1
1289,467,cart,2
1289,55,purchase,3
1290,455,cart,2
1290,427,cart,2
1290,260,purchase,3
1290,457,cart,2
1290,417,purchase,3
1290,296,purchase,3
1290,480,purchase,3
1290,237,purchase,3
1290,482,view,1
1290,224,cart,2
1290,268,view,1
1290,262,view,1
1290,141,view,1
1290,135,view,1
1290,203,purchase,3
1291,278,view,1
1291,456,view,1
1291,292,view,1
1291,106,purchase,3
1291,105,cart,2
1291,275,cart,2
1291,212,purchase,3
1291,423,purchase,3
1291,472,cart,2
1291,223,purchase,3
1291,414,purchase,3
1291,163,purchase,3
1291,449,purchase,3
1291,106,cart,2
1291,288,cart,2
1291,331,purchase,3
1291,240,purchase,3
1291,452,view,1
1292,334,view,1
1292,94,cart,2
1292,78,view,1
1292,150,cart,2
1292,24,purchase,3
1292,111,view,1
1292,56,purchase,3
1292,426,view,1
1292,249,view,1
1292,363,view,1
1292,182,purchase,3
1292,257,cart,2
1292,360,view,1
1292,103,cart,2
1292,117,purchase,3
1292,11,view,1
1292,394,purchase,3
1292,428,purchase,3
1293,363,view,1
1293,159,purchase,3
1293,495,cart,2
1293,106,cart,2
1293,216,purchase,3
1294,212,purchase,3
1294,130,purchase,3
1294,33,purchase,3
1294,226,view,1
1294,288,cart,2
1294,103,view,1
1294,212,cart,2
1294,250,purchase,3
1295,468,cart,2
1295,278,purchase,3
1295,110,view,1
1295,33,purchase,3
1295,406,cart,2
1295,430,purchase,3
1296,26,purchase,3
1296,289,cart,2
1296,112,purchase,3
1296,138,purchase,3
1296,471,cart,2
1296,412,view,1
1296,313,view,1
1296,162,purchase,3
1296,493,purchase,3
1296,498,view,1
1296,68,purchase,3
1296,93,view,1
1296,167,cart,2
1296,433,purchase,3
1296,366,view,1
1297,92,cart,2
1297,60,view,1
1297,172,view,1
1297,43,cart,2
1297,414,cart,2
1297,66,cart,2
1297,387,view,1
1297,180,cart,2
1297,240,purchase,3
1297,178,cart,2
1297,60,purchase,3
1297,411,cart,2
1297,148,cart,2
1297,144,cart,2
1298,57,cart,2
1298,111,purchase,3
1298,476,purchase,3
1298,453,cart,2
1298,495,view,1
1298,390,view,1
1299,54,cart,2
1299,397,cart,2
1299,469,view,1
1299,63,purchase,3
1299,347,purchase,3
1299,73,cart,2
1299,329,cart,2
1299,417,purchase,3
1299,337,cart,2
1299,120,cart,2
1299,445,purchase,3
1299,362,view,1
1299,406,view,1
1299,453,purchase,3
1299,13,cart,2
1299,122,cart,2
1299,415,view,1
1299,477,cart,2
1300,295,view,1
1300,180,cart,2
1300,249,purchase,3
1300,266,cart,2
1300,206,purchase,3
1300,261,view,1
1300,154,view,1
1300,103,cart,2
1300,39,view,1
1300,201,purchase,3
1300,264,view,1
1301,277,cart,2
1301,147,purchase,3
1301,437,purchase,3
1301,116,view,1
1301,7,cart,2
1301,16,purchase,3
1301,202,cart,2
1301,467,view,1
1301,200,view,1
1302,47,purchase,3
1302,59,purchase,3
1302,32,view,1
1302,426,view,1
1302,272,purchase,3
1302,299,purchase,3
1302,158,cart,2
1302,73,cart,2
1302,167,cart,2
1302,52,view,1
1302,245,cart,2
1302,365,purchase,3
1302,302,view,1
1302,434,view,1
1302,242,purchase,3
1302,14,purchase,3
1303,131,purchase,3
1303,399,view,1
1303,173,purchase,3
1303,238,purchase,3
1303,62,cart,2
1303,322,cart,2
1303,335,cart,2
1303,452,cart,2
1304,174,purchase,3
1304,25,view,1
1304,21,cart,2
1304,132,purchase,3
1304,136,cart,2
1304,479,purchase,3
1304,28,cart,2
1304,445,purchase,3
1304,194,cart,2
1304,462,view,1
1305,481,view,1
1305,427,view,1
1305,460,purchase,3
1305,360,view,1
1305,149,purchase,3
1305,229,view,1
1305,283,view,1
1305,173,purchase,3
1305,143,view,1
1305,391,cart,2
1305,498,purchase,3
1305,388,view,1
1305,210,purchase,3
1305,214,view,1
1305,170,cart,2
1306,414,view,1
1306,387,cart,2
1306,106,purchase,3
1306,74,cart,2
1306,104,view,1
1306,491,view,1
1306,177,view,1
1306,57,view,1
1306,210,cart,2
1306,189,view,1
1306,169,purchase,3
1306,381,cart,2
1306,187,view,1
1307,14,cart,2
1307,405,purchase,3
1307,456,cart,2
1307,378,purchase,3
1307,217,cart,2
1307,498,view,1
1307,12,view,1
1307,194,purchase,3
1307,385,purchase,3
1307,237,purchase,3
1307,445,view,1
1307,314,cart,2
1308,266,view,1
1308,323,cart,2
1308,477,view,1
1308,203,cart,2
1308,34,view,1
1308,101,cart,2
1308,90,cart,2
1308,339,purchase,3
1308,71,view,1
1308,331,cart,2
1308,332,purchase,3
1308,149,purchase,3
1308,490,purchase,3
1308,88,view,1
1308,472,cart,2
1308,355,cart,2
1308,481,view,1
1309,49,purchase,3
1309,148,purchase,3
1309,353,purchase,3
1309,397,purchase,3
1309,87,purchase,3
1309,80,view,1
1309,203,cart,2
1309,425,view,1
1309,167,view,1
1309,281,cart,2
1309,445,purchase,3
1309,300,purchase,3
1309,411,cart,2
1309,268,cart,2
1309,298,view,1
1309,27,purchase,3
1309,409,view,1
1310,347,purchase,3
1310,176,purchase,3
1310,492,cart,2
1310,62,view,1
1310,272,view,1
1310,252,view,1
1311,28,view,1
1311,181,purchase,3
1311,75,purchase,3
1311,423,purchase,3
1311,333,view,1
1311,28,view,1
1311,377,cart,2
1311,300,purchase,3
1311,1,purchase,3
1311,47,cart,2
1311,481,cart,2
1311,106,cart,2
1311,277,purchase,3
1311,220,cart,2
1311,309,cart,2
1311,351,purchase,3
1311,427,cart,2
1311,486,cart,2
1311,155,purchase,3
1311,435,purchase,3
1312,355,purchase,3
1312,39,purchase,3
1312,213,view,1
1312,21,view,1
1312,171,cart,2
1312,313,cart,2
1312,451,cart,2
1312,98,purchase,3
1312,21,cart,2
1312,426,cart,2
1312,488,purchase,3
1312,125,cart,2
1312,270,cart,2
1312,55,view,1
1312,449,purchase,3
1312,196,view,1
1312,307,cart,2
1312,167,cart,2
1312,172,purchase,3
1313,96,cart,2
1313,235,view,1
1313,393,cart,2
1313,254,cart,2
1313,305,view,1
1313,471,view,1
1313,463,cart,2
1314,379,purchase,3
1314,171,cart,2
1314,411,purchase,3
1314,71,view,1
1314,29,purchase,3
1314,226,purchase,3
1314,183,view,1
1314,71,view,1
1314,223,cart,2
1315,13,cart,2
1315,123,cart,2
1315,201,view,1
1315,175,cart,2
1315,438,purchase,3
1315,297,purchase,3
1315,275,purchase,3
1316,71,view,1
1316,233,cart,2
1316,215,view,1
1316,129,cart,2
1316,500,view,1
1316,70,cart,2
1316,136,purchase,3
1316,325,view,1
1316,381,cart,2
1316,288,cart,2
1316,166,cart,2
1316,353,view,1
1316,331,cart,2
1316,434,purchase,3
1316,12,cart,2
1316,263,purchase,3
1316,49,purchase,3
1316,341,cart,2
1316,473,cart,2
1316,242,view,1
1317,208,cart,2
1317,364,view,1
1317,358,purchase,3
1317,32,purchase,3
1317,220,cart,2
1317,202,cart,2
1317,381,purchase,3
1317,124,view,1
1317,209,purchase,3
1317,390,view,1
1317,174,purchase,3
1317,433,cart,2
1317,202,cart,2
1317,195,cart,2
1318,342,cart,2
1318,275,purchase,3
1318,7,view,1
1318,225,purchase,3
1318,443,purchase,3
1318,186,cart,2
1318,51,view,1
1318,183,view,1
1318,188,cart,2
1318,436,view,1
1318,219,purchase,3
1318,200,purchase,3
1318,318,view,1
1318,302,purchase,3
1318,117,purchase,3
1318,176,purchase,3
1318,172,view,1
1318,292,cart,2
1318,481,purchase,3
1318,230,cart,2
1319,376,purchase,3
1319,60,view,1
1319,74,purchase,3
1319,152,cart,2
1319,328,view,1
1319,333,view,1
1319,404,cart,2
1319,178,cart,2
1319,381,purchase,3
1319,427,view,1
1319,276,view,1
1319,61,cart,2
1319,360,view,1
1319,5,purchase,3
1319,62,cart,2
1320,281,view,1
1320,459,purchase,3
1320,212,view,1
1320,457,cart,2
1320,21,view,1
1320,166,purchase,3
1320,430,purchase,3
1320,494,cart,2
1320,437,view,1
1320,468,purchase,3
1320,57,view,1
1320,87,purchase,3
1320,268,view,1
1320,412,view,1
1320,373,purchase,3
1320,14,cart,2
1320,365,view,1
1321,145,cart,2
1321,154,view,1
1321,170,cart,2
1321,339,cart,2
1321,21,cart,2
1322,424,purchase,3
1322,198,view,1
1322,68,view,1
1322,259,purchase,3
1322,188,view,1
1322,116,purchase,3
1322,141,view,1
1322,473,cart,2
1322,40,cart,2
1322,433,cart,2
1322,18,view,1
1322,426,view,1
1322,467,purchase,3
1322,160,cart,2
1322,25,purchase,3
1322,322,view,1
1322,88,view,1
1322,197,cart,2
1322,29,cart,2
1323,184,purchase,3
1323,366,cart,2
1323,241,view,1
1323,433,cart,2
1323,54,cart,2
1323,231,view,1
1323,46,purchase,3
1323,185,purchase,3
1323,488,purchase,3
1323,490,cart,2
1323,222,purchase,3
1323,410,cart,2
1323,495,cart,2
1323,41,view,1
1323,249,view,1
1324,343,cart,2
1324,245,view,1
1324,181,cart,2
1324,309,purchase,3
1324,189,cart,2
1324,338,purchase,3
1324,19,cart,2
1324,277,cart,2
1324,389,view,1
1324,142,view,1
1324,138,cart,2
1324,158,cart,2
1324,219,purchase,3
1324,206,cart,2
1324,222,purchase,3
1325,53,cart,2
1325,161,cart,2
1325,149,purchase,3
1325,324,purchase,3
1325,11,cart,2
1325,77,cart,2
1325,27,cart,2
1325,210,purchase,3
1325,172,view,1
1326,191,purchase,3
1326,176,purchase,3
1326,400,purchase,3
1326,18,purchase,3
1326,110,purchase,3
1326,83,purchase,3
1326,398,cart,2
1327,343,view,1
1327,233,view,1
1327,191,purchase,3
1327,482,cart,2
1327,154,purchase,3
1327,336,purchase,3
1327,384,cart,2
1327,163,purchase,3
1327,100,cart,2
1328,197,view,1
1328,16,view,1
1328,278,view,1
1328,335,view,1
1328,102,purchase,3
1328,326,view,1
1328,88,cart,2
1328,422,view,1
1328,202,view,1
1328,131,purchase,3
1328,369,view,1
1328,115,view,1
1328,427,cart,2
1328,119,purchase,3
1328,433,purchase,3
1328,310,purchase,3
1328,392,view,1
1328,99,cart,2
1328,384,cart,2
1329,48,cart,2
1329,414,view,1
1329,427,view,1
1329,456,cart,2
1329,259,purchase,3
1329,125,purchase,3
1329,471,view,1
1329,122,cart,2
1329,414,purchase,3
1330,56,view,1
1330,236,cart,2
1330,333,purchase,3
1330,407,view,1
1330,367,cart,2
1330,286,cart,2
1330,412,purchase,3
1330,93,view,1
1330,371,cart,2
1330,29,purchase,3
1330,295,view,1
1330,297,purchase,3
1330,420,purchase,3
1330,343,purchase,3
1330,98,view,1
1330,248,purchase,3
1330,1,cart,2
1330,405,purchase,3
1331,273,purchase,3
1331,217,view,1
1331,11,view,1
1331,300,cart,2
1331,82,purchase,3
1331,261,view,1
1332,343,purchase,3
1332,46,cart,2
1332,113,view,1
1332,221,purchase,3
1332,39,view,1
1332,296,view,1
1332,313,purchase,3
1332,378,view,1
1332,77,purchase,3
1332,5,cart,2
1332,277,cart,2
1332,364,cart,2
1332,396,view,1
1332,446,cart,2
1332,222,view,1
1332,282,cart,2
1332,204,cart,2
1332,422,purchase,3
1333,275,cart,2
1333,268,cart,2
1333,41,purchase,3
1333,398,view,1
1333,291,purchase,3
1333,441,purchase,3
1333,40,purchase,3
1333,479,cart,2
1333,10,cart,2
1333,68,purchase,3
1333,96,purchase,3
1333,39,purchase,3
1333,405,cart,2
1333,178,purchase,3
1333,195,cart,2
1333,276,view,1
1333,456,cart,2
1333,262,view,1
1334,328,cart,2
1334,485,view,1
1334,298,cart,2
1334,22,view,1
1334,391,view,1
1334,81,view,1
1334,255,view,1
1334,80,view,1
1334,33,purchase,3
1334,214,purchase,3
1335,394,purchase,3
1335,278,purchase,3
1335,281,cart,2
1335,382,purchase,3
1335,6,cart,2
1335,463,cart,2
1335,492,purchase,3
1335,450,purchase,3
1335,52,cart,2
1335,163,cart,2
1335,485,cart,2
1336,370,purchase,3
1336,441,purchase,3
1336,85,view,1
1336,129,purchase,3
1336,31,cart,2
1337,108,cart,2
1337,123,cart,2
1337,271,view,1
1337,102,purchase,3
1337,422,view,1
1337,15,view,1
1337,287,cart,2
1337,338,purchase,3
1337,165,purchase,3
1337,116,purchase,3
1337,476,cart,2
1337,125,cart,2
1337,142,purchase,3
1337,332,purchase,3
1338,264,view,1
1338,462,cart,2
1338,327,purchase,3
1338,275,view,1
1338,275,cart,2
1338,248,cart,2
1338,134,cart,2
1338,45,cart,2
1339,279,view,1
1339,416,view,1
1339,235,view,1
1339,249,view,1
1339,93,purchase,3
1339,266,purchase,3
1339,193,cart,2
1339,484,cart,2
1339,106,purchase,3
1339,216,view,1
1339,156,purchase,3
1340,372,cart,2
1340,303,purchase,3
1340,33,view,1
1340,110,cart,2
1340,8,purchase,3
1340,28,cart,2
1340,344,cart,2
1340,222,purchase,3
1340,432,purchase,3
1340,350,purchase,3
1340,206,view,1
1340,172,view,1
1341,290,cart,2
1341,145,cart,2
1341,191,cart,2
1341,138,view,1
1341,404,purchase,3
1341,431,purchase,3
1341,255,cart,2
1341,371,purchase,3
1342,255,view,1
1342,144,cart,2
1342,425,purchase,3
1342,458,cart,2
1342,125,cart,2
1342,405,cart,2
1342,78,cart,2
1342,328,view,1
1342,115,view,1
1342,306,cart,2
1343,152,view,1
1343,197,cart,2
1343,354,view,1
1343,472,purchase,3
1343,327,view,1
1343,302,purchase,3
1343,445,view,1
1343,290,view,1
1343,498,purchase,3
1343,277,purchase,3
1343,313,purchase,3
1343,208,purchase,3
1343,195,cart,2
1343,439,cart,2
1343,404,view,1
1343,143,cart,2
1344,196,purchase,3
1344,68,view,1
1344,101,purchase,3
1344,477,cart,2
1344,494,view,1
1344,421,cart,2
1344,434,cart,2
1344,454,view,1
1344,79,purchase,3
1344,267,purchase,3
1344,133,purchase,3
1344,59,cart,2
1344,22,view,1
1345,192,view,1
1345,378,cart,2
1345,388,cart,2
1345,198,purchase,3
1345,303,purchase,3
1345,438,cart,2
1345,117,purchase,3
1345,172,purchase,3
1345,135,cart,2
1345,343,purchase,3
1345,229,cart,2
1346,454,cart,2
1346,347,purchase,3
1346,259,purchase,3
1346,215,cart,2
1346,164,purchase,3
1346,255,cart,2
1346,479,view,1
1346,258,purchase,3
1346,3,cart,2
1346,192,purchase,3
1346,75,cart,2
1346,65,cart,2
1346,388,purchase,3
1346,258,cart,2
1346,258,cart,2
1346,309,purchase,3
1347,172,purchase,3
1347,26,view,1
1347,382,purchase,3
1347,371,view,1
1347,248,purchase,3
1347,339,purchase,3
1347,230,purchase,3
1347,494,view,1
1347,286,view,1
1347,330,view,1
1347,145,purchase,3
1347,212,view,1
1347,74,cart,2
1347,46,purchase,3
1347,389,view,1
1347,23,purchase,3
1348,265,view,1
1348,362,cart,2
1348,367,cart,2
1348,376,cart,2
1348,246,cart,2
1348,421,cart,2
1348,165,cart,2
1348,327,cart,2
1348,492,cart,2
1348,81,purchase,3
1348,167,purchase,3
1348,247,cart,2
1348,105,view,1
1348,185,view,1
1348,197,view,1
1348,339,view,1
1348,62,view,1
1348,259,cart,2
1348,431,purchase,3
1349,241,purchase,3
1349,264,view,1
1349,188,cart,2
1349,342,cart,2
1349,115,view,1
1349,373,view,1
1349,454,cart,2
1349,224,cart,2
1350,40,view,1
1350,100,view,1
1350,146,purchase,3
1350,342,cart,2
1350,416,cart,2
1351,404,view,1
1351,77,purchase,3
1351,381,view,1
1351,166,purchase,3
1351,57,cart,2
1351,130,purchase,3
1351,353,cart,2
1352,74,purchase,3
1352,497,cart,2
1352,153,cart,2
1352,34,cart,2
1352,370,purchase,3
1352,251,view,1
1352,64,view,1
1353,424,view,1
1353,429,view,1
1353,470,purchase,3
1353,198,cart,2
1353,418,purchase,3
1353,332,cart,2
1353,322,view,1
1353,152,cart,2
1353,178,purchase,3
1353,475,purchase,3
1353,455,purchase,3
1353,465,cart,2
1354,283,view,1
1354,147,purchase,3
1354,289,cart,2
1354,134,view,1
1354,19,cart,2
1354,240,cart,2
1354,432,purchase,3
1354,395,cart,2
1354,245,view,1
1354,309,purchase,3
1354,9,purchase,3
1354,412,cart,2
1354,231,view,1
1354,308,view,1
1354,495,purchase,3
1354,368,purchase,3
1354,87,cart,2
1355,369,purchase,3
1355,89,purchase,3
1355,202,view,1
1355,398,purchase,3
1355,7,purchase,3
1355,338,purchase,3
1355,91,purchase,3
1355,398,cart,2
1355,313,cart,2
1355,493,cart,2
1355,300,view,1
1355,30,cart,2
1355,457,view,1
1355,490,purchase,3
1355,67,view,1
1355,386,purchase,3
1356,148,view,1
1356,238,purchase,3
1356,171,cart,2
1356,92,purchase,3
1356,276,cart,2
1356,363,cart,2
1356,334,cart,2
1356,270,cart,2
1356,197,cart,2
1356,452,purchase,3
1356,433,view,1
1356,35,purchase,3
1356,31,view,1
1356,484,view,1
1357,141,purchase,3
1357,288,view,1
1357,497,view,1
1357,417,cart,2
1357,331,purchase,3
1358,24,purchase,3
1358,88,view,1
1358,169,cart,2
1358,31,purchase,3
1358,421,cart,2
1358,451,view,1
1358,371,view,1
1358,454,purchase,3
1358,204,cart,2
1358,244,purchase,3
1358,344,view,1
1358,250,purchase,3
1358,249,cart,2
1358,350,cart,2
1359,309,cart,2
1359,252,cart,2
1359,299,view,1
1359,215,cart,2
1359,431,cart,2
1359,237,view,1
1359,352,cart,2
1359,72,purchase,3
1359,210,purchase,3
1359,286,cart,2
1359,251,view,1
1359,90,purchase,3
1359,447,cart,2
1360,443,cart,2
1360,338,cart,2
1360,219,view,1
1360,255,purchase,3
1360,4,cart,2
1360,306,purchase,3
1360,200,purchase,3
1360,23,purchase,3
1360,122,purchase,3
1361,384,purchase,3
1361,461,view,1
1361,137,view,1
1361,399,view,1
1361,162,view,1
1361,464,view,1
1361,168,purchase,3
1361,292,cart,2
1361,123,view,1
1361,370,view,1
1361,335,view,1
1361,281,purchase,3
1361,430,cart,2
1361,153,cart,2
1361,479,purchase,3
1361,102,view,1
1361,149,purchase,3
1362,459,purchase,3
1362,431,cart,2
1362,63,cart,2
1362,109,view,1
1362,431,view,1
1362,157,cart,2
1362,481,purchase,3
1362,330,cart,2
1362,193,purchase,3
1362,283,purchase,3
1362,100,purchase,3
1362,316,purchase,3
1362,258,cart,2
1362,185,purchase,3
1362,64,view,1
1362,409,cart,2
1363,30,cart,2
1363,342,view,1
1363,349,cart,2
1363,16,view,1
1363,257,purchase,3
1363,349,view,1
1363,214,purchase,3
1363,96,purchase,3
1363,471,cart,2
1363,480,view,1
1363,205,cart,2
1363,336,purchase,3
1364,125,cart,2
1364,256,purchase,3
1364,260,purchase,3
1364,45,cart,2
1364,62,cart,2
1364,394,purchase,3
1364,210,view,1
1364,369,purchase,3
1364,386,purchase,3
1365,478,purchase,3
1365,441,cart,2
1365,18,view,1
1365,474,view,1
1365,269,view,1
1365,102,cart,2
1365,473,cart,2
1365,445,view,1
1365,376,cart,2
1365,419,view,1
1365,173,cart,2
1366,78,cart,2
1366,136,purchase,3
1366,399,cart,2
1366,192,view,1
1366,385,view,1
1366,438,purchase,3
1366,45,cart,2
1366,133,purchase,3
1366,270,purchase,3
1366,499,purchase,3
1366,238,cart,2
1366,364,cart,2
1366,259,view,1
1366,177,cart,2
1366,10,cart,2
1366,10,purchase,3
1366,427,purchase,3
1366,139,view,1
1366,99,purchase,3
1366,395,cart,2
1367,244,cart,2
1367,349,cart,2
1367,254,view,1
1367,45,purchase,3
1367,302,purchase,3
1367,160,purchase,3
1367,189,view,1
1368,489,view,1
1368,102,purchase,3
1368,74,cart,2
1368,97,purchase,3
1368,77,cart,2
1368,327,purchase,3
1368,270,purchase,3
1369,447,view,1
1369,21,cart,2
1369,321,cart,2
1369,398,purchase,3
1369,492,cart,2
1369,251,purchase,3
1369,1,cart,2
1369,50,cart,2
1369,169,view,1
1369,272,purchase,3
1369,242,cart,2
1369,413,view,1
1370,498,view,1
1370,7,view,1
1370,291,view,1
1370,142,view,1
1370,75,purchase,3
1371,121,view,1
1371,253,cart,2
1371,34,cart,2
1371,27,cart,2
1371,366,purchase,3
1371,101,purchase,3
1371,84,purchase,3
1371,243,cart,2
1371,342,view,1
1371,246,purchase,3
1371,436,cart,2
1372,432,view,1
1372,50,view,1
1372,107,view,1
1372,476,view,1
1372,434,cart,2
1372,36,cart,2
1372,497,cart,2
1372,389,cart,2
1372,228,purchase,3
1372,282,cart,2
1372,277,purchase,3
1372,419,view,1
1372,425,view,1
1372,335,view,1
1372,106,purchase,3
1372,476,view,1
1372,241,purchase,3
1372,389,cart,2
1373,237,cart,2
1373,122,purchase,3
1373,22,cart,2
1373,464,purchase,3
1373,343,cart,2
1373,168,view,1
1373,148,cart,2
1373,158,purchase,3
1373,448,cart,2
1373,228,purchase,3
1373,476,cart,2
1373,180,cart,2
1373,125,cart,2
1373,178,cart,2
1374,425,purchase,3
1374,363,view,1
1374,301,view,1
1374,26,view,1
1374,418,view,1
1374,122,cart,2
1374,485,purchase,3
1374,14,cart,2
1374,436,view,1
1374,13,purchase,3
1374,442,purchase,3
1374,273,purchase,3
1374,261,cart,2
1375,217,purchase,3
1375,294,cart,2
1375,106,view,1
1375,291,purchase,3
1375,151,purchase,3
1375,8,view,1
1375,409,purchase,3
1375,15,purchase,3
1375,233,purchase,3
1375,93,view,1
1375,311,purchase,3
1375,263,view,1
1376,168,view,1
1376,121,view,1
1376,26,cart,2
1376,247,cart,2
1376,270,cart,2
1376,119,view,1
1376,334,purchase,3
1376,264,purchase,3
1376,284,purchase,3
1376,160,view,1
1376,305,purchase,3
1376,3,view,1
1377,264,view,1
1377,174,view,1
1377,167,view,1
1377,215,purchase,3
1377,177,cart,2
1377,43,cart,2
1377,450,cart,2
1377,164,cart,2
1377,443,purchase,3
1377,284,view,1
1377,79,cart,2
1377,114,view,1
1377,411,cart,2
1377,311,purchase,3
1377,133,purchase,3
1377,189,purchase,3
1377,109,view,1
1377,151,purchase,3
1378,349,purchase,3
1378,369,cart,2
1378,5,view,1
1378,48,cart,2
1378,244,cart,2
1378,351,purchase,3
1378,138,purchase,3
1379,146,purchase,3
1379,18,cart,2
1379,454,purchase,3
1379,152,purchase,3
1379,125,view,1
1379,497,purchase,3
1379,68,view,1
1379,16,cart,2
1379,52,cart,2
1379,136,view,1
1380,479,cart,2
1380,72,cart,2
1380,406,view,1
1380,189,view,1
1380,2,cart,2
1381,464,purchase,3
1381,125,purchase,3
1381,486,view,1
1381,259,purchase,3
1381,111,cart,2
1381,59,cart,2
1381,24,purchase,3
1381,35,purchase,3
1381,384,cart,2
1381,375,view,1
1381,72,view,1
1381,302,cart,2
1381,24,view,1
1381,282,cart,2
1381,62,view,1
1381,246,view,1
1381,144,purchase,3
1381,393,purchase,3
1381,17,purchase,3
1382,145,cart,2
1382,13,purchase,3
1382,308,view,1
1382,284,purchase,3
1382,278,cart,2
1382,491,cart,2
1382,233,view,1
1382,262,cart,2
1382,67,view,1
1382,326,cart,2
1382,429,view,1
1382,248,cart,2
1383,476,view,1
1383,110,view,1
1383,228,view,1
1383,226,cart,2
1383,303,view,1
1383,93,view,1
1383,238,cart,2
1383,395,cart,2
1383,454,purchase,3
1384,284,cart,2
1384,235,cart,2
1384,26,view,1
1384,122,purchase,3
1384,476,view,1
1384,40,purchase,3
1384,62,purchase,3
1384,487,purchase,3
1384,224,cart,2
1384,143,purchase,3
1384,92,purchase,3
1384,148,cart,2
1384,55,view,1
1385,254,cart,2
1385,374,view,1
1385,429,purchase,3
1385,105,view,1
1385,311,purchase,3
1385,201,cart,2
1385,78,cart,2
1385,156,purchase,3
1385,64,purchase,3
1385,126,view,1
1385,486,cart,2
1385,221,cart,2
1385,191,view,1
1385,229,cart,2
1385,8,view,1
1385,128,cart,2
1385,359,view,1
1386,298,cart,2
1386,388,view,1
1386,252,view,1
1386,249,view,1
1386,388,view,1
1386,53,cart,2
1386,322,purchase,3
1387,66,cart,2
1387,152,purchase,3
1387,403,purchase,3
1387,277,view,1
1387,254,view,1
1387,465,purchase,3
1387,331,view,1
1387,175,purchase,3
1387,294,view,1
1387,144,purchase,3
1387,493,purchase,3
1387,109,cart,2
1387,233,view,1
1387,298,purchase,3
1387,110,cart,2
1387,7,view,1
1388,468,cart,2
1388,238,view,1
1388,256,purchase,3
1388,491,view,1
1388,448,cart,2
1388,305,purchase,3
1388,300,cart,2
1388,55,cart,2
1388,95,view,1
1388,448,cart,2
1389,169,cart,2
1389,199,view,1
1389,255,purchase,3
1389,62,cart,2
1389,337,cart,2
1389,359,cart,2
1389,377,cart,2
1389,35,purchase,3
1389,258,cart,2
1389,267,view,1
1389,68,view,1
1389,286,purchase,3
1389,180,purchase,3
1390,415,view,1
1390,381,view,1
1390,38,purchase,3
1390,424,view,1
1390,199,cart,2
1390,63,purchase,3
1390,485,view,1
1390,208,purchase,3
1390,231,cart,2
1390,334,purchase,3
1390,297,purchase,3
1390,382,cart,2
1390,133,purchase,3
1390,197,view,1
1390,149,purchase,3
1390,318,purchase,3
1390,152,view,1
1390,350,purchase,3
1391,83,cart,2
1391,334,purchase,3
1391,255,cart,2
1391,291,view,1
1391,55,purchase,3
1391,497,purchase,3
1391,421,cart,2
1391,66,cart,2
1391,218,cart,2
1391,175,view,1
1391,60,cart,2
1391,196,purchase,3
1391,179,purchase,3
1391,89,cart,2
1391,272,cart,2
1391,345,purchase,3
1391,69,view,1
1391,478,view,1
1391,204,purchase,3
1392,439,purchase,3
1392,279,view,1
1392,390,purchase,3
1392,220,cart,2
1392,341,cart,2
1392,9,purchase,3
1392,341,purchase,3
1392,135,view,1
1392,178,view,1
1392,209,view,1
1393,23,view,1
1393,160,cart,2
1393,438,purchase,3
1393,131,cart,2
1393,26,view,1
1393,157,view,1
1393,380,purchase,3
1393,277,cart,2
1393,394,view,1
1393,67,view,1
1393,40,cart,2
1393,375,cart,2
1393,245,view,1
1393,275,view,1
1393,394,view,1
1393,252,purchase,3
1393,74,purchase,3
1393,238,purchase,3
1394,368,purchase,3
1394,446,purchase,3
1394,123,cart,2
1394,306,purchase,3
1394,230,purchase,3
1394,360,cart,2
1394,376,purchase,3
1394,237,cart,2
1394,49,cart,2
1394,486,purchase,3
1394,469,cart,2
1394,92,purchase,3
1394,230,view,1
1394,331,purchase,3
1394,479,view,1
1395,26,cart,2
1395,58,view,1
1395,343,cart,2
1395,18,purchase,3
1395,339,purchase,3
1395,380,purchase,3
1395,367,cart,2
1395,310,purchase,3
1395,199,view,1
1395,11,cart,2
1395,17,view,1
1395,331,cart,2
1395,307,cart,2
1395,60,purchase,3
1396,167,purchase,3
1396,226,cart,2
1396,123,purchase,3
1396,372,purchase,3
1396,102,view,1
1396,34,view,1
1396,408,view,1
1396,426,purchase,3
1396,431,cart,2
1396,225,purchase,3
1396,166,cart,2
1396,370,cart,2
1396,49,view,1
1396,342,cart,2
1396,137,purchase,3
1397,463,view,1
1397,18,view,1
1397,264,view,1
1397,19,purchase,3
1397,122,view,1
1397,381,cart,2
1397,227,purchase,3
1397,316,purchase,3
1397,337,purchase,3
1397,76,purchase,3
1397,42,view,1
1397,57,cart,2
1397,316,purchase,3
1397,485,purchase,3
1397,426,cart,2
1397,73,purchase,3
1397,419,cart,2
1397,354,purchase,3
1397,314,purchase,3
1398,14,cart,2
1398,361,purchase,3
1398,269,cart,2
1398,428,view,1
1398,285,view,1
1398,20,cart,2
1398,291,cart,2
1398,282,purchase,3
1398,313,purchase,3
1399,249,purchase,3
1399,345,purchase,3
1399,224,cart,2
1399,181,view,1
1399,210,purchase,3
1399,70,view,1
1399,250,cart,2
1399,17,cart,2
1399,211,cart,2
1399,235,cart,2
1399,224,cart,2
1399,235,cart,2
1399,56,view,1
1399,201,purchase,3
1399,237,view,1
1399,252,cart,2
1399,158,purchase,3
1399,322,cart,2
1399,70,cart,2
1399,500,cart,2
1400,164,purchase,3
1400,304,view,1
1400,282,view,1
1400,385,cart,2
1400,322,view,1
1400,88,cart,2
1400,237,cart,2
1401,398,cart,2
1401,352,purchase,3
1401,285,purchase,3
1401,449,cart,2
1401,213,purchase,3
1401,194,purchase,3
1401,54,view,1
1401,66,purchase,3
1401,84,purchase,3
1402,261,purchase,3
1402,1,view,1
1402,10,view,1
1402,131,view,1
1402,58,view,1
1402,235,purchase,3
1403,148,view,1
1403,165,purchase,3
1403,448,view,1
1403,363,cart,2
1403,160,view,1
1403,104,cart,2
1403,234,cart,2
1403,108,cart,2
1403,377,purchase,3
1403,71,purchase,3
1404,180,view,1
1404,450,view,1
1404,133,cart,2
1404,493,purchase,3
1404,30,cart,2
1404,288,view,1
1404,442,view,1
1404,442,purchase,3
1404,246,cart,2
1404,191,view,1
1404,55,view,1
1404,483,cart,2
1404,37,cart,2
1404,81,view,1
1405,77,view,1
1405,359,cart,2
1405,220,view,1
1405,231,cart,2
1405,81,view,1
1405,428,purchase,3
1405,411,purchase,3
1405,311,view,1
1405,50,view,1
1405,378,view,1
1406,28,purchase,3
1406,57,purchase,3
1406,142,view,1
1406,192,view,1
1406,443,cart,2
1406,480,view,1
1406,49,purchase,3
1406,494,cart,2
1406,45,view,1
1406,439,cart,2
1406,88,view,1
1406,463,view,1
1406,97,purchase,3
1406,73,purchase,3
1406,487,view,1
1406,400,purchase,3
1406,311,cart,2
1406,141,purchase,3
1407,313,cart,2
1407,86,view,1
1407,184,view,1
1407,478,cart,2
1407,225,cart,2
1407,384,cart,2
1407,321,view,1
1407,232,purchase,3
1407,316,view,1
1407,102,purchase,3
1407,74,view,1
1407,61,purchase,3
1407,268,cart,2
1407,211,purchase,3
1407,132,purchase,3
1407,378,cart,2
1407,130,view,1
1407,154,view,1
1408,417,purchase,3
1408,293,purchase,3
1408,77,view,1
1408,452,cart,2
1408,265,cart,2
1408,317,purchase,3
1408,324,purchase,3
1408,478,view,1
1408,364,cart,2
1408,53,view,1
1408,349,view,1
1408,13,cart,2
1408,111,view,1
1408,218,view,1
1408,488,cart,2
1409,88,cart,2
1409,117,purchase,3
1409,191,purchase,3
1409,282,purchase,3
1409,20,purchase,3
1409,334,view,1
1409,484,view,1
1409,306,purchase,3
1409,147,purchase,3
1409,2,cart,2
1409,168,view,1
1409,62,purchase,3
1409,52,view,1
1409,140,view,1
1409,4,purchase,3
1409,230,cart,2
1409,253,purchase,3
1409,365,purchase,3
1409,433,view,1
1410,358,cart,2
1410,200,view,1
1410,100,purchase,3
1410,417,purchase,3
1410,109,cart,2
1410,359,view,1
1410,64,purchase,3
1410,245,cart,2
1410,28,cart,2
1410,498,purchase,3
1410,446,view,1
1410,363,purchase,3
1410,331,purchase,3
1410,239,view,1
1410,18,cart,2
1410,375,cart,2
1410,209,view,1
1410,176,cart,2
1410,224,view,1
1410,472,view,1
1411,424,view,1
1411,222,view,1
1411,127,cart,2
1411,484,purchase,3
1411,195,cart,2
1411,64,cart,2
1411,368,cart,2
1411,464,view,1
1411,292,cart,2
1411,202,purchase,3
1411,138,view,1
1411,392,purchase,3
1412,410,view,1
1412,403,view,1
1412,116,purchase,3
1412,278,cart,2
1412,216,purchase,3
1412,392,view,1
1412,86,view,1
1412,55,cart,2
1412,245,view,1
1412,491,cart,2
1413,176,cart,2
1413,419,cart,2
1413,308,view,1
1413,13,view,1
1413,232,purchase,3
1413,349,view,1
1413,277,view,1
1413,97,cart,2
1413,328,view,1
1414,499,purchase,3
1414,282,cart,2
1414,299,cart,2
1414,135,cart,2
1414,333,cart,2
1414,392,view,1
1414,213,purchase,3
1414,484,view,1
1414,39,purchase,3
1414,314,cart,2
1414,218,purchase,3
1414,432,purchase,3
1414,484,purchase,3
1414,17,view,1
1414,60,view,1
1415,152,view,1
1415,175,purchase,3
1415,69,purchase,3
1415,123,view,1
1415,167,cart,2
1415,24,view,1
1415,45,cart,2
1415,135,view,1
1415,157,view,1
1415,466,purchase,3
1415,388,purchase,3
1415,124,purchase,3
1415,62,cart,2
1415,439,purchase,3
1415,378,view,1
1415,72,view,1
1415,276,view,1
1416,384,purchase,3
1416,463,view,1
1416,320,view,1
1416,393,view,1
1416,340,purchase,3
1416,338,view,1
1416,489,purchase,3
1416,45,cart,2
1416,211,purchase,3
1416,193,view,1
1417,222,view,1
1417,88,purchase,3
1417,172,view,1
1417,271,cart,2
1417,369,view,1
1417,479,cart,2
1417,285,purchase,3
1417,134,purchase,3
1417,267,cart,2
1417,342,cart,2
1417,147,purchase,3
1417,346,cart,2
1418,75,view,1
1418,99,view,1
1418,41,purchase,3
1418,160,purchase,3
1418,42,purchase,3
1418,244,view,1
1418,309,cart,2
1418,209,view,1
1418,226,purchase,3
1418,406,cart,2
1418,205,purchase,3
1418,425,purchase,3
1418,96,view,1
1418,351,purchase,3
1418,357,purchase,3
1419,215,purchase,3
1419,105,cart,2
1419,7,cart,2
1419,267,cart,2
1419,414,view,1
1419,272,view,1
1419,426,view,1
1419,459,cart,2
1419,384,cart,2
1419,434,cart,2
1419,309,purchase,3
1419,60,purchase,3
1419,20,view,1
1419,78,cart,2
1419,88,purchase,3
1419,18,cart,2
1420,450,cart,2
1420,30,cart,2
1420,121,purchase,3
1420,342,view,1
1420,3,view,1
1420,246,view,1
1420,343,cart,2
1420,62,purchase,3
1420,96,view,1
1420,435,view,1
1421,397,purchase,3
1421,282,cart,2
1421,330,cart,2
1421,243,purchase,3
1421,138,view,1
1421,313,view,1
1421,12,purchase,3
1421,32,view,1
1421,170,purchase,3
1421,211,view,1
1421,271,cart,2
1421,143,cart,2
1421,429,view,1
1421,335,view,1
1421,484,purchase,3
1421,235,view,1
1421,9,view,1
1421,105,purchase,3
1421,338,view,1
1421,88,view,1
1422,375,cart,2
1422,94,cart,2
1422,463,view,1
1422,102,view,1
1422,453,view,1
1422,472,view,1
1422,205,view,1
1422,55,purchase,3
1422,205,view,1
1422,16,view,1
1422,288,cart,2
1422,318,purchase,3
1423,330,cart,2
1423,2,cart,2
1423,30,cart,2
1423,122,cart,2
1423,324,purchase,3
1423,46,view,1
1423,437,cart,2
1424,338,view,1
1424,229,cart,2
1424,81,purchase,3
1424,51,cart,2
1424,22,view,1
1424,232,view,1
1424,443,purchase,3
1424,335,view,1
1424,208,view,1
1424,484,cart,2
1424,326,purchase,3
1424,183,view,1
1424,230,view,1
1424,151,purchase,3
1424,265,cart,2
1424,430,purchase,3
1425,153,purchase,3
1425,360,purchase,3
1425,217,cart,2
1425,156,cart,2
1425,5,view,1
1425,351,view,1
1425,236,purchase,3
1425,372,view,1
1425,415,view,1
1425,500,cart,2
1425,362,view,1
1425,447,view,1
1425,196,cart,2
1425,486,cart,2
1425,175,cart,2
1425,408,cart,2
1425,312,purchase,3
1425,95,purchase,3
1426,194,cart,2
1426,121,cart,2
1426,128,cart,2
1426,295,purchase,3
1426,137,purchase,3
1426,111,view,1
1426,367,view,1
1426,99,cart,2
1426,178,purchase,3
1426,242,cart,2
1426,319,view,1
1426,140,view,1
1426,62,view,1
1426,99,purchase,3
1426,41,cart,2
1427,85,cart,2
1427,372,cart,2
1427,275,cart,2
1427,313,view,1
1427,286,purchase,3
1427,324,purchase,3
1428,438,view,1
1428,199,purchase,3
1428,1,cart,2
1428,119,purchase,3
1428,176,purchase,3
1428,303,view,1
1428,168,purchase,3
1428,336,view,1
1428,481,view,1
1428,173,view,1
1428,6,purchase,3
1428,224,view,1
1428,6,view,1
1428,418,cart,2
1428,249,purchase,3
1428,253,view,1
1429,187,view,1
1429,90,cart,2
1429,444,view,1
1429,312,purchase,3
1429,110,purchase,3
1430,72,purchase,3
1430,177,purchase,3
1430,84,cart,2
1430,289,view,1
1430,159,cart,2
1430,359,cart,2
1431,227,cart,2
1431,328,cart,2
1431,316,purchase,3
1431,256,purchase,3
1431,207,purchase,3
1431,344,purchase,3
1431,307,purchase,3
1431,322,view,1
1431,181,purchase,3
1431,499,purchase,3
1431,401,view,1
1431,90,cart,2
1432,436,cart,2
1432,203,view,1
1432,444,purchase,3
1432,193,cart,2
1432,377,cart,2
1432,76,purchase,3
1432,456,purchase,3
1432,216,view,1
1432,495,purchase,3
1432,263,purchase,3
1432,359,cart,2
1432,123,view,1
1432,10,purchase,3
1432,210,cart,2
1432,219,purchase,3
1432,224,purchase,3
1432,477,purchase,3
1432,34,purchase,3
1432,396,purchase,3
1432,241,view,1
1433,401,cart,2
1433,323,purchase,3
1433,255,view,1
1433,19,view,1
1433,485,cart,2
1434,275,view,1
1434,135,cart,2
1434,492,cart,2
1434,241,cart,2
1434,400,view,1
1434,106,purchase,3
1434,418,purchase,3
1434,209,cart,2
1434,383,purchase,3
1434,264,cart,2
1434,281,cart,2
1434,245,view,1
1434,288,view,1
1434,115,view,1
1434,10,purchase,3
1434,389,cart,2
1434,68,cart,2
1434,181,cart,2
1435,218,cart,2
1435,118,view,1
1435,177,view,1
1435,51,cart,2
1435,346,view,1
1435,28,view,1
1435,259,purchase,3
1436,341,purchase,3
1436,182,cart,2
1436,11,view,1
1436,184,purchase,3
1436,418,view,1
1436,369,purchase,3
1437,123,view,1
1437,360,purchase,3
1437,410,purchase,3
1437,361,cart,2
1437,154,view,1
1437,169,purchase,3
1437,365,cart,2
1437,474,view,1
1437,342,purchase,3
1437,248,view,1
1437,123,purchase,3
1437,354,purchase,3
1437,309,view,1
1437,404,view,1
1438,365,cart,2
1438,28,cart,2
1438,202,purchase,3
1438,28,purchase,3
1438,420,purchase,3
1439,192,purchase,3
1439,146,purchase,3
1439,221,cart,2
1439,432,cart,2
1439,141,view,1
1439,181,purchase,3
1439,6,cart,2
1439,361,cart,2
1439,95,view,1
1439,238,view,1
1439,69,purchase,3
1439,300,view,1
1439,310,view,1
1439,122,view,1
1439,86,purchase,3
1439,368,purchase,3
1440,129,view,1
1440,192,view,1
1440,142,cart,2
1440,402,purchase,3
1440,283,cart,2
1440,46,cart,2
1440,243,view,1
1440,241,purchase,3
1441,288,cart,2
1441,424,view,1
1441,330,purchase,3
1441,190,cart,2
1441,49,purchase,3
1441,375,view,1
1441,359,purchase,3
1441,109,cart,2
1441,293,cart,2
1442,300,view,1
1442,393,cart,2
1442,74,cart,2
1442,402,view,1
1442,45,purchase,3
1443,410,view,1
1443,214,view,1
1443,382,cart,2
1443,245,cart,2
1443,359,view,1
1443,472,purchase,3
1443,414,purchase,3
1443,406,purchase,3
1443,163,purchase,3
1443,384,view,1
1443,223,cart,2
1443,493,view,1
1443,112,view,1
1443,386,cart,2
1443,225,purchase,3
1443,11,view,1
1444,176,view,1
1444,470,purchase,3
1444,410,purchase,3
1444,152,cart,2
1444,400,purchase,3
1444,454,view,1
1444,448,view,1
1444,138,view,1
1445,160,purchase,3
1445,52,view,1
1445,384,cart,2
1445,6,cart,2
1445,23,purchase,3
1445,60,purchase,3
1445,500,view,1
1445,305,cart,2
1446,333,view,1
1446,451,view,1
1446,418,view,1
1446,108,purchase,3
1446,77,cart,2
1446,402,view,1
1446,147,view,1
1446,345,cart,2
1446,385,purchase,3
1446,8,view,1
1446,302,cart,2
1446,450,purchase,3
1446,223,purchase,3
1447,225,view,1
1447,422,view,1
1447,196,view,1
1447,295,view,1
1447,248,view,1
1447,392,purchase,3
1447,155,purchase,3
1447,173,view,1
1447,297,cart,2
1447,322,purchase,3
1447,277,purchase,3
1447,84,cart,2
1447,63,cart,2
1447,37,purchase,3
1447,441,cart,2
1447,480,purchase,3
1447,300,purchase,3
1447,294,cart,2
1447,253,view,1
1447,332,view,1
1448,354,purchase,3
1448,315,view,1
1448,307,cart,2
1448,152,purchase,3
1448,3,view,1
1448,96,cart,2
1448,130,view,1
1448,97,cart,2
1448,197,view,1
1448,225,cart,2
1448,283,purchase,3
1449,472,purchase,3
1449,264,purchase,3
1449,343,cart,2
1449,402,purchase,3
1449,499,view,1
1449,466,cart,2
1449,353,purchase,3
1450,244,cart,2
1450,417,purchase,3
1450,399,purchase,3
1450,449,cart,2
1450,203,view,1
1450,183,view,1
1450,285,cart,2
1450,360,cart,2
1450,34,view,1
1450,303,cart,2
1450,136,purchase,3
1450,480,cart,2
1451,486,view,1
1451,29,purchase,3
1451,74,view,1
1451,60,cart,2
1451,224,view,1
1451,346,cart,2
1451,8,cart,2
1451,295,purchase,3
1451,238,cart,2
1451,119,view,1
1451,346,view,1
1451,358,cart,2
1451,449,cart,2
1451,497,cart,2
1451,113,view,1
1451,388,view,1
1451,155,purchase,3
1451,112,cart,2
1451,281,view,1
1452,288,purchase,3
1452,293,cart,2
1452,378,cart,2
1452,52,cart,2
1452,91,view,1
1452,14,purchase,3
1453,327,purchase,3
1453,295,purchase,3
1453,490,cart,2
1453,337,view,1
1453,492,cart,2
1453,156,cart,2
1453,344,purchase,3
1453,27,purchase,3
1453,172,cart,2
1453,302,cart,2
1453,274,purchase,3
1453,84,cart,2
1454,328,view,1
1454,372,purchase,3
1454,156,purchase,3
1454,352,cart,2
1454,485,view,1
1454,492,purchase,3
1454,106,cart,2
1454,456,view,1
1454,466,view,1
1454,75,cart,2
1454,49,cart,2
1454,59,purchase,3
1454,274,purchase,3
1454,159,view,1
1455,264,view,1
1455,390,view,1
1455,331,purchase,3
1455,40,cart,2
1455,322,view,1
1456,45,cart,2
1456,7,view,1
1456,83,purchase,3
1456,430,purchase,3
1456,73,purchase,3
1456,87,purchase,3
1456,332,cart,2
1456,256,cart,2
1456,25,cart,2
1456,445,purchase,3
1456,307,cart,2
1456,137,purchase,3
1456,421,cart,2
1456,245,cart,2
1456,130,cart,2
1456,285,view,1
1456,68,view,1
1457,429,purchase,3
1457,482,view,1
1457,91,view,1
1457,376,cart,2
1457,390,cart,2
1457,432,view,1
1457,192,purchase,3
1457,91,purchase,3
1458,61,cart,2
1458,352,view,1
1458,118,view,1
1458,219,cart,2
1458,86,cart,2
1458,392,purchase,3
1458,85,purchase,3
1458,169,cart,2
1458,49,purchase,3
1458,303,purchase,3
1459,24,cart,2
1459,292,view,1
1459,338,view,1
1459,39,cart,2
1459,165,cart,2
1459,49,view,1
1459,291,view,1
1459,222,cart,2
1459,53,purchase,3
1459,23,purchase,3
1459,430,purchase,3
1460,419,purchase,3
1460,151,cart,2
1460,271,purchase,3
1460,26,purchase,3
1460,350,view,1
1460,352,cart,2
1460,215,cart,2
1460,272,cart,2
1461,111,view,1
1461,127,purchase,3
1461,242,view,1
1461,37,purchase,3
1461,358,view,1
1461,238,purchase,3
1461,20,cart,2
1461,174,cart,2
1461,296,view,1
1461,333,view,1
1461,9,view,1
1461,115,view,1
1461,66,cart,2
1462,1,cart,2
1462,387,purchase,3
1462,337,view,1
1462,147,cart,2
1462,380,cart,2
1462,153,cart,2
1462,486,purchase,3
1462,297,view,1
1463,345,purchase,3
1463,372,purchase,3
1463,115,cart,2
1463,254,purchase,3
1463,443,cart,2
1463,415,cart,2
1463,320,purchase,3
1463,163,view,1
1463,236,cart,2
1463,264,cart,2
1463,40,cart,2
1464,169,cart,2
1464,106,cart,2
1464,160,view,1
1464,150,view,1
1464,414,view,1
1464,421,cart,2
1464,211,purchase,3
1464,435,view,1
1464,454,view,1
1464,142,cart,2
1464,351,purchase,3
1464,446,view,1
1464,470,purchase,3
1464,94,purchase,3
1464,368,cart,2
1464,345,purchase,3
1464,408,view,1
1464,96,view,1
1464,18,view,1
1464,243,view,1
1465,454,view,1
1465,185,cart,2
1465,262,cart,2
1465,21,purchase,3
1465,479,purchase,3
1466,229,cart,2
1466,232,view,1
1466,457,view,1
1466,266,purchase,3
1466,285,cart,2
1466,353,cart,2
1466,268,cart,2
1466,114,view,1
1466,311,purchase,3
1466,126,purchase,3
1466,495,purchase,3
1466,281,view,1
1466,38,cart,2
1467,411,purchase,3
1467,378,purchase,3
1467,177,purchase,3
1467,174,view,1
1467,61,view,1
1467,105,view,1
1467,11,cart,2
1467,293,purchase,3
1467,121,view,1
1467,149,view,1
1467,379,view,1
1467,190,view,1
1467,202,cart,2
1467,172,purchase,3
1467,44,cart,2
1467,290,purchase,3
1468,183,purchase,3
1468,24,view,1
1468,452,cart,2
1468,133,purchase,3
1468,389,purchase,3
1468,29,cart,2
1469,436,cart,2
1469,37,purchase,3
1469,489,view,1
1469,355,view,1
1469,128,purchase,3
1469,308,purchase,3
1469,99,purchase,3
1469,342,cart,2
1469,254,cart,2
1469,328,view,1
1469,40,cart,2
1469,382,purchase,3
1469,396,view,1
1469,90,view,1
1469,49,cart,2
1470,72,cart,2
1470,394,purchase,3
1470,122,cart,2
1470,292,view,1
1470,237,purchase,3
1470,253,purchase,3
1470,10,view,1
1470,297,purchase,3
1470,106,purchase,3
1470,16,view,1
1470,436,purchase,3
1470,159,view,1
1470,340,view,1
1471,456,purchase,3
1471,6,view,1
1471,240,purchase,3
1471,315,view,1
1471,109,cart,2
1471,223,purchase,3
1471,440,cart,2
1472,296,cart,2
1472,335,purchase,3
1472,65,view,1
1472,459,cart,2
1472,202,purchase,3
1472,12,purchase,3
1473,259,cart,2
1473,475,cart,2
1473,315,purchase,3
1473,438,purchase,3
1473,421,cart,2
1473,486,purchase,3
1473,394,view,1
1473,344,purchase,3
1473,468,cart,2
1473,491,cart,2
1473,230,cart,2
1473,484,purchase,3
1473,346,purchase,3
1473,389,cart,2
1474,386,view,1
1474,60,view,1
1474,44,cart,2
1474,98,purchase,3
1474,266,cart,2
1474,409,cart,2
1474,172,purchase,3
1474,182,purchase,3
1474,205,cart,2
1474,321,purchase,3
1474,117,purchase,3
1475,361,cart,2
1475,83,view,1
1475,468,purchase,3
1475,454,purchase,3
1475,190,view,1
1475,417,cart,2
1475,302,cart,2
1475,83,cart,2
1475,378,purchase,3
1475,350,purchase,3
1475,216,purchase,3
1475,494,view,1
1475,291,cart,2
1475,324,cart,2
1475,161,cart,2
1475,345,purchase,3
1476,405,purchase,3
1476,231,view,1
1476,470,purchase,3
1476,15,view,1
1476,261,cart,2
1476,32,cart,2
1476,299,view,1
1476,471,cart,2
1476,77,view,1
1476,29,view,1
1476,113,view,1
1476,164,view,1
1476,432,purchase,3
1476,310,purchase,3
1476,33,view,1
1476,301,cart,2
1476,212,purchase,3
1476,207,view,1
1477,403,view,1
1477,23,cart,2
1477,189,purchase,3
1477,96,view,1
1477,30,cart,2
1477,267,purchase,3
1477,149,purchase,3
1477,315,cart,2
1477,56,purchase,3
1477,495,view,1
1477,68,cart,2
1477,70,cart,2
1477,46,purchase,3
1477,195,purchase,3
1477,485,purchase,3
1477,437,view,1
1477,210,purchase,3
1477,234,cart,2
1477,455,purchase,3
1478,353,purchase,3
1478,59,purchase,3
1478,242,view,1
1478,97,cart,2
1478,326,cart,2
1478,36,purchase,3
1478,20,cart,2
1478,245,view,1
1478,452,view,1
1478,306,purchase,3
1478,270,cart,2
1478,212,view,1
1478,479,view,1
1478,225,view,1
1478,163,purchase,3
1478,14,view,1
1478,433,view,1
1478,410,view,1
1478,125,cart,2
1479,477,view,1
1479,492,view,1
1479,371,cart,2
1479,309,cart,2
1479,386,cart,2
1479,182,view,1
1479,307,view,1
1479,112,purchase,3
1479,169,purchase,3
1479,446,cart,2
1479,419,purchase,3
1480,56,purchase,3
1480,282,cart,2
1480,10,cart,2
1480,245,cart,2
1480,246,purchase,3
1480,211,purchase,3
1480,117,cart,2
1480,277,cart,2
1480,401,view,1
1480,497,view,1
1480,227,purchase,3
1480,50,view,1
1480,313,purchase,3
1480,418,purchase,3
1480,290,purchase,3
1480,139,cart,2
1481,92,cart,2
1481,175,view,1
1481,495,purchase,3
1481,158,view,1
1481,299,cart,2
1481,445,purchase,3
1481,32,purchase,3
1481,283,purchase,3
1481,80,cart,2
1481,244,cart,2
1482,456,purchase,3
1482,370,view,1
1482,103,purchase,3
1482,54,purchase,3
1482,287,view,1
1482,210,cart,2
1482,265,view,1
1482,392,purchase,3
1482,26,view,1
1482,172,view,1
1482,310,purchase,3
1482,342,cart,2
1482,130,purchase,3
1482,215,cart,2
1482,147,purchase,3
1482,90,view,1
1482,199,view,1
1482,271,cart,2
1482,95,view,1
1482,398,cart,2
1483,318,view,1
1483,192,view,1
1483,191,cart,2
1483,338,purchase,3
1483,191,cart,2
1483,88,view,1
1484,100,purchase,3
1484,1,purchase,3
1484,42,cart,2
1484,436,view,1
1484,490,cart,2
1484,193,purchase,3
1484,269,view,1
1484,187,purchase,3
1484,339,cart,2
1484,96,purchase,3
1484,325,purchase,3
1485,391,purchase,3
1485,125,purchase,3
1485,411,purchase,3
1485,489,view,1
1485,351,purchase,3
1485,139,purchase,3
1485,234,view,1
1485,255,view,1
1485,245,view,1
1485,163,cart,2
1485,407,view,1
1485,440,purchase,3
1485,43,cart,2
1485,277,view,1
1485,181,purchase,3
1486,406,view,1
1486,173,view,1
1486,287,purchase,3
1486,75,view,1
1486,225,cart,2
1486,393,view,1
1487,64,cart,2
1487,76,view,1
1487,138,cart,2
1487,113,view,1
1487,394,view,1
1487,319,purchase,3
1487,185,purchase,3
1487,234,purchase,3
1487,332,purchase,3
1487,412,purchase,3
1487,144,view,1
1488,71,purchase,3
1488,205,cart,2
1488,493,cart,2
1488,233,purchase,3
1488,273,cart,2
1488,163,purchase,3
1488,112,purchase,3
1488,210,cart,2
1488,73,cart,2
1488,159,view,1
1488,443,view,1
1488,182,cart,2
1488,114,purchase,3
1488,86,view,1
1489,109,purchase,3
1489,335,view,1
1489,90,view,1
1489,232,purchase,3
1489,164,cart,2
1489,85,view,1
1489,283,purchase,3
1489,348,view,1
1489,425,view,1
1490,114,cart,2
1490,497,purchase,3
1490,332,purchase,3
1490,267,view,1
1490,430,cart,2
1490,465,purchase,3
1490,430,view,1
1490,63,view,1
1490,341,purchase,3
1490,422,purchase,3
1490,90,purchase,3
1490,395,view,1
1490,404,purchase,3
1490,25,view,1
1491,278,purchase,3
1491,215,view,1
1491,11,view,1
1491,266,cart,2
1491,469,view,1
1491,216,view,1
1491,56,cart,2
1492,307,purchase,3
1492,361,purchase,3
1492,268,view,1
1492,106,purchase,3
1492,330,purchase,3
1492,495,purchase,3
1492,82,view,1
1492,485,purchase,3
1492,314,view,1
1492,70,view,1
1492,419,purchase,3
1492,305,purchase,3
1492,44,view,1
1492,214,purchase,3
1493,172,purchase,3
1493,1,purchase,3
1493,154,cart,2
1493,490,cart,2
1493,220,cart,2
1493,235,cart,2
1493,407,purchase,3
1493,309,cart,2
1493,156,view,1
1493,431,purchase,3
1493,44,view,1
1493,22,cart,2
1493,409,view,1
1493,94,purchase,3
1493,178,purchase,3
1493,498,cart,2
1493,441,cart,2
1493,405,view,1
1493,152,view,1
1493,6,purchase,3
1494,373,view,1
1494,272,purchase,3
1494,309,purchase,3
1494,157,purchase,3
1494,3,cart,2
1494,93,cart,2
1494,257,view,1
1494,362,view,1
1494,157,view,1
1494,360,purchase,3
1494,326,purchase,3
1494,282,cart,2
1494,18,cart,2
1494,62,view,1
1494,220,cart,2
1495,131,view,1
1495,39,cart,2
1495,59,cart,2
1495,62,cart,2
1495,479,cart,2
1495,268,purchase,3
1495,317,view,1
1495,5,cart,2
1495,368,cart,2
1495,390,cart,2
1495,332,purchase,3
1495,272,purchase,3
1495,260,view,1
1495,273,purchase,3
1495,77,view,1
1496,251,purchase,3
1496,481,cart,2
1496,117,cart,2
1496,185,view,1
1496,351,view,1
1496,324,cart,2
1497,327,view,1
1497,30,cart,2
1497,429,view,1
1497,187,purchase,3
1497,474,purchase,3
1497,257,purchase,3
1497,226,purchase,3
1497,10,purchase,3
1498,271,view,1
1498,281,purchase,3
1498,80,purchase,3
1498,329,view,1
1498,277,view,1
1498,232,view,1
1498,147,cart,2
1498,77,view,1
1498,468,view,1
1498,334,view,1
1499,329,view,1
1499,233,purchase,3
1499,143,cart,2
1499,497,cart,2
1499,233,cart,2
1499,49,view,1
1499,438,cart,2
1499,147,view,1
1499,158,view,1
1499,16,view,1
1499,192,cart,2
1500,239,cart,2
1500,280,view,1
1500,49,purchase,3
1500,412,purchase,3
1500,449,view,1
1500,497,view,1
1500,399,cart,2
1500,278,view,1
1500,219,view,1
1500,185,purchase,3
1501,382,purchase,3
1501,125,purchase,3
1501,473,view,1
1501,106,cart,2
1501,35,purchase,3
1501,42,cart,2
1501,202,purchase,3
1501,284,purchase,3
1501,497,purchase,3
1501,425,view,1
1501,263,view,1
1501,58,purchase,3
1501,182,view,1
1501,285,purchase,3
1502,389,view,1
1502,177,cart,2
1502,35,view,1
1502,416,cart,2
1502,126,purchase,3
1502,162,purchase,3
1502,214,view,1
1502,379,view,1
1502,264,view,1
1502,360,view,1
1502,401,view,1
1502,200,purchase,3
1502,490,cart,2
1502,494,cart,2
1502,318,cart,2
1503,418,cart,2
1503,10,cart,2
1503,312,view,1
1503,209,view,1
1503,313,cart,2
1503,80,cart,2
1503,71,cart,2
1503,231,view,1
1503,211,view,1
1503,101,view,1
1503,321,cart,2
1503,232,purchase,3
1503,343,cart,2
1504,101,view,1
1504,460,cart,2
1504,45,view,1
1504,493,view,1
1504,420,purchase,3
1504,189,view,1
1504,226,cart,2
1504,15,purchase,3
1504,230,cart,2
1504,35,view,1
1504,134,cart,2
1504,161,view,1
1504,219,purchase,3
1504,336,purchase,3
1504,184,cart,2
1504,128,cart,2
1504,127,cart,2
1504,286,view,1
1505,120,cart,2
1505,379,cart,2
1505,385,view,1
1505,441,purchase,3
1505,304,view,1
1505,223,view,1
1505,44,purchase,3
1505,202,view,1
1505,98,cart,2
1505,393,view,1
1505,45,view,1
1505,126,cart,2
1506,138,cart,2
1506,189,view,1
1506,139,purchase,3
1506,324,cart,2
1506,439,purchase,3
1506,89,purchase,3
1506,463,view,1
1506,378,cart,2
1506,94,purchase,3
1506,173,view,1
1506,381,cart,2
1506,118,view,1
1506,227,cart,2
1506,336,cart,2
1506,42,purchase,3
1506,340,cart,2
1506,110,view,1
1507,457,cart,2
1507,85,purchase,3
1507,50,purchase,3
1507,21,purchase,3
1507,373,purchase,3
1507,192,cart,2
1507,461,view,1
1507,374,purchase,3
1507,486,cart,2
1507,35,view,1
1507,88,purchase,3
1507,124,cart,2
1507,328,cart,2
1507,159,cart,2
1508,53,view,1
1508,347,cart,2
1508,118,cart,2
1508,73,cart,2
1508,70,purchase,3
1508,314,purchase,3
1508,50,view,1
1508,291,view,1
1508,43,purchase,3
1508,9,view,1
1508,106,cart,2
1508,287,cart,2
1508,368,purchase,3
1508,262,view,1
1508,486,cart,2
1508,275,purchase,3
1508,182,view,1
1508,282,cart,2
1509,177,view,1
1509,223,view,1
1509,128,cart,2
1509,241,cart,2
1509,273,purchase,3
1509,110,cart,2
1509,114,cart,2
1510,386,cart,2
1510,165,purchase,3
1510,438,cart,2
1510,222,purchase,3
1510,293,purchase,3
1510,70,cart,2
1510,93,cart,2
1510,429,cart,2
1510,303,purchase,3
1510,15,view,1
1510,230,view,1
1510,196,view,1
1510,331,cart,2
1510,389,cart,2
1511,429,view,1
1511,411,view,1
1511,23,view,1
1511,96,view,1
1511,307,purchase,3
1511,33,view,1
1511,370,view,1
1511,261,purchase,3
1511,469,purchase,3
1511,499,purchase,3
1511,397,view,1
1511,387,cart,2
1512,169,view,1
1512,482,cart,2
1512,147,purchase,3
1512,171,purchase,3
1512,110,purchase,3
1513,106,view,1
1513,304,cart,2
1513,76,cart,2
1513,9,purchase,3
1513,48,cart,2
1513,115,view,1
1513,140,purchase,3
1513,213,cart,2
1513,189,view,1
1513,314,view,1
1513,210,purchase,3
1513,48,cart,2
1513,53,view,1
1513,441,view,1
1513,417,purchase,3
1514,466,purchase,3
1514,470,cart,2
1514,177,view,1
1514,1,cart,2
1514,82,cart,2
1515,124,cart,2
1515,148,view,1
1515,418,cart,2
1515,393,purchase,3
1515,445,cart,2
1515,129,cart,2
1515,356,view,1
1515,240,cart,2
1515,496,cart,2
1515,101,view,1
1515,112,view,1
1515,421,cart,2
1515,441,cart,2
1515,5,cart,2
1515,415,purchase,3
1515,406,purchase,3
1515,123,cart,2
1515,387,purchase,3
1516,189,cart,2
1516,1,view,1
1516,350,cart,2
1516,141,purchase,3
1516,429,view,1
1516,224,cart,2
1516,495,view,1
1516,445,cart,2
1516,294,view,1
1516,478,cart,2
1516,287,cart,2
1516,143,cart,2
1516,149,cart,2
1516,331,cart,2
1516,486,view,1
1517,119,purchase,3
1517,428,cart,2
1517,421,cart,2
1517,383,view,1
1517,480,cart,2
1517,367,cart,2
1517,391,view,1
1517,43,cart,2
1517,491,cart,2
1517,296,cart,2
1517,427,view,1
1517,239,cart,2
1517,389,view,1
1517,243,view,1
1517,456,cart,2
1517,144,purchase,3
1517,420,view,1
1517,334,cart,2
1518,30,cart,2
1518,282,view,1
1518,458,purchase,3
1518,355,purchase,3
1518,489,view,1
1518,354,view,1
1518,499,view,1
1518,295,cart,2
1518,47,view,1
1518,162,view,1
1518,165,view,1
1518,356,purchase,3
1518,293,view,1
1519,57,purchase,3
1519,492,cart,2
1519,160,cart,2
1519,476,purchase,3
1519,105,cart,2
1519,267,cart,2
1519,245,view,1
1519,345,cart,2
1519,244,purchase,3
1519,105,cart,2
1519,132,view,1
1519,289,purchase,3
1519,400,purchase,3
1519,209,view,1
1519,161,cart,2
1519,113,view,1
1519,391,purchase,3
1520,344,purchase,3
1520,428,cart,2
1520,208,purchase,3
1520,73,view,1
1520,128,view,1
1520,137,purchase,3
1520,364,purchase,3
1520,271,view,1
1520,376,cart,2
1520,254,view,1
1520,396,cart,2
1520,374,view,1
1520,2,purchase,3
1520,29,cart,2
1520,209,purchase,3
1520,348,cart,2
1520,499,purchase,3
1520,486,purchase,3
1520,422,view,1
1521,343,purchase,3
1521,80,cart,2
1521,403,view,1
1521,211,cart,2
1521,209,purchase,3
1521,434,cart,2
1521,13,view,1
1521,287,view,1
1522,385,purchase,3
1522,298,cart,2
1522,431,cart,2
1522,393,cart,2
1522,161,purchase,3
1522,156,purchase,3
1522,107,view,1
1522,86,purchase,3
1522,118,cart,2
1522,188,cart,2
1522,213,purchase,3
1522,69,cart,2
1522,85,cart,2
1522,339,cart,2
1522,155,cart,2
1522,423,cart,2
1522,294,cart,2
1522,184,purchase,3
1522,78,purchase,3
1523,3,cart,2
1523,448,view,1
1523,278,cart,2
1523,367,cart,2
1523,138,cart,2
1523,151,purchase,3
1523,415,view,1
1523,332,purchase,3
1523,470,cart,2
1523,260,purchase,3
1523,366,purchase,3
1524,489,purchase,3
1524,54,cart,2
1524,116,cart,2
1524,261,purchase,3
1524,397,cart,2
1524,439,cart,2
1524,16,view,1
1524,299,cart,2
1524,120,purchase,3
1524,293,cart,2
1524,375,cart,2
1524,5,view,1
1524,63,purchase,3
1525,286,cart,2
1525,105,cart,2
1525,11,view,1
1525,451,view,1
1525,452,cart,2
1526,482,purchase,3
1526,360,purchase,3
1526,188,view,1
1526,140,purchase,3
1526,310,purchase,3
1526,9,purchase,3
1526,101,view,1
1526,309,cart,2
1526,458,view,1
1527,203,cart,2
1527,130,purchase,3
1527,334,view,1
1527,406,view,1
1527,348,view,1
1527,384,purchase,3
1527,308,purchase,3
1528,172,view,1
1528,409,cart,2
1528,182,purchase,3
1528,41,purchase,3
1528,123,view,1
1528,341,cart,2
1528,498,view,1
1528,371,purchase,3
1528,148,purchase,3
1528,235,purchase,3
1529,235,view,1
1529,366,view,1
1529,455,purchase,3
1529,197,cart,2
1529,290,cart,2
1529,111,purchase,3
1529,349,cart,2
1529,245,cart,2
1529,310,view,1
1529,280,view,1
1529,231,view,1
1529,220,purchase,3
1529,328,view,1
1529,360,cart,2
1529,298,view,1
1529,129,view,1
1529,283,purchase,3
1530,407,view,1
1530,309,cart,2
1530,75,cart,2
1530,63,view,1
1530,364,view,1
1530,438,cart,2
1530,383,purchase,3
1530,306,purchase,3
1530,86,cart,2
1530,14,cart,2
1530,226,cart,2
1530,73,view,1
1530,276,cart,2
1531,376,purchase,3
1531,105,view,1
1531,457,purchase,3
1531,389,view,1
1531,125,cart,2
1531,313,view,1
1531,308,purchase,3
1531,79,cart,2
1531,476,purchase,3
1532,366,cart,2
1532,292,view,1
1532,450,cart,2
1532,444,purchase,3
1532,422,cart,2
1532,373,view,1
1532,483,cart,2
1532,139,purchase,3
1532,55,cart,2
1532,276,purchase,3
1532,85,cart,2
1532,72,purchase,3
1532,91,purchase,3
1532,423,cart,2
1532,87,cart,2
1532,71,cart,2
1532,454,view,1
1532,258,view,1
1533,132,purchase,3
1533,448,view,1
1533,189,purchase,3
1533,261,view,1
1533,464,view,1
1533,453,cart,2
1533,347,cart,2
1534,416,view,1
1534,332,cart,2
1534,45,cart,2
1534,47,purchase,3
1534,497,cart,2
1535,223,purchase,3
1535,16,view,1
1535,276,purchase,3
1535,25,view,1
1535,415,purchase,3
1535,231,view,1
1535,103,cart,2
1535,454,view,1
1535,208,cart,2
1535,211,cart,2
1535,179,cart,2
1535,469,cart,2
1536,255,purchase,3
1536,300,view,1
1536,24,view,1
1536,243,cart,2
1536,443,cart,2
1536,12,view,1
1536,216,view,1
1536,479,purchase,3
1537,452,cart,2
1537,210,purchase,3
1537,402,cart,2
1537,10,cart,2
1537,139,purchase,3
1537,334,view,1
1537,485,view,1
1537,474,view,1
1537,446,purchase,3
1537,366,purchase,3
1537,377,view,1
1538,121,view,1
1538,178,cart,2
1538,177,cart,2
1538,236,view,1
1538,169,cart,2
1538,16,purchase,3
1538,338,purchase,3
1538,148,view,1
1539,272,view,1
1539,218,view,1
1539,286,view,1
1539,38,purchase,3
1539,314,view,1
1539,148,view,1
1539,424,view,1
1539,39,cart,2
1539,445,cart,2
1539,251,view,1
1539,262,cart,2
1539,166,purchase,3
1539,20,purchase,3
1539,177,view,1
1539,311,cart,2
1540,313,cart,2
1540,201,purchase,3
1540,497,view,1
1540,300,purchase,3
1540,394,cart,2
1540,105,purchase,3
1540,80,cart,2
1541,454,cart,2
1541,209,purchase,3
1541,140,purchase,3
1541,297,cart,2
1541,176,view,1
1541,142,cart,2
1541,358,cart,2
1541,444,purchase,3
1541,9,view,1
1541,153,view,1
1541,9,view,1
1541,61,purchase,3
1541,132,cart,2
1541,121,purchase,3
1541,174,cart,2
1541,194,view,1
1541,303,cart,2
1541,235,view,1
1542,417,cart,2
1542,216,purchase,3
1542,263,view,1
1542,207,purchase,3
1542,210,view,1
1542,21,purchase,3
1542,52,purchase,3
1542,231,purchase,3
1543,82,cart,2
1543,453,view,1
1543,352,cart,2
1543,233,view,1
1543,100,cart,2
1544,338,view,1
1544,455,view,1
1544,444,cart,2
1544,290,view,1
1544,417,view,1
1544,173,view,1
1544,226,view,1
1544,158,cart,2
1544,262,purchase,3
1544,227,view,1
1544,490,purchase,3
1544,434,view,1
1544,392,view,1
1544,191,cart,2
1544,20,cart,2
1544,275,view,1
1544,54,view,1
1545,420,cart,2
1545,155,view,1
1545,462,cart,2
1545,138,cart,2
1545,499,cart,2
1545,327,view,1
1545,57,cart,2
1545,475,purchase,3
1545,287,view,1
1546,240,purchase,3
1546,471,view,1
1546,13,view,1
1546,471,cart,2
1546,118,view,1
1546,189,cart,2
1546,167,cart,2
1546,148,purchase,3
1546,318,cart,2
1547,107,view,1
1547,416,view,1
1547,69,view,1
1547,230,view,1
1547,182,purchase,3
1547,41,cart,2
1547,70,cart,2
1547,230,purchase,3
1547,445,cart,2
1547,161,purchase,3
1547,399,view,1
1547,359,cart,2
1547,369,view,1
1547,279,purchase,3
1547,189,cart,2
1548,52,purchase,3
1548,391,cart,2
1548,260,purchase,3
1548,72,cart,2
1548,178,purchase,3
1548,287,view,1
1548,21,cart,2
1548,153,view,1
1548,166,cart,2
1549,156,cart,2
1549,264,view,1
1549,10,view,1
1549,227,view,1
1549,130,cart,2
1550,45,cart,2
1550,459,cart,2
1550,168,purchase,3
1550,184,cart,2
1550,105,purchase,3
1550,365,purchase,3
1550,215,view,1
1550,134,purchase,3
1550,464,cart,2
1550,338,purchase,3
1550,69,view,1
1550,105,purchase,3
1550,138,cart,2
1551,149,view,1
1551,405,cart,2
1551,411,cart,2
1551,29,view,1
1551,451,cart,2
1551,72,cart,2
1551,451,view,1
1551,362,cart,2
1551,364,view,1
1551,196,purchase,3
1551,484,purchase,3
1551,339,purchase,3
1551,380,purchase,3
1551,170,purchase,3
1551,358,cart,2
1551,396,cart,2
1552,437,purchase,3
1552,412,cart,2
1552,78,cart,2
1552,67,view,1
1552,348,cart,2
1552,307,view,1
1553,440,view,1
1553,431,cart,2
1553,179,view,1
1553,70,purchase,3
1553,150,view,1
1553,218,cart,2
1553,18,view,1
1554,225,view,1
1554,141,purchase,3
1554,282,cart,2
1554,212,view,1
1554,142,purchase,3
1554,241,purchase,3
1554,256,cart,2
1554,58,cart,2
1554,260,purchase,3
1555,272,cart,2
1555,490,view,1
1555,47,purchase,3
1555,341,cart,2
1555,393,cart,2
1555,50,cart,2
1555,41,purchase,3
1555,277,cart,2
1555,303,cart,2
1555,258,cart,2
1555,113,cart,2
1555,60,cart,2
1555,381,cart,2
1555,34,purchase,3
1556,328,cart,2
1556,374,view,1
1556,478,view,1
1556,236,purchase,3
1556,353,view,1
1556,455,view,1
1556,412,view,1
1556,68,cart,2
1556,253,cart,2
1557,388,cart,2
1557,164,purchase,3
1557,144,purchase,3
1557,61,view,1
1557,104,cart,2
1557,4,view,1
1557,60,view,1
1557,75,purchase,3
1557,426,view,1
1557,295,view,1
1557,128,view,1
1557,73,purchase,3
1557,4,cart,2
1557,412,view,1
1557,43,cart,2
1557,100,cart,2
1557,68,cart,2
1557,321,purchase,3
1557,445,view,1
1558,175,cart,2
1558,431,purchase,3
1558,25,cart,2
1558,9,cart,2
1558,101,view,1
1558,270,view,1
1558,70,cart,2
1558,398,cart,2
1558,372,purchase,3
1558,494,cart,2
1559,455,cart,2
1559,333,view,1
1559,415,view,1
1559,422,cart,2
1559,237,purchase,3
1559,15,cart,2
1559,165,view,1
1559,401,view,1
1559,33,purchase,3
1559,60,purchase,3
1559,155,view,1
1559,95,cart,2
1559,367,purchase,3
1559,109,purchase,3
1559,268,view,1
1559,117,view,1
1559,142,view,1
1559,217,cart,2
1559,232,view,1
1560,268,cart,2
1560,102,view,1
1560,476,view,1
1560,189,purchase,3
1560,357,cart,2
1560,479,cart,2
1560,177,cart,2
1560,417,cart,2
1560,348,purchase,3
1561,110,purchase,3
1561,376,purchase,3
1561,433,purchase,3
1561,197,view,1
1561,355,purchase,3
1561,273,cart,2
1561,86,view,1
1561,470,view,1
1561,441,purchase,3
1561,156,purchase,3
1561,28,purchase,3
1561,326,cart,2
1561,154,view,1
1562,296,cart,2
1562,323,cart,2
1562,199,cart,2
1562,141,purchase,3
1562,473,purchase,3
1562,298,purchase,3
1562,7,cart,2
1562,474,cart,2
1562,133,view,1
1562,355,cart,2
1562,265,view,1
1562,223,view,1
1562,112,cart,2
1562,274,purchase,3
1563,429,cart,2
1563,116,purchase,3
1563,481,purchase,3
1563,66,purchase,3
1563,444,view,1
1563,135,purchase,3
1563,286,view,1
1563,274,purchase,3
1564,381,purchase,3
1564,439,view,1
1564,239,cart,2
1564,294,purchase,3
1564,289,cart,2
1564,248,purchase,3
1564,265,purchase,3
1564,497,view,1
1564,379,cart,2
1564,474,purchase,3
1564,374,view,1
1565,43,purchase,3
1565,46,view,1
1565,487,cart,2
1565,361,cart,2
1565,167,view,1
1565,281,cart,2
1566,135,purchase,3
1566,326,purchase,3
1566,340,cart,2
1566,114,cart,2
1566,206,view,1
1566,354,cart,2
1566,274,view,1
1566,102,purchase,3
1567,364,view,1
1567,16,cart,2
1567,325,purchase,3
1567,87,purchase,3
1567,44,purchase,3
1567,492,view,1
1567,127,view,1
1567,122,cart,2
1567,415,view,1
1567,220,cart,2
1567,69,purchase,3
1567,230,cart,2
1567,46,view,1
1568,216,purchase,3
1568,491,cart,2
1568,418,purchase,3
1568,444,cart,2
1568,455,view,1
1568,32,cart,2
1568,481,cart,2
1568,225,cart,2
1568,419,view,1
1568,363,purchase,3
1568,261,view,1
1568,326,cart,2
1568,220,view,1
1568,136,view,1
1568,424,purchase,3
1568,415,view,1
1568,288,purchase,3
1569,33,view,1
1569,187,purchase,3
1569,143,cart,2
1569,374,cart,2
1569,179,purchase,3
1569,33,view,1
1569,465,view,1
1569,276,cart,2
1569,340,purchase,3
1569,219,view,1
1569,125,view,1
1569,175,view,1
1569,158,view,1
1569,132,view,1
1569,133,view,1
1569,376,cart,2
1570,188,purchase,3
1570,371,cart,2
1570,190,purchase,3
1570,408,cart,2
1570,257,view,1
1570,293,purchase,3
1570,212,view,1
1570,241,view,1
1570,244,purchase,3
1570,382,purchase,3
1570,321,view,1
1570,142,view,1
1570,61,cart,2
1571,245,view,1
1571,277,cart,2
1571,490,purchase,3
1571,78,purchase,3
1571,340,purchase,3
1571,264,cart,2
1571,314,view,1
1571,439,cart,2
1571,337,view,1
1571,196,cart,2
1571,330,cart,2
1572,494,view,1
1572,10,purchase,3
1572,306,view,1
1572,37,purchase,3
1572,26,purchase,3
1572,496,view,1
1572,185,cart,2
1572,83,purchase,3
1572,81,cart,2
1572,343,purchase,3
1572,181,cart,2
1572,397,purchase,3
1572,84,cart,2
1572,216,view,1
1572,453,purchase,3
1572,236,purchase,3
1573,380,cart,2
1573,202,purchase,3
1573,391,view,1
1573,116,view,1
1573,136,purchase,3
1573,332,view,1
1573,477,purchase,3
1573,165,view,1
1573,75,view,1
1573,423,purchase,3
1573,359,view,1
1573,146,purchase,3
1573,142,cart,2
1573,201,view,1
1573,490,view,1
1573,285,view,1
1573,116,cart,2
1573,110,cart,2
1574,269,cart,2
1574,394,view,1
1574,134,purchase,3
1574,260,purchase,3
1574,265,view,1
1574,361,purchase,3
1574,106,purchase,3
1574,95,purchase,3
1574,339,cart,2
1574,289,view,1
1574,232,cart,2
1574,302,purchase,3
1574,6,purchase,3
1574,446,view,1
1575,231,cart,2
1575,183,view,1
1575,320,cart,2
1575,13,view,1
1575,93,cart,2
1575,10,view,1
1576,262,cart,2
1576,359,view,1
1576,100,purchase,3
1576,80,cart,2
1576,207,purchase,3
1576,50,cart,2
1576,21,purchase,3
1576,345,view,1
1576,80,cart,2
1576,32,view,1
1576,350,view,1
1576,360,cart,2
1576,353,cart,2
1576,238,view,1
1577,395,purchase,3
1577,357,cart,2
1577,456,view,1
1577,372,purchase,3
1577,70,cart,2
1578,337,view,1
1578,473,purchase,3
1578,283,purchase,3
1578,389,purchase,3
1578,10,view,1
1578,186,cart,2
1578,458,purchase,3
1578,305,view,1
1578,139,cart,2
1578,281,cart,2
1578,10,purchase,3
1578,316,view,1
1578,129,purchase,3
1578,138,purchase,3
1578,213,cart,2
1578,6,view,1
1579,369,view,1
1579,369,purchase,3
1579,403,view,1
1579,125,view,1
1579,320,view,1
1579,224,cart,2
1579,44,cart,2
1579,189,view,1
1579,331,view,1
1579,224,view,1
1580,384,cart,2
1580,413,purchase,3
1580,236,cart,2
1580,184,view,1
1580,200,view,1
1580,155,purchase,3
1580,326,purchase,3
1580,169,purchase,3
1580,340,view,1
1580,232,purchase,3
1580,175,purchase,3
1581,215,view,1
1581,478,cart,2
1581,292,view,1
1581,83,purchase,3
1581,305,cart,2
1581,45,view,1
1581,151,cart,2
1581,108,purchase,3
1581,411,view,1
1581,124,purchase,3
1581,322,view,1
1581,392,view,1
1581,500,purchase,3
1582,32,purchase,3
1582,30,purchase,3
1582,15,view,1
1582,110,cart,2
1582,17,view,1
1582,253,cart,2
1582,387,purchase,3
1582,127,cart,2
1582,189,purchase,3
1582,92,purchase,3
1582,349,cart,2
1582,323,purchase,3
1582,204,purchase,3
1582,209,view,1
1582,434,purchase,3
1583,68,view,1
1583,35,purchase,3
1583,86,purchase,3
1583,365,view,1
1583,212,view,1
1583,177,cart,2
1583,235,cart,2
1583,240,cart,2
1583,74,view,1
1583,138,purchase,3
1583,83,purchase,3
1583,360,purchase,3
1583,149,cart,2
1583,159,purchase,3
1583,125,cart,2
1583,272,view,1
1583,73,purchase,3
1583,98,view,1
1584,165,cart,2
1584,137,purchase,3
1584,476,view,1
1584,440,view,1
1584,325,purchase,3
1584,103,cart,2
1584,272,purchase,3
1584,148,purchase,3
1584,261,purchase,3
1584,305,cart,2
1584,403,cart,2
1584,52,purchase,3
1584,429,view,1
1584,396,cart,2
1584,5,purchase,3
1584,247,purchase,3
1585,144,cart,2
1585,336,view,1
1585,414,cart,2
1585,377,view,1
1585,316,view,1
1585,374,cart,2
1585,368,view,1
1585,134,cart,2
1585,366,purchase,3
1585,396,purchase,3
1585,209,cart,2
1585,480,cart,2
1585,296,cart,2
1585,362,view,1
1585,285,purchase,3
1585,309,view,1
1585,333,view,1
1585,173,view,1
1585,392,purchase,3
1585,149,view,1
1586,397,cart,2
1586,398,purchase,3
1586,312,view,1
1586,115,cart,2
1586,73,view,1
1586,96,cart,2
1586,145,purchase,3
1586,322,cart,2
1586,396,view,1
1586,30,cart,2
1587,304,purchase,3
1587,391,cart,2
1587,314,cart,2
1587,150,view,1
1587,158,cart,2
1587,257,cart,2
1587,79,view,1
1587,214,cart,2
1587,175,view,1
1587,471,view,1
1587,278,cart,2
1587,359,view,1
1587,315,purchase,3
1587,110,cart,2
1587,113,view,1
1587,396,view,1
1587,316,view,1
1587,177,purchase,3
1587,464,purchase,3
1588,398,purchase,3
1588,55,view,1
1588,476,view,1
1588,363,purchase,3
1588,344,cart,2
1588,271,view,1
1588,173,purchase,3
1588,152,cart,2
1588,349,view,1
1588,38,cart,2
1588,37,purchase,3
1588,285,cart,2
1588,288,view,1
1588,65,purchase,3
1589,9,view,1
1589,75,cart,2
1589,324,cart,2
1589,125,cart,2
1589,207,cart,2
1589,430,purchase,3
1589,463,cart,2
1589,465,cart,2
1589,464,purchase,3
1589,127,purchase,3
1589,374,purchase,3
1589,281,cart,2
1589,226,purchase,3
1589,91,cart,2
1589,483,view,1
1589,140,cart,2
1589,1,cart,2
1589,356,cart,2
1590,255,cart,2
1590,393,cart,2
1590,311,purchase,3
1590,268,cart,2
1590,273,cart,2
1590,242,view,1
1590,494,cart,2
1590,257,view,1
1590,159,view,1
1590,122,purchase,3
1590,156,purchase,3
1590,118,view,1
1590,416,purchase,3
1590,391,purchase,3
1591,352,cart,2
1591,398,purchase,3
1591,425,purchase,3
1591,433,purchase,3
1591,137,purchase,3
1591,438,purchase,3
1591,271,view,1
1591,445,view,1
1591,120,cart,2
1591,216,view,1
1592,102,cart,2
1592,312,purchase,3
1592,284,cart,2
1592,463,cart,2
1592,202,cart,2
1592,438,purchase,3
1592,96,purchase,3
1592,296,cart,2
1592,27,cart,2
1592,344,purchase,3
1592,331,view,1
1592,430,purchase,3
1592,378,view,1
1593,224,purchase,3
1593,168,cart,2
1593,94,cart,2
1593,225,view,1
1593,252,purchase,3
1593,392,view,1
1593,416,cart,2
1593,329,purchase,3
1594,174,view,1
1594,213,view,1
1594,240,purchase,3
1594,436,purchase,3
1594,325,purchase,3
1594,424,view,1
1595,202,view,1
1595,92,cart,2
1595,25,cart,2
1595,183,view,1
1595,335,purchase,3
1595,426,purchase,3
1595,38,cart,2
1595,288,purchase,3
1595,423,view,1
1595,304,view,1
1595,321,cart,2
1595,261,view,1
1595,355,purchase,3
1595,38,view,1
1596,254,purchase,3
1596,385,purchase,3
1596,453,purchase,3
1596,35,view,1
1596,49,view,1
1596,287,view,1
1596,227,cart,2
1596,46,purchase,3
1596,371,purchase,3
1597,145,purchase,3
1597,33,cart,2
1597,300,view,1
1597,432,view,1
1597,382,view,1
1597,406,purchase,3
1597,290,cart,2
1597,379,cart,2
1598,158,view,1
1598,111,view,1
1598,448,view,1
1598,244,view,1
1598,13,cart,2
1598,234,cart,2
1598,64,purchase,3
1598,144,cart,2
1598,243,purchase,3
1598,448,view,1
1599,217,purchase,3
1599,448,cart,2
1599,472,view,1
1599,90,purchase,3
1599,91,view,1
1599,20,view,1
1599,393,purchase,3
1599,91,view,1
1599,285,view,1
1599,207,cart,2
1599,178,view,1
1599,262,cart,2
1599,398,cart,2
1599,211,cart,2
1599,496,view,1
1599,102,view,1
1599,168,view,1
1599,95,cart,2
1599,424,purchase,3
1600,202,purchase,3
1600,473,cart,2
1600,367,cart,2
1600,242,view,1
1600,71,view,1
1601,437,view,1
1601,50,cart,2
1601,145,purchase,3
1601,152,cart,2
1601,494,purchase,3
1601,95,purchase,3
1601,324,view,1
1601,432,cart,2
1601,354,cart,2
1601,471,view,1
1601,432,view,1
1601,324,view,1
1601,305,purchase,3
1601,462,purchase,3
1601,67,purchase,3
1601,248,purchase,3
1601,440,purchase,3
1601,469,cart,2
1601,487,purchase,3
1601,279,purchase,3
1602,456,purchase,3
1602,245,cart,2
1602,356,cart,2
1602,114,purchase,3
1602,180,purchase,3
1602,139,view,1
1602,328,cart,2
1602,181,cart,2
1602,391,view,1
1602,181,cart,2
1602,212,view,1
1602,149,cart,2
1602,477,purchase,3
1603,456,cart,2
1603,460,cart,2
1603,230,purchase,3
1603,202,purchase,3
1603,148,purchase,3
1604,476,cart,2
1604,487,cart,2
1604,81,view,1
1604,113,cart,2
1604,176,view,1
1604,441,cart,2
1604,288,purchase,3
1604,6,purchase,3
1604,307,cart,2
1604,230,purchase,3
1604,249,purchase,3
1604,336,purchase,3
1604,301,cart,2
1604,137,purchase,3
1604,156,cart,2
1605,321,purchase,3
1605,307,cart,2
1605,419,purchase,3
1605,345,cart,2
1605,77,purchase,3
1605,429,cart,2
1605,120,view,1
1605,33,cart,2
1605,93,view,1
1605,214,view,1
1605,292,cart,2
1605,436,view,1
1605,242,purchase,3
1605,325,view,1
1605,51,purchase,3
1605,225,cart,2
1606,173,view,1
1606,396,view,1
1606,330,purchase,3
1606,114,purchase,3
1606,249,purchase,3
1606,134,purchase,3
1606,301,cart,2
1606,95,cart,2
1606,184,purchase,3
1606,153,cart,2
1606,296,view,1
1606,120,purchase,3
1606,489,purchase,3
1606,60,purchase,3
1606,95,view,1
1606,425,view,1
1606,84,view,1
1607,384,view,1
1607,301,view,1
1607,449,view,1
1607,306,cart,2
1607,482,view,1
1607,124,purchase,3
1607,456,view,1
1607,194,view,1
1607,419,purchase,3
1607,345,view,1
1607,382,cart,2
1607,110,view,1
1607,323,view,1
1607,299,view,1
1607,354,cart,2
1607,370,view,1
1607,81,view,1
1608,238,view,1
1608,269,cart,2
1608,76,view,1
1608,2,view,1
1608,375,view,1
1608,153,cart,2
1608,116,view,1
1608,372,cart,2
1608,492,view,1
1608,132,cart,2
1608,343,cart,2
1608,402,purchase,3
1608,161,purchase,3
1608,249,view,1
1608,335,cart,2
1608,403,purchase,3
1608,90,purchase,3
1609,269,view,1
1609,349,cart,2
1609,412,view,1
1609,487,cart,2
1609,152,cart,2
1609,451,cart,2
1609,29,cart,2
1609,459,purchase,3
1609,84,purchase,3
1610,7,purchase,3
1610,83,purchase,3
1610,488,view,1
1610,321,view,1
1610,305,purchase,3
1610,357,cart,2
1610,121,purchase,3
1610,471,cart,2
1610,489,cart,2
1610,190,cart,2
1611,37,purchase,3
1611,495,purchase,3
1611,294,cart,2
1611,156,view,1
1611,445,cart,2
1611,200,cart,2
1611,110,view,1
1611,320,cart,2
1611,106,cart,2
1611,90,view,1
1611,239,cart,2
1611,261,cart,2
1611,271,view,1
1611,162,view,1
1611,103,purchase,3
1611,138,purchase,3
1612,317,view,1
1612,368,view,1
1612,434,view,1
1612,411,cart,2
1612,145,cart,2
1612,57,cart,2
1612,341,cart,2
1612,171,view,1
1612,498,view,1
1612,104,view,1
1612,387,view,1
1612,200,cart,2
1612,229,cart,2
1612,292,view,1
1612,228,cart,2
1612,143,view,1
1612,104,view,1
1613,175,cart,2
1613,140,view,1
1613,289,cart,2
1613,43,purchase,3
1613,150,view,1
1613,195,purchase,3
1613,393,view,1
1613,202,view,1
1613,278,cart,2
1613,303,purchase,3
1613,416,purchase,3
1613,453,cart,2
1613,242,purchase,3
1613,468,view,1
1613,222,cart,2
1614,306,cart,2
1614,203,view,1
1614,337,view,1
1614,73,purchase,3
1614,485,view,1
1614,269,cart,2
1615,12,purchase,3
1615,499,cart,2
1615,401,purchase,3
1615,301,purchase,3
1615,340,purchase,3
1615,355,view,1
1615,164,cart,2
1615,450,cart,2
1616,494,view,1
1616,185,purchase,3
1616,113,purchase,3
1616,146,purchase,3
1616,329,view,1
1616,173,purchase,3
1616,291,purchase,3
1616,270,purchase,3
1616,188,purchase,3
1616,50,cart,2
1616,374,purchase,3
1616,140,cart,2
1616,11,view,1
1616,479,view,1
1616,103,cart,2
1616,217,purchase,3
1616,413,purchase,3
1617,75,cart,2
1617,274,view,1
1617,11,purchase,3
1617,207,purchase,3
1617,407,purchase,3
1617,235,view,1
1617,380,purchase,3
1617,315,cart,2
1617,317,cart,2
1617,444,purchase,3
1617,338,purchase,3
1617,296,cart,2
1617,403,cart,2
1617,70,view,1
1617,237,purchase,3
1618,477,purchase,3
1618,304,cart,2
1618,196,purchase,3
1618,390,cart,2
1618,373,purchase,3
1618,75,view,1
1618,37,view,1
1618,203,view,1
1618,369,purchase,3
1618,260,purchase,3
1618,390,cart,2
1618,227,cart,2
1618,63,view,1
1619,375,cart,2
1619,108,view,1
1619,428,purchase,3
1619,374,cart,2
1619,335,view,1
1619,74,cart,2
1619,396,purchase,3
1619,116,view,1
1619,106,purchase,3
1619,45,purchase,3
1619,337,cart,2
1619,176,view,1
1620,51,cart,2
1620,108,view,1
1620,498,cart,2
1620,75,view,1
1620,187,purchase,3
1621,87,view,1
1621,30,cart,2
1621,189,purchase,3
1621,191,purchase,3
1621,153,cart,2
1621,143,view,1
1621,400,cart,2
1622,357,view,1
1622,88,view,1
1622,273,view,1
1622,118,purchase,3
1622,279,view,1
1622,16,view,1
1622,455,cart,2
1622,186,cart,2
1622,225,purchase,3
1622,264,cart,2
1622,239,purchase,3
1622,219,purchase,3
1622,270,purchase,3
1622,209,view,1
1622,84,cart,2
1622,91,cart,2
1623,309,view,1
1623,348,cart,2
1623,196,purchase,3
1623,15,view,1
1623,49,view,1
1623,238,view,1
1623,180,view,1
1623,193,purchase,3
1623,213,purchase,3
1623,162,purchase,3
1624,141,purchase,3
1624,352,view,1
1624,257,view,1
1624,32,purchase,3
1624,68,purchase,3
1624,147,purchase,3
1624,181,view,1
1624,228,purchase,3
1624,47,view,1
1624,81,view,1
1624,405,view,1
1624,409,cart,2
1624,26,purchase,3
1624,374,cart,2
1624,436,cart,2
1624,464,purchase,3
1624,148,view,1
1624,126,cart,2
1624,486,purchase,3
1625,251,purchase,3
1625,316,purchase,3
1625,247,cart,2
1625,48,purchase,3
1625,226,cart,2
1625,167,purchase,3
1625,333,purchase,3
1625,288,cart,2
1625,38,cart,2
1625,22,view,1
1625,471,cart,2
1626,286,view,1
1626,267,purchase,3
1626,153,purchase,3
1626,111,cart,2
1626,203,purchase,3
1626,94,cart,2
1626,310,purchase,3
1626,72,view,1
1626,347,cart,2
1626,336,purchase,3
1626,294,view,1
1626,332,cart,2
1626,107,purchase,3
1626,121,view,1
1626,495,purchase,3
1626,105,purchase,3
1626,366,cart,2
1626,188,purchase,3
1626,377,purchase,3
1626,275,cart,2
1627,268,cart,2
1627,325,cart,2
1627,271,view,1
1627,70,purchase,3
1627,65,view,1
1627,220,view,1
1628,24,view,1
1628,378,cart,2
1628,328,purchase,3
1628,351,cart,2
1628,322,cart,2
1628,207,view,1
1628,177,purchase,3
1628,460,cart,2
1629,413,cart,2
1629,435,purchase,3
1629,375,cart,2
1629,481,cart,2
1629,253,view,1
1629,470,purchase,3
1629,428,purchase,3
1629,489,purchase,3
1629,69,view,1
1629,426,purchase,3
1629,4,view,1
1629,356,cart,2
1629,473,purchase,3
1630,274,view,1
1630,389,cart,2
1630,121,purchase,3
1630,253,purchase,3
1630,200,cart,2
1630,366,cart,2
1630,165,cart,2
1630,27,view,1
1630,279,purchase,3
1630,256,purchase,3
1630,500,cart,2
1630,93,cart,2
1630,299,purchase,3
1630,171,cart,2
1630,310,view,1
1630,106,purchase,3
1630,276,purchase,3
1630,440,cart,2
1630,35,view,1
1631,129,view,1
1631,335,purchase,3
1631,139,view,1
1631,148,view,1
1631,270,view,1
1631,97,purchase,3
1631,86,purchase,3
1631,357,view,1
1631,348,purchase,3
1631,149,purchase,3
1632,198,view,1
1632,440,view,1
1632,385,view,1
1632,49,view,1
1632,211,purchase,3
1633,110,cart,2
1633,344,cart,2
1633,155,view,1
1633,57,cart,2
1633,6,purchase,3
1633,266,view,1
1633,229,view,1
1633,462,view,1
1633,233,view,1
1633,126,purchase,3
1633,31,view,1
1633,459,cart,2
1633,454,purchase,3
1633,12,cart,2
1633,37,view,1
1633,245,cart,2
1633,205,cart,2
1633,500,cart,2
1633,379,cart,2
1634,356,cart,2
1634,255,cart,2
1634,375,cart,2
1634,250,purchase,3
1634,72,cart,2
1634,220,cart,2
1634,181,view,1
1634,428,view,1
1635,60,cart,2
1635,366,purchase,3
1635,400,purchase,3
1635,473,purchase,3
1635,53,cart,2
1635,309,view,1
1636,320,cart,2
1636,445,cart,2
1636,219,view,1
1636,8,cart,2
1636,301,cart,2
1636,64,cart,2
1637,171,cart,2
1637,404,purchase,3
1637,441,view,1
1637,286,view,1
1637,439,purchase,3
1637,25,purchase,3
1637,398,purchase,3
1637,101,cart,2
1638,432,purchase,3
1638,220,view,1
1638,89,view,1
1638,386,purchase,3
1638,182,view,1
1638,248,cart,2
1638,108,view,1
1638,348,purchase,3
1638,490,cart,2
1638,492,cart,2
1639,465,cart,2
1639,341,purchase,3
1639,63,purchase,3
1639,116,cart,2
1639,481,purchase,3
1639,323,view,1
1640,273,purchase,3
1640,171,purchase,3
1640,282,cart,2
1640,498,cart,2
1640,142,purchase,3
1640,214,cart,2
1640,252,purchase,3
1641,218,cart,2
1641,387,purchase,3
1641,364,view,1
1641,265,cart,2
1641,40,view,1
1641,128,view,1
1641,367,cart,2
1641,202,view,1
1641,495,view,1
1641,51,purchase,3
1641,372,cart,2
1641,166,cart,2
1641,4,cart,2
1641,244,view,1
1641,270,view,1
1641,214,view,1
1642,98,purchase,3
1642,400,purchase,3
1642,325,view,1
1642,65,view,1
1642,206,view,1
1643,359,purchase,3
1643,318,purchase,3
1643,188,purchase,3
1643,48,purchase,3
1643,393,purchase,3
1643,248,cart,2
1644,457,purchase,3
1644,399,cart,2
1644,115,cart,2
1644,39,view,1
1644,389,view,1
1645,406,view,1
1645,185,view,1
1645,416,view,1
1645,306,view,1
1645,173,purchase,3
1645,450,view,1
1645,261,view,1
1645,123,view,1
1645,33,purchase,3
1645,63,cart,2
1645,12,view,1
1645,150,purchase,3
1645,233,view,1
1645,78,view,1
1645,94,view,1
1646,5,view,1
1646,334,view,1
1646,205,purchase,3
1646,139,cart,2
1646,237,purchase,3
1646,321,cart,2
1646,297,purchase,3
1646,493,view,1
1646,190,view,1
1646,189,purchase,3
1646,423,view,1
1646,25,cart,2
1646,168,cart,2
1646,289,cart,2
1646,358,purchase,3
1646,376,view,1
1647,158,cart,2
1647,360,view,1
1647,408,purchase,3
1647,437,cart,2
1647,410,view,1
1647,109,view,1
1647,254,purchase,3
1647,274,view,1
1647,251,view,1
1647,383,view,1
1647,437,cart,2
1647,362,cart,2
1647,146,purchase,3
1647,198,purchase,3
1647,118,view,1
1647,268,view,1
1647,147,cart,2
1647,283,view,1
1647,234,cart,2
1647,262,cart,2
1648,156,cart,2
1648,84,cart,2
1648,364,cart,2
1648,437,view,1
1648,83,purchase,3
1648,299,purchase,3
1649,492,cart,2
1649,93,view,1
1649,258,purchase,3
1649,61,view,1
1649,308,cart,2
1649,324,purchase,3
1649,115,purchase,3
1649,6,cart,2
1649,149,purchase,3
1649,140,cart,2
1649,225,view,1
1649,362,purchase,3
1649,372,view,1
1650,211,view,1
1650,276,purchase,3
1650,223,purchase,3
1650,421,view,1
1650,291,cart,2
1650,363,view,1
1650,104,cart,2
1650,183,view,1
1650,147,view,1
1650,111,cart,2
1650,449,purchase,3
1650,142,view,1
1650,180,view,1
1650,245,purchase,3
1650,388,view,1
1650,380,view,1
1650,484,view,1
1650,141,view,1
1650,190,purchase,3
1651,259,view,1
1651,146,cart,2
1651,57,purchase,3
1651,432,purchase,3
1651,129,purchase,3
1652,436,view,1
1652,63,view,1
1652,397,cart,2
1652,490,cart,2
1652,135,purchase,3
1652,122,purchase,3
1652,388,view,1
1652,228,cart,2
1652,110,cart,2
1652,137,purchase,3
1652,493,view,1
1652,22,purchase,3
1652,295,view,1
1653,16,view,1
1653,244,cart,2
1653,297,purchase,3
1653,102,cart,2
1653,116,cart,2
1653,138,purchase,3
1653,70,cart,2
1654,398,view,1
1654,293,cart,2
1654,427,cart,2
1654,370,cart,2
1654,122,cart,2
1654,452,purchase,3
1654,443,view,1
1655,2,cart,2
1655,13,view,1
1655,60,purchase,3
1655,36,purchase,3
1655,485,cart,2
1655,341,cart,2
1655,176,purchase,3
1655,210,view,1
1655,222,view,1
1655,349,view,1
1655,108,view,1
1655,363,view,1
1656,192,cart,2
1656,100,cart,2
1656,468,view,1
1656,384,cart,2
1656,349,view,1
1656,164,purchase,3
1656,320,cart,2
1656,458,purchase,3
1656,261,purchase,3
1656,490,purchase,3
1656,321,view,1
1656,174,view,1
1656,138,purchase,3
1656,116,cart,2
1656,35,view,1
1656,33,purchase,3
1657,470,view,1
1657,162,purchase,3
1657,426,purchase,3
1657,168,view,1
1657,467,purchase,3
1657,239,cart,2
1658,237,view,1
1658,162,purchase,3
1658,335,purchase,3
1658,280,purchase,3
1658,235,view,1
1658,497,purchase,3
1658,345,cart,2
1658,450,cart,2
1658,370,cart,2
1658,282,cart,2
1658,366,view,1
1658,299,view,1
1658,439,view,1
1658,134,view,1
1658,295,view,1
1658,490,cart,2
1658,218,purchase,3
1658,396,view,1
1659,98,cart,2
1659,159,cart,2
1659,241,cart,2
1659,255,purchase,3
1659,145,purchase,3
1659,32,cart,2
1659,285,cart,2
1659,393,purchase,3
1659,43,purchase,3
1659,421,cart,2
1659,328,cart,2
1659,157,purchase,3
1659,279,cart,2
1659,155,cart,2
1659,115,view,1
1659,325,view,1
1659,174,purchase,3
1659,351,cart,2
1659,252,view,1
1660,76,view,1
1660,46,view,1
1660,399,cart,2
1660,148,purchase,3
1660,220,view,1
1660,197,view,1
1660,482,cart,2
1660,155,purchase,3
1660,469,view,1
1661,88,view,1
1661,129,view,1
1661,278,cart,2
1661,105,view,1
1661,345,cart,2
1661,315,cart,2
1661,377,view,1
1661,260,cart,2
1661,187,cart,2
1661,149,view,1
1661,56,view,1
1661,257,view,1
1661,307,purchase,3
1661,379,view,1
1661,377,purchase,3
1662,22,cart,2
1662,147,cart,2
1662,312,purchase,3
1662,377,purchase,3
1662,438,purchase,3
1662,148,purchase,3
1662,250,purchase,3
1662,36,cart,2
1662,471,purchase,3
1662,152,purchase,3
1662,360,view,1
1662,85,purchase,3
1662,314,view,1
1663,352,view,1
1663,111,cart,2
1663,221,cart,2
1663,330,purchase,3
1663,315,purchase,3
1663,71,view,1
1663,406,purchase,3
1663,218,purchase,3
1663,366,cart,2
1663,53,view,1
1663,491,cart,2
1663,226,purchase,3
1663,465,view,1
1663,242,view,1
1663,170,purchase,3
1663,415,view,1
1663,364,cart,2
1664,124,cart,2
1664,465,cart,2
1664,286,purchase,3
1664,27,cart,2
1664,404,view,1
1664,449,cart,2
1664,258,cart,2
1664,389,cart,2
1664,362,purchase,3
1664,305,cart,2
1664,156,view,1
1664,454,view,1
1664,84,purchase,3
1664,426,purchase,3
1664,455,purchase,3
1664,245,view,1
1665,224,cart,2
1665,251,view,1
1665,232,purchase,3
1665,74,purchase,3
1665,387,purchase,3
1665,396,view,1
1665,134,cart,2
1665,334,view,1
1665,140,cart,2
1665,19,view,1
1666,480,purchase,3
1666,278,view,1
1666,259,cart,2
1666,211,cart,2
1666,154,cart,2
1666,273,purchase,3
1666,353,purchase,3
1666,255,purchase,3
1666,290,purchase,3
1666,28,view,1
1666,117,cart,2
1666,179,cart,2
1666,204,view,1
1667,155,view,1
1667,353,view,1
1667,228,purchase,3
1667,346,view,1
1667,90,purchase,3
1667,76,cart,2
1667,195,view,1
1667,23,cart,2
1667,489,purchase,3
1667,436,purchase,3
1667,62,view,1
1667,294,cart,2
1667,6,cart,2
1667,490,purchase,3
1667,352,purchase,3
1667,176,view,1
1668,64,purchase,3
1668,309,cart,2
1668,262,purchase,3
1668,449,view,1
1668,429,view,1
1669,123,cart,2
1669,350,view,1
1669,320,view,1
1669,129,cart,2
1669,232,purchase,3
1669,65,purchase,3
1669,73,cart,2
1669,318,cart,2
1669,409,view,1
1669,246,view,1
1670,390,cart,2
1670,13,view,1
1670,325,purchase,3
1670,82,view,1
1670,44,view,1
1670,353,purchase,3
1671,447,cart,2
1671,302,cart,2
1671,291,view,1
1671,89,purchase,3
1671,388,view,1
1672,160,view,1
1672,268,view,1
1672,92,view,1
1672,253,view,1
1672,107,view,1
1672,50,cart,2
1672,8,cart,2
1672,258,cart,2
1672,146,cart,2
1672,313,purchase,3
1672,481,view,1
1672,18,purchase,3
1672,429,view,1
1673,368,view,1
1673,395,cart,2
1673,122,purchase,3
1673,175,purchase,3
1673,5,purchase,3
1673,344,view,1
1673,195,purchase,3
1673,22,cart,2
1673,223,cart,2
1673,148,view,1
1673,124,view,1
1673,310,purchase,3
1673,58,view,1
1674,339,purchase,3
1674,280,view,1
1674,95,cart,2
1674,43,purchase,3
1674,143,view,1
1674,329,view,1
1674,174,purchase,3
1674,213,purchase,3
1675,285,view,1
1675,109,cart,2
1675,219,view,1
1675,333,cart,2
1675,193,purchase,3
1675,186,view,1
1675,156,purchase,3
1675,184,purchase,3
1675,448,cart,2
1675,471,cart,2
1675,480,purchase,3
1675,156,view,1
1676,322,cart,2
1676,186,cart,2
1676,319,cart,2
1676,143,view,1
1676,295,view,1
1676,330,view,1
1676,219,cart,2
1676,460,purchase,3
1676,277,view,1
1676,335,view,1
1676,35,view,1
1676,206,purchase,3
1676,426,purchase,3
1676,137,cart,2
1676,408,purchase,3
1677,256,cart,2
1677,249,cart,2
1677,113,cart,2
1677,77,purchase,3
1677,76,view,1
1677,311,cart,2
1677,282,cart,2
1677,460,view,1
1677,435,purchase,3
1677,186,view,1
1677,471,view,1
1677,81,view,1
1677,429,view,1
1677,159,view,1
1677,420,view,1
1677,126,view,1
1678,61,purchase,3
1678,276,purchase,3
1678,118,cart,2
1678,448,purchase,3
1678,108,view,1
1679,392,view,1
1679,393,purchase,3
1679,44,purchase,3
1679,422,cart,2
1679,123,cart,2
1679,497,view,1
1679,88,view,1
1679,61,cart,2
1680,454,purchase,3
1680,236,cart,2
1680,277,cart,2
1680,370,purchase,3
1680,317,cart,2
1680,159,cart,2
1680,495,cart,2
1681,393,purchase,3
1681,63,purchase,3
1681,160,view,1
1681,369,view,1
1681,391,view,1
1681,245,purchase,3
1681,368,view,1
1681,251,purchase,3
1681,385,purchase,3
1681,85,purchase,3
1681,291,purchase,3
1681,342,cart,2
1681,401,cart,2
1681,321,purchase,3
1682,40,cart,2
1682,231,cart,2
1682,38,purchase,3
1682,380,cart,2
1682,345,purchase,3
1682,457,purchase,3
1682,485,cart,2
1682,45,purchase,3
1682,403,view,1
1682,48,cart,2
1682,129,view,1
1682,379,view,1
1683,500,cart,2
1683,255,cart,2
1683,301,cart,2
1683,192,purchase,3
1683,477,view,1
1683,231,purchase,3
1683,182,purchase,3
1683,227,view,1
1683,426,view,1
1683,327,purchase,3
1683,282,purchase,3
1683,24,purchase,3
1684,470,cart,2
1684,298,purchase,3
1684,307,view,1
1684,77,view,1
1684,112,view,1
1685,392,cart,2
1685,400,view,1
1685,212,view,1
1685,334,view,1
1685,185,cart,2
1685,116,cart,2
1685,446,view,1
1685,248,view,1
1685,35,view,1
1685,239,purchase,3
1685,463,view,1
1685,188,view,1
1685,492,cart,2
1685,142,view,1
1685,233,purchase,3
1686,312,purchase,3
1686,17,purchase,3
1686,230,purchase,3
1686,257,view,1
1686,158,cart,2
1686,454,cart,2
1686,341,purchase,3
1686,462,purchase,3
1686,73,cart,2
1686,380,purchase,3
1686,46,purchase,3
1686,219,view,1
1686,52,cart,2
1686,272,purchase,3
1686,253,purchase,3
1686,136,cart,2
1686,451,cart,2
1686,308,view,1
1687,73,view,1
1687,64,view,1
1687,222,cart,2
1687,98,view,1
1687,36,purchase,3
1687,135,cart,2
1687,105,cart,2
1687,399,cart,2
1687,348,purchase,3
1687,141,purchase,3
1687,404,cart,2
1687,274,purchase,3
1687,119,purchase,3
1687,271,cart,2
1687,363,purchase,3
1688,14,purchase,3
1688,245,cart,2
1688,81,view,1
1688,52,purchase,3
1688,190,cart,2
1688,27,cart,2
1688,408,view,1
1688,211,view,1
1688,483,purchase,3
1688,435,view,1
1688,469,purchase,3
1688,28,purchase,3
1688,154,purchase,3
1688,472,purchase,3
1688,281,cart,2
1688,28,cart,2
1688,392,view,1
1689,96,purchase,3
1689,408,cart,2
1689,446,purchase,3
1689,270,cart,2
1689,111,cart,2
1689,66,cart,2
1689,434,cart,2
1689,41,view,1
1689,167,purchase,3
1689,68,cart,2
1689,335,view,1
1689,30,purchase,3
1690,72,cart,2
1690,242,view,1
1690,440,view,1
1690,363,purchase,3
1690,162,view,1
1690,79,view,1
1691,28,purchase,3
1691,181,purchase,3
1691,118,purchase,3
1691,354,view,1
1691,29,view,1
1692,290,cart,2
1692,217,view,1
1692,113,view,1
1692,192,cart,2
1692,500,purchase,3
1692,164,cart,2
1692,230,cart,2
1692,349,cart,2
1692,252,view,1
1692,351,cart,2
1692,59,cart,2
1692,151,purchase,3
1692,208,purchase,3
1692,388,view,1
1692,185,purchase,3
1692,344,purchase,3
1692,84,cart,2
1692,331,purchase,3
1692,76,view,1
1692,20,view,1
1693,84,purchase,3
1693,329,purchase,3
1693,471,view,1
1693,235,cart,2
1693,322,purchase,3
1693,178,view,1
1693,381,view,1
1693,62,cart,2
1693,331,cart,2
1693,118,cart,2
1693,260,cart,2
1693,443,purchase,3
1694,486,view,1
1694,5,view,1
1694,269,cart,2
1694,175,purchase,3
1694,326,cart,2
1694,277,view,1
1694,102,cart,2
1694,399,cart,2
1694,273,cart,2
1694,469,cart,2
1694,194,purchase,3
1694,473,view,1
1694,244,cart,2
1694,383,purchase,3
1694,474,cart,2
1694,203,view,1
1695,83,view,1
1695,482,cart,2
1695,365,view,1
1695,320,purchase,3
1695,419,cart,2
1695,479,purchase,3
1695,269,cart,2
1695,346,view,1
1695,19,view,1
1695,222,purchase,3
1695,437,cart,2
1695,364,view,1
1695,248,cart,2
1695,316,view,1
1696,336,purchase,3
1696,439,view,1
1696,245,view,1
1696,347,view,1
1696,10,cart,2
1696,289,view,1
1696,197,view,1
1696,492,view,1
1696,323,cart,2
1696,366,cart,2
1696,421,view,1
1697,432,view,1
1697,104,purchase,3
1697,168,cart,2
1697,30,purchase,3
1697,341,purchase,3
1697,351,purchase,3
1698,302,view,1
1698,20,view,1
1698,232,purchase,3
1698,221,purchase,3
1698,454,cart,2
1698,432,purchase,3
1698,180,purchase,3
1698,407,cart,2
1699,54,cart,2
1699,278,cart,2
1699,23,purchase,3
1699,425,purchase,3
1699,448,purchase,3
1699,157,view,1
1699,449,cart,2
1699,293,cart,2
1699,121,cart,2
1699,79,view,1
1699,91,purchase,3
1699,368,cart,2
1699,250,purchase,3
1699,39,view,1
1699,272,purchase,3
1699,482,cart,2
1699,59,view,1
1699,481,purchase,3
1699,221,cart,2
1699,490,purchase,3
1700,274,cart,2
1700,77,purchase,3
1700,447,view,1
1700,494,cart,2
1700,338,view,1
1700,36,cart,2
1700,227,cart,2
1700,274,view,1
1700,284,view,1
1700,65,cart,2
1700,184,purchase,3
1700,392,purchase,3
1700,352,cart,2
1700,363,purchase,3
1700,179,purchase,3
1700,324,view,1
1700,53,view,1
1700,134,cart,2
1701,429,view,1
1701,15,purchase,3
1701,96,cart,2
1701,435,cart,2
1701,57,purchase,3
1701,392,view,1
1701,477,view,1
1701,85,view,1
1701,376,cart,2
1701,348,purchase,3
1701,117,purchase,3
1702,6,view,1
1702,176,purchase,3
1702,110,view,1
1702,322,cart,2
1702,218,purchase,3
1702,148,purchase,3
1702,176,purchase,3
1703,133,cart,2
1703,81,view,1
1703,94,purchase,3
1703,367,cart,2
1703,28,cart,2
1703,478,cart,2
1703,91,purchase,3
1703,392,purchase,3
1703,209,view,1
1704,385,view,1
1704,485,purchase,3
1704,424,view,1
1704,183,cart,2
1704,437,purchase,3
1704,187,cart,2
1704,404,cart,2
1704,347,purchase,3
1704,305,purchase,3
1704,439,view,1
1704,411,purchase,3
1704,132,view,1
1704,101,cart,2
1705,107,view,1
1705,438,purchase,3
1705,257,cart,2
1705,328,view,1
1705,332,cart,2
1705,260,view,1
1705,210,purchase,3
1706,53,purchase,3
1706,316,cart,2
1706,277,purchase,3
1706,325,view,1
1706,42,purchase,3
1706,217,view,1
1706,60,purchase,3
1706,411,cart,2
1707,93,cart,2
1707,196,purchase,3
1707,490,view,1
1707,394,purchase,3
1707,8,purchase,3
1707,14,purchase,3
1707,66,purchase,3
1707,333,view,1
1707,66,view,1
1707,401,view,1
1707,175,cart,2
1707,474,cart,2
1707,271,purchase,3
1707,313,purchase,3
1707,488,view,1
1707,68,cart,2
1707,438,view,1
1707,12,purchase,3
1708,268,view,1
1708,494,view,1
1708,437,purchase,3
1708,264,view,1
1708,352,purchase,3
1708,372,view,1
1708,156,view,1
1708,33,cart,2
1708,154,view,1
1708,229,cart,2
1708,224,view,1
1709,50,cart,2
1709,4,cart,2
1709,17,purchase,3
1709,342,view,1
1709,376,purchase,3
1709,351,purchase,3
1709,176,purchase,3
1709,65,purchase,3
1709,85,purchase,3
1709,209,cart,2
1709,331,purchase,3
1709,350,view,1
1709,132,view,1
1709,80,purchase,3
1709,387,purchase,3
1710,167,view,1
1710,310,view,1
1710,431,purchase,3
1710,56,view,1
1710,407,purchase,3
1710,305,view,1
1710,27,cart,2
1710,131,cart,2
1710,446,view,1
1711,52,purchase,3
1711,207,view,1
1711,467,purchase,3
1711,333,purchase,3
1711,183,purchase,3
1711,236,purchase,3
1711,442,view,1
1711,256,purchase,3
1711,96,cart,2
1711,213,cart,2
1711,488,purchase,3
1711,262,purchase,3
1711,475,view,1
1711,393,view,1
1712,424,view,1
1712,61,view,1
1712,194,purchase,3
1712,149,cart,2
1712,345,view,1
1712,3,view,1
1712,438,view,1
1712,272,cart,2
1712,47,purchase,3
1712,259,view,1
1712,385,cart,2
1712,278,view,1
1712,387,cart,2
1713,5,view,1
1713,205,view,1
1713,481,purchase,3
1713,127,view,1
1713,403,purchase,3
1713,359,purchase,3
1713,213,view,1
1713,480,purchase,3
1713,34,cart,2
1713,240,view,1
1713,398,view,1
1713,360,purchase,3
1713,78,view,1
1713,490,cart,2
1713,445,view,1
1713,298,purchase,3
1714,275,cart,2
1714,42,cart,2
1714,421,cart,2
1714,272,cart,2
1714,266,cart,2
1714,190,purchase,3
1714,255,cart,2
1714,105,view,1
1714,194,cart,2
1714,196,cart,2
1714,12,purchase,3
1714,488,cart,2
1714,85,view,1
1714,94,cart,2
1714,147,purchase,3
1714,331,cart,2
1714,489,view,1
1714,303,purchase,3
1714,457,cart,2
1715,116,view,1
1715,50,cart,2
1715,325,view,1
1715,110,view,1
1715,303,purchase,3
1715,167,view,1
1715,348,view,1
1715,373,view,1
1715,406,cart,2
1715,316,purchase,3
1716,285,view,1
1716,74,purchase,3
1716,58,cart,2
1716,397,cart,2
1716,483,view,1
1716,387,purchase,3
1716,154,purchase,3
1716,272,view,1
1716,372,cart,2
1716,468,view,1
1716,279,view,1
1716,304,view,1
1716,110,view,1
1716,396,cart,2
1716,318,purchase,3
1716,147,purchase,3
1716,210,view,1
1716,487,cart,2
1716,374,purchase,3
1717,418,view,1
1717,346,purchase,3
1717,304,cart,2
1717,469,purchase,3
1717,333,cart,2
1717,258,purchase,3
1717,209,cart,2
1717,408,purchase,3
1717,328,cart,2
1717,494,purchase,3
1717,306,cart,2
1718,27,purchase,3
1718,134,cart,2
1718,120,cart,2
1718,60,cart,2
1718,457,view,1
1718,185,purchase,3
1718,101,view,1
1719,273,cart,2
1719,50,purchase,3
1719,173,cart,2
1719,37,purchase,3
1719,254,cart,2
1719,338,cart,2
1719,219,view,1
1719,446,cart,2
1719,118,purchase,3
1719,83,purchase,3
1719,303,cart,2
1719,109,view,1
1720,490,view,1
1720,403,cart,2
1720,102,cart,2
1720,309,view,1
1720,43,cart,2
1720,270,cart,2
1720,346,view,1
1720,345,cart,2
1720,401,cart,2
1720,320,view,1
1720,52,cart,2
1720,486,purchase,3
1720,424,purchase,3
1720,472,cart,2
1720,131,purchase,3
1720,463,purchase,3
1720,361,purchase,3
1720,411,cart,2
1720,484,cart,2
1720,208,view,1
1721,2,cart,2
1721,490,purchase,3
1721,121,cart,2
1721,209,purchase,3
1721,62,view,1
1721,153,view,1
1721,26,purchase,3
1721,62,cart,2
1721,336,purchase,3
1721,483,cart,2
1721,420,view,1
1721,499,purchase,3
1721,127,cart,2
1721,265,purchase,3
1722,411,cart,2
1722,492,cart,2
1722,245,cart,2
1722,290,purchase,3
1722,279,cart,2
1722,395,purchase,3
1722,63,view,1
1722,61,view,1
1722,70,purchase,3
1722,421,purchase,3
1722,187,view,1
1722,436,cart,2
1722,101,view,1
1722,330,view,1
1722,210,view,1
1722,186,view,1
1722,204,purchase,3
1722,451,view,1
1722,35,purchase,3
1722,5,view,1
1723,50,cart,2
1723,215,view,1
1723,208,view,1
1723,444,view,1
1723,469,purchase,3
1724,335,view,1
1724,187,cart,2
1724,477,cart,2
1724,261,view,1
1724,474,view,1
1724,301,purchase,3
1724,166,purchase,3
1724,6,cart,2
1724,210,view,1
1724,457,purchase,3
1724,136,purchase,3
1724,221,cart,2
1724,137,view,1
1724,141,purchase,3
1724,351,cart,2
1725,199,view,1
1725,216,purchase,3
1725,104,purchase,3
1725,346,purchase,3
1725,60,view,1
1725,229,cart,2
1725,294,view,1
1725,47,view,1
1725,332,view,1
1725,493,purchase,3
1725,387,purchase,3
1725,450,cart,2
1725,454,view,1
1725,391,cart,2
1725,63,cart,2
1725,478,view,1
1725,158,purchase,3
1726,332,purchase,3
1726,477,view,1
1726,234,cart,2
1726,200,purchase,3
1726,385,view,1
1726,20,view,1
1726,339,view,1
1727,322,cart,2
1727,319,purchase,3
1727,299,view,1
1727,417,view,1
1727,268,purchase,3
1727,153,cart,2
1728,37,purchase,3
1728,370,purchase,3
1728,387,cart,2
1728,177,view,1
1728,403,cart,2
1729,160,cart,2
1729,107,purchase,3
1729,254,view,1
1729,68,view,1
1729,286,cart,2
1730,182,cart,2
1730,59,purchase,3
1730,292,view,1
1730,447,cart,2
1730,10,view,1
1730,260,cart,2
1730,254,purchase,3
1730,140,view,1
1730,208,cart,2
1730,327,view,1
1730,439,view,1
1730,210,cart,2
1730,84,cart,2
1730,476,view,1
1730,26,purchase,3
1731,290,purchase,3
1731,287,cart,2
1731,298,purchase,3
1731,111,purchase,3
1731,406,view,1
1731,112,purchase,3
1731,270,cart,2
1731,419,view,1
1731,305,view,1
1731,344,purchase,3
1731,395,view,1
1731,308,view,1
1732,339,view,1
1732,82,cart,2
1732,207,cart,2
1732,139,cart,2
1732,130,purchase,3
1732,352,view,1
1732,71,cart,2
1732,344,view,1
1732,117,cart,2
1732,309,purchase,3
1732,101,cart,2
1732,185,purchase,3
1732,106,cart,2
1732,323,view,1
1733,325,cart,2
1733,184,view,1
1733,407,view,1
1733,240,cart,2
1733,52,cart,2
1733,132,cart,2
1733,312,purchase,3
1734,292,cart,2
1734,358,view,1
1734,442,cart,2
1734,56,view,1
1734,169,view,1
1734,99,view,1
1734,439,cart,2
1734,75,cart,2
1734,265,purchase,3
1734,471,view,1
1734,107,view,1
1735,349,view,1
1735,62,purchase,3
1735,216,cart,2
1735,239,view,1
1735,87,purchase,3
1736,68,purchase,3
1736,221,purchase,3
1736,499,purchase,3
1736,38,view,1
1736,474,cart,2
1736,273,purchase,3
1736,363,cart,2
1736,78,purchase,3
1736,154,purchase,3
1736,218,purchase,3
1736,386,purchase,3
1736,409,view,1
1736,354,purchase,3
1736,362,view,1
1736,76,cart,2
1736,204,cart,2
1736,409,cart,2
1736,253,cart,2
1736,465,view,1
1737,181,purchase,3
1737,73,purchase,3
1737,265,cart,2
1737,498,purchase,3
1737,146,view,1
1737,205,view,1
1738,13,purchase,3
1738,184,view,1
1738,435,cart,2
1738,233,cart,2
1738,369,purchase,3
1738,431,purchase,3
1738,78,purchase,3
1738,367,purchase,3
1739,138,cart,2
1739,405,purchase,3
1739,413,view,1
1739,309,view,1
1739,253,purchase,3
1739,295,view,1
1739,375,cart,2
1739,473,purchase,3
1739,364,cart,2
1739,382,cart,2
1740,59,cart,2
1740,316,cart,2
1740,300,cart,2
1740,254,cart,2
1740,69,purchase,3
1741,5,purchase,3
1741,137,view,1
1741,482,view,1
1741,500,view,1
1741,72,view,1
1741,418,view,1
1741,499,cart,2
1741,204,cart,2
1741,61,cart,2
1741,326,view,1
1741,205,cart,2
1741,382,cart,2
1741,413,purchase,3
1741,472,purchase,3
1741,31,view,1
1741,55,cart,2
1742,244,view,1
1742,269,purchase,3
1742,392,view,1
1742,408,purchase,3
1742,152,cart,2
1742,47,cart,2
1742,46,view,1
1742,34,cart,2
1742,4,view,1
1742,359,view,1
1742,414,purchase,3
1742,166,cart,2
1742,395,view,1
1742,182,view,1
1743,408,purchase,3
1743,274,cart,2
1743,10,cart,2
1743,420,view,1
1743,110,view,1
1743,295,view,1
1743,195,cart,2
1743,135,purchase,3
1744,46,cart,2
1744,170,cart,2
1744,132,view,1
1744,230,cart,2
1744,368,cart,2
1744,490,cart,2
1744,299,purchase,3
1744,227,cart,2
1744,294,cart,2
1744,311,view,1
1745,329,cart,2
1745,442,cart,2
1745,247,cart,2
1745,297,view,1
1745,8,view,1
1745,455,view,1
1745,423,view,1
1745,40,view,1
1745,334,view,1
1745,186,cart,2
1745,44,purchase,3
1745,41,cart,2
1745,499,cart,2
1745,304,view,1
1745,119,view,1
1745,169,purchase,3
1746,381,view,1
1746,286,cart,2
1746,478,view,1
1746,226,view,1
1746,107,cart,2
1746,120,view,1
1746,115,purchase,3
1746,204,view,1
1746,455,view,1
1746,487,view,1
1746,365,purchase,3
1746,113,purchase,3
1746,152,purchase,3
1746,437,cart,2
1746,24,cart,2
1746,148,cart,2
1746,372,view,1
1746,449,view,1
1747,264,view,1
1747,364,view,1
1747,43,cart,2
1747,406,view,1
1747,372,purchase,3
1747,40,purchase,3
1747,56,cart,2
1747,298,view,1
1747,6,view,1
1747,358,view,1
1747,412,cart,2
1747,33,view,1
1747,28,view,1
1747,8,cart,2
1747,280,view,1
1747,448,view,1
1747,379,cart,2
1748,492,cart,2
1748,316,view,1
1748,52,cart,2
1748,196,purchase,3
1748,69,view,1
1748,415,cart,2
1749,378,cart,2
1749,121,cart,2
1749,257,purchase,3
1749,491,cart,2
1749,459,purchase,3
1749,60,cart,2
1749,47,cart,2
1749,46,view,1
1749,59,purchase,3
1749,180,view,1
1749,193,view,1
1749,175,cart,2
1749,420,cart,2
1749,69,view,1
1749,10,cart,2
1749,271,cart,2
1750,271,cart,2
1750,335,purchase,3
1750,155,cart,2
1750,69,cart,2
1750,500,cart,2
1750,219,view,1
1750,136,view,1
1750,342,view,1
1751,310,cart,2
1751,408,view,1
1751,60,cart,2
1751,439,view,1
1751,251,purchase,3
1751,449,cart,2
1751,258,view,1
1752,414,cart,2
1752,25,cart,2
1752,157,view,1
1752,173,cart,2
1752,435,view,1
1752,67,cart,2
1752,115,view,1
1752,500,cart,2
1752,138,purchase,3
1752,123,view,1
1752,133,view,1
1752,88,purchase,3
1752,111,view,1
1753,419,purchase,3
1753,322,cart,2
1753,229,purchase,3
1753,194,purchase,3
1753,256,purchase,3
1753,210,purchase,3
1753,96,view,1
1753,484,view,1
1753,361,cart,2
1753,260,purchase,3
1753,470,purchase,3
1754,345,cart,2
1754,104,cart,2
1754,405,cart,2
1754,60,view,1
1754,331,view,1
1754,231,purchase,3
1754,186,cart,2
1754,136,cart,2
1754,94,purchase,3
1754,180,purchase,3
1754,294,view,1
1754,452,purchase,3
1754,362,purchase,3
1754,474,purchase,3
1754,192,cart,2
1754,408,view,1
1754,427,cart,2
1754,41,cart,2
1754,85,cart,2
1754,381,purchase,3
1755,312,purchase,3
1755,327,view,1
1755,455,purchase,3
1755,137,purchase,3
1755,265,view,1
1755,490,cart,2
1755,315,purchase,3
1755,93,view,1
1755,333,cart,2
1755,476,view,1
1755,70,view,1
1755,149,view,1
1755,35,purchase,3
1756,156,cart,2
1756,490,cart,2
1756,10,view,1
1756,200,cart,2
1756,171,cart,2
1756,202,purchase,3
1756,448,view,1
1757,241,cart,2
1757,6,cart,2
1757,98,purchase,3
1757,295,cart,2
1757,347,cart,2
1757,252,cart,2
1757,442,view,1
1757,483,purchase,3
1757,472,purchase,3
1757,291,cart,2
1757,130,cart,2
1757,320,purchase,3
1757,239,view,1
1757,208,cart,2
1757,352,cart,2
1757,112,purchase,3
1757,99,cart,2
1757,44,view,1
1757,60,purchase,3
1757,184,view,1
1758,11,purchase,3
1758,393,view,1
1758,166,purchase,3
1758,156,cart,2
1758,416,view,1
1758,302,purchase,3
1758,183,cart,2
1758,282,purchase,3
1758,109,purchase,3
1758,100,view,1
1758,336,cart,2
1758,422,purchase,3
1758,301,view,1
1758,416,purchase,3
1758,224,cart,2
1758,351,cart,2
1758,95,purchase,3
1758,50,view,1
1758,176,view,1
1758,403,view,1
1759,23,purchase,3
1759,414,purchase,3
1759,427,cart,2
1759,455,purchase,3
1759,40,view,1
1759,267,purchase,3
1759,56,purchase,3
1759,276,purchase,3
1759,131,view,1
1759,309,view,1
1759,359,view,1
1759,92,view,1
1759,328,cart,2
1759,131,view,1
1759,216,view,1
1759,147,cart,2
1759,212,view,1
1759,208,cart,2
1759,350,view,1
1759,256,view,1
1760,55,purchase,3
1760,381,purchase,3
1760,349,cart,2
1760,142,view,1
1760,178,cart,2
1760,109,view,1
1760,460,view,1
1760,45,cart,2
1761,434,cart,2
1761,335,view,1
1761,218,cart,2
1761,133,cart,2
1761,451,purchase,3
1761,497,view,1
1761,486,purchase,3
1761,36,cart,2
1761,236,purchase,3
1761,314,view,1
1761,281,view,1
1761,146,view,1
1761,173,view,1
1761,3,cart,2
1761,439,purchase,3
1761,262,cart,2
1761,224,cart,2
1761,163,purchase,3
1762,445,cart,2
1762,147,view,1
1762,124,view,1
1762,375,view,1
1762,145,view,1
1762,365,purchase,3
1762,323,cart,2
1762,216,view,1
1763,388,view,1
1763,479,purchase,3
1763,383,view,1
1763,440,purchase,3
1763,302,view,1
1763,219,cart,2
1763,28,purchase,3
1764,176,purchase,3
1764,267,purchase,3
1764,123,purchase,3
1764,198,view,1
1764,46,purchase,3
1764,291,view,1
1765,169,purchase,3
1765,55,view,1
1765,409,cart,2
1765,179,cart,2
1765,482,purchase,3
1765,139,cart,2
1765,201,purchase,3
1765,318,view,1
1765,8,purchase,3
1765,2,purchase,3
1765,275,view,1
1765,12,purchase,3
1765,385,view,1
1765,469,purchase,3
1765,349,view,1
1765,468,cart,2
1765,440,cart,2
1765,343,purchase,3
1765,74,view,1
1766,336,purchase,3
1766,289,view,1
1766,430,cart,2
1766,71,cart,2
1766,186,view,1
1766,180,view,1
1766,143,cart,2
1766,107,cart,2
1766,145,cart,2
1766,277,view,1
1766,464,purchase,3
1766,122,cart,2
1767,78,cart,2
1767,408,purchase,3
1767,155,purchase,3
1767,4,cart,2
1767,326,purchase,3
1767,318,purchase,3
1767,473,cart,2
1767,36,cart,2
1767,308,purchase,3
1767,273,cart,2
1767,18,purchase,3
1767,335,cart,2
1767,433,cart,2
1767,154,view,1
1767,241,view,1
1767,484,purchase,3
1767,378,cart,2
1767,392,view,1
1767,439,view,1
1767,419,cart,2
1768,135,view,1
1768,151,view,1
1768,357,purchase,3
1768,384,view,1
1768,354,view,1
1768,298,cart,2
1768,482,purchase,3
1768,96,purchase,3
1768,484,view,1
1768,190,purchase,3
1768,322,view,1
1768,372,cart,2
1769,117,purchase,3
1769,477,cart,2
1769,184,purchase,3
1769,200,view,1
1769,125,purchase,3
1769,432,cart,2
1769,305,cart,2
1769,246,cart,2
1769,6,view,1
1769,412,view,1
1769,82,view,1
1769,126,view,1
1769,26,view,1
1769,491,cart,2
1769,16,view,1
1769,366,view,1
1769,201,view,1
1770,287,purchase,3
1770,78,purchase,3
1770,493,view,1
1770,499,purchase,3
1770,204,purchase,3
1770,422,purchase,3
1770,337,purchase,3
1770,383,purchase,3
1770,153,view,1
1770,477,view,1
1771,280,view,1
1771,317,cart,2
1771,224,view,1
1771,293,purchase,3
1771,414,purchase,3
1772,18,view,1
1772,309,purchase,3
1772,254,purchase,3
1772,328,cart,2
1772,1,purchase,3
1773,336,purchase,3
1773,60,cart,2
1773,160,cart,2
1773,145,purchase,3
1773,246,view,1
1773,414,purchase,3
1773,317,purchase,3
1773,366,view,1
1773,350,cart,2
1773,98,view,1
1773,56,cart,2
1773,247,purchase,3
1773,312,view,1
1773,209,view,1
1773,98,purchase,3
1773,477,view,1
1773,72,cart,2
1773,70,view,1
1773,485,cart,2
1774,349,cart,2
1774,259,purchase,3
1774,154,view,1
1774,473,cart,2
1774,237,purchase,3
1774,126,purchase,3
1774,271,view,1
1775,10,view,1
1775,27,view,1
1775,415,purchase,3
1775,293,purchase,3
1775,209,purchase,3
1775,440,cart,2
1775,328,view,1
1775,29,cart,2
1775,346,cart,2
1775,161,purchase,3
1775,243,view,1
1775,325,cart,2
1775,429,cart,2
1775,157,view,1
1775,495,cart,2
1775,400,purchase,3
1776,355,purchase,3
1776,300,view,1
1776,251,view,1
1776,495,purchase,3
1776,211,purchase,3
1776,352,purchase,3
1776,271,cart,2
1776,30,view,1
1776,153,cart,2
1776,100,purchase,3
1776,328,purchase,3
1776,212,view,1
1776,499,cart,2
1776,469,cart,2
1776,81,purchase,3
1777,408,purchase,3
1777,3,purchase,3
1777,447,cart,2
1777,123,cart,2
1777,14,view,1
1777,295,view,1
1777,270,cart,2
1777,448,view,1
1778,434,view,1
1778,343,cart,2
1778,239,cart,2
1778,268,view,1
1778,53,purchase,3
1778,296,view,1
1778,227,cart,2
1778,363,purchase,3
1778,215,cart,2
1778,366,view,1
1778,270,cart,2
1778,298,view,1
1778,449,cart,2
1778,123,purchase,3
1778,397,purchase,3
1778,84,view,1
1779,434,cart,2
1779,333,cart,2
1779,424,cart,2
1779,2,view,1
1779,364,view,1
1779,110,view,1
1779,499,cart,2
1779,91,view,1
1779,391,cart,2
1779,460,cart,2
1779,162,view,1
1779,283,cart,2
1779,273,cart,2
1779,58,cart,2
1779,33,cart,2
1779,298,cart,2
1779,34,view,1
1779,415,cart,2
1779,255,cart,2
1780,198,cart,2
1780,246,purchase,3
1780,301,purchase,3
1780,246,view,1
1780,12,cart,2
1780,37,cart,2
1780,388,view,1
1780,187,view,1
1780,206,view,1
1780,387,cart,2
1780,50,cart,2
1780,2,cart,2
1780,384,view,1
1780,319,view,1
1780,492,purchase,3
1780,298,cart,2
1780,140,cart,2
1780,495,cart,2
1781,130,purchase,3
1781,88,purchase,3
1781,492,cart,2
1781,400,cart,2
1781,129,purchase,3
1781,104,purchase,3
1781,163,cart,2
1781,69,view,1
1781,305,view,1
1781,494,purchase,3
1781,115,cart,2
1781,215,purchase,3
1781,70,cart,2
1781,117,cart,2
1781,378,cart,2
1781,482,purchase,3
1781,118,purchase,3
1781,261,cart,2
1782,289,view,1
1782,488,cart,2
1782,29,purchase,3
1782,125,purchase,3
1782,153,view,1
1782,119,view,1
1782,32,purchase,3
1782,250,cart,2
1782,228,purchase,3
1782,468,cart,2
1782,14,purchase,3
1782,396,cart,2
1783,220,cart,2
1783,323,cart,2
1783,282,view,1
1783,450,purchase,3
1783,52,view,1
1784,435,cart,2
1784,268,view,1
1784,132,view,1
1784,428,view,1
1784,85,purchase,3
1784,316,cart,2
1784,321,purchase,3
1784,331,view,1
1784,33,view,1
1784,295,cart,2
1784,383,view,1
1784,327,purchase,3
1784,86,cart,2
1784,467,view,1
1785,238,cart,2
1785,228,view,1
1785,355,cart,2
1785,470,view,1
1785,447,view,1
1785,10,view,1
1786,481,view,1
1786,24,cart,2
1786,118,cart,2
1786,279,purchase,3
1786,11,cart,2
1786,293,view,1
1786,216,purchase,3
1786,384,view,1
1786,119,cart,2
1786,262,view,1
1786,143,cart,2
1786,9,view,1
1786,161,view,1
1786,242,view,1
1786,307,cart,2
1786,137,cart,2
1786,210,purchase,3
1786,266,view,1
1786,340,view,1
1786,117,cart,2
1787,6,purchase,3
1787,406,cart,2
1787,121,view,1
1787,244,purchase,3
1787,417,cart,2
1787,169,cart,2
1787,29,cart,2
1787,227,purchase,3
1787,27,purchase,3
1787,467,view,1
1787,438,purchase,3
1787,278,purchase,3
1787,446,purchase,3
1787,235,cart,2
1787,23,cart,2
1787,220,cart,2
1788,104,cart,2
1788,494,purchase,3
1788,140,view,1
1788,405,cart,2
1788,208,cart,2
1788,333,view,1
1788,282,cart,2
1788,123,cart,2
1788,313,cart,2
1788,193,purchase,3
1788,470,view,1
1788,460,view,1
1788,329,purchase,3
1789,151,purchase,3
1789,170,purchase,3
1789,307,cart,2
1789,355,purchase,3
1789,381,purchase,3
1789,149,view,1
1789,221,view,1
1789,24,purchase,3
1789,109,view,1
1789,224,view,1
1789,148,view,1
1789,20,purchase,3
1790,468,purchase,3
1790,437,view,1
1790,217,purchase,3
1790,340,cart,2
1790,24,view,1
1790,173,view,1
1790,194,cart,2
1790,165,cart,2
1790,109,purchase,3
1790,171,purchase,3
1790,359,view,1
1790,42,view,1
1791,192,view,1
1791,261,purchase,3
1791,80,purchase,3
1791,302,purchase,3
1791,498,purchase,3
1791,139,view,1
1791,175,view,1
1791,95,view,1
1791,169,cart,2
1791,277,view,1
1791,52,cart,2
1791,42,cart,2
1791,324,purchase,3
1792,477,purchase,3
1792,140,purchase,3
1792,111,cart,2
1792,427,view,1
1792,100,view,1
1792,61,view,1
1792,6,purchase,3
1792,236,cart,2
1792,124,cart,2
1792,416,purchase,3
1792,202,cart,2
1792,175,cart,2
1792,89,purchase,3
1792,291,view,1
1792,168,view,1
1792,8,purchase,3
1792,396,view,1
1792,374,cart,2
1792,351,purchase,3
1793,123,view,1
1793,283,view,1
1793,38,purchase,3
1793,211,view,1
1793,42,purchase,3
1793,236,view,1
1793,208,view,1
1793,263,view,1
1793,54,view,1
1793,440,cart,2
1793,103,cart,2
1793,141,purchase,3
1793,300,purchase,3
1793,68,view,1
1793,113,view,1
1793,278,cart,2
1793,5,purchase,3
1793,94,cart,2
1793,429,view,1
1793,16,purchase,3
1794,184,cart,2
1794,491,purchase,3
1794,472,cart,2
1794,447,cart,2
1794,184,view,1
1794,451,purchase,3
1794,66,purchase,3
1794,310,cart,2
1794,253,view,1
1794,61,view,1
1794,299,view,1
1794,99,cart,2
1794,69,purchase,3
1794,88,purchase,3
1795,343,view,1
1795,438,cart,2
1795,447,cart,2
1795,165,purchase,3
1795,286,cart,2
1795,283,purchase,3
1795,119,cart,2
1796,183,view,1
1796,290,purchase,3
1796,468,cart,2
1796,11,cart,2
1796,82,purchase,3
1796,395,purchase,3
1796,345,purchase,3
1796,310,cart,2
1796,457,purchase,3
1796,65,view,1
1796,489,view,1
1796,312,purchase,3
1796,143,purchase,3
1796,314,purchase,3
1796,482,cart,2
1796,488,cart,2
1797,272,cart,2
1797,296,cart,2
1797,198,purchase,3
1797,61,purchase,3
1797,60,view,1
1797,188,cart,2
1797,11,view,1
1797,445,view,1
1798,497,view,1
1798,73,purchase,3
1798,6,view,1
1798,40,purchase,3
1798,478,view,1
1798,148,cart,2
1798,58,view,1
1798,68,purchase,3
1798,439,cart,2
1798,135,view,1
1798,390,view,1
1798,364,view,1
1798,378,cart,2
1798,78,cart,2
1798,157,purchase,3
1798,424,cart,2
1798,81,view,1
1798,20,cart,2
1798,245,cart,2
1798,273,view,1
1799,446,cart,2
1799,91,purchase,3
1799,191,view,1
1799,158,purchase,3
1799,433,purchase,3
1799,383,cart,2
1799,458,cart,2
1799,463,view,1
1799,181,cart,2
1800,267,purchase,3
1800,235,view,1
1800,56,view,1
1800,443,view,1
1800,491,cart,2
1800,314,cart,2
1800,30,cart,2
1801,233,view,1
1801,24,view,1
1801,140,cart,2
1801,240,view,1
1801,447,purchase,3
1801,357,purchase,3
1801,131,purchase,3
1801,153,view,1
1801,67,cart,2
1801,422,view,1
1801,321,purchase,3
1801,92,view,1
1801,483,view,1
1801,139,purchase,3
1801,443,view,1
1801,309,purchase,3
1802,205,view,1
1802,386,purchase,3
1802,359,cart,2
1802,491,view,1
1802,393,purchase,3
1802,269,purchase,3
1803,10,purchase,3
1803,10,purchase,3
1803,276,purchase,3
1803,342,purchase,3
1803,484,view,1
1803,217,cart,2
1803,309,view,1
1804,248,view,1
1804,435,purchase,3
1804,305,cart,2
1804,94,view,1
1804,182,cart,2
1804,487,purchase,3
1804,146,purchase,3
1804,295,view,1
1804,211,purchase,3
1804,171,purchase,3
1804,117,cart,2
1804,100,purchase,3
1804,58,cart,2
1804,385,purchase,3
1804,363,view,1
1804,141,purchase,3
1804,388,purchase,3
1804,56,purchase,3
1805,240,purchase,3
1805,364,cart,2
1805,183,cart,2
1805,454,purchase,3
1805,442,purchase,3
1805,30,purchase,3
1805,27,purchase,3
1805,184,cart,2
1805,250,view,1
1805,257,view,1
1805,292,purchase,3
1805,100,purchase,3
1806,126,view,1
1806,387,view,1
1806,424,cart,2
1806,415,view,1
1806,328,purchase,3
1806,181,view,1
1806,474,purchase,3
1806,160,purchase,3
1806,332,purchase,3
1806,361,view,1
1806,430,purchase,3
1806,15,purchase,3
1806,231,cart,2
1806,338,cart,2
1806,339,purchase,3
1807,120,cart,2
1807,265,purchase,3
1807,449,view,1
1807,51,purchase,3
1807,54,view,1
1807,384,cart,2
1807,170,view,1
1807,378,view,1
1807,30,view,1
1807,319,cart,2
1807,71,purchase,3
1807,136,purchase,3
1807,462,view,1
1808,473,view,1
1808,490,view,1
1808,189,purchase,3
1808,147,cart,2
1808,476,cart,2
1809,68,purchase,3
1809,371,cart,2
1809,350,cart,2
1809,288,view,1
1809,456,purchase,3
1809,263,view,1
1809,110,purchase,3
1809,101,purchase,3
1809,436,cart,2
1809,43,purchase,3
1809,472,purchase,3
1809,217,view,1
1809,339,view,1
1809,478,cart,2
1809,409,view,1
1809,442,view,1
1809,124,purchase,3
1809,112,cart,2
1809,474,cart,2
1810,444,view,1
1810,148,view,1
1810,168,view,1
1810,249,view,1
1810,22,purchase,3
1810,387,view,1
1811,323,purchase,3
1811,450,view,1
1811,68,cart,2
1811,322,view,1
1811,257,view,1
1811,376,cart,2
1811,362,purchase,3
1811,255,view,1
1811,340,view,1
1812,464,view,1
1812,259,view,1
1812,421,cart,2
1812,144,purchase,3
1812,419,purchase,3
1813,416,cart,2
1813,158,cart,2
1813,16,purchase,3
1813,426,cart,2
1813,238,view,1
1813,480,view,1
1813,311,view,1
1813,30,view,1
1813,299,view,1
1813,297,view,1
1813,402,purchase,3
1813,471,view,1
1813,326,purchase,3
1813,56,cart,2
1813,454,cart,2
1813,399,view,1
1813,117,view,1
1814,129,cart,2
1814,333,purchase,3
1814,146,view,1
1814,160,view,1
1814,411,cart,2
1814,7,purchase,3
1814,7,cart,2
1814,96,cart,2
1814,395,purchase,3
1814,374,cart,2
1814,240,purchase,3
1814,472,purchase,3
1814,441,cart,2
1814,42,purchase,3
1815,357,purchase,3
1815,207,view,1
1815,4,view,1
1815,142,purchase,3
1815,293,view,1
1815,168,purchase,3
1815,335,cart,2
1816,69,purchase,3
1816,384,view,1
1816,129,view,1
1816,23,purchase,3
1816,57,view,1
1816,75,purchase,3
1816,403,view,1
1816,417,view,1
1816,468,view,1
1816,107,view,1
1816,358,view,1
1816,210,purchase,3
1816,193,cart,2
1816,332,purchase,3
1816,446,purchase,3
1816,59,purchase,3
1816,12,purchase,3
1817,240,cart,2
1817,482,view,1
1817,309,view,1
1817,305,view,1
1817,336,cart,2
1817,383,purchase,3
1817,344,cart,2
1818,99,cart,2
1818,334,cart,2
1818,363,view,1
1818,108,view,1
1818,161,cart,2
1818,151,cart,2
1818,29,view,1
1818,104,view,1
1818,324,purchase,3
1818,66,purchase,3
1818,480,view,1
1818,146,purchase,3
1818,71,cart,2
1818,49,cart,2
1818,225,view,1
1819,426,view,1
1819,36,purchase,3
1819,419,view,1
1819,381,cart,2
1819,396,purchase,3
1819,307,view,1
1819,179,purchase,3
1819,247,cart,2
1820,423,view,1
1820,395,purchase,3
1820,94,view,1
1820,227,view,1
1820,466,cart,2
1820,432,cart,2
1820,100,cart,2
1820,456,view,1
1820,139,cart,2
1820,172,view,1
1820,321,purchase,3
1821,168,purchase,3
1821,286,purchase,3
1821,201,cart,2
1821,423,purchase,3
1821,107,cart,2
1821,70,cart,2
1822,127,view,1
1822,267,cart,2
1822,144,view,1
1822,473,cart,2
1822,439,purchase,3
1822,376,purchase,3
1822,108,view,1
1822,12,cart,2
1823,131,purchase,3
1823,281,cart,2
1823,226,view,1
1823,135,purchase,3
1823,437,purchase,3
1823,50,purchase,3
1823,296,purchase,3
1823,482,view,1
1823,283,purchase,3
1824,126,purchase,3
1824,127,purchase,3
1824,174,view,1
1824,294,cart,2
1824,294,view,1
1824,145,view,1
1824,332,purchase,3
1824,175,cart,2
1825,491,view,1
1825,279,purchase,3
1825,26,view,1
1825,447,view,1
1825,229,view,1
1825,59,cart,2
1825,392,cart,2
1825,440,cart,2
1825,303,view,1
1825,230,cart,2
1825,196,purchase,3
1825,65,cart,2
1825,187,view,1
1825,203,cart,2
1825,424,view,1
1825,44,view,1
1825,300,cart,2
1825,171,view,1
1825,411,view,1
1826,54,cart,2
1826,221,purchase,3
1826,83,cart,2
1826,440,purchase,3
1826,182,view,1
1826,384,purchase,3
1826,77,purchase,3
1826,117,cart,2
1826,288,purchase,3
1827,210,view,1
1827,35,purchase,3
1827,277,view,1
1827,78,view,1
1827,348,view,1
1827,45,cart,2
1827,333,cart,2
1827,218,cart,2
1827,397,cart,2
1827,317,view,1
1827,261,cart,2
1827,209,cart,2
1827,147,purchase,3
1827,79,view,1
1827,280,purchase,3
1827,295,purchase,3
1828,463,purchase,3
1828,275,cart,2
1828,416,view,1
1828,311,purchase,3
1828,380,view,1
1828,189,purchase,3
1828,330,view,1
1828,81,purchase,3
1828,330,view,1
1828,297,view,1
1828,196,purchase,3
1828,408,cart,2
1829,156,purchase,3
1829,366,purchase,3
1829,248,view,1
1829,40,view,1
1829,91,cart,2
1829,278,purchase,3
1829,181,view,1
1829,406,purchase,3
1829,77,purchase,3
1829,459,purchase,3
1829,295,purchase,3
1829,221,purchase,3
1829,2,purchase,3
1829,430,purchase,3
1829,377,purchase,3
1829,131,view,1
1830,145,purchase,3
1830,416,view,1
1830,51,cart,2
1830,65,purchase,3
1830,2,purchase,3
1830,364,purchase,3
1830,86,view,1
1830,413,cart,2
1830,245,cart,2
1830,245,view,1
1830,223,cart,2
1830,414,cart,2
1830,459,cart,2
1830,215,view,1
1831,335,purchase,3
1831,81,purchase,3
1831,287,purchase,3
1831,304,cart,2
1831,428,cart,2
1831,491,purchase,3
1831,62,cart,2
1831,28,view,1
1831,111,purchase,3
1831,200,view,1
1831,53,cart,2
1831,93,view,1
1831,119,cart,2
1831,264,purchase,3
1831,107,cart,2
1831,487,view,1
1832,79,cart,2
1832,224,view,1
1832,475,view,1
1832,256,view,1
1832,247,view,1
1832,158,cart,2
1832,495,view,1
1832,12,purchase,3
1832,465,purchase,3
1832,225,cart,2
1832,348,cart,2
1832,296,purchase,3
1832,206,view,1
1832,367,cart,2
1832,38,purchase,3
1832,390,view,1
1833,455,view,1
1833,446,purchase,3
1833,178,view,1
1833,244,cart,2
1833,371,cart,2
1833,499,cart,2
1833,469,cart,2
1833,269,view,1
1833,316,purchase,3
1833,133,cart,2
1833,93,purchase,3
1833,14,cart,2
1834,368,cart,2
1834,41,purchase,3
1834,82,view,1
1834,308,purchase,3
1834,115,cart,2
1834,362,purchase,3
1834,36,cart,2
1834,112,view,1
1834,80,purchase,3
1834,438,cart,2
1834,226,view,1
1834,307,view,1
1834,337,cart,2
1834,294,purchase,3
1835,72,view,1
1835,144,cart,2
1835,80,purchase,3
1835,485,view,1
1835,100,view,1
1835,319,view,1
1835,177,view,1
1835,344,purchase,3
1835,187,view,1
1835,105,purchase,3
1835,49,cart,2
1835,187,purchase,3
1835,167,cart,2
1835,223,view,1
1835,23,purchase,3
1835,286,purchase,3
1835,73,view,1
1835,89,view,1
1835,488,purchase,3
1835,488,purchase,3
1836,422,cart,2
1836,89,cart,2
1836,439,view,1
1836,340,view,1
1836,186,purchase,3
1836,124,purchase,3
1836,199,cart,2
1836,21,purchase,3
1836,439,view,1
1836,499,view,1
1836,393,view,1
1836,213,cart,2
1836,492,cart,2
1836,441,purchase,3
1836,208,cart,2
1836,445,purchase,3
1836,221,purchase,3
1837,292,purchase,3
1837,147,view,1
1837,303,view,1
1837,245,cart,2
1837,168,cart,2
1837,481,cart,2
1837,435,cart,2
1837,412,view,1
1837,333,purchase,3
1838,331,cart,2
1838,61,purchase,3
1838,453,purchase,3
1838,387,view,1
1838,140,cart,2
1838,198,cart,2
1838,303,purchase,3
1839,369,cart,2
1839,262,cart,2
1839,248,view,1
1839,91,view,1
1839,304,cart,2
1840,351,cart,2
1840,217,view,1
1840,131,cart,2
1840,174,cart,2
1840,468,view,1
1840,137,cart,2
1840,459,view,1
1840,337,purchase,3
1840,229,view,1
1840,454,view,1
1840,300,purchase,3
1840,14,purchase,3
1840,297,cart,2
1840,217,view,1
1840,451,purchase,3
1840,110,view,1
1841,231,purchase,3
1841,244,purchase,3
1841,373,view,1
1841,213,cart,2
1841,214,view,1
1841,426,view,1
1841,178,view,1
1841,442,cart,2
1841,294,purchase,3
1842,495,purchase,3
1842,459,cart,2
1842,426,purchase,3
1842,96,cart,2
1842,468,purchase,3
1842,60,purchase,3
1842,335,purchase,3
1842,431,purchase,3
1842,311,view,1
1842,164,cart,2
1842,147,cart,2
1842,483,purchase,3
1842,377,purchase,3
1842,353,purchase,3
1842,77,cart,2
1842,414,cart,2
1842,198,cart,2
1843,392,cart,2
1843,378,view,1
1843,391,cart,2
1843,378,purchase,3
1843,144,cart,2
1843,207,view,1
1843,250,view,1
1843,373,cart,2
1843,68,cart,2
1843,498,cart,2
1843,347,purchase,3
1844,79,cart,2
1844,157,purchase,3
1844,175,purchase,3
1844,173,purchase,3
1844,408,view,1
1844,472,cart,2
1844,31,view,1
1844,469,cart,2
1844,389,purchase,3
1844,109,cart,2
1844,73,view,1
1844,79,view,1
1845,474,cart,2
1845,204,view,1
1845,68,cart,2
1845,252,cart,2
1845,425,view,1
1846,428,cart,2
1846,332,view,1
1846,432,cart,2
1846,4,purchase,3
1846,57,view,1
1846,377,purchase,3
1847,225,purchase,3
1847,241,cart,2
1847,386,cart,2
1847,289,cart,2
1847,417,purchase,3
1847,356,cart,2
1847,381,purchase,3
1847,246,cart,2
1847,319,cart,2
1847,317,view,1
1847,24,cart,2
1847,159,view,1
1847,112,cart,2
1847,275,view,1
1847,321,purchase,3
1847,130,cart,2
1847,146,purchase,3
1847,365,cart,2
1847,355,view,1
1847,310,cart,2
1848,387,view,1
1848,279,cart,2
1848,134,cart,2
1848,27,cart,2
1848,123,view,1
1848,404,cart,2
1849,90,view,1
1849,417,purchase,3
1849,189,purchase,3
1849,25,view,1
1849,46,cart,2
1849,446,purchase,3
1849,67,cart,2
1849,348,purchase,3
1849,345,view,1
1849,241,cart,2
1849,119,cart,2
1849,288,cart,2
1849,155,cart,2
1849,74,view,1
1849,320,cart,2
1849,243,purchase,3
1850,112,cart,2
1850,99,view,1
1850,402,cart,2
1850,102,purchase,3
1850,79,cart,2
1850,272,view,1
1850,89,purchase,3
1851,496,view,1
1851,190,view,1
1851,282,cart,2
1851,187,view,1
1851,281,purchase,3
1851,128,purchase,3
1852,127,cart,2
1852,78,cart,2
1852,259,purchase,3
1852,394,purchase,3
1852,407,purchase,3
1852,18,cart,2
1852,314,cart,2
1853,169,cart,2
1853,118,cart,2
1853,210,purchase,3
1853,196,purchase,3
1853,57,cart,2
1853,101,purchase,3
1853,369,cart,2
1853,360,view,1
1854,54,view,1
1854,172,view,1
1854,359,view,1
1854,492,cart,2
1854,48,purchase,3
1855,244,view,1
1855,478,purchase,3
1855,283,view,1
1855,298,view,1
1855,359,view,1
1855,203,cart,2
1855,193,cart,2
1855,268,cart,2
1855,262,cart,2
1855,60,purchase,3
1855,59,purchase,3
1855,380,cart,2
1855,423,purchase,3
1855,217,cart,2
1855,265,purchase,3
1855,200,view,1
1856,41,purchase,3
1856,192,cart,2
1856,490,view,1
1856,45,purchase,3
1856,186,view,1
1856,195,cart,2
1856,341,cart,2
1856,163,cart,2
1856,185,view,1
1856,65,cart,2
1856,144,purchase,3
1856,125,purchase,3
1856,461,cart,2
1856,342,cart,2
1856,14,purchase,3
1856,486,purchase,3
1857,180,cart,2
1857,372,view,1
1857,24,view,1
1857,22,view,1
1857,229,purchase,3
1857,41,cart,2
1857,407,cart,2
1857,477,purchase,3
1857,360,purchase,3
1857,148,purchase,3
1857,16,view,1
1857,176,view,1
1857,116,cart,2
1857,118,purchase,3
1857,143,view,1
1857,275,view,1
1858,327,cart,2
1858,444,purchase,3
1858,345,cart,2
1858,489,cart,2
1858,295,purchase,3
1858,324,cart,2
1858,282,view,1
1858,269,purchase,3
1858,255,view,1
1858,395,cart,2
1858,139,purchase,3
1858,488,purchase,3
1858,149,purchase,3
1858,101,view,1
1858,253,view,1
1859,436,cart,2
1859,470,cart,2
1859,462,view,1
1859,341,cart,2
1859,378,purchase,3
1859,92,purchase,3
1859,105,purchase,3
1859,334,purchase,3
1859,108,view,1
1859,350,cart,2
1859,22,cart,2
1859,84,cart,2
1859,264,cart,2
1859,407,view,1
1859,402,purchase,3
1859,411,cart,2
1859,387,cart,2
1859,49,purchase,3
1859,153,purchase,3
1860,220,cart,2
1860,28,view,1
1860,54,purchase,3
1860,194,purchase,3
1860,36,view,1
1860,242,view,1
1860,124,view,1
1860,69,purchase,3
1860,183,cart,2
1860,253,purchase,3
1860,281,purchase,3
1860,144,view,1
1860,468,purchase,3
1860,392,cart,2
1860,233,purchase,3
1860,46,view,1
1860,408,purchase,3
1860,170,purchase,3
1861,406,purchase,3
1861,237,view,1
1861,477,cart,2
1861,181,view,1
1861,244,purchase,3
1861,216,view,1
1861,324,view,1
1862,60,view,1
1862,181,cart,2
1862,407,purchase,3
1862,440,view,1
1862,466,view,1
1862,241,cart,2
1862,135,cart,2
1862,458,cart,2
1862,54,purchase,3
1863,438,purchase,3
1863,470,cart,2
1863,194,cart,2
1863,438,purchase,3
1863,202,purchase,3
1863,339,cart,2
1863,115,cart,2
1863,367,view,1
1863,460,purchase,3
1863,45,purchase,3
1863,314,cart,2
1863,454,cart,2
1863,149,cart,2
1863,173,cart,2
1863,315,purchase,3
1863,299,view,1
1864,84,view,1
1864,475,view,1
1864,48,purchase,3
1864,35,cart,2
1864,271,cart,2
1864,406,view,1
1864,51,cart,2
1864,434,view,1
1864,216,purchase,3
1864,116,view,1
1864,388,cart,2
1864,107,cart,2
1864,274,cart,2
1864,284,cart,2
1864,157,purchase,3
1865,407,purchase,3
1865,464,purchase,3
1865,24,view,1
1865,335,purchase,3
1865,415,cart,2
1865,408,view,1
1865,261,purchase,3
1865,17,cart,2
1866,471,cart,2
1866,335,purchase,3
1866,358,purchase,3
1866,385,view,1
1866,335,cart,2
1866,488,purchase,3
1866,471,cart,2
1866,74,purchase,3
1866,397,view,1
1866,493,cart,2
1866,123,view,1
1866,203,cart,2
1867,261,purchase,3
1867,460,purchase,3
1867,279,view,1
1867,393,view,1
1867,364,cart,2
1867,351,view,1
1867,437,purchase,3
1867,140,cart,2
1867,70,purchase,3
1867,317,purchase,3
1867,57,purchase,3
1867,312,cart,2
1867,58,cart,2
1868,274,view,1
1868,359,purchase,3
1868,473,view,1
1868,22,purchase,3
1868,180,view,1
1868,135,cart,2
1868,118,cart,2
1868,104,view,1
1868,415,purchase,3
1868,262,cart,2
1868,248,view,1
1868,495,purchase,3
1868,143,purchase,3
1868,344,purchase,3
1868,1,purchase,3
1869,364,purchase,3
1869,462,view,1
1869,95,cart,2
1869,340,view,1
1869,321,purchase,3
1869,275,view,1
1869,112,cart,2
1869,351,cart,2
1869,401,cart,2
1869,182,view,1
1869,476,purchase,3
1869,165,cart,2
1870,24,purchase,3
1870,72,view,1
1870,376,cart,2
1870,55,purchase,3
1870,175,cart,2
1870,283,view,1
1870,173,view,1
1870,322,purchase,3
1870,147,purchase,3
1870,114,purchase,3
1870,287,cart,2
1870,282,view,1
1870,19,purchase,3
1870,402,cart,2
1870,475,cart,2
1871,395,cart,2
1871,205,cart,2
1871,284,view,1
1871,66,view,1
1871,278,purchase,3
1871,273,view,1
1871,276,cart,2
1871,62,cart,2
1871,135,view,1
1871,425,purchase,3
1871,78,purchase,3
1871,160,purchase,3
1871,265,cart,2
1871,488,cart,2
1871,97,cart,2
1871,254,view,1
1871,418,purchase,3
1872,142,purchase,3
1872,306,view,1
1872,500,cart,2
1872,165,view,1
1872,189,cart,2
1872,474,view,1
1872,316,cart,2
1872,441,view,1
1872,128,purchase,3
1872,456,cart,2
1872,398,view,1
1872,112,view,1
1873,158,purchase,3
1873,294,cart,2
1873,229,view,1
1873,454,purchase,3
1873,16,view,1
1873,403,purchase,3
1873,434,view,1
1874,308,cart,2
1874,79,purchase,3
1874,154,view,1
1874,315,view,1
1874,193,view,1
1874,450,purchase,3
1874,62,cart,2
1875,6,purchase,3
1875,245,cart,2
1875,258,view,1
1875,155,view,1
1875,33,cart,2
1876,497,purchase,3
1876,110,cart,2
1876,435,cart,2
1876,6,purchase,3
1876,366,cart,2
1876,420,purchase,3
1876,301,view,1
1876,42,purchase,3
1876,382,purchase,3
1877,381,purchase,3
1877,419,cart,2
1877,237,view,1
1877,402,purchase,3
1877,468,purchase,3
1877,396,cart,2
1877,422,view,1
1877,91,view,1
1877,333,purchase,3
1877,397,purchase,3
1877,42,cart,2
1877,293,cart,2
1877,86,cart,2
1877,211,view,1
1877,165,purchase,3
1877,461,view,1
1877,466,view,1
1877,219,view,1
1877,352,view,1
1877,449,purchase,3
1878,196,purchase,3
1878,25,purchase,3
1878,267,cart,2
1878,321,cart,2
1878,56,purchase,3
1878,444,view,1
1878,226,view,1
1878,210,view,1
1878,452,purchase,3
1878,121,view,1
1878,174,view,1
1878,329,cart,2
1878,113,view,1
1878,27,cart,2
1878,384,view,1
1878,219,purchase,3
1878,197,purchase,3
1878,65,view,1
1878,108,purchase,3
1878,419,purchase,3
1879,395,purchase,3
1879,494,cart,2
1879,63,view,1
1879,427,purchase,3
1879,83,view,1
1879,435,cart,2
1880,127,view,1
1880,36,purchase,3
1880,499,view,1
1880,54,cart,2
1880,67,purchase,3
1880,38,cart,2
1880,252,view,1
1880,267,view,1
1880,207,purchase,3
1880,148,view,1
1880,151,purchase,3
1880,331,purchase,3
1880,101,cart,2
1880,129,purchase,3
1880,89,view,1
1880,393,cart,2
1880,52,purchase,3
1880,298,purchase,3
1880,20,cart,2
1881,231,cart,2
1881,269,purchase,3
1881,434,view,1
1881,428,cart,2
1881,47,view,1
1881,302,cart,2
1881,194,view,1
1881,238,purchase,3
1881,312,view,1
1881,473,cart,2
1882,411,cart,2
1882,337,cart,2
1882,155,cart,2
1882,104,purchase,3
1882,169,purchase,3
1882,415,purchase,3
1882,253,purchase,3
1882,52,cart,2
1882,472,cart,2
1882,449,view,1
1882,234,view,1
1882,70,purchase,3
1882,210,purchase,3
1882,245,purchase,3
1882,329,cart,2
1882,171,purchase,3
1882,480,purchase,3
1882,235,cart,2
1883,18,purchase,3
1883,156,purchase,3
1883,404,view,1
1883,43,purchase,3
1883,146,purchase,3
1883,302,cart,2
1883,236,purchase,3
1883,236,purchase,3
1883,454,cart,2
1883,417,view,1
1883,325,view,1
1883,206,cart,2
1883,182,cart,2
1883,54,view,1
1883,74,purchase,3
1883,236,purchase,3
1884,20,cart,2
1884,31,purchase,3
1884,438,cart,2
1884,477,purchase,3
1884,161,purchase,3
1884,108,cart,2
1884,216,view,1
1884,391,view,1
1884,378,view,1
1884,169,purchase,3
1884,386,cart,2
1884,20,purchase,3
1884,410,purchase,3
1884,244,cart,2
1884,264,purchase,3
1884,326,purchase,3
1884,103,cart,2
1884,312,view,1
1884,391,purchase,3
1885,181,cart,2
1885,244,view,1
1885,117,purchase,3
1885,170,purchase,3
1885,429,purchase,3
1886,70,purchase,3
1886,7,purchase,3
1886,262,view,1
1886,382,purchase,3
1886,324,purchase,3
1886,261,purchase,3
1886,302,cart,2
1886,327,purchase,3
1886,361,view,1
1886,461,purchase,3
1886,252,view,1
1886,211,purchase,3
1886,473,view,1
1886,185,view,1
1887,214,purchase,3
1887,310,purchase,3
1887,247,view,1
1887,55,view,1
1887,221,cart,2
1888,201,cart,2
1888,145,purchase,3
1888,310,view,1
1888,40,cart,2
1888,194,view,1
1888,492,purchase,3
1888,27,view,1
1888,4,cart,2
1888,333,view,1
1889,449,view,1
1889,179,view,1
1889,299,purchase,3
1889,307,view,1
1889,198,purchase,3
1889,169,purchase,3
1889,118,cart,2
1889,294,purchase,3
1889,322,purchase,3
1890,347,cart,2
1890,491,purchase,3
1890,487,view,1
1890,79,view,1
1890,214,cart,2
1890,5,view,1
1890,185,cart,2
1890,118,cart,2
1890,109,view,1
1890,82,view,1
1890,435,view,1
1890,440,cart,2
1890,162,view,1
1891,380,view,1
1891,1,purchase,3
1891,75,cart,2
1891,344,cart,2
1891,384,purchase,3
1891,202,cart,2
1891,433,cart,2
1891,257,purchase,3
1891,134,purchase,3
1891,1,view,1
1891,401,cart,2
1891,234,purchase,3
1891,463,purchase,3
1891,30,cart,2
1891,74,purchase,3
1891,365,view,1
1892,60,cart,2
1892,377,view,1
1892,398,purchase,3
1892,44,purchase,3
1892,136,purchase,3
1892,52,purchase,3
1892,444,cart,2
1892,243,cart,2
1892,372,view,1
1892,323,purchase,3
1892,271,cart,2
1892,102,view,1
1892,17,purchase,3
1892,219,purchase,3
1892,218,view,1
1893,96,view,1
1893,323,view,1
1893,456,view,1
1893,450,cart,2
1893,489,purchase,3
1893,478,purchase,3
1893,366,view,1
1893,126,view,1
1893,136,view,1
1893,486,cart,2
1893,385,purchase,3
1893,8,view,1
1893,139,cart,2
1893,352,purchase,3
1893,339,cart,2
1894,432,cart,2
1894,201,view,1
1894,135,cart,2
1894,288,purchase,3
1894,406,purchase,3
1894,329,purchase,3
1894,278,cart,2
1894,317,cart,2
1894,404,cart,2
1894,394,view,1
1894,109,cart,2
1894,223,cart,2
1894,473,purchase,3
1894,374,view,1
1894,272,cart,2
1894,8,purchase,3
1895,129,view,1
1895,81,purchase,3
1895,340,cart,2
1895,339,purchase,3
1895,483,purchase,3
1896,303,view,1
1896,95,view,1
1896,477,view,1
1896,201,view,1
1896,237,purchase,3
1896,278,purchase,3
1897,22,view,1
1897,16,purchase,3
1897,477,cart,2
1897,57,cart,2
1897,284,purchase,3
1897,398,purchase,3
1897,145,view,1
1897,55,view,1
1897,158,cart,2
1897,260,view,1
1897,251,view,1
1897,361,cart,2
1897,37,cart,2
1898,306,purchase,3
1898,401,cart,2
1898,399,view,1
1898,175,purchase,3
1898,304,purchase,3
1899,239,cart,2
1899,47,purchase,3
1899,177,purchase,3
1899,333,view,1
1899,29,cart,2
1899,373,cart,2
1899,384,cart,2
1899,472,purchase,3
1899,120,cart,2
1899,487,view,1
1899,110,purchase,3
1899,85,purchase,3
1899,115,view,1
1900,293,purchase,3
1900,213,view,1
1900,398,purchase,3
1900,317,cart,2
1900,360,cart,2
1900,240,cart,2
1900,275,cart,2
1900,20,purchase,3
1900,458,purchase,3
1900,92,view,1
1900,31,view,1
1900,228,purchase,3
1900,317,view,1
1900,466,cart,2
1900,89,view,1
1900,106,view,1
1901,59,cart,2
1901,424,cart,2
1901,78,cart,2
1901,391,view,1
1901,217,cart,2
1901,190,purchase,3
1901,33,cart,2
1901,367,purchase,3
1901,30,purchase,3
1901,312,view,1
1901,173,view,1
1901,361,cart,2
1901,325,cart,2
1901,431,view,1
1901,98,cart,2
1901,231,cart,2
1901,26,view,1
1901,214,view,1
1901,327,view,1
1902,369,purchase,3
1902,400,cart,2
1902,347,cart,2
1902,404,purchase,3
1902,23,cart,2
1902,61,cart,2
1902,243,cart,2
1902,356,cart,2
1902,252,purchase,3
1902,368,view,1
1902,385,purchase,3
1903,90,cart,2
1903,420,cart,2
1903,188,view,1
1903,154,cart,2
1903,284,view,1
1903,241,purchase,3
1903,285,cart,2
1904,466,cart,2
1904,235,cart,2
1904,153,view,1
1904,215,cart,2
1904,455,view,1
1905,251,view,1
1905,365,cart,2
1905,472,purchase,3
1905,123,purchase,3
1905,113,cart,2
1905,293,view,1
1905,164,view,1
1905,171,view,1
1905,35,cart,2
1905,16,purchase,3
1905,356,purchase,3
1905,241,cart,2
1905,28,purchase,3
1905,148,purchase,3
1905,457,cart,2
1905,130,cart,2
1906,378,cart,2
1906,217,purchase,3
1906,33,cart,2
1906,103,purchase,3
1906,192,view,1
1906,443,cart,2
1906,302,view,1
1906,214,view,1
1906,371,cart,2
1906,483,purchase,3
1906,499,cart,2
1906,90,cart,2
1907,31,purchase,3
1907,336,view,1
1907,100,cart,2
1907,54,view,1
1907,313,purchase,3
1907,191,purchase,3
1907,437,view,1
1907,491,view,1
1907,399,cart,2
1907,35,view,1
1907,373,cart,2
1907,294,purchase,3
1907,221,view,1
1907,93,purchase,3
1907,217,cart,2
1908,80,cart,2
1908,253,view,1
1908,460,purchase,3
1908,98,view,1
1908,443,purchase,3
1908,194,cart,2
1908,216,view,1
1908,82,cart,2
1908,423,view,1
1908,239,cart,2
1908,37,cart,2
1908,131,view,1
1908,280,purchase,3
1908,338,cart,2
1908,217,cart,2
1908,496,cart,2
1909,330,view,1
1909,270,cart,2
1909,259,view,1
1909,312,view,1
1909,440,purchase,3
1909,456,cart,2
1909,21,cart,2
1909,94,view,1
1909,49,view,1
1909,221,view,1
1909,112,view,1
1909,15,cart,2
1909,252,view,1
1909,129,view,1
1909,176,purchase,3
1909,454,purchase,3
1909,364,purchase,3
1909,337,purchase,3
1910,329,cart,2
1910,467,view,1
1910,441,view,1
1910,476,view,1
1910,308,cart,2
1910,186,cart,2
1911,48,view,1
1911,500,view,1
1911,264,view,1
1911,309,view,1
1911,172,cart,2
1911,352,purchase,3
1911,212,view,1
1911,239,view,1
1911,283,view,1
1911,288,purchase,3
1911,313,purchase,3
1911,466,cart,2
1911,319,view,1
1911,38,purchase,3
1911,130,purchase,3
1911,226,cart,2
1911,136,cart,2
1911,248,cart,2
1911,442,cart,2
1912,141,purchase,3
1912,324,cart,2
1912,380,view,1
1912,179,view,1
1912,355,view,1
1913,241,purchase,3
1913,25,cart,2
1913,332,view,1
1913,12,purchase,3
1913,19,purchase,3
1913,323,purchase,3
1913,415,view,1
1913,449,view,1
1913,104,view,1
1913,124,cart,2
1913,214,cart,2
1913,497,view,1
1913,380,purchase,3
1913,333,cart,2
1913,44,purchase,3
1913,230,view,1
1913,28,view,1
1913,282,view,1
1913,234,view,1
1914,2,purchase,3
1914,34,cart,2
1914,374,view,1
1914,222,cart,2
1914,210,purchase,3
1914,336,cart,2
1914,198,purchase,3
1914,473,view,1
1914,17,purchase,3
1914,66,view,1
1914,67,view,1
1914,112,view,1
1915,73,view,1
1915,146,view,1
1915,433,purchase,3
1915,341,view,1
1915,237,view,1
1915,399,purchase,3
1915,316,cart,2
1915,407,purchase,3
1915,397,cart,2
1915,385,cart,2
1915,335,cart,2
1915,367,purchase,3
1916,161,purchase,3
1916,110,view,1
1916,325,purchase,3
1916,373,purchase,3
1916,101,view,1
1916,119,cart,2
1916,477,purchase,3
1917,418,purchase,3
1917,315,view,1
1917,413,cart,2
1917,89,view,1
1917,392,cart,2
1917,389,cart,2
1917,164,view,1
1917,359,view,1
1917,290,view,1
1917,340,cart,2
1917,94,view,1
1917,412,view,1
1917,323,view,1
1917,486,cart,2
1917,340,cart,2
1917,319,cart,2
1917,350,purchase,3
1917,467,purchase,3
1918,386,cart,2
1918,163,view,1
1918,384,cart,2
1918,57,view,1
1918,61,view,1
1918,56,cart,2
1918,402,purchase,3
1919,311,view,1
1919,308,cart,2
1919,380,cart,2
1919,79,view,1
1919,302,purchase,3
1919,225,view,1
1920,209,purchase,3
1920,139,purchase,3
1920,139,view,1
1920,77,purchase,3
1920,375,view,1
1920,471,view,1
1920,123,purchase,3
1920,168,view,1
1920,107,view,1
1920,127,purchase,3
1920,443,purchase,3
1920,301,view,1
1920,497,purchase,3
1921,328,view,1
1921,471,view,1
1921,192,view,1
1921,475,purchase,3
1921,54,purchase,3
1921,12,view,1
1922,261,cart,2
1922,433,view,1
1922,497,view,1
1922,42,purchase,3
1922,64,cart,2
1922,140,cart,2
1922,306,cart,2
1922,65,cart,2
1922,61,purchase,3
1922,23,view,1
1922,409,cart,2
1923,262,purchase,3
1923,209,cart,2
1923,463,cart,2
1923,357,cart,2
1923,492,view,1
1924,122,cart,2
1924,418,view,1
1924,189,purchase,3
1924,395,cart,2
1924,167,cart,2
1924,209,purchase,3
1924,118,cart,2
1924,23,cart,2
1924,17,view,1
1924,387,view,1
1924,13,cart,2
1924,361,view,1
1924,21,cart,2
1924,410,view,1
1925,152,purchase,3
1925,153,cart,2
1925,196,view,1
1925,268,purchase,3
1925,456,view,1
1925,57,view,1
1925,330,cart,2
1925,491,cart,2
1925,425,cart,2
1925,330,cart,2
1925,487,cart,2
1926,130,cart,2
1926,330,purchase,3
1926,247,purchase,3
1926,258,cart,2
1926,16,purchase,3
1926,362,cart,2
1926,217,view,1
1926,15,view,1
1926,116,cart,2
1926,313,cart,2
1926,135,view,1
1926,260,cart,2
1926,212,purchase,3
1926,129,view,1
1926,391,purchase,3
1926,75,purchase,3
1926,239,purchase,3
1926,134,view,1
1927,325,purchase,3
1927,477,purchase,3
1927,71,view,1
1927,344,view,1
1927,476,purchase,3
1927,46,view,1
1927,431,purchase,3
1927,441,view,1
1927,118,purchase,3
1927,390,purchase,3
1927,329,view,1
1927,294,cart,2
1927,462,purchase,3
1927,336,purchase,3
1927,365,view,1
1927,363,purchase,3
1927,50,purchase,3
1928,181,view,1
1928,287,purchase,3
1928,477,purchase,3
1928,136,cart,2
1928,371,cart,2
1928,133,view,1
1928,189,view,1
1929,335,purchase,3
1929,85,view,1
1929,105,purchase,3
1929,235,view,1
1929,295,view,1
1929,242,view,1
1929,370,cart,2
1929,191,cart,2
1929,306,purchase,3
1929,324,view,1
1929,208,cart,2
1929,376,cart,2
1929,34,view,1
1930,345,view,1
1930,339,purchase,3
1930,85,cart,2
1930,373,purchase,3
1930,237,cart,2
1930,24,cart,2
1930,416,cart,2
1930,264,view,1
1930,289,view,1
1930,480,view,1
1930,287,cart,2
1930,379,view,1
1930,82,purchase,3
1931,291,cart,2
1931,467,view,1
1931,158,view,1
1931,376,purchase,3
1931,94,cart,2
1931,123,view,1
1931,24,purchase,3
1932,233,view,1
1932,292,purchase,3
1932,126,view,1
1932,341,cart,2
1932,320,cart,2
1932,349,purchase,3
1932,264,view,1
1932,194,purchase,3
1932,228,purchase,3
1932,292,purchase,3
1932,206,cart,2
1932,383,purchase,3
1932,296,cart,2
1932,149,cart,2
1932,238,purchase,3
1932,130,view,1
1932,225,view,1
1932,428,cart,2
1932,117,purchase,3
1933,362,view,1
1933,371,view,1
1933,347,cart,2
1933,440,view,1
1933,245,cart,2
1933,495,cart,2
1933,374,purchase,3
1933,336,view,1
1933,123,cart,2
1933,103,view,1
1934,6,purchase,3
1934,70,cart,2
1934,479,view,1
1934,198,purchase,3
1934,495,view,1
1934,296,purchase,3
1934,199,cart,2
1934,260,view,1
1934,429,view,1
1934,178,view,1
1934,132,cart,2
1934,164,purchase,3
1934,138,cart,2
1934,381,cart,2
1934,463,cart,2
1934,182,view,1
1935,470,cart,2
1935,286,cart,2
1935,457,purchase,3
1935,276,view,1
1935,369,view,1
1935,226,purchase,3
1936,84,purchase,3
1936,68,cart,2
1936,20,cart,2
1936,369,cart,2
1936,339,cart,2
1936,320,view,1
1936,434,cart,2
1936,278,purchase,3
1936,197,cart,2
1936,109,cart,2
1936,372,view,1
1936,460,cart,2
1936,165,purchase,3
1936,227,view,1
1936,117,view,1
1936,427,cart,2
1936,88,purchase,3
1936,377,cart,2
1937,77,cart,2
1937,327,view,1
1937,22,purchase,3
1937,280,view,1
1937,305,cart,2
1937,239,cart,2
1937,39,cart,2
1937,457,purchase,3
1937,11,purchase,3
1938,364,purchase,3
1938,173,cart,2
1938,211,view,1
1938,3,purchase,3
1938,116,purchase,3
1938,387,view,1
1938,184,cart,2
1938,61,view,1
1938,192,cart,2
1938,336,purchase,3
1938,194,purchase,3
1938,136,purchase,3
1938,399,cart,2
1938,18,purchase,3
1938,1,purchase,3
1938,128,purchase,3
1939,382,purchase,3
1939,440,cart,2
1939,9,purchase,3
1939,383,view,1
1939,324,purchase,3
1939,333,purchase,3
1939,195,purchase,3
1939,301,cart,2
1940,313,view,1
1940,227,cart,2
1940,134,purchase,3
1940,57,cart,2
1940,431,cart,2
1940,246,view,1
1940,475,purchase,3
1940,133,view,1
1940,43,cart,2
1940,112,view,1
1940,382,view,1
1940,344,view,1
1940,62,view,1
1940,229,cart,2
1940,200,cart,2
1940,29,cart,2
1941,36,cart,2
1941,179,view,1
1941,467,view,1
1941,68,cart,2
1941,403,purchase,3
1941,23,view,1
1941,473,purchase,3
1941,198,view,1
1941,116,purchase,3
1941,411,view,1
1941,375,purchase,3
1941,420,cart,2
1941,184,cart,2
1941,493,purchase,3
1941,121,purchase,3
1941,424,purchase,3
1941,199,cart,2
1941,451,view,1
1941,290,cart,2
1941,337,view,1
1942,456,purchase,3
1942,165,cart,2
1942,490,cart,2
1942,104,purchase,3
1942,330,view,1
1942,426,purchase,3
1942,2,purchase,3
1942,175,cart,2
1942,302,view,1
1942,104,purchase,3
1942,129,view,1
1942,172,view,1
1942,398,cart,2
1942,83,view,1
1942,67,purchase,3
1943,182,cart,2
1943,108,cart,2
1943,278,purchase,3
1943,6,view,1
1943,258,purchase,3
1943,117,purchase,3
1943,222,view,1
1943,486,cart,2
1943,183,view,1
1943,167,purchase,3
1944,430,purchase,3
1944,24,purchase,3
1944,99,cart,2
1944,179,purchase,3
1944,318,purchase,3
1944,263,view,1
1944,88,purchase,3
1944,365,view,1
1944,153,purchase,3
1944,447,cart,2
1944,274,purchase,3
1945,400,cart,2
1945,29,purchase,3
1945,65,purchase,3
1945,95,cart,2
1945,291,cart,2
1945,172,cart,2
1945,341,cart,2
1945,308,purchase,3
1945,495,purchase,3
1945,210,purchase,3
1945,89,cart,2
1945,283,cart,2
1945,164,purchase,3
1945,396,view,1
1945,179,cart,2
1946,488,purchase,3
1946,288,purchase,3
1946,364,purchase,3
1946,326,cart,2
1946,99,cart,2
1946,293,cart,2
1947,353,purchase,3
1947,453,cart,2
1947,206,view,1
1947,258,cart,2
1947,24,purchase,3
1947,165,view,1
1947,265,view,1
1947,499,view,1
1947,450,cart,2
1947,40,purchase,3
1947,359,purchase,3
1947,181,view,1
1947,163,cart,2
1947,422,view,1
1948,39,cart,2
1948,228,cart,2
1948,471,purchase,3
1948,415,view,1
1948,272,view,1
1948,494,purchase,3
1948,34,view,1
1948,480,view,1
1949,401,view,1
1949,394,view,1
1949,444,cart,2
1949,165,view,1
1949,149,view,1
1949,480,purchase,3
1949,255,purchase,3
1949,213,view,1
1949,358,purchase,3
1950,172,view,1
1950,496,cart,2
1950,411,purchase,3
1950,227,purchase,3
1950,121,view,1
1950,347,cart,2
1950,306,cart,2
1950,382,cart,2
1950,190,view,1
1950,61,cart,2
1950,399,purchase,3
1950,189,cart,2
1951,457,purchase,3
1951,392,view,1
1951,308,purchase,3
1951,124,purchase,3
1951,102,purchase,3
1951,58,purchase,3
1951,217,purchase,3
1951,222,view,1
1951,143,view,1
1951,418,cart,2
1951,343,purchase,3
1951,163,purchase,3
1951,36,view,1
1952,164,view,1
1952,358,purchase,3
1952,109,cart,2
1952,437,view,1
1952,43,cart,2
1952,234,purchase,3
1952,93,cart,2
1952,56,purchase,3
1952,382,cart,2
1952,109,cart,2
1952,377,cart,2
1952,363,cart,2
1952,238,cart,2
1952,184,purchase,3
1952,23,purchase,3
1952,476,view,1
1952,116,purchase,3
1952,65,cart,2
1952,63,cart,2
1952,484,cart,2
1953,409,cart,2
1953,190,purchase,3
1953,178,cart,2
1953,156,cart,2
1953,43,cart,2
1954,405,purchase,3
1954,423,purchase,3
1954,370,purchase,3
1954,299,purchase,3
1954,147,purchase,3
1954,68,view,1
1954,56,view,1
1954,88,cart,2
1954,441,purchase,3
1954,358,view,1
1954,260,cart,2
1954,469,purchase,3
1954,266,cart,2
1954,306,view,1
1954,315,view,1
1954,142,view,1
1954,269,purchase,3
1954,431,purchase,3
1954,207,purchase,3
1954,373,view,1
1955,64,purchase,3
1955,22,view,1
1955,190,purchase,3
1955,44,purchase,3
1955,70,purchase,3
1955,64,cart,2
1955,91,purchase,3
1955,38,cart,2
1955,95,view,1
1955,72,cart,2
1956,282,cart,2
1956,131,purchase,3
1956,401,purchase,3
1956,449,cart,2
1956,340,purchase,3
1956,309,cart,2
1956,56,view,1
1956,263,view,1
1957,374,view,1
1957,489,cart,2
1957,348,purchase,3
1957,129,view,1
1957,343,view,1
1957,335,cart,2
1957,436,purchase,3
1957,68,cart,2
1957,263,view,1
1957,387,view,1
1957,157,cart,2
1957,467,cart,2
1957,180,purchase,3
1957,52,cart,2
1957,284,purchase,3
1957,441,cart,2
1957,47,view,1
1957,429,purchase,3
1958,52,cart,2
1958,4,cart,2
1958,188,cart,2
1958,17,purchase,3
1958,171,purchase,3
1958,481,view,1
1958,186,cart,2
1958,187,view,1
1958,461,purchase,3
1958,61,purchase,3
1959,498,cart,2
1959,162,purchase,3
1959,2,view,1
1959,300,purchase,3
1959,434,view,1
1960,163,cart,2
1960,370,cart,2
1960,162,view,1
1960,362,cart,2
1960,448,view,1
1960,223,purchase,3
1960,473,purchase,3
1960,13,view,1
1960,288,view,1
1960,187,cart,2
1960,191,view,1
1960,263,purchase,3
1960,268,purchase,3
1960,113,view,1
1960,374,cart,2
1960,399,purchase,3
1960,396,purchase,3
1960,108,purchase,3
1961,303,purchase,3
1961,496,cart,2
1961,202,purchase,3
1961,269,view,1
1961,15,cart,2
1961,361,view,1
1961,258,purchase,3
1961,89,view,1
1962,284,view,1
1962,278,purchase,3
1962,31,cart,2
1962,118,purchase,3
1962,147,cart,2
1962,434,purchase,3
1962,119,cart,2
1962,321,view,1
1962,412,cart,2
1962,361,purchase,3
1962,469,cart,2
1962,165,purchase,3
1962,113,purchase,3
1962,263,purchase,3
1962,3,view,1
1962,23,purchase,3
1962,301,purchase,3
1963,125,purchase,3
1963,345,view,1
1963,199,view,1
1963,326,cart,2
1963,82,purchase,3
1963,447,cart,2
1963,35,cart,2
1964,409,purchase,3
1964,247,view,1
1964,336,view,1
1964,295,purchase,3
1964,466,cart,2
1964,339,purchase,3
1964,185,cart,2
1964,63,purchase,3
1964,103,cart,2
1964,317,view,1
1964,407,cart,2
1964,373,view,1
1964,304,purchase,3
1964,89,cart,2
1964,52,purchase,3
1964,273,view,1
1964,191,cart,2
1965,69,purchase,3
1965,165,view,1
1965,201,purchase,3
1965,264,purchase,3
1965,438,purchase,3
1965,396,view,1
1965,73,cart,2
1965,459,cart,2
1965,482,cart,2
1965,397,purchase,3
1965,200,view,1
1965,148,view,1
1965,426,purchase,3
1965,86,view,1
1965,432,cart,2
1965,383,cart,2
1965,499,purchase,3
1965,187,purchase,3
1965,199,view,1
1965,459,purchase,3
1966,358,cart,2
1966,39,purchase,3
1966,352,cart,2
1966,229,cart,2
1966,23,view,1
1966,440,cart,2
1966,164,cart,2
1966,473,view,1
1966,426,purchase,3
1966,493,view,1
1966,413,cart,2
1966,176,cart,2
1966,138,cart,2
1966,122,view,1
1967,389,purchase,3
1967,64,view,1
1967,371,cart,2
1967,293,purchase,3
1967,496,view,1
1967,439,view,1
1967,394,purchase,3
1967,42,cart,2
1967,465,cart,2
1967,91,purchase,3
1968,113,cart,2
1968,316,cart,2
1968,393,purchase,3
1968,230,cart,2
1968,3,cart,2
1968,85,purchase,3
1968,285,cart,2
1968,226,view,1
1968,458,view,1
1968,115,cart,2
1968,68,cart,2
1968,350,cart,2
1968,78,cart,2
1968,37,cart,2
1968,335,cart,2
1968,496,view,1
1968,446,purchase,3
1968,132,cart,2
1969,416,cart,2
1969,141,purchase,3
1969,276,view,1
1969,104,purchase,3
1969,309,view,1
1969,346,purchase,3
1969,107,purchase,3
1969,438,cart,2
1969,245,purchase,3
1969,257,view,1
1969,120,cart,2
1969,136,view,1
1969,487,cart,2
1969,292,purchase,3
1969,287,view,1
1969,143,view,1
1970,401,cart,2
1970,327,purchase,3
1970,1,view,1
1970,181,cart,2
1970,429,view,1
1971,68,purchase,3
1971,487,purchase,3
1971,369,purchase,3
1971,86,view,1
1971,233,purchase,3
1971,235,cart,2
1971,160,view,1
1971,290,cart,2
1971,274,purchase,3
1971,291,view,1
1971,349,view,1
1971,207,purchase,3
1971,120,view,1
1971,472,purchase,3
1971,441,cart,2
1971,433,cart,2
1972,324,purchase,3
1972,429,view,1
1972,212,cart,2
1972,60,view,1
1972,488,purchase,3
1972,27,view,1
1972,471,view,1
1972,402,purchase,3
1972,227,purchase,3
1972,257,purchase,3
1972,401,purchase,3
1972,419,view,1
1972,221,view,1
1973,78,cart,2
1973,430,purchase,3
1973,315,view,1
1973,56,view,1
1973,43,view,1
1973,391,view,1
1973,2,cart,2
1973,84,cart,2
1973,78,cart,2
1973,345,cart,2
1973,296,cart,2
1973,423,purchase,3
1973,319,purchase,3
1973,15,view,1
1973,488,purchase,3
1973,206,purchase,3
1973,130,view,1
1973,353,view,1
1973,13,view,1
1974,344,view,1
1974,199,view,1
1974,227,cart,2
1974,94,view,1
1974,420,view,1
1974,362,cart,2
1974,92,purchase,3
1974,432,view,1
1974,312,cart,2
1974,301,cart,2
1974,344,view,1
1974,90,purchase,3
1974,217,view,1
1974,85,cart,2
1974,272,cart,2
1974,103,cart,2
1975,214,purchase,3
1975,431,cart,2
1975,457,view,1
1975,479,cart,2
1975,314,purchase,3
1975,281,cart,2
1975,192,view,1
1975,82,cart,2
1975,259,view,1
1975,279,cart,2
1975,263,purchase,3
1975,304,purchase,3
1975,491,view,1
1976,222,cart,2
1976,83,cart,2
1976,136,purchase,3
1976,203,cart,2
1976,238,purchase,3
1976,436,view,1
1976,313,cart,2
1976,417,cart,2
1976,86,purchase,3
1976,376,cart,2
1976,165,view,1
1977,30,cart,2
1977,234,purchase,3
1977,444,view,1
1977,186,purchase,3
1977,165,view,1
1977,438,purchase,3
1977,277,view,1
1977,58,purchase,3
1977,339,cart,2
1977,215,cart,2
1977,207,view,1
1978,474,cart,2
1978,77,cart,2
1978,94,purchase,3
1978,224,purchase,3
1978,431,view,1
1978,471,cart,2
1978,3,purchase,3
1978,169,cart,2
1978,263,purchase,3
1978,155,purchase,3
1978,144,cart,2
1978,421,view,1
1979,385,purchase,3
1979,398,purchase,3
1979,248,cart,2
1979,480,cart,2
1979,384,view,1
1979,488,view,1
1979,261,purchase,3
1979,372,cart,2
1979,185,purchase,3
1979,148,view,1
1980,17,view,1
1980,70,view,1
1980,460,cart,2
1980,482,cart,2
1980,160,view,1
1980,379,purchase,3
1980,51,purchase,3
1980,159,purchase,3
1981,231,purchase,3
1981,250,view,1
1981,122,view,1
1981,185,purchase,3
1981,125,cart,2
1981,304,view,1
1981,69,view,1
1981,261,purchase,3
1981,446,cart,2
1981,487,purchase,3
1981,409,view,1
1981,436,view,1
1981,362,purchase,3
1981,67,view,1
1981,428,cart,2
1982,257,view,1
1982,292,view,1
1982,437,purchase,3
1982,126,view,1
1982,486,view,1
1982,400,view,1
1982,39,purchase,3
1982,403,view,1
1982,469,cart,2
1982,116,purchase,3
1982,485,view,1
1982,286,view,1
1982,317,view,1
1982,48,view,1
1982,299,purchase,3
1983,483,view,1
1983,476,purchase,3
1983,458,cart,2
1983,299,purchase,3
1983,268,cart,2
1983,244,view,1
1983,156,view,1
1983,70,cart,2
1983,268,purchase,3
1983,286,view,1
1983,475,purchase,3
1984,286,purchase,3
1984,118,view,1
1984,278,view,1
1984,148,view,1
1984,313,view,1
1984,143,cart,2
1985,27,cart,2
1985,83,purchase,3
1985,66,purchase,3
1985,276,purchase,3
1985,288,view,1
1985,211,purchase,3
1985,170,view,1
1985,496,view,1
1985,416,view,1
1985,33,cart,2
1985,69,cart,2
1985,418,cart,2
1985,447,cart,2
1985,352,cart,2
1985,1,cart,2
1985,196,view,1
1985,42,purchase,3
1985,435,purchase,3
1986,45,cart,2
1986,460,purchase,3
1986,50,view,1
1986,21,purchase,3
1986,93,purchase,3
1986,36,cart,2
1986,495,view,1
1986,284,view,1
1986,401,purchase,3
1986,461,cart,2
1986,380,purchase,3
1986,363,view,1
1986,454,cart,2
1986,92,view,1
1986,68,cart,2
1986,389,view,1
1987,235,view,1
1987,11,cart,2
1987,146,cart,2
1987,64,view,1
1987,248,cart,2
1987,441,purchase,3
1987,348,view,1
1988,371,view,1
1988,453,view,1
1988,312,view,1
1988,339,purchase,3
1988,72,cart,2
1988,297,cart,2
1989,33,cart,2
1989,15,purchase,3
1989,306,cart,2
1989,104,cart,2
1989,370,cart,2
1989,128,view,1
1989,54,purchase,3
1989,100,purchase,3
1989,313,purchase,3
1989,46,purchase,3
1989,206,view,1
1989,434,purchase,3
1989,53,view,1
1989,31,cart,2
1990,468,cart,2
1990,62,cart,2
1990,168,cart,2
1990,224,cart,2
1990,260,cart,2
1990,55,purchase,3
1990,49,cart,2
1990,405,cart,2
1990,459,cart,2
1990,328,purchase,3
1990,308,view,1
1990,34,view,1
1990,349,purchase,3
1990,126,view,1
1990,147,purchase,3
1991,182,cart,2
1991,328,view,1
1991,193,view,1
1991,74,cart,2
1991,329,cart,2
1991,56,purchase,3
1991,319,cart,2
1991,270,cart,2
1991,291,cart,2
1991,400,purchase,3
1992,248,view,1
1992,313,view,1
1992,187,view,1
1992,296,purchase,3
1992,360,view,1
1992,441,view,1
1992,192,purchase,3
1992,486,purchase,3
1992,429,view,1
1992,475,view,1
1992,50,purchase,3
1992,487,cart,2
1992,342,view,1
1993,74,purchase,3
1993,162,cart,2
1993,485,purchase,3
1993,316,purchase,3
1993,207,cart,2
1993,127,cart,2
1994,216,purchase,3
1994,48,purchase,3
1994,499,cart,2
1994,394,purchase,3
1994,431,cart,2
1994,286,view,1
1994,225,view,1
1995,430,view,1
1995,282,purchase,3
1995,80,cart,2
1995,249,cart,2
1995,443,cart,2
1995,347,cart,2
1995,475,cart,2
1995,32,cart,2
1995,322,view,1
1995,73,purchase,3
1995,203,cart,2
1996,404,purchase,3
1996,97,purchase,3
1996,470,purchase,3
1996,136,cart,2
1996,103,purchase,3
1996,350,view,1
1996,372,cart,2
1996,342,cart,2
1996,382,cart,2
1996,272,view,1
1996,152,view,1
1996,330,purchase,3
1996,399,cart,2
1996,310,view,1
1996,157,purchase,3
1996,90,purchase,3
1997,391,view,1
1997,29,purchase,3
1997,271,view,1
1997,485,purchase,3
1997,188,view,1
1997,348,view,1
1998,383,purchase,3
1998,76,purchase,3
1998,327,cart,2
1998,419,cart,2
1998,493,view,1
1998,381,view,1
1998,234,purchase,3
1998,312,cart,2
1998,176,view,1
1998,350,cart,2
1998,320,view,1
1998,492,purchase,3
1998,479,purchase,3
1998,84,cart,2
1998,192,view,1
1998,379,purchase,3
1998,8,view,1
1998,27,view,1
1998,275,cart,2
1998,46,purchase,3
1999,48,cart,2
1999,389,cart,2
1999,36,view,1
1999,105,view,1
1999,217,purchase,3
1999,210,cart,2
1999,25,cart,2
1999,261,view,1
1999,426,cart,2
1999,309,cart,2
1999,447,view,1
1999,94,purchase,3
1999,437,cart,2
1999,249,purchase,3
1999,452,purchase,3
1999,230,view,1
2000,175,view,1
2000,259,view,1
2000,219,view,1
2000,124,view,1
2000,256,purchase,3
2000,350,view,1
2000,273,cart,2
2000,197,view,1
2000,227,cart,2
2000,213,view,1
2000,22,view,1
2000,342,purchase,3
2000,14,view,1
2000,137,purchase,3
2000,265,view,1
2000,178,purchase,3
