user_id,product_id,event_type,timestamp
0,114,purchase,2026-01-01 20:46:35
0,301,view,2025-05-26 06:28:10
0,193,cart,2025-11-18 08:23:53
0,375,purchase,2025-07-23 13:05:30
0,150,view,2025-04-26 14:39:10
0,90,purchase,2026-01-29 17:44:26
1,485,purchase,2025-10-23 13:20:01
2,200,purchase,2026-03-27 18:24:33
2,16,view,2025-09-20 04:46:27
2,308,cart,2025-07-20 12:47:01
2,471,purchase,2025-08-27 09:39:45
2,113,purchase,2025-12-03 15:37:28
2,289,view,2026-03-08 15:06:46
2,479,cart,2026-02-12 01:46:54
2,72,cart,2025-07-04 08:21:39
2,381,view,2025-11-30 05:45:01
2,121,cart,2025-09-25 06:22:44
3,85,purchase,2025-06-23 21:00:44
3,453,view,2025-09-08 04:25:47
3,420,purchase,2025-11-28 18:34:26
3,343,purchase,2025-08-06 05:47:46
3,373,cart,2026-01-06 09:24:07
3,228,view,2025-05-17 11:21:45
4,107,view,2026-02-13 20:09:48
4,354,view,2025-04-28 09:20:28
4,179,cart,2025-06-23 03:45:49
4,402,view,2026-02-05 03:12:35
4,368,view,2025-06-06 07:23:25
5,197,cart,2025-04-27 02:55:27
6,496,view,2025-08-14 15:07:09
6,452,cart,2025-08-26 02:07:02
6,252,cart,2025-12-29 01:04:22
6,179,purchase,2025-07-07 21:48:39
6,192,view,2025-11-05 01:44:39
6,424,cart,2026-03-15 05:43:46
6,403,purchase,2025-12-16 21:48:57
7,83,cart,2026-02-27 08:24:30
7,37,view,2025-06-09 06:27:19
7,150,view,2025-04-20 09:41:37
7,163,cart,2025-08-03 05:38:12
8,37,cart,2026-01-19 17:38:59
8,87,cart,2025-08-04 19:05:30
9,374,view,2026-01-06 08:39:22
9,280,view,2026-02-23 12:49:19
9,173,purchase,2025-12-21 07:56:47
10,457,cart,2025-04-26 09:40:24
10,360,view,2025-09-29 10:56:53
10,220,purchase,2026-01-07 01:19:04
10,84,purchase,2025-11-17 02:40:13
10,455,cart,2026-02-11 07:15:21
10,80,view,2026-03-17 08:23:31
10,51,cart,2025-09-04 21:52:16
10,105,view,2026-03-29 21:43:53
10,209,purchase,2025-05-10 03:28:03
10,283,purchase,2025-06-25 12:29:26
11,135,purchase,2025-06-28 12:47:50
11,144,cart,2025-07-27 21:57:50
11,121,view,2026-02-11 04:38:26
11,25,cart,2025-12-09 03:47:54
11,292,purchase,2025-08-12 04:13:43
11,430,cart,2026-03-30 12:17:16
11,78,view,2025-04-06 16:06:02
11,184,view,2026-03-17 02:52:35
11,218,view,2025-05-17 23:46:04
12,421,purchase,2025-09-27 19:17:46
12,320,purchase,2025-07-28 21:00:55
12,245,view,2025-09-11 15:27:52
12,49,view,2025-04-23 03:25:18
12,105,view,2025-11-04 06:01:49
13,41,cart,2025-11-24 07:26:47
13,432,view,2025-04-20 07:08:43
13,157,cart,2025-04-26 01:08:16
13,241,cart,2025-12-10 20:14:23
13,458,purchase,2026-03-21 10:34:00
14,46,purchase,2025-07-06 22:16:24
14,278,cart,2025-11-14 15:29:09
14,94,cart,2025-07-19 08:37:24
14,453,cart,2026-01-17 23:49:38
14,189,view,2025-07-15 05:36:51
15,22,cart,2025-11-19 08:59:19
15,225,cart,2025-10-10 06:49:42
15,134,view,2026-03-30 06:30:25
15,428,cart,2025-09-12 14:54:35
15,288,view,2025-12-04 17:51:00
15,77,purchase,2025-06-19 09:52:04
15,341,view,2025-05-26 13:44:09
15,43,purchase,2026-03-04 21:41:16
16,413,purchase,2025-09-10 20:42:20
16,211,purchase,2026-03-14 05:23:49
16,116,purchase,2026-01-28 01:29:18
16,31,cart,2026-03-11 03:28:15
16,419,purchase,2025-11-20 09:49:42
16,214,purchase,2025-10-02 20:09:50
17,293,view,2025-08-01 18:27:49
17,243,cart,2026-03-22 10:58:25
17,40,cart,2025-04-10 16:50:51
17,462,purchase,2025-11-04 01:40:35
17,17,purchase,2025-12-15 22:30:44
17,292,purchase,2025-07-10 23:22:05
17,409,purchase,2025-04-09 09:09:47
17,346,purchase,2026-03-20 22:23:17
18,61,cart,2025-10-20 05:00:34
18,88,view,2025-12-07 16:09:06
18,497,view,2025-04-13 11:24:03
19,64,view,2025-05-05 16:56:23
19,216,view,2025-09-13 07:13:07
19,349,cart,2025-12-27 09:12:08
19,103,purchase,2026-02-07 06:14:28
20,427,purchase,2026-01-17 03:15:45
20,132,cart,2025-05-13 08:10:10
20,466,purchase,2025-04-07 19:22:09
21,44,cart,2025-12-28 15:57:17
21,284,cart,2025-12-16 06:19:10
22,166,cart,2025-08-31 03:54:26
22,266,cart,2025-08-05 04:52:04
22,469,view,2025-10-27 22:41:08
22,402,purchase,2025-06-13 12:51:05
22,319,purchase,2025-07-20 14:49:38
22,267,cart,2025-09-05 16:31:04
22,57,cart,2026-01-03 03:09:20
22,76,view,2025-10-04 08:37:43
22,290,purchase,2025-06-01 13:37:31
23,388,view,2025-05-30 18:41:32
23,473,view,2025-04-17 15:19:23
23,288,view,2025-07-25 09:32:52
23,402,cart,2025-05-02 08:52:47
23,444,purchase,2025-08-05 02:46:37
23,450,cart,2026-03-30 21:44:35
23,449,cart,2025-09-28 13:43:35
23,135,cart,2026-02-27 08:29:35
23,335,cart,2025-04-11 19:51:58
23,292,purchase,2025-09-15 23:33:42
24,19,view,2025-10-25 06:55:36
24,141,cart,2026-01-26 02:45:09
24,73,purchase,2025-12-02 12:28:05
24,311,purchase,2025-12-22 11:12:20
24,355,cart,2025-07-31 00:44:40
24,19,cart,2025-11-24 16:55:52
24,455,cart,2025-10-12 13:32:24
24,353,view,2025-09-07 17:27:19
25,381,cart,2026-01-27 12:34:55
26,459,cart,2025-07-27 18:20:10
26,10,cart,2025-11-05 11:31:39
26,418,cart,2025-08-08 19:07:45
26,159,cart,2026-03-20 20:25:28
26,431,cart,2025-07-20 22:45:02
27,497,view,2026-01-23 06:30:45
27,68,cart,2025-11-08 09:27:12
28,396,cart,2025-10-12 06:54:28
28,137,purchase,2025-07-09 15:20:18
28,213,purchase,2026-01-19 21:33:21
28,330,view,2026-01-15 22:14:40
28,96,cart,2025-08-21 15:32:02
28,108,cart,2025-05-03 08:03:33
28,379,cart,2026-03-17 23:08:11
28,388,purchase,2025-05-20 23:47:48
29,420,view,2025-12-30 23:03:31
29,263,view,2025-08-16 15:27:30
29,33,cart,2025-06-15 10:24:56
29,363,purchase,2025-08-22 07:36:22
29,206,view,2025-09-11 21:58:32
29,399,purchase,2025-10-24 00:31:22
30,14,view,2025-07-31 21:29:49
30,98,view,2025-10-30 12:24:55
30,428,view,2025-09-01 15:59:08
30,127,view,2026-03-14 05:39:50
30,233,view,2026-01-11 12:36:58
30,470,cart,2025-05-11 18:26:21
30,360,view,2025-08-14 13:11:19
30,140,cart,2026-02-01 02:10:30
30,421,cart,2025-07-18 04:17:09
30,258,cart,2025-06-18 05:05:55
31,348,view,2026-03-22 12:40:37
31,123,cart,2025-10-18 07:54:29
32,304,cart,2026-01-23 21:49:22
32,90,cart,2025-12-01 13:37:17
32,300,purchase,2026-03-20 21:58:49
32,179,cart,2025-08-21 13:06:24
32,83,cart,2025-06-13 23:48:39
32,383,purchase,2025-08-24 07:23:17
32,46,cart,2025-07-28 21:03:57
32,14,cart,2026-03-23 10:31:15
33,83,purchase,2025-08-07 08:26:19
34,438,view,2026-02-06 14:26:50
34,331,view,2025-04-23 07:47:43
34,346,view,2025-12-04 12:20:01
34,137,purchase,2025-06-03 08:55:08
35,262,view,2025-06-02 12:29:23
35,442,purchase,2025-05-25 06:54:40
35,4,cart,2025-04-14 15:05:06
35,466,view,2025-08-14 23:36:12
35,331,view,2025-12-09 15:40:50
35,307,view,2025-08-08 06:12:17
35,114,cart,2025-11-08 23:51:03
36,412,cart,2025-04-28 17:30:57
36,364,purchase,2025-11-16 01:03:06
36,329,cart,2025-10-17 04:30:19
36,216,cart,2026-02-21 09:49:56
36,436,cart,2025-11-05 09:58:06
36,235,cart,2025-09-17 01:43:13
36,111,cart,2025-09-28 00:01:30
36,154,purchase,2026-03-29 05:58:53
36,266,purchase,2025-06-03 03:42:23
36,203,purchase,2025-07-28 04:46:22
37,3,purchase,2025-08-18 19:13:51
37,339,cart,2025-07-12 01:49:00
38,331,purchase,2025-10-24 11:21:00
38,311,cart,2025-05-11 17:37:37
38,152,purchase,2025-08-14 21:13:45
38,55,cart,2025-12-27 05:04:16
38,32,cart,2025-11-25 16:18:03
38,141,purchase,2025-10-17 12:56:57
38,166,cart,2025-04-07 15:03:20
38,133,purchase,2026-02-28 02:20:19
38,364,purchase,2025-12-07 21:02:04
39,96,view,2025-05-04 12:08:30
39,264,view,2025-11-11 08:35:28
39,460,view,2026-01-21 13:28:41
39,412,purchase,2025-09-16 21:16:26
39,206,purchase,2025-11-11 10:09:55
40,348,view,2025-10-21 14:13:26
40,369,view,2025-12-02 16:47:08
40,335,cart,2025-09-13 20:52:28
40,151,cart,2026-01-10 03:58:22
40,464,cart,2025-07-12 08:36:27
40,207,cart,2025-05-22 00:09:52
41,298,purchase,2025-08-08 20:51:16
42,417,view,2025-05-03 12:41:55
42,175,purchase,2025-12-22 10:09:44
42,365,view,2025-05-18 02:50:54
42,351,purchase,2025-12-23 04:30:33
42,326,cart,2025-06-02 12:43:15
42,464,purchase,2025-07-24 09:45:54
42,183,purchase,2025-05-18 22:31:51
42,153,view,2025-10-21 01:14:57
42,430,purchase,2025-07-22 01:37:11
42,448,purchase,2025-07-19 23:30:31
43,150,view,2026-03-08 09:03:49
43,241,view,2025-07-18 05:28:50
43,379,cart,2025-07-23 12:40:21
44,390,view,2025-10-07 08:21:41
44,484,purchase,2025-05-28 12:36:16
44,460,cart,2026-03-21 21:07:09
44,335,view,2025-09-20 20:45:19
44,113,cart,2025-06-27 21:31:26
44,114,purchase,2025-08-24 22:16:36
44,446,cart,2025-11-20 12:00:23
44,215,cart,2025-05-12 12:45:40
44,190,cart,2025-12-23 13:56:50
45,150,cart,2025-04-25 21:23:12
45,435,view,2025-12-18 12:36:43
45,240,view,2025-11-10 16:36:26
45,443,purchase,2026-03-17 16:43:07
45,298,purchase,2025-08-05 03:36:58
45,483,purchase,2025-12-27 10:44:08
45,36,cart,2025-04-19 03:04:07
45,455,view,2025-10-12 10:56:57
45,256,view,2025-08-31 20:33:31
45,444,purchase,2025-06-20 00:13:08
46,271,cart,2025-04-11 17:44:13
46,211,view,2025-04-11 15:15:35
46,445,view,2026-03-07 08:04:50
46,70,view,2025-12-03 13:08:29
46,175,cart,2025-10-16 05:12:44
46,291,cart,2025-11-02 06:09:55
46,73,cart,2026-01-15 00:07:33
47,398,view,2025-06-08 10:04:19
47,249,cart,2025-08-19 23:38:08
47,323,view,2026-02-16 21:06:27
48,324,view,2025-06-06 03:49:22
48,2,cart,2025-05-12 15:44:11
48,140,view,2025-12-17 05:47:51
48,389,view,2025-08-19 00:27:54
48,295,view,2025-09-04 10:14:00
48,250,view,2025-04-12 08:50:04
49,314,cart,2025-10-30 01:44:39
49,324,cart,2025-06-22 20:20:12
49,206,cart,2025-06-06 10:04:41
50,196,view,2025-12-13 12:16:46
50,19,purchase,2025-09-09 05:08:46
50,102,purchase,2025-07-03 15:33:12
50,191,view,2025-04-24 18:20:21
50,456,cart,2026-03-01 11:35:01
50,387,purchase,2025-04-27 19:54:09
50,97,view,2025-06-28 19:00:29
50,346,view,2025-05-13 11:30:30
51,115,purchase,2025-09-27 12:35:31
51,449,cart,2025-12-22 11:29:57
51,159,view,2025-12-18 01:05:31
51,52,cart,2025-10-23 20:40:17
52,301,cart,2026-01-17 09:59:32
52,85,view,2026-03-17 01:03:00
52,421,view,2026-01-19 20:32:52
52,152,cart,2025-08-03 17:22:37
52,233,purchase,2025-09-17 06:55:20
52,266,purchase,2026-04-02 12:09:36
52,268,cart,2025-11-06 08:27:33
52,222,purchase,2026-03-12 03:17:55
52,68,cart,2025-05-02 22:24:55
53,183,view,2025-08-10 05:15:25
53,84,cart,2025-07-05 22:35:34
53,9,view,2026-01-24 08:24:25
53,114,purchase,2025-12-14 13:14:31
53,67,view,2025-08-29 07:12:27
53,375,view,2025-11-18 04:18:25
53,301,purchase,2025-12-01 08:23:55
53,86,view,2025-11-02 20:56:38
54,364,purchase,2025-06-14 09:28:25
54,405,view,2025-10-02 10:19:11
54,192,purchase,2025-09-13 18:08:44
54,130,purchase,2025-07-05 20:08:35
54,319,view,2025-05-09 02:26:46
54,304,view,2025-08-09 07:24:54
55,334,view,2025-04-23 15:41:56
55,24,purchase,2026-02-08 02:30:00
56,213,cart,2025-08-26 08:08:27
56,194,view,2025-11-20 03:41:02
57,129,cart,2025-11-15 00:07:22
57,359,view,2025-10-08 16:30:39
57,105,purchase,2025-06-08 14:03:28
57,351,purchase,2026-02-26 19:42:31
57,4,cart,2026-02-19 10:40:09
57,215,purchase,2026-01-21 09:01:55
57,51,purchase,2025-04-26 06:09:37
57,266,cart,2025-11-13 11:55:23
57,318,purchase,2025-05-30 17:24:22
58,214,view,2025-07-09 19:13:04
58,261,purchase,2025-09-20 00:46:05
58,316,view,2026-03-21 16:25:23
59,58,view,2025-05-11 06:16:19
59,254,view,2025-09-17 23:01:44
59,311,view,2026-01-14 20:17:52
59,398,cart,2026-01-21 08:42:04
59,425,purchase,2025-10-16 13:59:46
60,183,purchase,2025-05-12 10:03:56
60,209,cart,2025-06-22 21:49:26
60,82,view,2026-01-26 21:31:11
60,280,cart,2026-01-14 05:12:39
61,352,cart,2025-05-16 11:39:52
61,169,view,2025-10-18 18:13:43
61,1,view,2025-05-12 16:00:00
61,343,view,2025-10-21 17:29:21
62,427,purchase,2025-08-03 07:20:24
62,342,cart,2025-06-06 22:13:18
63,486,view,2025-04-16 01:04:10
63,399,purchase,2025-07-14 23:36:58
63,38,purchase,2025-06-16 16:00:02
64,463,cart,2026-01-10 05:01:47
64,329,view,2026-03-20 13:35:26
65,151,cart,2025-06-27 16:02:29
65,237,view,2026-01-24 10:24:29
65,51,view,2025-04-11 01:55:36
65,447,view,2026-01-21 12:57:31
65,436,cart,2025-07-06 17:05:13
65,184,purchase,2025-05-08 15:23:15
65,160,cart,2025-04-04 03:05:53
65,378,view,2026-02-07 11:15:56
66,435,view,2025-07-24 01:09:05
66,4,view,2026-02-25 08:57:17
67,168,cart,2025-09-24 01:56:05
67,457,cart,2025-06-27 13:30:09
67,489,purchase,2026-02-08 14:14:33
68,449,purchase,2026-02-02 13:31:42
68,47,cart,2025-09-02 09:50:38
68,417,cart,2025-04-26 17:36:40
68,93,view,2026-02-03 11:37:33
68,205,cart,2025-05-22 16:33:24
69,139,cart,2026-01-18 03:44:42
69,353,cart,2025-11-04 15:06:01
69,409,cart,2026-02-21 21:17:17
69,332,view,2025-07-01 06:37:40
69,57,view,2025-08-22 05:30:51
69,356,purchase,2026-01-27 18:56:52
69,30,view,2025-11-19 23:55:38
69,53,cart,2026-01-07 12:24:09
70,247,purchase,2026-02-16 19:39:46
70,347,cart,2025-05-21 17:05:35
70,92,purchase,2025-12-31 13:37:23
70,194,cart,2026-01-27 21:07:05
70,313,view,2025-08-05 05:21:58
70,441,purchase,2025-04-07 23:32:16
70,450,purchase,2025-09-21 00:06:24
70,498,view,2025-04-22 15:00:22
70,247,cart,2025-06-06 22:38:08
70,57,cart,2025-09-13 12:51:21
71,23,view,2025-04-13 18:21:02
71,133,purchase,2025-09-26 13:44:40
71,160,view,2025-12-15 02:27:33
71,360,purchase,2025-08-12 00:16:19
71,268,purchase,2025-12-29 03:17:27
71,295,purchase,2025-11-26 08:37:07
71,289,view,2025-06-27 17:24:05
71,489,purchase,2025-10-22 00:21:10
72,265,purchase,2025-12-27 13:54:05
72,352,purchase,2025-10-10 11:42:18
72,316,view,2025-05-12 19:24:19
72,221,purchase,2025-09-26 13:41:53
72,372,view,2026-03-15 06:24:52
72,246,cart,2025-08-13 10:21:36
73,76,purchase,2025-06-13 10:04:53
73,456,purchase,2025-05-15 11:43:14
73,27,view,2026-01-21 04:12:28
73,329,view,2025-10-02 15:19:17
73,258,cart,2025-11-26 10:50:05
73,436,cart,2025-11-13 01:39:30
73,445,view,2025-07-26 02:41:00
74,384,cart,2025-05-30 11:02:14
74,164,view,2026-01-02 22:51:24
75,496,cart,2026-02-09 20:45:29
75,25,purchase,2025-04-06 06:09:44
75,114,purchase,2026-03-26 16:32:02
75,329,cart,2026-03-02 17:10:47
75,206,view,2025-07-07 19:56:39
75,40,cart,2026-03-22 16:02:59
76,410,purchase,2025-05-20 13:09:07
76,229,view,2025-11-11 10:04:59
76,438,cart,2025-08-05 12:41:40
76,228,cart,2025-12-04 07:23:28
76,60,cart,2025-04-17 08:23:28
76,381,purchase,2025-05-02 22:06:31
76,9,view,2026-03-25 17:41:08
76,206,cart,2026-01-07 04:59:08
77,285,purchase,2026-03-17 14:38:55
78,422,view,2026-03-24 21:05:47
79,493,purchase,2025-08-31 03:39:48
79,326,cart,2026-03-13 12:24:38
79,455,purchase,2025-08-15 14:15:16
79,287,view,2025-05-26 12:14:40
79,335,purchase,2025-12-28 04:32:19
79,233,cart,2025-08-31 10:24:54
79,186,view,2025-08-05 18:35:13
79,418,view,2025-06-24 16:20:50
79,432,cart,2026-01-17 13:27:26
79,169,purchase,2025-08-02 00:49:05
80,307,cart,2025-04-05 18:57:37
80,366,purchase,2026-02-11 14:23:13
80,186,purchase,2025-04-15 21:15:51
80,231,view,2025-09-08 04:15:25
80,49,purchase,2025-05-05 14:50:06
80,113,view,2025-07-24 02:56:39
80,174,cart,2025-08-08 04:11:38
80,424,purchase,2025-09-11 12:37:54
80,493,cart,2025-11-25 17:47:22
80,280,purchase,2026-03-16 19:04:20
81,359,view,2025-07-25 22:25:55
81,23,view,2025-07-08 17:23:44
81,252,view,2025-10-08 22:22:09
81,420,purchase,2025-05-02 14:52:14
81,380,purchase,2025-04-22 03:00:20
81,209,view,2026-02-25 21:21:52
82,312,view,2025-07-25 07:10:10
82,96,view,2025-07-02 11:41:17
82,476,cart,2025-09-07 16:21:22
82,110,cart,2025-08-26 07:00:48
82,422,view,2025-12-20 01:38:00
83,55,cart,2025-09-28 08:15:50
83,23,purchase,2025-09-04 06:27:47
83,428,purchase,2026-03-28 09:14:52
83,301,view,2026-02-22 23:22:16
83,395,cart,2025-07-24 03:00:43
83,234,purchase,2025-05-07 21:38:06
84,489,purchase,2025-08-27 00:52:25
84,68,cart,2025-08-25 04:22:07
84,2,purchase,2025-12-19 17:55:38
84,376,view,2025-12-11 11:43:32
84,283,cart,2026-01-08 14:18:33
84,429,purchase,2025-09-02 11:33:19
84,247,purchase,2025-11-17 19:13:31
84,399,view,2025-10-10 18:03:31
84,354,purchase,2026-03-06 12:19:29
84,88,purchase,2025-12-20 09:46:57
85,53,cart,2025-05-02 23:55:00
85,336,purchase,2026-03-27 07:41:52
85,310,cart,2025-04-29 16:12:51
86,451,cart,2025-11-19 08:42:12
86,214,purchase,2025-07-18 12:02:20
86,468,purchase,2025-04-25 23:00:51
86,390,view,2025-11-21 17:20:59
86,140,cart,2025-06-27 08:19:00
86,493,cart,2026-03-22 12:36:31
86,496,cart,2025-07-04 15:58:28
86,231,view,2025-11-02 18:27:22
86,70,cart,2025-08-20 07:31:42
87,358,purchase,2025-11-18 15:13:58
87,262,cart,2025-10-11 15:35:44
87,431,purchase,2025-10-03 14:59:46
87,280,cart,2025-07-26 19:22:22
87,364,purchase,2025-05-02 06:32:16
87,478,purchase,2025-04-25 14:49:51
87,323,view,2026-03-18 00:15:04
87,102,view,2025-12-05 00:35:56
87,319,purchase,2026-03-20 15:38:59
87,148,purchase,2025-05-22 11:39:15
88,471,purchase,2025-07-15 10:03:31
88,67,purchase,2025-08-04 18:29:21
88,332,view,2026-03-22 10:56:56
88,257,purchase,2025-08-21 01:51:38
88,355,purchase,2026-02-28 23:15:07
88,165,purchase,2025-11-28 04:08:23
89,389,cart,2025-11-30 20:31:52
89,287,cart,2025-11-12 16:42:55
90,292,purchase,2025-09-01 07:23:25
90,363,cart,2026-03-28 08:37:22
90,345,purchase,2025-12-31 23:44:53
90,457,purchase,2025-10-11 07:48:09
90,146,cart,2025-06-10 13:26:06
90,413,view,2025-10-04 02:33:01
90,267,view,2025-12-16 10:57:56
90,12,cart,2026-02-14 06:33:51
90,74,view,2026-03-10 06:36:53
90,343,view,2025-04-20 02:08:35
91,136,view,2026-01-12 20:45:47
91,146,purchase,2025-06-27 14:16:17
91,128,view,2025-08-07 13:33:14
91,429,view,2025-12-08 18:40:59
92,104,purchase,2025-09-08 18:25:38
92,16,cart,2025-04-23 06:09:39
92,416,cart,2025-12-01 14:22:57
92,52,purchase,2026-01-07 15:59:52
92,444,purchase,2026-01-14 22:44:49
93,442,view,2025-10-01 11:58:52
93,380,purchase,2026-03-01 19:57:18
93,287,cart,2025-09-05 04:39:02
93,121,purchase,2026-03-17 11:08:29
93,401,purchase,2025-12-01 10:36:27
93,147,purchase,2026-01-16 07:34:53
93,340,view,2025-05-10 12:41:40
93,474,cart,2025-09-17 02:51:10
93,198,cart,2025-05-25 17:33:11
94,494,purchase,2025-12-18 03:36:31
94,27,view,2025-04-03 06:43:33
94,380,cart,2026-03-20 00:17:15
94,103,purchase,2026-03-25 00:21:05
94,444,cart,2025-04-18 23:27:07
94,424,view,2025-04-06 17:31:53
95,386,purchase,2026-01-14 00:55:14
95,279,purchase,2025-06-12 13:54:51
95,308,view,2026-02-26 13:46:10
95,397,purchase,2025-07-05 10:05:10
95,493,view,2025-04-25 18:38:40
95,150,cart,2025-11-06 00:35:32
96,349,view,2025-10-20 08:23:36
96,95,view,2025-05-02 15:52:10
96,376,purchase,2025-07-19 22:25:50
97,193,view,2025-12-11 14:48:00
97,219,cart,2025-07-02 16:02:21
98,135,view,2025-11-11 06:37:00
98,82,purchase,2025-05-23 14:10:43
98,433,cart,2026-02-15 03:57:56
98,2,cart,2026-01-16 03:39:59
98,238,purchase,2025-10-11 07:49:24
98,479,view,2026-03-12 05:54:13
98,20,view,2025-04-16 12:54:15
98,475,cart,2025-09-09 12:38:19
98,305,view,2025-08-21 20:09:35
99,431,purchase,2025-07-22 13:10:04
99,154,cart,2025-07-12 03:15:34
99,404,purchase,2025-06-21 09:59:32
99,281,cart,2026-03-01 09:29:36
99,37,purchase,2026-03-22 07:50:25
99,162,purchase,2026-02-02 20:11:39
99,112,view,2026-03-20 09:42:12
99,266,view,2026-02-20 14:15:46
99,402,purchase,2025-12-14 12:15:58
99,81,cart,2025-10-12 02:35:44
100,274,cart,2025-11-30 10:13:01
100,47,cart,2025-08-31 05:05:32
100,113,view,2025-08-09 17:30:59
100,339,cart,2026-02-16 02:32:01
100,169,cart,2025-07-09 01:08:01
100,150,view,2025-08-12 18:34:01
100,486,purchase,2025-11-08 17:53:43
100,271,cart,2025-08-16 16:08:28
100,287,purchase,2025-09-04 04:07:26
101,58,purchase,2025-04-11 12:21:48
102,228,view,2026-01-18 15:03:08
102,463,purchase,2026-01-14 18:32:06
102,314,purchase,2025-05-14 13:13:06
102,124,view,2025-05-17 19:30:07
102,349,cart,2025-09-15 16:03:07
102,195,view,2025-12-10 21:48:57
103,131,purchase,2025-10-03 00:18:34
103,370,cart,2025-05-11 05:08:36
103,12,purchase,2026-01-17 19:41:38
103,420,cart,2025-08-20 07:04:25
103,263,purchase,2026-03-26 18:07:44
103,228,cart,2025-10-19 22:59:06
103,22,cart,2025-07-18 15:55:19
104,164,purchase,2025-05-25 01:34:28
104,42,view,2025-05-07 00:15:17
104,85,purchase,2026-03-16 19:27:48
104,273,view,2026-01-02 01:19:56
105,107,purchase,2025-06-24 16:51:07
105,322,view,2025-08-17 18:09:03
106,427,view,2025-11-29 23:17:22
106,105,purchase,2025-10-07 04:25:10
106,424,purchase,2025-05-27 23:14:30
106,449,purchase,2025-09-20 06:10:08
106,396,cart,2025-06-11 02:23:32
106,331,view,2025-07-07 03:36:42
106,382,purchase,2026-03-06 19:52:46
107,12,cart,2025-08-01 15:07:39
107,367,cart,2025-05-14 07:29:23
107,19,view,2025-12-05 04:31:12
108,27,view,2025-07-10 01:48:22
108,406,cart,2025-08-31 15:10:33
109,36,purchase,2025-04-22 17:50:59
109,420,view,2025-08-22 14:14:34
109,466,cart,2025-08-08 17:27:04
109,208,cart,2025-12-20 12:55:56
109,230,purchase,2025-11-08 03:36:47
109,207,cart,2025-12-15 20:12:56
109,161,view,2025-05-20 09:55:50
109,199,purchase,2025-06-04 02:51:29
109,60,purchase,2025-05-01 17:37:31
110,328,purchase,2025-05-21 03:50:21
111,32,purchase,2025-12-23 22:11:55
111,299,view,2025-04-13 11:06:26
111,358,view,2025-12-22 23:28:46
111,183,purchase,2025-11-09 01:33:48
111,54,cart,2026-02-01 03:45:41
111,402,purchase,2025-09-04 19:06:41
111,154,purchase,2025-05-01 01:18:15
111,44,cart,2026-02-13 04:23:39
111,391,cart,2025-04-07 00:31:38
111,195,cart,2026-03-07 16:42:04
112,242,view,2025-04-04 20:08:00
113,112,view,2026-03-13 21:12:17
113,382,cart,2025-08-02 20:29:58
113,407,purchase,2025-08-05 16:55:10
113,151,purchase,2025-09-20 21:06:25
113,73,cart,2025-06-16 01:33:16
113,346,purchase,2025-12-22 19:10:08
113,331,cart,2025-04-16 00:03:13
113,490,view,2025-09-10 20:11:16
113,283,purchase,2025-11-14 19:32:39
114,63,view,2026-02-04 08:48:49
114,2,purchase,2025-04-17 15:47:43
114,305,cart,2026-02-27 20:46:54
115,280,view,2025-12-20 20:55:52
115,156,view,2026-01-17 05:45:38
115,383,purchase,2026-01-02 02:56:58
115,462,purchase,2025-11-23 14:48:00
115,176,view,2025-05-12 06:47:46
115,211,purchase,2025-07-30 19:19:56
115,435,purchase,2025-11-19 05:47:02
115,72,view,2026-02-05 05:02:11
115,94,view,2025-09-11 12:44:04
116,427,cart,2025-10-07 23:32:46
116,99,view,2025-07-28 01:31:46
116,92,purchase,2026-03-27 19:54:46
116,409,purchase,2026-02-20 21:33:30
116,436,view,2025-10-20 04:31:05
116,435,purchase,2026-01-22 07:07:11
116,236,purchase,2025-08-13 16:31:46
116,281,view,2025-12-04 15:27:44
116,148,purchase,2025-09-10 10:19:07
116,34,cart,2026-02-13 08:38:29
117,101,purchase,2026-01-03 21:46:16
117,297,cart,2025-08-10 20:05:34
118,182,view,2026-02-16 15:59:00
118,343,purchase,2025-06-05 20:50:21
118,120,view,2025-05-13 23:44:06
118,145,purchase,2025-12-29 13:39:23
118,35,view,2026-02-18 16:05:15
118,162,cart,2025-10-04 04:21:22
119,168,purchase,2025-05-18 12:03:50
119,337,cart,2025-07-20 15:22:01
119,355,purchase,2025-05-27 23:32:24
119,78,purchase,2025-12-21 01:19:35
119,290,cart,2026-03-04 05:45:48
119,413,cart,2026-01-08 19:19:03
119,490,cart,2026-01-19 03:21:41
119,86,view,2025-08-02 23:16:15
120,126,view,2025-12-06 00:06:14
120,364,purchase,2025-08-30 19:58:33
120,328,cart,2026-01-26 23:28:34
120,141,cart,2025-10-09 23:41:50
120,68,purchase,2025-10-29 15:26:26
120,375,cart,2025-06-26 04:28:43
121,236,cart,2025-10-02 01:55:57
121,183,cart,2025-08-18 03:17:11
121,249,purchase,2025-09-29 23:56:18
121,55,view,2025-10-03 03:34:33
121,330,purchase,2026-01-17 04:16:27
121,41,cart,2026-03-19 23:05:22
121,439,view,2026-02-09 04:59:24
121,456,purchase,2025-04-24 05:39:01
122,134,purchase,2026-04-02 14:41:30
122,453,purchase,2025-04-21 01:07:29
122,39,purchase,2026-01-24 20:14:31
122,38,view,2026-01-28 09:49:25
123,323,view,2026-02-20 10:14:11
123,416,purchase,2025-04-10 14:23:43
123,296,cart,2026-01-12 21:59:30
123,393,purchase,2025-08-06 14:29:12
123,108,view,2025-08-17 03:49:26
123,282,cart,2026-01-22 18:46:48
123,278,purchase,2025-11-17 19:33:52
123,241,purchase,2026-02-02 13:40:06
123,396,view,2025-06-07 16:37:24
124,200,view,2025-07-10 22:00:31
124,456,purchase,2025-07-02 19:36:59
124,375,cart,2025-05-28 08:43:42
124,68,cart,2025-04-28 20:16:57
124,256,purchase,2025-10-14 13:05:58
124,46,cart,2026-01-01 07:46:26
125,257,view,2025-07-15 16:57:45
125,339,view,2025-07-30 06:36:54
125,434,purchase,2026-02-12 19:48:10
125,350,view,2026-02-08 15:17:15
125,387,purchase,2025-12-19 14:55:32
125,71,cart,2025-04-23 05:10:09
126,91,purchase,2025-08-26 06:09:41
126,485,purchase,2025-10-23 13:26:03
126,337,view,2025-11-13 18:16:33
127,480,cart,2026-02-19 23:38:11
127,20,view,2025-09-20 02:47:19
127,389,cart,2025-04-26 04:00:02
127,118,view,2025-08-21 21:59:20
127,135,cart,2026-01-17 04:34:59
127,119,view,2025-05-12 04:42:33
127,342,view,2025-05-28 04:40:44
127,265,cart,2025-07-15 03:18:42
128,240,cart,2026-03-30 16:17:23
128,451,view,2025-04-05 08:58:07
128,20,purchase,2026-01-21 03:20:37
128,165,view,2025-12-19 18:40:25
128,360,purchase,2025-12-15 20:39:29
128,324,cart,2025-11-06 22:13:48
128,427,purchase,2025-12-18 05:47:46
129,296,purchase,2025-12-05 14:17:17
129,291,view,2025-05-20 00:05:28
129,192,purchase,2025-09-13 22:18:04
129,193,cart,2025-12-07 05:47:38
129,300,purchase,2025-08-14 01:10:06
130,264,cart,2025-06-29 20:28:18
130,192,view,2025-08-14 00:21:18
131,207,cart,2025-08-03 09:07:18
131,418,cart,2025-05-10 06:42:46
131,249,cart,2025-08-25 15:48:39
131,454,purchase,2025-04-24 07:00:36
131,3,purchase,2025-12-02 19:34:27
131,451,view,2025-11-21 15:53:55
131,225,view,2025-08-02 06:04:53
131,117,view,2025-06-20 05:59:31
131,263,purchase,2025-08-21 03:43:10
132,108,view,2025-07-18 22:53:41
132,95,view,2025-04-15 09:53:57
132,185,purchase,2025-06-14 12:43:03
132,367,view,2026-02-10 02:01:04
132,338,view,2025-10-06 21:35:14
133,415,cart,2026-01-10 16:40:34
133,368,view,2025-11-03 02:39:09
133,246,purchase,2025-12-05 20:08:30
133,245,cart,2026-01-11 09:06:53
133,107,purchase,2025-07-13 06:20:42
133,82,purchase,2025-10-07 20:36:57
133,426,cart,2025-08-22 07:18:01
134,124,view,2025-04-06 05:15:57
135,293,purchase,2026-02-20 15:34:05
135,82,view,2025-07-17 21:21:04
135,322,purchase,2025-12-01 20:19:27
136,456,purchase,2025-06-23 22:37:04
137,28,view,2025-08-27 05:42:25
137,132,view,2025-04-07 16:54:27
137,264,cart,2025-05-05 08:39:31
138,496,purchase,2025-04-25 13:53:31
138,326,view,2025-09-11 08:47:30
138,449,purchase,2025-05-22 18:48:49
138,372,purchase,2025-07-23 21:12:32
138,420,cart,2026-01-31 00:16:35
138,484,view,2025-12-28 20:21:54
138,110,cart,2025-05-12 06:37:04
138,310,cart,2025-10-26 03:37:28
138,444,cart,2025-07-20 07:45:40
138,87,view,2025-07-30 00:11:40
139,307,view,2026-03-10 16:59:25
139,406,purchase,2025-06-19 13:23:18
139,420,view,2026-02-17 12:13:56
139,319,purchase,2025-10-15 01:48:47
139,261,cart,2025-07-25 16:41:36
139,85,purchase,2026-03-19 09:19:27
139,351,cart,2025-12-18 01:20:05
140,305,purchase,2026-01-31 07:20:58
140,35,view,2026-01-23 06:58:20
140,193,cart,2025-04-19 11:34:33
140,67,view,2025-04-25 23:36:03
140,8,view,2025-04-28 00:22:47
140,267,purchase,2026-03-25 05:26:44
140,350,cart,2025-07-05 14:58:45
140,423,view,2025-12-24 09:17:26
141,49,view,2025-12-05 00:47:14
141,243,purchase,2025-05-16 09:42:28
141,307,view,2025-08-31 04:43:07
141,449,purchase,2025-10-12 03:22:15
141,257,view,2025-08-30 09:49:41
141,47,cart,2026-01-30 10:12:54
141,337,view,2025-05-15 22:29:21
141,461,purchase,2025-07-31 13:03:11
141,276,view,2025-11-21 18:19:02
141,459,purchase,2025-04-03 05:46:31
142,267,cart,2025-06-24 02:39:05
142,189,view,2026-03-10 00:55:16
142,357,purchase,2025-07-07 03:07:59
142,219,view,2026-03-20 06:33:40
142,480,cart,2025-04-18 00:12:12
142,404,cart,2026-01-22 18:33:48
142,179,purchase,2025-10-15 03:53:39
143,50,cart,2026-02-24 21:31:32
143,68,cart,2026-03-16 02:15:55
143,244,view,2025-04-05 14:07:15
143,465,view,2026-03-01 22:01:51
143,145,purchase,2025-05-20 01:35:56
143,448,purchase,2026-01-31 19:25:52
143,209,cart,2026-02-17 08:00:17
143,96,view,2025-12-29 19:43:59
143,363,purchase,2025-12-19 17:51:36
143,404,view,2025-11-01 06:07:29
144,267,view,2025-05-24 18:22:06
144,266,view,2025-10-08 01:50:46
144,192,purchase,2025-12-21 05:47:11
144,105,purchase,2025-11-30 05:15:02
144,411,cart,2026-02-02 22:24:32
144,209,cart,2025-09-01 13:06:32
144,54,view,2025-07-14 04:58:25
144,218,purchase,2025-05-25 06:39:52
144,299,cart,2026-02-27 19:42:07
144,133,purchase,2026-01-26 00:38:04
145,289,cart,2025-09-21 05:02:01
145,313,cart,2025-06-03 23:37:35
145,348,cart,2026-01-12 16:17:08
145,386,view,2025-12-29 01:52:33
145,211,purchase,2025-10-02 09:53:08
145,401,purchase,2025-09-02 00:26:41
145,247,view,2025-05-12 08:36:54
146,286,purchase,2025-12-11 08:18:15
146,247,cart,2025-06-27 09:09:07
146,157,purchase,2025-04-09 21:34:40
146,176,purchase,2025-10-01 21:10:27
146,203,purchase,2025-10-21 07:02:16
146,70,purchase,2025-07-16 18:07:28
147,382,view,2025-07-13 01:55:30
147,228,purchase,2025-12-11 07:33:43
148,51,view,2025-10-03 17:50:46
148,260,cart,2025-10-21 07:21:50
148,402,cart,2025-06-10 03:10:06
149,314,purchase,2025-09-14 16:54:18
149,350,purchase,2025-09-16 08:33:10
149,26,view,2025-09-07 20:49:59
149,199,purchase,2025-11-26 17:13:03
149,2,view,2025-04-09 13:56:40
149,421,view,2025-05-13 18:13:18
149,241,purchase,2025-07-19 05:20:58
149,222,view,2025-07-18 12:32:27
149,32,cart,2026-02-25 19:32:17
150,189,view,2025-08-04 01:21:18
150,311,view,2025-11-29 15:42:28
150,370,cart,2026-02-14 18:38:49
150,476,cart,2025-09-14 07:38:17
151,335,purchase,2025-12-18 08:37:29
151,146,purchase,2026-03-08 01:05:09
151,493,purchase,2025-11-30 22:07:50
151,29,view,2025-10-28 12:05:35
151,327,cart,2025-12-20 12:46:59
151,224,view,2025-09-29 08:16:24
151,103,purchase,2026-03-13 13:49:20
151,476,purchase,2025-10-29 06:58:32
151,146,view,2025-07-27 15:23:31
151,17,purchase,2026-03-20 01:17:38
152,264,purchase,2026-02-23 15:37:35
152,118,purchase,2025-10-06 01:19:13
152,86,purchase,2025-04-26 13:08:55
152,18,cart,2026-01-04 01:06:02
152,122,purchase,2025-06-26 08:16:36
152,0,view,2026-02-23 10:29:55
152,44,cart,2025-10-28 18:33:39
152,399,cart,2025-06-22 02:59:08
152,180,purchase,2025-11-15 20:50:03
153,207,purchase,2025-05-18 11:40:27
153,102,purchase,2025-07-14 09:09:44
153,7,purchase,2025-07-22 11:10:48
153,360,view,2026-03-15 20:59:45
153,470,view,2025-09-06 09:09:54
153,281,cart,2025-11-11 17:23:31
153,371,purchase,2025-04-09 14:58:34
154,178,cart,2025-06-16 20:25:51
154,493,cart,2025-10-10 12:52:42
154,115,purchase,2025-05-02 13:02:34
154,493,view,2025-08-11 04:25:41
154,232,cart,2026-02-24 18:30:14
154,294,view,2025-06-02 10:38:11
154,133,view,2026-03-08 10:00:06
154,208,purchase,2025-10-14 10:20:21
154,54,purchase,2025-06-28 18:42:38
154,37,purchase,2025-08-26 04:47:48
155,174,view,2026-02-11 20:22:23
155,411,purchase,2025-06-15 02:32:26
155,489,cart,2026-03-31 03:07:56
155,448,purchase,2026-01-28 08:53:19
155,416,purchase,2026-03-27 15:30:46
156,355,cart,2025-09-15 05:05:12
156,494,cart,2025-09-04 12:12:06
156,288,cart,2025-04-24 09:29:47
156,394,view,2025-06-22 23:19:11
156,387,cart,2025-08-18 18:01:53
157,348,cart,2025-05-21 00:34:44
157,459,purchase,2025-09-13 01:23:12
157,441,view,2026-03-07 13:17:17
157,246,view,2025-07-05 01:19:42
157,132,view,2025-05-07 09:52:10
157,195,purchase,2025-08-12 21:49:16
157,403,view,2025-10-16 16:29:49
157,346,purchase,2025-10-12 18:58:09
158,409,cart,2025-11-26 16:37:07
158,211,cart,2026-02-02 22:37:49
158,264,purchase,2025-11-25 10:25:33
158,4,purchase,2025-11-08 04:41:52
159,127,cart,2025-10-25 09:48:44
159,47,cart,2025-08-12 18:37:01
159,344,purchase,2025-05-29 22:15:28
159,420,cart,2025-10-12 07:28:32
159,38,purchase,2025-05-22 06:50:42
160,243,cart,2025-05-05 03:06:26
160,181,view,2025-09-15 11:44:38
160,457,purchase,2025-06-09 10:10:23
161,93,purchase,2025-08-01 15:35:26
161,349,view,2026-03-06 10:35:48
161,255,purchase,2025-08-06 23:05:09
161,102,view,2025-12-13 13:05:31
161,376,view,2025-10-14 20:55:07
162,105,view,2026-03-10 16:12:33
162,103,view,2025-05-22 04:34:45
162,428,purchase,2025-12-06 05:16:16
162,182,view,2025-09-26 09:08:30
162,398,view,2026-01-14 05:37:34
163,471,view,2025-04-14 08:57:53
163,346,purchase,2025-05-20 20:25:45
164,314,view,2025-12-11 03:15:53
164,391,purchase,2026-01-16 20:52:54
164,490,view,2025-05-06 17:49:23
164,434,cart,2025-05-05 15:24:48
164,190,purchase,2026-01-01 16:06:30
164,161,cart,2025-09-05 02:14:48
164,459,purchase,2025-11-25 04:02:41
164,444,cart,2025-12-29 02:59:07
165,93,purchase,2026-02-22 05:50:33
165,143,cart,2026-03-22 11:57:04
165,113,purchase,2026-02-28 19:13:02
165,65,view,2025-07-31 15:45:17
165,269,cart,2025-10-26 20:48:41
165,244,purchase,2026-01-07 10:43:16
165,16,purchase,2025-06-18 05:29:03
165,177,cart,2025-05-10 01:29:27
166,234,view,2025-04-17 13:42:59
166,357,purchase,2026-02-14 21:31:00
166,235,cart,2025-06-02 13:03:24
167,6,purchase,2025-09-30 15:06:35
168,194,purchase,2025-07-07 12:45:00
168,51,cart,2025-12-09 04:57:37
168,185,purchase,2026-02-05 02:41:56
168,441,cart,2026-02-16 11:58:01
169,280,cart,2025-04-10 18:56:39
169,121,cart,2025-07-01 23:56:43
169,241,purchase,2025-05-01 05:37:50
170,187,view,2025-12-11 05:27:08
170,255,cart,2025-12-24 15:47:38
170,107,cart,2025-12-26 16:33:10
170,358,cart,2025-04-04 04:13:08
170,186,cart,2025-07-30 02:13:02
170,143,cart,2025-10-08 12:23:38
171,292,view,2025-12-25 05:21:07
171,294,purchase,2025-06-10 05:45:05
171,117,view,2026-04-02 02:38:56
172,411,view,2025-09-24 23:50:37
172,284,cart,2025-05-28 17:13:07
172,438,cart,2025-05-20 01:13:06
172,100,view,2025-09-27 01:35:16
172,409,purchase,2025-08-11 19:58:51
173,242,view,2025-07-13 21:05:02
173,90,cart,2025-05-14 20:09:27
173,255,view,2025-05-20 10:52:16
174,273,purchase,2025-07-18 04:32:05
174,161,cart,2026-03-13 20:57:23
174,153,cart,2025-06-03 11:53:42
174,287,purchase,2026-01-05 11:01:18
174,24,cart,2026-03-08 20:12:51
174,50,purchase,2025-04-13 04:39:15
174,83,view,2025-05-26 00:39:35
174,110,cart,2025-06-14 23:53:42
174,243,purchase,2026-02-17 07:01:29
175,230,purchase,2025-10-15 07:10:08
175,171,cart,2026-02-20 05:06:22
176,184,purchase,2025-10-14 10:02:27
176,285,cart,2025-12-11 09:14:40
176,176,view,2025-05-18 19:22:00
176,210,view,2025-05-24 05:55:25
176,179,purchase,2025-10-15 13:56:09
176,493,purchase,2025-07-10 10:54:09
177,295,purchase,2025-09-18 11:37:21
177,332,purchase,2025-08-12 11:40:37
177,275,view,2025-07-24 21:40:56
177,399,cart,2025-05-14 20:06:46
178,166,purchase,2025-09-20 02:56:10
178,261,cart,2025-08-08 19:45:08
178,396,purchase,2025-06-11 20:57:51
178,228,view,2026-02-24 06:21:12
178,195,purchase,2025-06-17 06:55:43
178,146,cart,2025-06-16 02:09:10
179,444,view,2025-04-05 04:05:07
179,327,cart,2025-07-20 00:50:47
179,215,purchase,2026-03-12 20:50:00
180,292,cart,2026-03-29 01:27:03
180,434,view,2025-12-03 21:28:24
180,40,view,2026-01-10 11:54:15
180,175,view,2026-02-05 19:30:59
180,160,cart,2025-12-29 10:32:05
180,334,cart,2025-06-13 12:28:20
180,363,cart,2025-05-17 12:56:31
180,309,purchase,2025-08-11 04:01:45
180,202,cart,2025-04-14 21:17:46
180,454,cart,2025-07-20 22:59:39
181,382,purchase,2026-01-19 11:24:03
181,266,cart,2026-02-26 07:42:30
181,211,view,2025-10-29 05:57:50
181,94,view,2025-08-08 13:54:17
181,64,purchase,2026-02-20 13:20:21
181,120,purchase,2025-09-29 09:21:54
182,481,purchase,2025-08-14 18:07:33
182,358,purchase,2026-01-18 23:18:34
182,40,view,2026-01-17 14:22:07
182,85,cart,2026-02-18 10:04:23
182,52,view,2026-03-19 13:08:16
183,479,cart,2026-02-07 15:20:20
183,280,view,2025-09-21 20:30:20
184,394,cart,2025-05-25 17:11:11
185,391,view,2025-12-18 13:23:57
185,53,cart,2026-01-21 23:55:04
185,316,view,2025-05-19 04:14:04
185,43,purchase,2025-07-29 08:09:14
185,476,cart,2025-08-15 03:23:59
185,158,view,2025-10-06 20:59:53
185,126,purchase,2026-01-24 12:47:25
185,145,cart,2025-05-10 01:36:14
185,320,view,2026-03-17 03:46:39
186,269,view,2025-04-23 08:32:46
186,14,view,2026-02-21 03:12:40
186,339,cart,2025-11-29 10:53:51
187,442,cart,2025-05-03 15:40:26
187,239,purchase,2026-02-18 09:18:05
187,478,cart,2025-07-16 06:14:54
187,280,cart,2025-07-09 14:45:50
187,69,purchase,2025-10-10 21:44:37
187,276,view,2026-01-28 12:39:51
188,305,cart,2025-12-04 11:53:47
188,323,purchase,2025-11-02 18:12:46
188,325,purchase,2025-11-21 01:45:42
188,222,purchase,2025-07-29 01:19:50
188,327,purchase,2025-09-06 01:29:14
188,273,cart,2025-09-23 20:29:32
188,465,cart,2025-05-20 02:33:33
188,246,purchase,2026-02-17 06:48:33
188,116,view,2025-10-08 02:11:49
188,226,cart,2026-01-02 04:00:23
189,211,cart,2025-04-21 17:35:21
189,79,cart,2025-10-12 01:40:56
189,5,view,2025-09-18 09:00:47
189,267,view,2025-07-21 12:18:02
189,176,cart,2025-11-29 10:56:25
189,240,purchase,2026-01-31 09:18:32
190,352,cart,2025-12-04 14:35:51
191,153,view,2025-06-08 08:30:34
191,392,cart,2025-08-24 03:18:27
191,408,cart,2025-06-30 18:08:59
191,305,view,2025-06-06 14:00:13
191,407,view,2025-11-07 01:01:04
191,280,cart,2025-05-05 13:46:35
191,96,cart,2025-10-21 23:42:46
191,451,purchase,2025-07-30 03:50:35
192,202,view,2025-09-06 10:42:02
192,83,purchase,2025-11-03 02:21:41
192,377,purchase,2025-05-17 06:37:55
192,199,cart,2025-06-20 16:28:44
192,112,cart,2025-12-15 07:36:50
192,40,cart,2025-08-23 23:46:56
192,320,view,2025-07-31 05:42:20
193,391,purchase,2025-07-25 17:28:30
193,413,purchase,2025-07-12 04:41:53
193,350,cart,2025-12-17 17:22:54
193,145,purchase,2025-12-18 13:24:37
193,380,purchase,2026-01-03 13:54:25
193,414,cart,2025-05-30 10:49:48
193,211,view,2025-04-13 04:53:15
193,436,view,2025-11-03 17:49:41
193,93,view,2025-11-11 23:42:17
194,56,purchase,2025-07-24 10:51:11
194,233,purchase,2026-03-25 17:39:56
194,231,cart,2025-09-22 15:30:00
194,358,purchase,2025-08-27 13:40:52
194,251,view,2025-05-01 12:01:48
195,9,view,2025-09-25 14:20:06
195,25,purchase,2025-10-29 03:44:27
195,11,view,2025-05-29 04:35:43
195,497,view,2025-04-10 07:57:17
195,144,cart,2025-07-18 13:03:22
195,64,purchase,2025-09-14 19:53:06
196,372,view,2025-10-07 13:18:35
196,119,view,2025-10-24 11:56:34
196,77,view,2025-10-08 20:37:12
196,252,view,2026-02-05 16:11:44
196,175,cart,2025-12-24 13:05:57
196,159,cart,2025-07-31 02:21:45
196,190,cart,2026-02-09 06:13:31
196,356,view,2025-08-04 18:31:19
197,41,view,2025-07-19 20:08:59
197,28,cart,2025-10-25 00:13:24
197,397,cart,2025-05-11 22:41:52
197,36,purchase,2025-04-11 17:30:45
197,240,view,2025-07-26 20:41:03
197,98,cart,2025-04-25 08:47:57
198,424,view,2025-06-24 22:30:16
198,62,purchase,2025-08-07 11:16:08
198,127,cart,2025-10-30 16:59:26
198,394,cart,2026-03-04 19:09:43
198,126,purchase,2025-12-06 15:16:05
198,17,view,2025-08-02 10:37:50
198,235,purchase,2025-05-31 02:57:22
199,266,purchase,2025-10-13 13:11:56
199,106,cart,2025-07-27 18:59:43
200,348,cart,2025-07-04 13:39:50
200,479,cart,2025-06-17 06:26:26
200,81,purchase,2026-03-22 10:48:12
200,372,view,2025-08-15 23:03:42
200,381,purchase,2026-03-29 10:59:16
200,266,view,2025-12-09 14:09:23
200,129,cart,2025-09-15 08:04:03
201,101,cart,2025-05-02 21:01:27
201,454,view,2026-03-06 01:35:01
201,442,purchase,2025-11-02 16:21:27
201,111,view,2025-05-05 01:36:39
201,120,purchase,2026-03-08 15:34:07
202,166,view,2025-11-03 07:35:07
202,85,cart,2025-04-25 19:06:48
202,299,view,2025-09-02 13:48:47
202,202,view,2025-04-20 08:38:26
202,4,view,2025-12-29 08:25:37
202,297,purchase,2025-04-25 07:19:31
202,243,purchase,2026-03-06 20:22:23
203,79,cart,2025-06-02 14:01:59
203,394,view,2025-12-28 06:40:18
203,127,view,2025-05-11 21:07:58
203,255,view,2025-06-05 13:32:29
203,351,purchase,2025-08-13 03:42:54
203,173,purchase,2026-01-20 22:52:56
203,30,view,2025-09-02 05:17:41
203,182,purchase,2026-03-23 08:36:49
203,78,purchase,2026-01-08 07:29:50
203,274,view,2026-01-11 00:40:30
204,249,view,2026-03-06 16:33:16
204,162,purchase,2025-05-02 04:57:48
204,403,purchase,2025-09-03 06:11:51
205,412,cart,2026-03-22 04:59:15
205,375,view,2025-09-16 20:46:10
205,10,purchase,2025-04-24 18:33:13
205,193,cart,2025-08-04 23:01:29
205,370,view,2025-09-19 20:24:54
205,128,view,2026-01-22 15:21:39
206,361,cart,2025-05-06 15:14:08
206,286,cart,2026-02-21 05:47:28
206,277,purchase,2025-11-02 22:12:13
206,250,view,2025-11-25 07:53:58
206,290,view,2025-08-26 02:22:00
206,278,cart,2025-10-22 14:46:27
206,165,purchase,2025-12-26 01:48:14
206,239,cart,2025-06-08 07:52:03
207,468,purchase,2026-03-08 03:25:07
207,82,view,2025-11-11 06:59:31
207,271,view,2025-04-11 09:36:40
207,230,cart,2025-10-21 10:32:56
207,419,cart,2025-04-27 22:12:01
207,277,cart,2025-05-03 13:24:49
207,232,view,2025-09-16 08:54:50
207,397,purchase,2025-06-27 16:34:05
207,259,cart,2026-03-29 09:31:33
207,375,view,2025-10-16 12:34:58
208,317,cart,2026-03-28 23:37:00
209,122,cart,2026-01-13 14:49:25
209,369,view,2026-01-19 22:56:12
209,337,purchase,2026-03-05 12:55:06
209,419,cart,2025-09-03 18:45:08
209,97,purchase,2025-08-20 16:07:04
209,349,cart,2025-09-19 20:52:23
209,392,purchase,2025-11-26 19:10:52
209,78,purchase,2025-09-24 16:05:23
209,144,cart,2025-07-08 18:51:51
209,209,purchase,2025-07-03 11:26:21
210,56,view,2025-09-27 15:28:34
210,267,purchase,2025-10-11 03:52:40
210,34,view,2025-06-12 15:21:31
210,427,view,2025-07-31 21:29:54
210,91,view,2025-10-09 23:28:18
210,103,view,2025-09-27 06:50:43
211,98,view,2025-08-24 03:09:50
211,16,purchase,2026-03-23 17:00:48
211,328,cart,2025-10-18 12:34:59
211,336,cart,2025-08-18 04:38:46
211,269,purchase,2026-02-15 16:27:57
211,359,purchase,2025-07-27 01:17:30
211,131,view,2025-09-29 16:59:27
211,187,view,2025-05-02 17:20:35
212,367,view,2025-11-29 00:56:21
212,6,view,2025-12-04 07:38:48
212,335,cart,2025-10-07 09:59:06
212,475,view,2026-01-28 02:38:45
212,239,purchase,2026-02-16 13:13:01
212,31,cart,2025-06-07 10:24:17
212,285,purchase,2025-04-02 19:54:38
212,480,cart,2026-02-06 18:14:06
212,420,cart,2026-03-23 00:12:05
212,406,purchase,2026-02-28 06:05:36
213,421,purchase,2025-08-20 05:48:21
214,270,view,2026-03-06 00:07:02
214,375,view,2025-09-26 15:13:09
214,427,cart,2025-07-07 19:23:11
214,39,view,2025-07-06 19:27:16
214,491,purchase,2026-03-12 04:51:57
215,51,purchase,2025-10-30 12:01:20
215,118,purchase,2025-05-01 22:07:04
216,97,view,2025-04-20 23:14:30
216,269,purchase,2025-12-31 17:41:47
216,127,purchase,2025-10-07 14:27:46
216,320,view,2025-07-21 00:41:46
216,285,purchase,2025-12-19 20:56:05
216,285,cart,2025-05-13 22:24:35
216,382,view,2025-12-30 17:31:20
217,183,purchase,2025-04-06 21:50:04
217,234,purchase,2025-05-28 05:45:15
217,340,cart,2026-01-29 12:34:25
217,452,view,2025-07-25 10:53:02
217,85,view,2026-03-02 11:02:43
217,281,cart,2025-08-17 17:43:27
217,258,cart,2025-12-23 02:18:18
217,336,view,2026-03-24 21:48:30
217,273,purchase,2026-02-05 04:59:46
217,226,cart,2025-05-11 16:21:44
218,281,cart,2025-11-07 10:37:05
218,432,cart,2025-10-04 00:49:41
218,211,purchase,2025-07-18 17:51:37
218,220,purchase,2025-07-01 18:55:45
218,165,purchase,2025-10-16 14:41:34
218,123,purchase,2025-07-16 07:56:58
219,109,cart,2025-12-12 05:36:38
219,392,purchase,2025-11-25 15:29:22
219,474,purchase,2026-02-24 15:08:12
219,130,cart,2026-02-10 20:18:53
219,492,cart,2026-03-12 09:20:07
219,229,cart,2025-12-06 12:05:47
219,0,purchase,2025-08-21 05:56:33
219,17,cart,2025-08-30 13:47:00
219,305,view,2026-01-06 09:15:19
220,69,cart,2026-01-22 05:25:48
220,3,cart,2025-05-18 08:57:55
220,113,view,2026-03-11 14:58:10
220,438,cart,2025-04-08 08:15:45
220,11,purchase,2025-10-02 08:13:28
220,421,cart,2026-02-01 09:30:22
220,470,purchase,2025-08-11 03:18:51
220,261,purchase,2025-12-24 22:34:56
220,292,purchase,2026-01-02 17:40:45
221,48,view,2025-07-23 05:20:18
221,235,cart,2025-11-29 17:22:13
221,79,view,2026-03-29 21:40:19
222,187,purchase,2025-08-26 22:11:19
222,127,view,2025-10-09 19:40:39
222,131,cart,2026-03-12 06:21:06
222,47,purchase,2025-04-17 07:29:17
222,204,purchase,2026-02-24 00:32:20
223,375,view,2025-10-27 11:42:24
223,370,cart,2026-02-01 00:31:36
223,405,cart,2025-05-18 22:46:41
223,88,cart,2025-10-11 12:29:16
224,419,view,2025-07-30 05:24:36
224,304,purchase,2025-05-03 05:24:25
224,153,view,2025-12-17 00:15:50
224,374,purchase,2025-09-14 19:26:26
224,195,view,2025-05-18 09:05:23
224,399,view,2025-09-16 19:27:24
224,471,cart,2025-09-29 09:37:11
224,178,cart,2025-06-11 13:25:47
224,213,view,2025-11-24 04:55:55
224,445,view,2025-06-02 23:35:39
225,475,view,2025-04-24 06:11:16
225,324,purchase,2025-12-20 10:50:56
225,195,view,2026-01-20 12:44:36
225,156,purchase,2025-09-18 06:03:13
225,21,cart,2025-08-20 01:30:25
225,276,purchase,2025-10-13 13:30:58
225,76,cart,2025-04-08 10:15:57
225,257,purchase,2026-03-03 22:10:09
225,113,view,2025-04-21 05:23:03
225,25,purchase,2025-12-01 13:48:05
226,497,cart,2025-10-29 00:21:57
226,385,purchase,2025-05-07 01:17:33
226,294,purchase,2025-11-25 23:11:32
226,46,view,2025-11-10 06:35:42
226,221,cart,2025-05-25 12:04:44
226,402,cart,2025-10-03 08:35:36
226,75,view,2025-06-26 18:11:20
227,42,cart,2025-11-30 18:55:00
227,292,purchase,2025-08-14 07:34:22
227,25,purchase,2025-08-13 22:18:23
227,204,cart,2025-07-17 18:28:34
227,43,cart,2025-09-28 15:26:24
227,256,cart,2026-01-18 03:08:57
228,390,view,2026-01-05 11:40:20
228,246,purchase,2025-11-04 02:03:56
228,101,cart,2025-04-24 03:17:36
229,333,purchase,2026-03-27 00:58:55
229,100,purchase,2025-10-31 13:19:51
229,315,purchase,2026-02-25 00:12:42
229,268,view,2025-07-08 00:14:47
229,124,view,2025-10-06 03:10:35
229,136,cart,2025-07-10 09:22:36
229,165,purchase,2025-07-10 09:46:06
230,45,view,2025-11-12 02:22:51
230,343,cart,2025-06-07 12:50:19
230,216,cart,2026-03-17 08:12:37
230,178,view,2025-12-24 02:02:18
230,164,cart,2025-12-10 18:27:26
230,304,purchase,2025-07-30 18:11:18
230,12,cart,2025-11-15 10:05:24
230,86,cart,2025-11-30 10:49:56
230,315,cart,2025-10-11 04:43:51
230,319,view,2025-08-14 17:54:48
231,22,view,2025-12-06 17:18:37
231,102,purchase,2025-11-15 20:59:08
231,191,view,2025-11-09 05:22:50
231,387,purchase,2026-03-26 10:04:36
231,436,view,2025-08-16 04:43:45
231,57,purchase,2025-07-15 05:48:43
231,27,view,2026-01-14 06:19:46
231,485,purchase,2025-10-13 01:00:00
232,444,cart,2025-09-10 02:11:22
232,7,cart,2025-09-25 05:31:23
232,355,view,2026-03-17 05:24:58
233,230,cart,2026-02-27 20:06:08
233,11,cart,2026-02-28 20:50:23
233,107,purchase,2025-08-25 02:53:29
233,275,view,2025-10-29 03:37:18
233,104,purchase,2026-03-05 21:46:13
234,384,cart,2025-05-11 22:12:35
234,280,cart,2025-09-05 01:45:26
234,318,purchase,2026-01-01 10:21:18
234,72,purchase,2026-02-27 07:16:09
234,357,purchase,2025-06-10 23:03:27
234,9,cart,2026-01-14 06:47:11
234,298,purchase,2025-04-23 16:51:24
234,269,view,2025-07-02 03:57:09
234,130,view,2026-03-13 06:42:03
235,145,view,2025-06-27 03:42:09
236,138,view,2026-01-14 00:36:47
236,238,purchase,2025-04-07 00:58:16
236,483,view,2025-11-20 10:01:51
236,34,cart,2026-02-04 07:47:13
236,338,cart,2025-10-11 00:05:52
236,339,purchase,2025-07-05 19:36:15
236,184,view,2025-05-07 04:48:21
236,9,cart,2025-08-20 16:52:30
236,444,purchase,2026-03-29 22:42:16
236,197,view,2025-10-10 05:12:15
237,260,purchase,2025-04-28 13:39:45
237,50,cart,2025-09-08 06:56:41
237,248,purchase,2025-06-23 10:16:23
237,272,view,2025-08-31 10:31:17
237,95,view,2025-12-27 13:28:07
237,256,cart,2025-08-02 02:52:10
237,287,purchase,2025-06-23 17:38:26
238,20,view,2026-01-28 07:25:14
239,156,cart,2025-12-11 22:56:58
239,250,cart,2025-09-27 14:24:10
239,381,view,2026-02-02 23:39:39
239,9,cart,2025-11-13 06:20:04
239,350,cart,2025-07-05 06:11:24
239,181,purchase,2025-10-31 10:18:30
239,154,view,2025-09-14 03:42:47
239,256,cart,2025-05-13 17:13:56
239,415,view,2025-12-22 06:25:03
240,449,cart,2025-11-08 17:29:41
240,455,view,2025-08-02 19:34:36
240,483,purchase,2025-08-26 03:55:34
240,485,cart,2025-06-18 14:25:44
240,115,view,2025-09-06 03:03:53
241,459,cart,2025-10-22 14:17:16
241,336,view,2025-12-28 16:14:57
241,44,purchase,2025-11-18 06:49:00
241,195,purchase,2025-10-28 09:36:39
241,491,purchase,2026-03-19 02:55:17
241,313,purchase,2025-12-24 02:31:53
242,213,view,2026-01-27 01:41:28
242,293,view,2025-06-01 02:02:51
242,218,cart,2025-07-09 21:12:07
242,465,purchase,2026-03-19 16:38:44
243,229,purchase,2025-12-25 09:43:57
243,67,view,2025-07-16 21:25:17
243,334,view,2025-04-19 20:45:25
243,297,purchase,2025-09-29 11:46:32
243,350,view,2025-12-04 23:10:08
243,441,view,2025-09-17 19:19:20
244,352,purchase,2025-08-02 17:09:24
244,460,purchase,2026-02-19 18:25:28
244,465,view,2025-09-08 07:54:04
244,220,view,2025-04-11 01:41:37
244,335,purchase,2025-11-25 16:28:48
245,162,view,2025-12-15 01:02:43
245,285,purchase,2025-11-16 12:52:07
245,485,purchase,2025-11-06 20:49:07
246,94,cart,2026-02-27 06:27:20
246,429,view,2025-04-25 08:09:49
247,391,cart,2026-02-04 20:24:53
248,492,cart,2026-01-13 12:51:25
248,155,cart,2025-06-16 04:58:22
248,381,purchase,2025-04-08 05:55:19
248,477,purchase,2026-03-11 23:50:54
248,140,view,2026-02-09 04:24:20
248,398,view,2025-06-26 11:25:19
248,54,view,2025-10-11 18:32:02
249,13,purchase,2025-11-05 16:45:19
249,315,cart,2025-09-05 03:17:30
249,310,purchase,2025-12-16 06:56:08
250,118,purchase,2026-01-12 15:24:11
250,118,view,2025-07-30 13:27:06
250,351,view,2025-07-03 07:51:01
250,183,view,2026-01-05 00:15:15
250,352,cart,2025-05-02 08:04:02
250,68,purchase,2025-11-29 19:39:32
250,433,purchase,2025-06-12 06:57:54
250,240,purchase,2026-01-23 05:51:50
250,332,cart,2025-04-15 07:03:51
250,94,cart,2025-09-08 15:02:26
251,242,view,2025-10-18 14:37:16
251,83,view,2025-08-24 20:44:19
251,115,view,2025-09-09 11:36:21
251,209,view,2025-06-25 03:47:06
251,473,cart,2026-01-11 11:11:30
251,486,cart,2025-08-04 02:11:47
251,113,purchase,2025-08-18 17:52:07
251,343,view,2025-06-03 13:40:59
252,33,view,2026-02-02 03:26:45
252,474,cart,2025-12-29 05:41:34
252,443,purchase,2025-04-10 06:44:27
252,250,purchase,2025-10-01 20:31:26
253,443,cart,2025-06-19 06:37:02
253,454,view,2026-03-11 03:54:44
253,218,cart,2025-11-20 03:19:29
253,397,view,2026-02-19 07:11:47
253,311,purchase,2025-06-16 17:33:41
253,422,cart,2025-11-22 17:38:49
254,201,purchase,2026-02-14 14:31:55
254,480,purchase,2026-02-18 20:01:34
254,292,purchase,2025-12-09 04:40:51
254,274,purchase,2026-01-02 04:43:24
254,328,purchase,2025-08-10 19:04:13
254,402,view,2026-01-05 11:00:40
255,55,cart,2025-07-27 18:38:48
255,233,view,2025-08-01 06:44:48
255,449,view,2025-11-14 09:39:03
255,265,purchase,2025-09-19 00:30:54
255,202,purchase,2025-09-26 07:18:51
255,20,purchase,2026-02-24 21:29:13
255,198,purchase,2025-07-01 08:46:06
255,391,purchase,2025-07-21 11:52:58
255,492,view,2026-01-25 17:48:49
256,149,cart,2025-10-24 13:07:16
256,203,cart,2025-09-10 13:05:34
256,396,cart,2025-05-10 09:11:28
256,236,view,2025-11-27 22:03:16
257,150,purchase,2025-09-25 22:10:48
257,470,view,2025-11-01 11:02:17
257,353,purchase,2025-05-08 07:22:30
257,462,view,2026-01-06 19:00:43
257,237,purchase,2025-11-11 05:17:01
257,231,view,2025-10-15 02:00:40
257,369,purchase,2026-02-04 22:25:13
258,92,purchase,2025-10-03 08:33:27
258,480,purchase,2025-09-18 21:58:24
259,69,cart,2026-01-05 05:17:13
259,211,cart,2026-03-18 00:01:58
259,230,view,2025-08-29 00:59:00
259,91,cart,2026-01-15 14:45:31
259,302,purchase,2025-04-08 21:00:41
259,458,view,2025-08-06 12:33:05
259,451,cart,2025-11-10 20:03:14
259,46,cart,2026-02-20 14:22:10
259,165,purchase,2025-09-29 02:37:08
260,367,purchase,2026-04-01 22:37:52
260,63,view,2025-08-05 12:32:37
260,58,purchase,2025-06-01 12:15:21
261,324,cart,2025-10-04 07:14:18
261,43,purchase,2025-04-19 04:05:20
261,362,cart,2025-04-09 17:11:07
261,372,purchase,2026-03-07 13:58:15
261,313,view,2025-04-23 22:57:17
261,193,purchase,2025-12-31 14:45:54
261,194,view,2025-09-06 01:48:33
261,393,view,2026-01-26 00:02:57
262,289,purchase,2025-12-17 04:28:28
262,441,view,2026-03-18 02:24:03
262,83,view,2025-12-23 02:19:41
262,91,purchase,2025-08-05 19:55:53
262,26,cart,2025-10-23 14:06:56
262,157,cart,2025-04-03 16:47:03
263,147,purchase,2025-04-16 03:17:59
263,92,view,2025-07-06 02:51:41
263,460,view,2026-01-04 18:52:47
263,491,view,2026-03-30 02:47:19
263,1,purchase,2025-06-23 09:54:33
263,391,cart,2025-06-01 00:56:01
263,6,cart,2025-07-07 09:59:26
263,254,cart,2025-06-28 03:16:22
264,413,view,2025-10-15 15:25:25
264,311,cart,2025-08-09 04:20:27
264,121,view,2025-08-16 09:07:40
264,301,purchase,2025-11-02 12:20:48
264,243,cart,2025-05-08 14:04:53
264,209,cart,2026-02-06 11:26:26
264,40,purchase,2025-10-24 03:04:13
264,307,view,2025-07-29 15:52:03
264,125,purchase,2025-05-11 22:30:31
265,317,purchase,2025-08-24 23:17:01
265,285,view,2025-11-14 08:18:03
265,25,view,2026-01-15 00:45:08
265,75,view,2026-01-01 00:08:45
265,334,cart,2026-01-29 00:30:06
266,74,view,2025-07-17 01:27:21
267,429,purchase,2025-10-11 01:37:08
267,152,cart,2026-01-14 21:40:03
267,471,view,2025-08-21 15:14:50
267,25,view,2026-02-18 03:38:12
267,213,view,2025-09-29 09:07:18
267,82,purchase,2025-08-22 16:26:24
267,145,purchase,2025-09-11 08:52:06
267,338,purchase,2026-02-17 04:27:38
267,358,purchase,2025-07-04 20:52:25
267,293,purchase,2025-06-19 22:36:23
268,494,cart,2026-03-28 03:07:22
268,383,purchase,2025-05-10 15:09:13
268,184,view,2025-11-12 05:31:25
269,393,cart,2025-09-28 19:55:33
269,165,cart,2025-05-21 21:29:50
270,419,view,2025-07-09 11:00:51
270,388,cart,2025-05-27 11:47:59
270,431,purchase,2025-09-30 16:22:32
270,33,cart,2025-08-15 07:41:47
270,241,view,2025-10-21 14:39:01
270,62,purchase,2025-08-22 01:54:28
270,440,cart,2025-08-05 20:13:01
271,269,cart,2026-03-15 01:54:10
271,268,view,2025-06-22 10:40:25
271,356,view,2025-12-06 08:21:20
271,313,view,2025-07-03 20:54:24
271,55,purchase,2026-03-19 17:19:30
271,373,purchase,2025-07-12 20:14:36
272,44,cart,2026-03-18 21:59:00
272,370,purchase,2025-04-07 06:54:16
272,309,purchase,2025-08-22 04:17:51
272,147,cart,2025-10-12 23:42:56
272,311,cart,2025-12-29 10:34:20
272,132,purchase,2025-05-23 21:37:13
272,294,purchase,2025-12-24 12:27:20
272,181,view,2025-06-16 23:17:01
272,314,purchase,2025-06-28 15:47:14
273,266,purchase,2025-04-22 05:29:40
273,323,cart,2026-03-19 08:20:32
273,252,view,2025-04-29 12:33:51
273,452,purchase,2025-06-14 02:21:06
273,119,purchase,2026-04-02 19:19:41
273,148,view,2025-08-31 16:10:12
273,0,view,2025-10-24 16:26:13
273,12,cart,2026-02-20 01:51:26
274,377,view,2025-07-07 20:33:41
274,409,purchase,2026-01-05 14:43:15
275,211,view,2025-08-31 07:45:37
275,170,cart,2025-12-11 19:53:01
275,286,purchase,2026-02-27 19:01:11
275,108,view,2025-05-26 10:05:24
275,327,view,2025-12-29 17:05:26
275,353,cart,2026-03-24 03:32:47
275,130,view,2026-03-03 16:16:36
276,153,purchase,2025-06-10 05:10:30
276,281,cart,2025-05-20 21:46:26
276,392,view,2026-02-14 17:48:37
276,58,purchase,2025-04-22 05:16:02
276,170,cart,2025-07-06 05:07:37
277,370,purchase,2025-10-07 12:54:50
277,315,view,2025-08-27 15:13:45
277,426,view,2025-05-07 08:16:26
277,99,cart,2025-12-11 22:15:16
277,426,cart,2025-10-01 01:21:13
277,472,purchase,2025-08-03 03:18:39
277,245,cart,2025-07-24 15:19:06
278,330,view,2025-08-17 19:44:42
279,79,purchase,2026-03-03 15:39:32
279,235,purchase,2025-10-08 02:25:59
279,458,cart,2026-02-25 21:52:16
279,236,cart,2025-05-24 12:58:29
279,475,purchase,2026-02-28 00:50:04
279,28,purchase,2025-07-14 02:07:49
279,153,purchase,2026-02-13 15:11:30
279,371,purchase,2025-09-10 07:40:08
280,284,purchase,2025-11-07 22:25:54
280,9,view,2026-02-07 22:35:39
280,295,purchase,2025-07-19 21:50:44
280,169,cart,2025-06-18 09:46:56
280,33,view,2026-01-26 04:18:37
280,143,view,2025-10-23 12:47:34
281,192,purchase,2025-05-24 10:43:27
281,273,view,2026-01-18 11:50:19
281,292,purchase,2026-02-04 23:24:12
281,199,view,2025-08-02 10:50:40
281,304,view,2025-11-21 20:43:45
281,442,cart,2025-05-31 10:46:03
282,363,view,2025-09-17 02:13:13
282,139,cart,2025-10-17 23:04:49
282,44,cart,2025-10-13 10:51:10
282,449,view,2025-11-03 01:46:46
282,190,cart,2026-03-05 15:44:16
282,424,cart,2026-03-09 17:22:14
283,268,cart,2026-02-06 03:29:12
283,89,view,2025-07-17 14:38:53
283,191,view,2026-01-14 18:45:59
283,398,view,2025-10-02 17:58:38
284,227,purchase,2025-06-20 23:57:15
284,12,cart,2025-07-18 21:19:44
285,78,view,2025-06-29 12:21:27
285,174,cart,2025-12-22 14:15:36
285,375,purchase,2026-01-15 03:08:41
285,158,cart,2025-10-15 21:08:31
285,73,view,2025-12-04 13:23:34
285,420,purchase,2025-08-10 16:03:20
285,346,view,2026-01-28 06:46:21
285,105,purchase,2025-10-02 21:13:40
285,18,cart,2025-10-13 00:38:57
286,365,purchase,2025-07-07 22:51:56
286,59,view,2025-09-28 08:20:26
286,159,view,2025-07-22 23:12:15
286,351,purchase,2026-03-02 03:35:40
286,446,view,2025-09-08 23:21:48
286,170,cart,2025-04-06 05:12:19
286,455,view,2025-09-24 06:19:10
287,266,purchase,2025-12-20 16:48:10
287,381,cart,2025-09-25 15:22:57
288,295,cart,2026-01-22 15:03:36
289,164,view,2025-11-26 16:38:09
289,98,cart,2025-07-12 20:34:55
289,141,purchase,2026-01-03 19:11:02
289,163,cart,2025-07-20 18:10:21
290,139,view,2026-03-26 03:28:50
290,80,cart,2025-11-07 20:45:24
291,7,purchase,2025-04-26 19:43:29
291,286,purchase,2025-08-06 05:05:01
292,105,purchase,2025-04-27 05:41:01
292,179,purchase,2025-05-26 15:30:57
293,138,view,2025-11-22 04:00:02
293,482,purchase,2025-07-21 05:02:09
293,411,cart,2026-02-03 07:51:55
293,293,view,2025-06-25 03:26:24
293,87,view,2026-03-13 00:36:28
293,159,purchase,2025-11-01 11:38:58
294,276,cart,2025-08-21 22:19:22
294,25,view,2025-11-26 19:28:02
294,14,cart,2025-07-09 12:41:01
294,462,purchase,2025-04-08 11:03:27
294,25,view,2025-04-03 23:02:35
294,196,view,2026-03-16 07:13:24
295,218,cart,2025-07-26 06:52:20
295,91,purchase,2025-12-05 17:00:34
296,456,purchase,2025-04-26 04:06:00
296,322,purchase,2025-11-20 13:09:34
296,358,cart,2025-11-13 09:24:52
296,315,cart,2025-06-09 08:14:24
296,159,cart,2026-01-06 21:19:30
296,418,view,2026-01-14 20:26:01
296,365,purchase,2026-02-07 01:29:16
296,414,purchase,2026-02-28 03:36:00
296,40,cart,2025-09-12 03:08:55
296,290,view,2026-02-18 08:41:39
297,416,purchase,2026-03-15 12:32:17
297,239,view,2026-01-25 11:49:43
298,158,purchase,2026-02-16 11:37:39
298,329,purchase,2025-10-06 14:30:31
298,392,cart,2025-12-22 18:40:19
298,240,view,2025-12-09 10:43:26
298,485,view,2025-09-20 01:06:57
298,73,purchase,2025-06-01 08:46:50
298,132,cart,2025-05-31 22:58:24
298,200,view,2026-01-08 02:10:43
299,403,cart,2025-09-19 07:12:10
299,232,cart,2025-11-27 03:08:19
299,15,view,2025-07-21 08:07:26
299,243,view,2026-02-05 05:36:06
299,179,cart,2025-11-20 21:37:26
299,236,view,2026-02-21 02:32:37
300,393,cart,2026-02-18 02:36:10
300,309,purchase,2025-12-17 08:56:27
300,65,purchase,2025-04-23 21:14:56
300,52,cart,2025-08-11 12:47:54
300,418,purchase,2025-07-27 04:08:48
301,166,purchase,2025-11-13 12:37:52
301,332,view,2026-03-28 12:14:22
302,272,cart,2025-10-30 12:50:24
302,205,purchase,2026-02-09 21:48:04
302,211,view,2025-10-22 07:49:58
302,317,view,2025-08-04 22:27:48
302,280,view,2025-04-21 01:50:45
303,196,view,2025-06-25 17:17:47
303,174,view,2025-05-28 07:45:19
303,416,purchase,2026-02-10 17:43:12
303,302,cart,2026-04-01 02:16:08
303,401,cart,2025-08-20 09:21:32
303,290,cart,2025-06-30 13:07:41
303,278,purchase,2025-08-15 00:51:09
303,120,view,2025-12-17 05:50:23
304,378,purchase,2026-01-28 10:13:11
304,293,cart,2026-01-13 10:06:23
305,303,purchase,2025-09-19 13:17:25
305,237,cart,2026-03-16 21:44:44
306,49,cart,2025-05-25 08:17:07
306,90,cart,2025-08-18 12:11:21
306,489,cart,2025-12-10 03:35:24
306,35,purchase,2025-08-18 15:05:25
306,55,purchase,2025-09-06 13:32:41
306,416,purchase,2025-08-22 07:52:05
306,394,cart,2025-05-22 01:23:34
306,167,cart,2026-03-06 01:03:22
306,330,purchase,2026-01-11 00:13:01
307,46,view,2026-01-29 16:23:06
308,454,purchase,2026-02-28 04:08:02
308,462,purchase,2025-06-05 01:33:57
308,414,view,2026-03-17 17:45:48
309,338,view,2025-11-25 12:18:45
309,231,purchase,2026-02-20 10:18:26
309,149,cart,2026-02-16 10:53:29
310,295,cart,2025-09-13 09:32:29
310,100,view,2025-06-21 14:15:22
310,348,cart,2026-03-12 14:33:21
310,153,purchase,2025-05-30 22:42:51
310,406,purchase,2026-03-08 10:07:15
310,155,cart,2025-10-08 01:45:04
310,367,cart,2025-07-14 11:01:24
310,45,purchase,2026-02-24 19:14:54
310,4,purchase,2025-10-27 13:05:41
310,261,cart,2025-06-02 00:14:19
311,436,cart,2025-05-22 21:26:15
311,31,cart,2025-07-05 16:31:25
311,461,purchase,2025-08-11 08:18:08
312,0,purchase,2026-03-12 14:05:42
313,420,cart,2025-10-27 20:53:54
313,56,cart,2025-06-30 03:03:14
313,443,view,2025-08-24 15:22:26
313,120,cart,2026-01-18 21:49:14
313,359,purchase,2025-05-11 17:04:28
313,201,purchase,2026-01-26 08:34:18
313,162,purchase,2025-11-12 06:00:12
313,195,cart,2026-03-20 14:27:01
313,195,cart,2025-08-25 14:54:57
314,108,purchase,2025-06-11 05:33:20
314,88,cart,2025-06-25 18:23:31
314,71,view,2025-05-29 06:56:49
314,284,cart,2025-12-29 21:53:43
314,431,cart,2025-06-17 00:12:03
314,430,cart,2025-09-12 05:17:15
314,78,cart,2026-02-23 11:56:50
314,446,purchase,2025-05-14 08:21:35
314,64,view,2025-08-17 09:46:12
315,36,purchase,2025-07-04 15:49:54
316,73,purchase,2025-05-19 11:12:23
317,336,cart,2025-10-08 16:51:23
317,499,view,2026-01-15 05:19:43
317,43,view,2025-07-22 16:11:11
317,328,cart,2026-01-29 20:23:40
317,440,cart,2025-12-12 02:02:47
317,457,purchase,2025-09-10 14:42:03
317,309,cart,2026-01-01 14:22:46
317,319,view,2026-01-16 15:02:33
318,260,cart,2025-09-23 01:01:28
318,282,cart,2026-02-11 21:04:09
318,196,cart,2026-03-04 04:24:04
318,115,view,2026-02-05 19:08:10
318,217,purchase,2025-06-12 02:00:46
318,3,purchase,2026-02-09 08:31:47
318,255,purchase,2025-09-05 20:53:29
318,121,purchase,2025-10-01 16:35:59
319,137,cart,2025-09-05 02:56:16
319,474,purchase,2025-04-04 14:34:05
319,295,cart,2025-05-01 13:08:07
319,17,view,2025-12-21 02:41:30
319,290,cart,2025-08-10 22:57:27
319,360,cart,2025-05-04 04:27:19
319,57,purchase,2025-10-09 11:45:00
319,246,purchase,2025-07-16 20:16:06
319,40,view,2025-04-09 13:25:31
320,439,cart,2025-08-12 15:12:52
320,238,purchase,2025-12-31 13:38:06
320,40,purchase,2025-09-28 03:39:25
320,455,purchase,2025-06-07 19:04:32
320,45,view,2026-03-28 20:14:51
320,241,purchase,2025-11-15 01:02:23
320,379,purchase,2025-07-16 04:29:00
320,491,purchase,2026-01-18 03:09:31
320,39,purchase,2026-03-25 12:02:02
321,408,purchase,2025-09-17 13:05:57
321,159,purchase,2026-03-22 01:48:29
321,27,cart,2026-01-07 23:51:16
321,273,view,2025-11-10 08:26:21
321,240,cart,2025-10-14 04:52:30
321,262,cart,2025-04-29 18:06:52
321,293,purchase,2026-03-04 21:15:28
321,169,cart,2025-06-17 23:55:24
321,180,cart,2025-08-21 17:06:17
322,85,view,2025-06-11 12:46:56
322,355,purchase,2025-06-20 23:04:45
322,383,cart,2026-03-15 19:08:44
322,372,purchase,2025-08-27 11:15:49
322,133,view,2025-11-10 17:08:22
323,296,view,2026-01-01 04:31:24
323,293,view,2025-08-12 01:18:31
323,336,cart,2025-08-26 19:18:15
323,414,purchase,2025-11-19 16:56:26
323,319,view,2025-07-17 17:48:56
323,146,cart,2025-07-07 11:53:29
323,42,view,2025-05-01 05:11:37
323,258,view,2025-11-04 18:13:50
324,129,view,2025-04-26 18:55:21
324,315,cart,2025-06-18 03:07:43
324,140,cart,2025-10-19 09:32:09
324,7,purchase,2025-12-01 03:32:23
324,57,purchase,2025-04-22 18:43:06
325,465,purchase,2026-01-08 15:27:20
325,378,view,2026-01-08 08:44:24
325,337,cart,2025-04-30 01:59:12
326,413,view,2025-12-06 17:18:24
326,133,purchase,2025-11-06 04:15:54
326,120,cart,2025-07-26 21:27:28
326,92,purchase,2025-09-24 16:54:51
326,441,view,2025-05-11 14:28:05
326,175,view,2026-02-21 22:25:06
327,304,view,2025-08-06 11:10:31
327,428,cart,2025-09-14 03:44:29
327,385,cart,2026-02-07 17:13:20
328,121,purchase,2025-06-25 20:16:21
328,225,purchase,2025-12-30 21:00:13
328,326,view,2025-04-26 06:54:53
328,107,purchase,2025-04-02 19:42:25
328,375,cart,2025-04-27 21:46:11
328,27,purchase,2025-08-16 20:08:29
328,135,view,2025-06-23 15:07:40
329,85,cart,2026-03-22 15:58:15
330,243,cart,2026-01-22 21:23:58
330,243,purchase,2025-09-09 17:49:28
330,485,purchase,2025-04-10 17:05:12
330,119,cart,2025-10-28 09:34:16
330,349,purchase,2025-11-12 13:31:00
330,199,cart,2025-06-27 23:46:23
330,134,view,2026-03-30 11:54:52
331,445,cart,2025-11-20 06:43:46
331,6,cart,2026-03-20 12:49:17
331,474,cart,2026-03-15 21:46:00
331,195,purchase,2025-05-28 07:29:26
331,161,purchase,2025-05-14 11:14:39
331,349,view,2025-06-30 11:18:46
331,49,purchase,2026-03-24 14:35:52
331,326,cart,2025-12-28 06:36:36
331,489,cart,2025-08-19 06:12:32
332,470,purchase,2025-04-09 01:25:35
332,439,cart,2025-11-07 15:55:16
332,171,cart,2025-12-18 03:01:09
332,136,view,2026-01-22 09:45:36
332,130,purchase,2025-12-02 03:14:50
332,299,cart,2025-11-20 19:35:34
332,236,purchase,2025-10-22 01:16:40
332,383,view,2025-07-31 19:39:10
332,375,purchase,2025-05-24 21:54:18
332,301,view,2025-05-25 06:32:24
333,172,purchase,2025-04-25 20:29:19
333,353,view,2026-03-30 19:59:56
333,160,purchase,2025-10-25 09:56:51
333,5,purchase,2025-10-16 10:11:17
333,4,view,2025-12-05 23:46:05
333,6,cart,2025-07-20 15:51:17
333,50,purchase,2025-04-13 17:06:51
333,53,purchase,2026-03-02 13:24:56
333,228,cart,2025-07-12 14:22:15
334,371,cart,2025-12-23 04:15:05
334,128,view,2025-08-31 22:54:43
334,17,view,2025-11-10 12:05:40
334,317,view,2025-04-10 20:27:25
335,480,purchase,2025-09-02 08:23:53
336,486,purchase,2025-04-28 04:24:26
336,326,view,2025-07-26 23:28:23
336,362,view,2026-03-16 14:05:03
336,44,purchase,2026-02-10 03:17:18
337,192,purchase,2025-08-05 23:53:50
337,391,purchase,2025-04-15 22:35:29
337,289,view,2026-01-02 12:36:27
338,356,view,2025-11-22 06:01:15
338,129,cart,2025-12-28 16:40:07
339,338,view,2025-06-10 12:43:46
339,327,cart,2025-11-28 05:30:08
339,472,cart,2026-01-27 18:02:25
339,393,cart,2025-04-10 07:46:14
339,354,purchase,2025-04-23 02:16:05
339,394,cart,2025-05-23 10:09:17
339,131,view,2025-12-19 15:30:08
339,399,view,2026-01-18 02:10:47
340,397,view,2025-05-12 21:47:36
340,195,cart,2025-07-17 09:52:55
340,170,view,2025-11-22 11:15:55
340,132,cart,2026-01-31 04:13:31
340,91,cart,2025-10-16 01:03:13
341,251,view,2025-04-30 12:51:09
341,312,cart,2025-08-12 06:06:59
342,330,cart,2026-03-30 16:14:21
342,55,view,2025-07-23 07:14:21
342,276,cart,2026-02-03 13:56:59
343,314,purchase,2025-12-29 18:53:13
343,54,cart,2025-06-23 06:47:02
343,366,cart,2025-09-20 08:08:25
343,52,view,2025-06-01 14:32:36
344,36,purchase,2025-12-11 10:54:15
344,372,cart,2025-11-28 20:45:03
345,9,cart,2025-10-14 20:46:45
345,76,purchase,2026-03-30 00:47:55
345,327,view,2025-10-11 11:03:49
345,477,view,2025-07-14 20:49:48
345,340,cart,2025-07-05 11:31:02
345,136,view,2025-11-13 18:22:14
345,358,cart,2025-11-01 02:03:09
345,463,cart,2026-03-26 03:53:27
346,1,purchase,2025-07-03 18:16:20
346,362,cart,2026-01-07 16:15:04
346,244,cart,2025-09-23 02:48:11
346,206,purchase,2025-08-31 20:58:49
346,399,view,2025-06-21 12:07:40
346,276,view,2025-08-04 22:35:54
346,1,cart,2025-10-14 01:34:54
346,488,purchase,2026-03-26 21:12:23
346,418,cart,2025-12-28 04:19:50
346,62,purchase,2025-10-17 16:36:21
347,478,cart,2025-05-07 20:00:11
347,170,purchase,2025-05-14 22:52:14
347,155,cart,2025-06-20 13:10:20
347,28,purchase,2025-12-20 01:20:01
347,490,purchase,2025-06-20 22:47:43
347,46,cart,2025-07-21 19:50:54
347,273,cart,2026-02-04 00:40:04
347,41,cart,2025-06-11 15:22:42
347,389,cart,2025-08-27 16:29:07
348,90,purchase,2025-12-25 04:22:09
348,20,cart,2025-07-02 05:07:35
348,338,view,2025-05-05 05:03:25
348,153,purchase,2025-08-02 19:58:48
349,458,view,2025-07-25 03:19:58
349,322,purchase,2025-06-28 17:11:49
349,183,cart,2025-11-27 15:20:56
349,43,purchase,2025-06-17 00:04:31
349,224,purchase,2025-05-22 20:49:04
349,97,view,2026-03-01 17:28:39
349,18,view,2025-10-01 16:13:15
350,368,purchase,2025-06-14 14:45:28
351,250,cart,2025-08-07 06:37:18
351,32,purchase,2025-07-16 04:10:09
351,329,cart,2025-04-11 22:47:49
351,255,purchase,2025-06-20 11:04:16
352,494,view,2025-04-05 06:39:18
352,18,cart,2026-02-11 22:43:18
352,28,cart,2025-10-25 18:33:51
352,403,purchase,2025-09-23 15:26:57
352,21,cart,2025-04-06 08:55:52
352,60,view,2025-11-14 07:20:56
352,413,purchase,2025-06-07 10:38:11
352,341,purchase,2025-12-04 23:42:55
353,481,purchase,2025-07-11 08:11:14
353,445,purchase,2026-02-20 04:23:12
353,76,purchase,2025-12-09 23:56:36
353,296,view,2025-05-03 01:24:37
353,473,view,2025-07-01 07:34:54
353,18,purchase,2025-06-23 07:20:19
353,72,cart,2025-04-16 01:13:45
353,334,view,2025-11-20 11:04:14
354,464,purchase,2025-06-21 15:25:42
354,23,view,2025-12-01 19:46:36
354,359,purchase,2025-05-03 10:12:37
354,66,view,2025-06-21 11:58:52
354,88,purchase,2026-03-10 02:55:36
354,25,cart,2025-08-22 10:01:08
354,420,view,2025-10-22 20:34:05
354,233,purchase,2025-09-01 06:24:03
355,427,purchase,2025-12-08 16:32:04
355,32,view,2026-02-12 21:16:00
355,58,cart,2025-05-16 23:01:56
356,409,purchase,2025-04-19 21:48:14
356,112,view,2025-11-22 18:21:04
356,411,view,2025-11-20 07:13:06
356,218,cart,2025-11-30 03:44:49
356,415,purchase,2026-03-14 17:17:40
356,347,cart,2026-03-02 09:11:39
356,166,view,2026-03-23 19:18:32
356,499,purchase,2026-01-07 03:35:38
356,294,purchase,2025-12-08 07:48:54
356,70,cart,2025-09-14 01:13:41
357,391,view,2025-10-15 15:25:35
357,303,view,2025-06-19 14:06:18
357,171,view,2025-08-13 00:14:42
357,61,cart,2025-06-05 13:06:11
358,387,cart,2025-12-25 12:18:33
358,86,purchase,2025-07-27 17:00:31
358,189,purchase,2025-06-22 15:47:42
359,224,view,2025-11-07 09:25:24
359,473,purchase,2026-01-28 20:34:27
359,20,view,2025-06-26 13:34:34
360,405,purchase,2026-01-25 10:09:47
360,313,cart,2025-05-03 10:16:16
361,8,cart,2026-01-23 14:43:17
361,41,view,2025-10-07 04:44:53
361,3,view,2025-08-10 16:26:33
362,361,purchase,2025-09-18 02:13:37
362,303,cart,2026-01-19 07:15:13
363,355,cart,2026-03-29 05:12:47
363,354,view,2025-07-06 00:00:01
363,105,view,2025-11-30 06:54:17
363,327,cart,2026-02-14 08:30:24
363,267,cart,2025-12-31 15:25:45
363,210,view,2026-03-03 09:00:23
363,480,view,2025-09-08 22:31:24
364,354,view,2025-08-04 09:34:38
364,305,view,2026-02-09 01:44:55
364,367,cart,2026-01-22 17:25:29
364,313,view,2025-08-08 01:31:58
364,321,cart,2026-03-22 07:07:24
364,178,cart,2025-09-13 20:50:52
364,2,purchase,2025-11-06 12:15:32
364,120,view,2025-07-20 04:41:15
364,60,purchase,2025-06-03 08:46:13
364,48,purchase,2026-03-12 13:51:05
365,441,purchase,2025-08-16 01:18:06
365,259,view,2025-08-29 00:09:11
365,237,purchase,2025-12-05 18:56:10
365,337,view,2025-06-26 20:56:33
365,141,view,2026-01-16 11:14:42
365,99,view,2026-01-26 23:17:49
366,350,cart,2026-02-16 21:55:04
366,254,view,2025-09-12 12:24:07
366,81,purchase,2025-04-17 20:56:54
367,27,purchase,2025-07-01 11:05:06
368,145,view,2025-10-20 12:55:45
368,222,cart,2025-07-23 22:10:31
368,171,purchase,2025-11-12 04:57:24
368,412,cart,2025-04-23 21:55:27
368,22,view,2025-06-17 02:42:44
368,379,view,2025-04-25 12:30:35
369,90,view,2025-08-13 00:39:11
369,402,view,2025-12-07 06:55:38
369,248,purchase,2025-07-10 22:02:39
369,59,view,2026-03-28 09:08:58
369,458,view,2026-03-14 00:05:13
369,369,cart,2025-11-21 19:49:36
369,303,purchase,2025-09-17 10:19:01
369,166,cart,2026-03-02 20:01:55
369,101,purchase,2025-05-21 03:37:38
370,117,view,2026-01-18 17:32:15
370,166,view,2025-12-24 08:14:16
370,50,view,2026-03-16 12:58:12
370,377,cart,2025-12-21 00:26:35
370,445,view,2025-04-07 23:45:07
370,192,view,2025-05-29 21:18:26
371,241,purchase,2025-04-25 11:42:13
371,248,view,2025-07-08 11:12:01
372,74,view,2026-02-26 09:20:25
372,475,purchase,2026-02-23 12:43:09
372,232,view,2025-09-14 11:57:35
372,198,cart,2025-05-12 20:01:28
372,69,cart,2025-12-26 06:02:28
372,368,view,2025-05-18 05:53:05
372,323,cart,2026-02-08 05:44:15
373,103,cart,2025-05-30 04:28:34
373,65,view,2026-02-18 19:52:32
373,354,purchase,2026-02-03 17:11:18
373,30,cart,2026-03-23 17:10:01
373,69,view,2025-11-06 22:43:31
374,234,cart,2025-12-01 01:05:05
374,87,cart,2026-03-10 23:22:13
374,112,cart,2025-05-01 18:01:32
374,309,view,2026-02-11 14:27:54
374,404,purchase,2026-03-04 19:04:50
374,487,purchase,2025-05-23 00:36:49
374,463,view,2025-12-05 23:34:50
374,295,purchase,2026-03-26 13:33:15
375,44,cart,2025-12-24 11:44:14
375,438,purchase,2026-01-05 19:49:09
375,250,view,2025-10-29 08:04:05
375,302,cart,2025-11-20 14:35:01
376,142,view,2026-01-22 18:55:49
376,373,cart,2025-10-03 08:03:33
376,376,view,2025-08-23 10:36:09
376,126,cart,2025-07-25 12:25:17
376,222,purchase,2025-04-09 18:53:15
376,113,purchase,2025-06-13 10:35:47
376,484,view,2025-10-23 15:15:50
376,467,purchase,2025-09-04 09:35:00
377,213,view,2025-12-05 02:21:52
378,240,purchase,2025-04-24 20:13:06
379,17,cart,2025-12-24 13:58:00
379,271,cart,2026-01-24 00:48:44
379,245,purchase,2026-02-12 17:07:00
379,420,view,2026-02-07 12:52:46
379,231,cart,2026-01-25 05:45:55
379,123,view,2026-01-17 07:52:45
379,285,view,2025-06-18 03:59:46
379,354,purchase,2025-04-16 22:32:37
379,208,view,2026-02-18 15:53:16
380,183,cart,2025-09-07 16:57:23
380,122,purchase,2025-12-08 11:39:00
380,46,view,2025-07-22 01:12:16
381,342,cart,2025-08-07 00:57:28
381,82,purchase,2026-03-02 05:17:15
381,235,purchase,2025-09-25 18:36:17
381,382,purchase,2026-02-21 03:54:46
381,12,cart,2025-09-14 16:19:38
381,237,view,2025-05-15 02:40:23
381,447,purchase,2026-01-03 01:28:24
381,207,view,2025-05-10 05:29:22
382,320,cart,2025-11-08 07:55:46
382,360,purchase,2026-01-29 13:29:39
382,0,purchase,2025-04-06 06:10:36
382,36,cart,2025-06-17 14:39:51
382,457,purchase,2025-06-26 06:43:43
382,170,purchase,2025-11-07 07:14:09
383,151,cart,2025-06-11 05:04:49
384,357,purchase,2026-01-30 17:00:53
384,277,purchase,2025-09-22 16:44:24
384,406,view,2025-07-12 05:21:23
384,403,purchase,2025-11-29 13:25:49
384,41,purchase,2025-08-22 03:14:04
385,376,view,2026-03-16 21:35:14
385,263,purchase,2025-06-12 16:02:52
385,186,view,2025-05-17 06:49:04
385,56,cart,2025-05-26 03:14:32
385,187,cart,2025-06-14 11:18:11
385,316,view,2025-10-03 16:32:34
386,187,view,2025-09-06 14:00:52
386,331,purchase,2025-04-30 20:16:53
386,360,view,2025-11-27 22:49:43
386,287,purchase,2026-03-30 12:01:33
386,396,view,2025-10-26 01:57:12
386,70,cart,2025-09-06 21:49:35
387,276,view,2025-07-19 17:04:16
387,332,cart,2026-03-26 05:58:27
387,377,purchase,2025-05-01 18:17:50
387,446,purchase,2025-05-21 08:54:03
388,385,purchase,2025-12-12 12:42:05
388,389,view,2025-11-05 08:20:02
388,164,cart,2025-08-16 16:12:00
388,459,cart,2025-10-23 23:27:13
389,348,cart,2026-01-20 23:35:13
389,141,view,2026-03-19 02:11:42
389,32,cart,2026-03-23 13:05:40
389,176,cart,2026-04-02 06:10:29
389,248,purchase,2025-12-17 15:48:35
389,269,view,2025-04-10 02:43:22
389,240,purchase,2025-12-09 12:22:41
389,272,purchase,2025-11-04 09:34:18
389,422,purchase,2025-07-11 05:34:25
390,231,purchase,2025-09-23 00:01:38
390,188,purchase,2025-06-30 10:54:07
390,484,purchase,2025-05-02 08:13:32
390,414,view,2025-06-09 13:09:11
390,96,cart,2025-12-24 11:00:55
391,41,cart,2025-11-26 16:52:19
391,459,view,2025-06-22 17:05:53
392,490,view,2026-02-07 12:45:38
392,55,view,2025-09-16 05:45:02
392,141,view,2026-01-10 12:49:14
392,356,view,2026-01-12 05:18:44
392,254,view,2025-08-04 22:06:28
393,266,purchase,2025-04-10 12:56:57
393,11,cart,2025-06-02 20:53:04
393,213,purchase,2026-02-16 14:44:04
393,277,view,2025-11-19 22:56:10
394,177,cart,2025-12-23 18:26:00
394,227,purchase,2025-09-02 21:16:51
394,330,view,2025-07-23 03:21:59
394,149,view,2026-03-02 07:34:07
394,32,view,2026-03-04 13:33:26
394,446,view,2026-02-10 07:03:22
394,427,purchase,2025-12-26 18:03:08
394,330,cart,2025-11-26 17:48:16
395,296,cart,2025-12-14 06:07:52
395,335,purchase,2025-10-28 05:39:14
395,402,cart,2025-10-31 16:27:57
395,248,purchase,2026-01-11 07:01:36
395,340,purchase,2025-07-24 22:41:27
395,271,purchase,2025-11-24 00:23:17
395,227,cart,2025-04-22 09:46:16
396,290,view,2025-08-27 16:35:11
396,459,cart,2026-01-15 10:06:02
396,87,cart,2025-09-04 14:37:29
396,116,cart,2025-12-09 23:21:36
396,190,cart,2025-06-21 13:26:49
397,75,cart,2025-10-13 00:21:32
398,233,view,2025-09-12 08:21:20
398,316,view,2025-04-13 16:33:03
398,364,purchase,2026-04-02 09:57:04
398,146,view,2026-03-18 17:15:09
398,498,view,2025-07-18 02:55:39
399,82,view,2025-10-24 01:29:12
399,59,view,2025-08-08 14:50:24
399,162,purchase,2025-05-05 06:33:10
400,225,cart,2025-08-25 20:30:38
400,189,view,2025-08-10 03:22:48
400,105,purchase,2025-11-04 04:24:04
401,340,cart,2025-09-01 18:42:36
402,75,cart,2025-04-13 09:02:59
402,229,purchase,2026-02-24 16:26:35
402,499,view,2025-11-27 03:33:56
402,273,cart,2025-05-09 16:30:42
402,62,view,2025-04-17 16:20:35
402,207,cart,2025-07-14 08:00:38
403,485,cart,2025-08-07 06:46:50
403,475,cart,2025-04-15 18:06:43
403,79,view,2026-01-16 21:01:29
404,499,purchase,2025-07-26 16:42:41
404,169,purchase,2026-01-27 22:23:23
404,361,cart,2026-03-01 06:17:39
404,242,cart,2026-03-21 04:48:11
404,496,purchase,2025-06-24 09:19:25
404,341,view,2025-11-30 00:03:10
404,409,purchase,2025-07-06 09:27:33
404,373,cart,2025-09-15 06:55:27
404,173,purchase,2025-08-04 12:06:32
405,374,cart,2025-10-17 02:58:52
405,460,view,2025-12-28 21:31:54
406,347,purchase,2025-12-30 15:18:01
406,59,cart,2025-07-03 04:37:03
406,12,cart,2026-01-20 03:47:53
407,430,view,2025-08-29 07:22:41
407,228,cart,2025-08-02 18:34:54
407,47,cart,2025-05-06 04:24:57
407,28,purchase,2025-05-24 11:05:16
407,328,view,2025-12-25 15:32:01
407,298,purchase,2026-02-13 05:48:33
407,113,cart,2025-10-30 21:18:24
407,100,view,2025-09-21 15:51:15
407,42,purchase,2025-08-27 02:17:47
407,434,cart,2025-05-16 11:31:58
408,499,purchase,2025-10-11 13:42:36
408,201,view,2025-07-20 23:46:58
409,162,purchase,2025-05-25 02:33:00
409,309,purchase,2026-03-19 19:02:38
409,483,view,2026-02-19 06:47:14
409,465,purchase,2025-11-09 17:38:46
409,184,cart,2025-09-05 07:55:16
409,75,purchase,2025-05-18 21:21:00
409,437,cart,2025-06-26 08:21:09
409,189,cart,2025-09-04 20:02:52
410,6,cart,2025-09-04 01:31:29
410,176,cart,2025-10-10 10:30:17
410,157,cart,2025-10-05 15:41:28
410,447,purchase,2025-09-15 06:55:48
410,44,view,2025-07-06 15:53:02
410,372,cart,2025-06-29 14:15:47
411,411,cart,2025-09-03 16:20:21
411,147,view,2025-06-30 17:30:24
411,412,purchase,2025-09-20 15:38:50
411,496,cart,2025-09-30 10:32:08
411,373,cart,2025-09-09 18:51:30
411,71,purchase,2025-08-07 13:50:30
411,306,view,2025-09-18 13:07:49
412,106,cart,2025-08-25 16:48:47
412,243,purchase,2025-04-23 11:22:21
412,171,view,2025-09-07 08:44:16
413,387,cart,2025-08-29 03:34:00
413,45,view,2026-01-09 03:25:04
413,209,purchase,2025-09-10 07:15:08
413,468,cart,2025-08-14 20:08:37
413,212,view,2025-04-10 07:55:00
413,284,cart,2026-03-02 03:31:53
413,363,purchase,2026-01-24 09:41:07
413,386,view,2025-06-25 21:23:29
413,102,view,2025-10-18 21:18:17
413,426,cart,2026-03-16 10:24:34
414,283,cart,2026-02-09 03:10:34
414,21,cart,2025-05-28 16:19:03
414,427,purchase,2025-11-13 11:58:47
414,155,cart,2025-10-09 01:46:39
414,286,purchase,2026-03-19 01:37:22
415,114,view,2026-03-21 12:38:23
415,405,view,2025-05-22 14:45:13
415,78,cart,2025-05-28 07:28:47
415,153,purchase,2025-08-27 15:57:09
415,427,purchase,2025-06-04 10:37:09
415,241,view,2026-03-14 06:43:11
415,334,purchase,2026-01-27 21:48:13
415,457,cart,2026-03-21 09:26:52
416,91,cart,2025-06-23 19:30:42
416,464,purchase,2025-12-28 20:15:44
416,330,view,2025-06-18 16:16:38
416,14,view,2026-01-23 12:18:17
416,391,cart,2025-10-31 02:47:49
416,252,view,2026-03-13 05:02:34
416,306,purchase,2026-03-22 20:25:49
417,297,cart,2026-01-13 20:40:12
417,289,cart,2026-01-05 18:55:59
417,444,cart,2025-09-29 09:47:31
417,321,purchase,2025-07-22 00:01:48
417,243,purchase,2026-01-23 10:36:56
417,418,view,2025-08-01 11:39:55
418,262,purchase,2025-10-28 17:16:15
418,294,view,2025-10-07 05:17:53
418,432,cart,2026-03-13 10:04:04
418,83,purchase,2025-05-13 12:04:42
418,29,view,2025-12-17 20:36:41
418,163,cart,2025-11-12 22:02:55
419,182,view,2025-04-11 04:53:24
419,27,cart,2025-12-18 07:55:14
419,184,cart,2026-02-06 06:59:36
420,24,cart,2025-06-27 19:40:24
420,149,purchase,2026-03-28 07:41:37
420,327,view,2025-07-26 03:58:07
420,263,view,2025-04-07 17:55:51
420,392,purchase,2026-03-28 23:37:34
420,93,view,2026-03-19 07:53:05
421,385,view,2025-04-07 05:20:46
421,278,cart,2025-04-16 00:49:44
421,446,cart,2025-10-06 21:24:58
421,423,purchase,2025-06-05 03:03:38
421,409,cart,2025-05-23 03:14:41
421,138,purchase,2025-08-29 19:37:39
421,357,purchase,2025-04-29 19:23:01
421,185,view,2025-11-10 14:17:23
421,273,purchase,2025-12-24 17:40:27
421,180,view,2025-06-29 05:29:48
422,70,purchase,2025-12-10 06:43:55
423,190,cart,2026-03-02 14:40:02
423,210,cart,2025-08-02 04:35:52
423,471,view,2025-12-02 04:36:47
423,52,view,2025-09-03 01:41:37
423,79,purchase,2026-01-25 22:41:06
424,425,view,2026-03-17 21:51:46
424,407,purchase,2025-04-28 18:29:32
424,314,purchase,2025-08-14 19:54:15
424,425,purchase,2026-02-06 14:15:06
425,364,purchase,2025-10-19 14:53:52
425,359,view,2025-06-03 22:34:02
425,213,cart,2025-09-06 09:08:20
425,469,view,2026-04-02 05:05:42
425,59,view,2025-08-20 21:49:24
425,472,view,2025-04-20 06:34:46
425,245,cart,2026-03-07 22:07:29
425,159,purchase,2025-08-26 15:54:14
425,185,view,2025-06-28 10:35:16
426,455,purchase,2026-01-01 22:00:45
426,267,cart,2025-06-10 20:38:04
426,88,purchase,2025-06-12 03:28:35
426,155,view,2025-07-17 03:36:31
426,381,view,2025-04-14 03:55:44
426,113,view,2025-09-26 19:52:17
426,438,purchase,2025-06-08 07:44:24
426,72,purchase,2025-08-04 01:14:07
427,157,view,2025-12-20 17:09:55
427,107,view,2026-01-21 16:20:18
427,40,cart,2026-01-08 17:26:47
427,353,view,2026-02-18 16:28:36
428,9,cart,2025-09-11 13:25:21
428,387,cart,2026-02-14 12:52:07
429,100,view,2025-11-30 05:22:50
430,406,purchase,2025-05-02 23:16:03
431,303,view,2026-03-09 10:19:32
431,240,view,2025-07-27 01:33:22
431,465,cart,2025-05-27 21:19:03
431,22,view,2026-01-24 05:36:44
431,154,purchase,2025-09-01 08:22:48
431,5,view,2025-06-08 01:04:10
431,400,view,2025-08-18 12:04:45
431,471,purchase,2026-02-28 16:02:41
431,105,purchase,2025-06-25 22:09:03
432,94,purchase,2026-02-27 13:17:20
432,179,view,2025-06-02 05:15:15
432,46,view,2025-04-24 13:19:35
432,433,purchase,2025-07-13 12:30:42
433,485,purchase,2025-09-14 07:52:37
433,178,cart,2025-05-27 06:06:12
433,82,purchase,2025-09-18 08:05:50
433,399,purchase,2025-12-30 15:31:52
433,313,view,2026-02-20 10:50:25
434,291,view,2025-10-25 19:58:09
434,50,purchase,2025-09-13 01:39:39
434,390,view,2025-08-30 06:26:03
434,270,view,2025-12-31 01:39:07
434,366,view,2025-06-10 13:30:31
434,493,cart,2026-02-02 22:36:14
434,87,purchase,2025-09-09 11:01:17
434,2,purchase,2025-10-10 01:57:15
434,50,view,2025-06-07 16:39:33
435,435,purchase,2025-09-15 07:51:36
435,243,cart,2025-11-28 06:32:52
435,357,purchase,2025-07-02 00:46:05
435,94,cart,2025-06-10 08:06:57
435,344,view,2026-02-16 12:47:43
435,92,cart,2025-11-23 16:05:33
435,194,cart,2025-07-17 09:35:46
435,109,purchase,2026-02-05 10:43:51
435,116,cart,2026-03-30 03:01:04
436,389,cart,2026-01-21 02:53:29
436,63,cart,2026-01-22 12:41:09
437,266,view,2025-09-06 10:40:31
437,253,cart,2025-12-03 14:14:26
438,285,purchase,2025-09-15 02:04:06
438,20,view,2025-07-29 02:13:42
438,167,cart,2025-06-10 19:38:01
438,59,cart,2025-04-18 11:31:46
438,145,cart,2025-11-05 22:37:13
439,376,cart,2025-09-30 00:37:26
439,351,cart,2025-06-04 04:27:46
439,115,purchase,2025-10-24 23:06:40
439,208,cart,2025-06-25 07:22:54
439,437,cart,2025-08-05 06:12:56
439,96,view,2025-04-06 11:33:50
439,458,cart,2025-10-04 05:32:10
439,480,purchase,2025-12-02 01:14:06
439,188,view,2025-12-08 13:22:53
439,6,purchase,2026-01-11 23:13:07
440,344,view,2025-07-07 22:40:13
440,202,cart,2026-03-20 13:06:06
440,267,purchase,2025-10-26 15:58:01
440,346,view,2025-12-18 14:52:08
440,61,view,2026-03-12 18:33:59
440,202,cart,2026-02-10 04:15:23
440,355,purchase,2025-10-03 15:40:49
440,52,purchase,2026-01-26 12:13:28
441,33,cart,2025-12-20 22:57:33
441,499,view,2026-02-07 08:59:04
441,173,view,2025-08-16 18:46:09
442,432,cart,2025-11-30 22:17:39
442,62,view,2025-12-26 03:17:12
442,429,cart,2025-10-20 16:51:09
442,371,cart,2025-09-20 21:31:25
442,142,purchase,2025-07-12 18:53:22
442,392,purchase,2026-03-06 04:02:54
442,303,cart,2025-06-07 01:27:18
442,387,purchase,2025-08-08 02:21:19
442,482,cart,2026-03-14 03:44:35
442,182,cart,2025-11-08 16:09:50
443,486,cart,2025-12-05 19:16:04
443,248,purchase,2025-04-03 21:00:34
443,142,view,2026-01-30 13:42:59
443,393,cart,2025-07-10 22:59:37
443,55,view,2025-11-05 23:21:45
443,128,cart,2025-05-15 05:53:01
443,254,view,2025-12-25 05:13:39
443,321,view,2026-02-17 11:59:24
443,15,view,2026-03-05 23:37:50
443,377,view,2026-03-15 17:13:38
444,255,purchase,2025-05-30 01:34:44
444,13,view,2025-07-22 02:59:21
445,309,purchase,2025-10-08 07:37:51
445,167,view,2025-10-12 16:53:31
445,155,purchase,2026-03-28 19:39:29
445,319,view,2025-12-11 08:54:43
445,389,view,2025-10-28 21:29:54
445,338,purchase,2025-08-11 04:54:23
445,392,cart,2025-09-30 00:49:46
446,103,cart,2025-04-18 20:14:23
446,338,cart,2026-03-01 04:03:52
446,251,purchase,2026-01-11 07:31:50
446,133,purchase,2026-02-17 05:46:59
446,175,purchase,2025-09-28 07:45:50
446,279,view,2025-11-21 03:53:44
446,487,view,2025-08-03 23:59:19
446,220,view,2026-01-22 03:55:04
447,230,cart,2025-10-23 22:30:46
447,436,cart,2025-06-11 11:47:34
447,226,cart,2025-05-21 09:12:35
447,18,view,2026-01-26 03:41:47
447,90,purchase,2025-08-31 08:03:20
447,337,cart,2025-10-21 16:43:08
447,452,purchase,2025-09-16 23:20:32
448,251,cart,2025-06-10 07:02:36
448,68,cart,2025-08-17 17:05:26
448,366,cart,2026-02-04 18:44:09
449,391,view,2026-01-13 07:28:06
449,291,purchase,2026-02-15 06:16:09
449,251,purchase,2025-04-19 13:58:46
449,283,purchase,2025-07-18 03:25:55
449,276,purchase,2026-01-02 06:39:39
449,240,cart,2026-02-23 12:52:34
449,287,view,2025-06-30 23:33:11
449,259,view,2026-01-26 04:07:14
450,134,cart,2026-02-07 08:57:42
450,302,cart,2025-04-07 06:37:35
450,315,purchase,2025-07-09 18:22:43
450,180,cart,2025-08-27 10:39:50
450,164,view,2025-07-09 13:15:13
450,14,purchase,2025-11-04 08:25:37
450,23,view,2026-03-19 21:18:35
451,178,purchase,2026-03-26 14:55:23
451,298,view,2025-08-24 13:41:02
451,391,purchase,2025-08-30 16:03:28
451,174,cart,2025-07-19 15:16:48
451,49,cart,2025-04-25 19:32:25
451,176,cart,2025-11-01 20:38:02
452,179,view,2025-07-12 10:23:11
452,338,view,2026-01-26 18:03:39
452,126,view,2025-12-16 06:52:13
452,331,cart,2025-07-15 00:51:40
452,303,view,2026-03-19 09:38:00
452,466,purchase,2025-11-23 17:03:32
452,33,cart,2025-08-22 23:03:24
453,172,view,2025-08-12 14:01:51
453,10,purchase,2025-12-18 23:54:58
454,19,cart,2025-08-27 12:19:30
454,336,cart,2025-08-23 04:17:26
454,290,purchase,2026-01-19 23:37:26
454,461,cart,2025-06-10 06:05:37
454,136,view,2025-10-19 19:57:10
454,356,cart,2025-10-01 21:30:31
455,11,cart,2025-12-12 01:22:25
455,193,purchase,2025-06-11 07:27:37
455,199,cart,2025-09-10 12:17:52
455,293,view,2025-05-08 02:40:51
455,413,cart,2025-04-29 14:40:50
455,51,purchase,2025-11-15 00:55:40
455,345,view,2025-06-16 23:15:14
455,172,cart,2026-03-01 19:35:47
455,257,purchase,2025-11-14 13:02:43
455,173,view,2026-03-26 09:19:14
456,153,cart,2025-10-11 20:10:47
456,496,cart,2025-12-03 15:11:33
456,103,cart,2025-04-12 15:33:30
456,325,view,2025-12-23 00:49:24
456,430,purchase,2026-01-30 05:34:30
456,109,cart,2025-04-09 12:48:14
456,135,view,2026-02-01 16:55:00
456,152,purchase,2025-08-11 03:43:53
456,205,view,2026-03-25 05:34:20
456,319,purchase,2025-10-22 04:36:41
457,367,purchase,2025-09-30 11:56:37
457,48,purchase,2025-07-19 01:46:39
458,139,view,2025-04-14 11:47:40
458,290,purchase,2025-06-20 08:30:17
458,243,cart,2025-07-28 06:39:43
458,107,cart,2025-04-09 03:31:03
458,407,view,2025-04-19 06:57:10
458,333,cart,2025-07-19 02:17:39
459,411,cart,2025-07-19 23:21:51
459,221,purchase,2025-12-27 05:30:30
459,276,cart,2026-03-27 17:41:36
459,102,cart,2025-06-16 12:58:28
459,205,cart,2025-10-20 01:30:59
459,319,purchase,2025-08-29 07:53:31
459,232,purchase,2025-12-14 06:47:29
459,390,purchase,2025-10-19 23:07:51
459,92,view,2025-10-05 02:43:30
460,441,view,2025-12-15 23:54:55
460,295,cart,2025-04-22 20:23:52
460,109,purchase,2025-04-05 20:01:13
460,492,purchase,2025-12-04 00:56:29
460,480,cart,2025-12-04 21:12:16
460,137,purchase,2025-08-10 01:01:01
460,272,purchase,2025-09-15 19:22:41
460,436,cart,2025-08-15 07:46:51
460,478,purchase,2025-06-10 03:34:34
461,267,view,2025-05-15 20:49:15
462,236,view,2026-02-08 05:41:36
462,123,view,2025-04-13 02:33:16
462,382,purchase,2026-01-29 14:59:08
462,391,cart,2025-09-02 04:39:00
462,432,cart,2025-10-23 05:37:11
462,210,cart,2025-06-30 16:27:09
463,324,view,2025-08-12 17:20:16
463,433,cart,2025-08-11 11:23:49
464,421,cart,2025-09-27 17:17:32
464,330,view,2025-10-07 02:03:11
464,131,purchase,2026-03-22 13:51:51
464,307,view,2025-10-14 13:20:15
464,207,view,2025-07-14 15:20:33
465,76,view,2025-06-29 10:28:48
465,14,view,2025-06-20 20:13:48
466,237,cart,2025-05-11 15:43:10
466,286,cart,2026-03-26 16:30:58
466,216,purchase,2025-10-03 22:31:48
466,463,view,2025-12-14 03:15:15
466,103,view,2025-12-29 03:19:23
467,69,view,2025-10-08 07:51:26
467,132,cart,2025-12-01 21:41:11
467,337,purchase,2025-04-11 10:29:15
467,90,purchase,2025-07-22 23:21:28
467,436,view,2025-11-30 20:08:36
468,400,view,2025-10-15 11:14:57
468,28,view,2025-05-07 09:43:30
468,160,purchase,2026-03-22 01:17:23
468,152,view,2025-05-21 02:54:00
468,461,cart,2025-08-21 03:54:12
468,459,cart,2025-10-23 22:30:19
468,343,purchase,2025-07-12 11:54:03
468,453,view,2025-12-01 10:19:52
469,482,purchase,2025-06-20 11:28:26
469,431,view,2025-04-21 06:53:27
469,120,view,2026-02-02 09:04:15
469,292,purchase,2025-07-07 01:14:59
469,256,view,2025-08-04 05:23:44
469,267,purchase,2025-06-15 15:54:48
469,424,purchase,2025-11-30 03:51:43
470,128,cart,2025-08-05 22:52:50
470,452,view,2025-06-04 21:07:23
470,121,purchase,2025-06-27 01:17:23
470,62,cart,2026-03-30 00:52:46
470,168,purchase,2025-05-29 01:54:16
470,377,cart,2025-07-18 05:46:40
470,412,purchase,2025-12-27 22:05:02
470,380,view,2025-10-02 12:04:52
470,478,cart,2025-11-10 01:17:31
471,73,view,2025-12-23 15:08:15
471,89,view,2025-09-30 13:32:12
471,496,cart,2025-05-29 17:39:27
471,225,cart,2025-09-06 14:36:18
472,441,purchase,2025-06-10 00:09:13
472,28,cart,2026-01-27 20:44:12
472,273,cart,2026-01-22 01:33:19
472,358,view,2026-03-23 19:26:38
472,162,purchase,2026-01-07 07:31:52
473,243,purchase,2025-08-27 02:05:13
473,126,cart,2025-10-05 21:27:33
473,450,view,2026-01-05 05:21:20
473,185,cart,2026-03-29 17:53:13
473,366,cart,2025-06-30 12:03:58
473,420,cart,2026-01-25 15:49:22
473,10,purchase,2026-01-08 10:03:40
474,17,purchase,2026-01-19 06:14:49
474,339,view,2026-04-02 13:11:38
474,353,purchase,2025-12-30 07:59:06
474,122,cart,2025-07-02 20:42:27
474,282,cart,2026-01-01 21:19:20
474,158,purchase,2026-02-08 17:40:55
474,490,purchase,2025-08-30 17:35:36
474,185,purchase,2025-09-16 09:00:30
474,62,purchase,2025-12-08 21:43:34
474,443,view,2025-04-15 04:07:23
475,198,view,2025-06-29 00:15:55
475,465,cart,2025-04-30 11:14:15
475,474,cart,2026-03-06 12:01:02
475,154,view,2026-02-06 20:09:30
475,479,view,2026-01-26 16:12:12
475,152,view,2025-10-01 18:24:14
475,440,view,2026-02-06 15:48:03
475,468,cart,2025-09-28 11:15:47
476,450,purchase,2025-05-19 17:11:41
476,208,view,2025-12-30 01:00:56
476,140,view,2025-07-28 21:48:44
476,421,cart,2025-11-30 23:11:46
476,241,purchase,2026-02-10 08:27:17
476,211,cart,2026-02-12 17:36:17
477,448,view,2025-08-13 21:00:54
477,422,view,2025-11-17 05:27:43
477,357,cart,2026-03-31 08:36:04
477,259,view,2025-09-27 08:41:04
477,180,cart,2026-01-19 23:20:17
477,308,purchase,2025-07-25 02:06:33
477,416,purchase,2026-02-21 00:23:24
478,232,purchase,2025-05-10 14:46:39
478,14,view,2025-05-21 22:19:21
478,328,purchase,2025-10-18 16:18:20
478,94,purchase,2025-09-03 21:48:54
478,227,purchase,2025-12-13 15:16:27
478,69,view,2025-05-26 05:27:23
479,102,purchase,2025-07-25 13:41:45
479,156,cart,2025-12-18 07:11:14
479,294,view,2025-11-26 13:10:19
479,56,view,2026-02-19 10:05:02
479,127,purchase,2025-08-23 03:16:02
479,365,purchase,2025-05-24 00:06:38
479,390,view,2025-08-01 07:02:29
480,351,cart,2025-10-13 19:15:04
480,405,cart,2025-04-26 12:55:24
480,231,cart,2025-07-25 04:36:00
480,447,purchase,2025-08-19 07:25:00
480,68,cart,2025-05-30 06:07:12
480,88,purchase,2025-12-19 00:54:47
480,303,cart,2025-12-20 11:58:21
480,409,cart,2026-03-05 20:42:39
480,101,view,2026-03-27 12:58:44
480,212,cart,2025-12-15 00:17:51
481,201,cart,2025-08-05 22:16:46
481,483,purchase,2025-04-14 08:09:56
481,114,view,2026-02-10 07:26:35
482,472,purchase,2025-04-25 04:57:04
483,320,view,2025-08-12 10:09:56
483,464,view,2025-04-18 12:31:32
483,498,cart,2025-10-05 15:30:49
483,101,cart,2025-11-09 03:14:18
483,359,view,2025-11-09 11:38:53
483,25,cart,2025-11-20 08:22:16
483,316,cart,2026-02-27 13:29:44
483,307,cart,2025-09-21 02:17:52
483,76,view,2025-07-07 00:58:30
483,490,cart,2025-10-19 05:21:45
484,484,purchase,2026-01-20 11:55:38
484,60,view,2025-08-24 02:14:28
484,367,purchase,2026-01-15 06:48:11
485,395,cart,2025-04-05 21:01:32
485,423,purchase,2025-08-31 07:13:09
485,253,view,2025-11-22 01:11:32
485,114,purchase,2025-06-14 02:33:54
485,104,view,2025-11-29 15:43:27
485,484,cart,2025-08-21 00:41:19
485,147,purchase,2025-06-25 01:23:53
486,195,view,2025-04-20 23:32:46
486,220,view,2026-03-27 01:30:28
486,307,view,2025-09-24 18:35:44
486,421,cart,2025-05-27 12:16:14
486,372,purchase,2025-04-02 22:30:56
486,96,cart,2026-03-19 19:47:17
486,92,cart,2025-10-30 05:42:37
486,405,view,2025-11-15 11:10:09
487,148,cart,2025-08-14 05:41:43
488,316,cart,2025-12-06 18:57:51
488,464,view,2025-07-17 16:46:38
488,189,purchase,2026-02-24 13:04:43
488,350,purchase,2025-09-08 02:48:38
489,43,view,2025-08-24 15:58:44
489,240,view,2026-01-15 18:39:51
489,446,cart,2025-12-16 23:44:34
489,498,purchase,2025-10-04 19:07:09
489,203,purchase,2025-07-06 14:39:59
489,108,purchase,2026-01-18 15:33:50
489,196,purchase,2026-01-23 13:13:36
489,216,purchase,2025-08-21 09:17:55
490,131,view,2025-07-03 08:54:54
490,48,purchase,2026-01-13 17:25:38
490,30,view,2026-03-11 13:18:42
490,170,view,2025-07-30 08:35:52
490,241,cart,2025-09-09 17:09:04
490,310,purchase,2025-07-14 17:45:44
490,495,purchase,2025-06-27 10:00:53
490,363,purchase,2025-05-09 03:37:15
490,414,view,2025-12-15 10:52:25
490,2,cart,2026-01-31 20:45:35
491,317,cart,2025-07-21 05:32:36
491,154,cart,2026-03-24 14:58:16
491,343,cart,2025-08-19 03:03:55
491,67,purchase,2026-01-22 14:23:22
491,21,purchase,2025-05-14 20:30:00
491,91,cart,2026-02-22 22:16:36
491,86,purchase,2025-05-04 05:33:18
491,252,cart,2025-12-29 15:27:14
491,449,cart,2025-07-21 21:30:35
492,45,cart,2026-03-12 11:26:01
492,363,purchase,2026-03-03 04:00:43
492,221,view,2025-08-04 02:27:48
493,59,cart,2025-10-13 14:49:35
493,22,view,2025-07-22 15:05:52
493,255,cart,2025-09-11 12:01:13
493,382,cart,2025-08-08 14:45:39
493,474,cart,2025-07-28 23:24:38
494,462,cart,2025-07-17 01:17:51
494,313,cart,2025-07-29 12:35:23
494,264,cart,2025-06-25 10:46:01
494,223,view,2025-12-04 13:18:17
494,161,purchase,2025-10-15 07:58:59
495,391,view,2025-06-01 05:45:42
495,284,purchase,2025-10-16 02:55:16
495,325,cart,2026-02-21 04:24:05
495,27,view,2025-04-20 12:38:29
495,76,view,2025-05-18 23:30:11
495,117,view,2026-03-22 13:15:01
495,18,cart,2025-10-26 16:45:57
495,133,view,2026-01-18 00:25:20
496,223,view,2025-06-05 15:10:05
496,458,cart,2025-07-16 20:50:18
496,20,cart,2026-02-18 08:57:19
496,182,purchase,2026-03-25 19:46:47
496,287,cart,2025-06-29 12:21:39
496,234,cart,2026-03-13 02:40:19
496,57,purchase,2026-01-13 01:47:20
496,443,view,2025-12-27 20:30:16
497,178,view,2026-01-21 16:17:31
497,104,cart,2025-11-03 04:16:02
498,427,view,2025-07-06 03:48:47
498,383,purchase,2026-02-24 09:41:42
498,421,cart,2026-03-14 12:41:21
499,456,purchase,2025-05-04 06:52:32
499,299,view,2026-02-06 06:31:14
499,298,view,2025-06-28 23:20:43
499,269,purchase,2026-03-15 16:33:59
499,92,cart,2026-03-04 01:19:30
499,471,view,2025-07-22 09:47:31
499,126,cart,2026-03-29 07:29:44
499,346,view,2025-08-15 03:22:33
499,454,cart,2025-11-01 00:21:56
499,13,cart,2025-05-10 23:06:27
500,201,cart,2025-09-29 17:49:42
500,302,view,2025-12-18 14:45:24
501,78,view,2026-02-13 11:14:23
501,41,cart,2025-08-25 00:11:59
501,425,purchase,2026-02-07 03:29:40
501,337,cart,2025-09-04 10:30:22
501,232,purchase,2025-04-16 19:49:36
501,489,cart,2025-08-26 22:19:19
502,336,view,2025-12-26 08:11:44
502,168,view,2026-01-15 16:00:16
502,335,purchase,2025-08-17 09:36:54
502,486,cart,2026-02-07 22:19:16
502,166,purchase,2025-11-04 09:55:04
502,375,purchase,2025-11-19 12:08:51
502,66,view,2026-02-05 15:32:09
502,441,view,2025-05-26 03:16:03
502,410,purchase,2025-08-15 23:38:10
502,144,cart,2025-04-18 10:31:21
503,380,view,2025-08-22 07:36:24
504,487,purchase,2026-01-30 16:10:23
504,195,view,2025-12-05 07:08:37
504,204,cart,2025-06-29 02:49:43
504,91,view,2025-04-18 13:40:28
504,494,cart,2025-09-05 02:11:35
504,45,view,2025-12-17 23:55:47
504,436,view,2025-10-16 09:04:43
504,83,cart,2025-04-09 12:48:46
504,399,cart,2025-05-21 00:57:17
505,331,purchase,2026-02-22 11:30:46
505,78,view,2025-09-22 06:33:43
505,152,cart,2025-12-31 18:32:10
505,410,cart,2026-03-13 15:19:18
505,376,cart,2025-09-08 12:18:41
506,67,cart,2026-01-16 08:53:23
506,340,view,2025-04-17 08:05:46
506,426,cart,2025-06-27 08:47:18
506,262,view,2025-08-20 16:45:32
506,250,cart,2025-04-22 09:43:24
506,453,cart,2025-12-31 06:35:32
506,243,cart,2026-01-25 22:47:12
506,288,purchase,2026-02-26 21:50:03
506,216,view,2025-04-26 20:12:34
506,387,cart,2025-04-24 01:53:05
507,314,view,2026-02-15 17:14:12
507,222,purchase,2025-07-30 01:22:44
507,218,view,2026-03-03 01:50:33
507,20,purchase,2026-03-18 11:03:52
507,174,cart,2026-02-15 05:50:26
507,346,view,2025-06-06 10:16:47
508,476,cart,2025-04-08 07:55:02
508,269,purchase,2025-06-08 22:16:14
508,331,purchase,2025-05-06 07:17:53
509,148,cart,2026-03-08 06:04:56
509,223,view,2026-01-15 21:02:24
510,153,view,2025-07-24 05:10:37
510,65,purchase,2026-03-24 07:40:36
510,462,cart,2026-02-24 18:13:34
510,430,view,2026-01-23 09:51:33
510,267,cart,2026-01-04 02:40:28
510,151,purchase,2026-02-06 06:04:38
510,24,purchase,2026-03-17 06:19:17
510,39,view,2025-08-13 14:01:23
511,55,purchase,2025-08-06 21:37:43
511,217,cart,2026-03-21 05:02:24
511,48,cart,2025-10-12 21:16:46
511,338,purchase,2025-06-06 12:48:34
511,291,cart,2025-05-18 16:36:32
511,181,cart,2025-07-13 15:34:21
511,299,view,2025-08-06 14:54:39
511,393,purchase,2026-03-03 13:00:23
511,8,view,2026-03-11 14:12:46
512,91,view,2025-09-19 19:27:28
512,431,cart,2025-10-03 01:18:14
512,23,view,2025-06-18 21:03:50
512,213,purchase,2025-04-03 08:31:21
512,152,cart,2025-06-09 13:03:43
512,300,purchase,2026-03-16 12:42:16
512,232,purchase,2025-09-03 08:34:18
512,230,purchase,2025-09-10 09:24:14
513,174,view,2025-10-31 00:23:13
513,108,view,2025-12-28 04:30:52
513,40,purchase,2025-11-30 00:26:53
513,309,cart,2025-07-30 09:18:32
513,446,purchase,2025-09-02 15:35:56
514,222,purchase,2025-12-09 19:26:01
514,9,view,2025-10-07 13:13:49
515,59,view,2025-10-27 06:09:00
515,87,purchase,2025-09-13 20:36:38
515,244,cart,2025-08-27 11:41:47
515,354,cart,2025-06-28 15:17:53
515,444,purchase,2025-05-19 23:37:46
515,494,purchase,2026-02-08 00:58:24
515,308,purchase,2025-08-28 19:16:13
516,155,purchase,2025-11-08 21:00:46
516,416,purchase,2025-12-23 14:01:20
516,184,purchase,2026-03-27 18:20:58
516,344,purchase,2025-12-12 12:37:47
516,345,cart,2025-09-24 04:25:55
516,411,cart,2025-05-30 04:53:07
516,44,view,2026-03-20 20:03:17
516,69,view,2026-02-21 12:41:46
517,57,view,2025-06-17 11:20:23
517,356,view,2025-09-24 00:04:27
517,439,view,2025-10-06 10:17:15
517,107,cart,2025-12-15 06:52:31
518,332,view,2025-11-06 17:20:20
518,223,purchase,2025-05-28 13:46:30
518,439,purchase,2025-04-29 19:01:13
519,44,cart,2025-05-28 22:47:39
519,394,cart,2025-04-02 22:44:35
519,75,cart,2025-11-15 02:10:38
519,216,view,2026-01-05 04:44:03
520,85,view,2026-03-25 18:04:34
520,378,purchase,2025-12-15 09:40:45
521,493,cart,2026-01-21 18:06:28
521,241,view,2025-04-27 23:24:05
521,440,cart,2026-01-04 00:06:58
521,299,view,2026-03-08 06:40:34
521,103,cart,2025-07-03 19:57:21
521,291,cart,2026-01-29 18:04:44
521,26,cart,2025-05-10 12:35:13
521,4,view,2026-01-01 01:42:17
522,212,cart,2025-08-04 15:34:18
522,377,purchase,2025-06-16 22:56:35
522,305,purchase,2026-04-02 15:29:10
522,283,cart,2025-06-14 12:08:15
522,18,cart,2025-12-23 01:03:35
522,204,cart,2025-12-13 15:46:25
522,262,purchase,2026-02-19 03:00:42
523,478,purchase,2025-09-19 15:46:10
523,463,cart,2026-01-19 04:38:05
523,118,purchase,2025-12-04 23:32:57
523,31,purchase,2025-11-26 00:32:06
523,9,cart,2025-12-28 05:15:24
523,295,cart,2026-03-02 01:00:49
523,283,view,2026-03-16 18:05:34
523,137,purchase,2025-09-25 05:25:36
523,213,cart,2025-06-26 14:42:47
523,59,cart,2025-07-06 08:42:34
524,480,purchase,2025-11-03 06:13:16
524,177,cart,2025-06-09 16:43:59
524,357,cart,2026-03-12 10:11:32
524,10,view,2025-05-25 06:31:32
524,147,purchase,2025-11-20 23:44:53
524,98,cart,2026-02-09 03:50:26
524,176,cart,2025-09-14 21:06:35
524,118,purchase,2026-02-16 06:06:27
524,112,purchase,2025-04-16 18:57:23
524,465,purchase,2026-03-24 11:58:42
525,471,purchase,2025-10-07 15:39:07
525,436,purchase,2025-09-28 00:56:09
525,336,cart,2026-01-29 08:01:42
525,67,cart,2025-04-22 21:27:27
525,370,purchase,2025-04-13 13:07:01
525,199,cart,2026-03-28 20:03:12
526,407,cart,2025-08-05 08:02:58
526,409,view,2025-12-23 02:48:22
526,318,view,2026-01-19 18:49:36
526,144,purchase,2025-04-05 17:17:09
526,383,view,2025-05-30 00:02:34
526,341,cart,2025-05-26 23:06:22
527,88,view,2025-05-11 06:53:43
527,80,purchase,2025-04-30 10:02:05
527,251,view,2025-07-13 06:25:44
528,482,cart,2026-01-13 22:23:44
528,155,view,2025-04-19 00:49:34
528,107,purchase,2025-04-29 11:51:55
528,24,view,2026-02-15 22:02:22
528,183,cart,2025-04-13 09:12:47
528,182,purchase,2025-12-03 12:58:53
528,81,view,2025-12-30 14:09:17
529,16,view,2025-10-13 14:13:05
529,172,cart,2026-02-06 04:13:38
529,58,purchase,2025-11-11 08:39:16
529,116,view,2026-01-28 14:55:46
529,287,view,2025-12-10 13:45:50
529,249,cart,2025-09-21 06:59:13
529,174,cart,2026-02-21 11:21:52
529,393,view,2026-03-23 17:28:26
529,394,purchase,2025-12-10 23:50:31
530,458,view,2025-12-13 02:48:42
530,436,purchase,2025-04-22 13:01:45
530,447,purchase,2026-01-24 07:05:44
530,309,purchase,2025-05-26 09:19:59
530,53,purchase,2025-08-10 03:18:17
531,474,cart,2025-04-13 11:48:49
532,492,view,2026-03-20 09:29:51
532,499,view,2025-07-14 18:22:52
532,400,purchase,2026-03-23 19:41:00
532,312,view,2025-07-13 10:35:25
532,421,purchase,2026-01-06 05:26:46
532,21,purchase,2026-03-26 13:23:23
532,53,view,2025-09-06 08:06:52
532,322,view,2025-07-29 01:58:43
533,466,cart,2025-11-24 12:33:18
533,80,purchase,2025-10-05 09:22:30
533,149,purchase,2026-03-26 11:49:11
533,226,purchase,2026-01-08 06:14:22
534,375,view,2025-05-08 18:50:03
534,78,purchase,2025-08-28 07:39:13
534,186,cart,2025-08-10 03:17:15
534,419,view,2025-12-29 01:12:51
534,62,view,2025-10-27 09:05:06
534,224,cart,2025-08-08 03:23:52
534,393,view,2026-03-11 16:08:14
534,125,cart,2025-05-13 20:21:27
535,146,purchase,2026-03-09 12:33:28
535,87,view,2025-05-23 17:36:50
535,136,cart,2025-06-29 07:25:27
535,366,cart,2025-07-17 01:36:53
535,184,purchase,2025-08-24 16:53:43
535,340,view,2026-02-13 06:44:26
536,385,purchase,2025-08-18 13:45:08
536,215,view,2025-07-03 14:19:53
536,70,cart,2025-09-12 14:28:16
537,470,cart,2025-11-25 11:34:05
537,459,cart,2025-07-14 02:41:41
537,487,purchase,2025-12-09 13:34:46
537,406,purchase,2025-05-15 08:41:48
537,185,view,2025-06-14 10:47:39
537,226,view,2025-12-20 06:16:13
537,394,view,2025-10-20 11:52:02
538,483,view,2025-10-09 14:28:40
538,43,cart,2026-03-13 03:21:02
538,161,cart,2026-02-09 22:50:36
538,395,view,2025-04-05 05:18:40
538,222,view,2025-10-08 20:56:07
538,201,view,2025-11-24 05:22:15
538,338,purchase,2025-07-29 05:11:16
538,77,purchase,2026-03-10 05:36:19
538,29,purchase,2025-12-31 04:50:44
539,498,cart,2026-02-05 19:24:37
539,214,cart,2026-01-11 08:27:53
539,453,purchase,2025-05-23 10:32:14
539,358,purchase,2025-07-27 11:30:00
539,447,cart,2025-11-16 17:05:00
539,369,purchase,2025-08-23 05:55:27
539,160,cart,2025-12-30 11:46:29
539,4,cart,2026-01-28 10:31:07
539,460,purchase,2025-09-15 08:50:18
540,471,view,2025-06-19 10:02:43
540,358,cart,2026-02-08 06:01:43
540,228,purchase,2026-03-16 15:20:42
540,105,purchase,2025-06-17 04:15:01
540,319,purchase,2026-01-27 22:53:37
540,333,cart,2025-04-29 04:40:53
540,357,cart,2025-08-19 19:23:57
540,454,purchase,2025-07-05 19:33:02
540,207,view,2025-08-11 01:30:58
540,451,cart,2025-08-21 06:50:35
541,18,purchase,2026-01-21 03:49:24
541,171,cart,2025-06-09 04:00:54
542,266,purchase,2026-03-16 17:08:07
542,145,view,2026-03-01 10:16:33
542,47,purchase,2025-04-16 04:19:18
543,159,purchase,2026-01-24 15:51:23
543,174,purchase,2025-10-06 13:44:51
543,81,view,2025-06-11 22:07:59
543,14,purchase,2025-07-11 17:46:59
543,303,cart,2025-05-05 01:46:30
543,123,cart,2026-02-13 17:06:24
543,371,cart,2025-10-17 18:28:16
543,258,view,2026-02-21 10:57:44
543,374,view,2026-02-01 17:28:40
544,132,purchase,2025-12-05 02:32:13
544,259,cart,2026-03-02 08:19:28
544,63,view,2025-12-30 21:10:31
544,387,purchase,2025-05-11 19:10:46
544,481,view,2025-09-11 23:10:07
544,229,cart,2026-03-11 16:26:03
545,377,view,2026-01-21 16:37:12
545,232,cart,2025-06-14 03:12:17
545,120,purchase,2025-09-12 11:35:08
545,297,purchase,2025-07-25 20:50:13
545,365,purchase,2025-07-30 22:52:07
545,340,purchase,2025-11-15 19:23:49
545,432,purchase,2025-10-30 23:00:25
545,119,cart,2025-09-19 12:43:44
545,153,cart,2025-09-24 21:12:30
545,341,purchase,2025-10-13 02:27:18
546,344,view,2026-02-03 12:13:51
546,365,cart,2025-06-26 18:26:28
546,266,purchase,2025-08-09 21:22:23
546,126,view,2025-05-24 07:52:26
546,167,purchase,2025-06-06 01:20:23
546,298,view,2025-08-04 02:11:30
546,421,cart,2025-05-23 13:19:04
546,232,view,2025-06-26 15:31:55
546,75,purchase,2026-01-10 08:39:53
546,217,cart,2026-01-06 12:04:09
547,47,view,2025-07-21 19:31:59
547,217,view,2025-10-28 06:20:45
548,109,cart,2025-09-27 13:57:44
548,39,cart,2025-06-17 03:14:41
548,346,purchase,2025-09-03 07:20:20
548,206,purchase,2025-05-13 23:55:04
548,286,purchase,2025-10-08 13:14:36
548,398,cart,2026-01-01 20:54:25
548,446,cart,2025-09-23 05:23:31
548,299,cart,2025-07-16 06:19:36
549,225,purchase,2025-06-17 08:32:11
549,476,cart,2025-12-17 17:48:42
549,374,cart,2025-04-05 19:25:47
549,421,view,2026-03-04 18:01:41
549,73,purchase,2025-05-31 11:05:40
549,65,cart,2025-11-09 00:43:17
549,364,cart,2025-12-20 23:26:27
550,495,purchase,2025-12-30 02:35:41
550,262,purchase,2025-09-11 08:35:58
550,60,purchase,2025-07-07 15:22:02
551,233,cart,2025-07-06 05:33:25
551,16,purchase,2026-02-13 11:41:20
551,80,purchase,2025-09-18 00:10:05
551,189,view,2025-04-20 14:47:38
552,436,cart,2025-04-19 20:35:24
552,56,view,2025-07-23 15:53:17
552,189,purchase,2025-12-03 13:24:55
552,148,view,2025-06-17 16:11:54
552,267,view,2025-04-19 23:43:10
552,60,cart,2025-11-09 21:15:51
552,156,cart,2025-07-15 23:27:05
552,155,cart,2026-01-08 15:28:40
552,248,view,2025-08-12 01:52:38
552,405,view,2025-05-21 01:31:02
553,401,purchase,2025-09-02 09:09:54
553,215,view,2025-09-02 09:46:25
553,479,cart,2025-09-29 14:24:48
554,110,view,2025-09-01 19:14:31
554,419,purchase,2025-11-29 10:00:06
554,250,view,2025-09-12 03:08:13
554,62,purchase,2025-04-09 10:08:23
554,178,view,2026-02-23 19:46:46
555,213,cart,2025-05-23 02:23:34
556,158,purchase,2025-07-11 14:48:29
556,231,cart,2025-10-05 09:16:30
556,400,cart,2025-12-08 06:07:47
556,243,purchase,2025-08-08 18:29:07
556,426,purchase,2026-02-07 01:01:28
556,67,view,2025-08-14 13:39:12
556,258,purchase,2026-02-15 15:34:21
556,235,cart,2026-03-10 10:38:12
556,341,cart,2026-01-23 20:47:23
556,76,purchase,2025-07-08 00:04:15
557,45,purchase,2025-08-07 02:40:50
557,340,purchase,2025-06-07 21:36:43
557,209,cart,2026-03-24 15:25:41
557,119,cart,2025-04-29 21:43:31
557,173,purchase,2025-08-10 13:56:04
557,23,purchase,2025-12-25 12:49:46
558,376,cart,2025-04-11 15:17:37
558,330,view,2026-02-18 04:29:32
558,443,view,2026-01-07 23:43:48
558,362,view,2025-06-26 14:35:12
558,292,purchase,2025-05-30 22:50:31
558,407,purchase,2026-01-25 18:05:48
558,158,purchase,2025-07-01 15:06:08
558,330,view,2025-06-19 09:09:16
559,43,view,2025-06-03 17:13:43
559,489,purchase,2025-11-12 06:52:39
559,277,purchase,2026-01-16 22:44:51
559,387,view,2025-10-04 07:58:54
559,490,purchase,2025-06-24 00:14:35
559,267,view,2025-05-19 10:41:46
559,384,cart,2025-12-13 06:29:21
559,257,view,2025-12-05 06:37:28
559,61,purchase,2025-10-20 13:54:57
560,92,view,2026-02-26 04:52:20
560,140,view,2025-11-21 00:31:55
560,125,purchase,2025-06-29 00:34:27
560,429,purchase,2026-01-22 01:26:08
560,227,view,2025-10-02 15:32:13
560,413,purchase,2025-12-10 11:43:01
560,310,cart,2025-08-22 05:44:33
560,205,purchase,2025-05-26 13:16:46
560,23,cart,2025-04-16 08:31:28
561,174,cart,2025-05-31 12:55:05
562,212,view,2025-06-21 02:46:09
562,440,purchase,2026-01-03 00:47:07
562,162,cart,2026-01-02 13:26:17
563,46,view,2026-02-01 01:01:20
563,50,purchase,2025-04-23 03:59:22
563,86,cart,2025-10-27 04:04:34
563,73,view,2025-04-11 05:37:00
563,130,view,2025-09-18 09:17:05
564,157,cart,2026-02-05 18:48:17
564,347,view,2025-07-25 03:59:01
564,30,purchase,2026-03-31 04:52:52
565,92,view,2025-07-03 08:34:38
565,365,view,2025-04-03 02:28:18
565,152,cart,2025-07-17 06:22:35
565,50,cart,2026-02-18 23:17:40
565,72,cart,2025-11-20 11:10:26
565,457,cart,2025-07-11 16:01:33
566,192,view,2026-04-02 21:05:51
566,26,view,2025-07-04 04:33:09
566,122,purchase,2025-06-19 09:31:34
566,300,view,2025-04-10 23:43:24
566,252,purchase,2025-08-06 15:52:25
567,197,view,2026-01-10 01:54:25
567,137,view,2026-02-21 12:35:18
567,162,cart,2025-12-22 23:31:39
567,283,cart,2025-08-22 02:05:10
567,33,cart,2025-07-23 13:36:08
567,14,cart,2025-07-07 16:14:16
567,324,view,2025-04-21 06:14:20
567,467,view,2026-02-19 20:37:43
567,137,purchase,2026-02-16 09:12:42
568,345,view,2026-02-12 17:10:29
568,126,purchase,2025-10-26 20:34:30
568,333,view,2025-08-10 00:35:37
568,155,purchase,2025-10-04 08:36:47
568,208,cart,2026-01-10 22:11:31
568,42,purchase,2025-08-11 21:49:57
568,256,view,2025-04-25 08:35:26
568,400,view,2025-12-20 17:19:08
568,191,purchase,2025-05-10 20:16:51
568,86,view,2026-01-08 03:24:29
569,487,cart,2025-07-14 21:36:00
569,492,purchase,2026-01-15 20:46:53
569,231,view,2025-09-03 14:30:30
569,0,cart,2026-03-14 05:31:27
569,492,purchase,2025-06-30 20:00:10
569,148,purchase,2025-10-08 18:21:20
569,497,view,2025-08-05 11:51:53
569,0,view,2025-09-20 12:50:08
569,477,cart,2025-05-12 03:38:34
570,306,cart,2025-12-26 22:33:54
570,429,purchase,2025-09-16 01:10:04
570,194,cart,2025-08-09 16:36:57
570,431,purchase,2025-10-18 08:23:16
570,108,purchase,2025-10-27 07:13:57
571,144,view,2025-12-07 11:30:30
571,82,purchase,2026-02-14 15:19:21
571,273,purchase,2026-01-27 23:36:42
571,35,cart,2026-03-08 08:04:48
571,45,cart,2025-11-26 23:08:52
571,357,view,2025-09-05 07:12:06
571,425,view,2025-08-20 06:41:20
571,371,purchase,2025-07-22 00:26:54
571,143,cart,2025-12-27 08:22:42
572,312,purchase,2025-12-22 12:52:15
572,490,cart,2025-04-12 12:15:15
572,452,purchase,2026-02-26 19:36:12
572,484,cart,2025-11-10 06:13:30
573,385,purchase,2025-09-12 14:15:14
573,231,cart,2026-02-08 18:55:25
573,125,purchase,2025-11-04 11:07:52
573,164,cart,2026-03-22 04:53:41
573,107,cart,2025-09-08 20:52:19
574,168,view,2025-09-08 18:42:44
574,467,purchase,2025-10-30 06:21:20
574,68,purchase,2025-12-13 06:46:24
574,472,view,2025-11-24 05:36:50
574,311,cart,2026-02-15 12:02:21
574,2,view,2025-10-24 00:53:21
574,344,view,2026-01-28 20:50:09
574,211,purchase,2026-03-31 22:54:21
574,458,purchase,2026-02-07 01:59:53
574,360,cart,2025-11-04 12:07:40
575,275,view,2025-10-02 13:17:09
575,403,purchase,2025-11-20 21:02:23
575,333,view,2025-11-22 04:08:18
575,275,view,2025-11-11 20:38:44
575,456,purchase,2026-03-24 17:46:11
575,227,purchase,2025-07-13 16:42:45
575,63,cart,2026-01-30 05:57:21
576,423,purchase,2025-10-25 17:42:15
576,183,cart,2026-03-15 18:31:38
576,90,purchase,2025-07-03 06:01:32
576,4,view,2026-03-24 14:32:02
576,236,cart,2025-08-12 15:06:27
576,479,view,2025-12-12 05:28:33
576,227,view,2026-01-29 13:28:49
577,380,view,2025-06-03 16:26:42
577,388,cart,2025-11-04 10:25:13
577,348,purchase,2025-12-15 14:38:22
577,183,view,2025-09-13 16:57:51
578,417,purchase,2025-10-09 16:46:22
578,320,cart,2025-07-06 11:54:34
579,119,cart,2026-03-14 21:01:32
579,495,cart,2025-07-22 12:34:38
579,18,cart,2026-02-03 22:52:38
579,252,purchase,2025-07-09 06:46:00
580,107,view,2026-02-08 02:11:15
580,100,purchase,2025-06-22 22:05:46
580,202,view,2025-04-13 06:45:36
580,445,cart,2025-09-02 06:48:59
580,291,purchase,2025-05-26 22:50:05
580,252,view,2025-07-16 19:15:28
580,282,view,2026-02-28 07:59:09
580,337,purchase,2025-04-18 05:26:51
580,289,purchase,2026-02-17 08:54:19
580,349,purchase,2025-06-21 12:48:14
581,89,view,2025-08-27 21:33:44
581,301,view,2025-07-07 13:32:06
581,381,view,2025-07-02 10:30:57
581,65,cart,2025-08-03 08:01:49
581,477,purchase,2025-09-04 17:41:26
581,438,view,2025-11-18 14:47:34
581,451,purchase,2025-08-13 16:04:59
581,373,cart,2025-12-15 02:33:39
581,98,purchase,2025-11-23 10:59:48
581,11,purchase,2025-04-23 07:44:43
582,314,cart,2026-03-03 11:18:41
582,348,purchase,2025-12-27 21:24:45
582,452,cart,2026-01-07 20:55:07
582,1,cart,2025-11-09 23:23:38
582,328,purchase,2026-01-20 06:58:21
582,482,purchase,2025-04-23 12:08:16
582,26,cart,2025-12-25 19:04:20
582,221,cart,2025-07-20 18:41:33
582,140,view,2025-11-21 21:39:31
583,238,cart,2025-10-12 05:48:05
583,185,purchase,2026-02-27 00:32:43
583,388,view,2025-10-11 15:19:50
583,452,purchase,2026-03-04 19:26:10
583,114,view,2026-02-22 10:33:27
583,142,cart,2025-11-17 09:11:08
583,272,cart,2025-06-02 01:37:22
583,161,view,2025-12-03 00:25:39
583,200,view,2025-09-13 23:44:09
584,41,purchase,2025-09-02 18:11:11
584,413,view,2025-08-26 01:36:21
584,377,view,2026-03-31 06:38:28
584,353,cart,2026-04-02 11:28:39
584,490,view,2025-08-19 07:12:12
584,469,view,2025-10-13 20:11:44
585,84,cart,2025-04-09 09:29:23
585,159,view,2025-08-06 18:54:48
585,320,purchase,2025-07-23 01:49:08
585,49,view,2025-07-21 08:01:43
586,221,view,2025-10-09 07:43:34
586,303,purchase,2026-02-24 16:04:12
586,478,cart,2026-01-24 17:52:23
586,430,cart,2025-09-20 14:09:20
586,126,view,2025-12-05 00:38:32
586,242,view,2026-02-15 16:52:27
586,490,cart,2026-01-22 01:56:07
586,426,view,2026-02-15 04:26:18
587,266,view,2025-07-07 20:52:48
587,483,view,2026-03-11 15:13:26
587,397,purchase,2025-04-13 07:14:21
587,317,cart,2025-11-07 06:17:59
587,391,view,2026-01-04 10:55:26
587,320,cart,2026-02-24 21:15:54
588,63,view,2025-07-15 16:11:48
588,498,view,2025-04-30 22:03:45
588,469,view,2025-08-25 02:39:10
588,193,cart,2025-05-08 07:29:02
588,455,purchase,2025-05-30 20:29:30
588,33,view,2025-11-30 17:28:43
588,31,cart,2025-07-14 15:23:06
588,28,cart,2025-11-27 20:09:51
588,312,purchase,2025-04-20 05:47:40
588,221,view,2025-12-24 17:17:43
589,346,view,2026-03-13 11:05:27
589,286,view,2026-03-11 07:04:40
590,435,cart,2026-02-05 16:53:14
590,205,view,2025-05-04 11:44:11
590,316,cart,2025-07-22 00:17:12
590,119,purchase,2025-11-13 15:36:53
590,403,purchase,2025-12-04 22:07:17
591,5,cart,2025-10-08 17:43:51
591,196,cart,2025-04-06 11:07:06
591,407,cart,2025-06-12 08:53:50
591,450,purchase,2025-07-31 18:09:33
591,317,view,2025-06-28 04:08:36
591,173,purchase,2025-06-09 01:23:01
591,480,purchase,2025-05-20 02:51:12
591,400,view,2026-02-08 16:49:28
591,232,purchase,2025-10-31 22:47:36
591,168,purchase,2025-04-30 09:12:47
592,55,view,2025-08-14 23:06:22
592,6,purchase,2025-07-28 07:37:24
592,365,view,2025-06-25 17:35:53
592,303,view,2025-04-21 20:01:14
593,64,purchase,2025-12-21 11:00:17
593,260,cart,2026-01-04 17:00:21
593,181,cart,2025-04-27 20:51:46
593,246,purchase,2026-01-06 06:21:06
593,317,cart,2025-10-05 00:42:11
593,95,view,2025-04-25 14:25:32
593,70,view,2025-12-03 21:10:41
593,30,view,2026-03-03 03:23:31
593,159,purchase,2026-02-24 23:54:44
593,223,purchase,2025-09-14 17:06:19
594,159,purchase,2025-07-20 00:29:53
594,453,purchase,2025-09-05 10:00:19
594,397,view,2025-07-13 14:05:10
594,75,cart,2026-02-23 21:42:45
594,158,purchase,2025-07-26 14:38:52
594,175,cart,2025-11-11 09:40:13
595,496,view,2025-10-17 07:38:00
595,265,purchase,2025-09-15 04:09:55
595,336,purchase,2026-03-14 16:45:32
595,74,view,2025-09-06 09:10:39
595,121,purchase,2025-05-21 13:37:13
595,419,purchase,2025-08-30 18:06:29
596,216,cart,2025-12-09 11:32:48
597,499,view,2025-12-09 18:49:27
597,327,view,2025-05-25 18:07:21
597,402,view,2025-09-02 08:11:59
597,174,view,2025-05-21 08:54:15
598,355,purchase,2025-08-11 02:59:13
598,239,purchase,2025-12-06 03:39:46
598,354,cart,2025-05-06 22:42:05
598,436,purchase,2026-01-12 17:20:05
598,289,cart,2025-05-28 04:03:19
598,315,cart,2025-08-20 04:29:57
598,214,cart,2026-01-04 20:00:25
598,83,view,2025-05-04 05:10:17
599,448,view,2025-05-28 10:03:35
599,253,view,2025-09-12 11:32:32
599,471,view,2025-12-14 18:06:48
599,327,view,2025-10-29 05:27:15
599,354,view,2025-09-14 19:57:19
599,238,purchase,2025-11-21 03:27:25
599,109,view,2025-07-18 22:03:41
599,246,purchase,2025-12-14 15:53:29
600,413,purchase,2026-02-11 13:55:29
600,192,view,2026-02-02 06:06:31
600,204,view,2025-10-21 01:26:34
600,422,view,2025-06-01 13:46:54
600,185,view,2025-04-19 17:13:35
600,37,cart,2025-12-10 16:18:48
601,284,view,2025-04-08 11:58:36
602,148,cart,2025-08-25 02:59:30
602,99,purchase,2025-08-29 22:24:15
602,299,cart,2025-09-11 20:26:06
603,499,view,2025-11-25 08:50:26
604,101,cart,2025-04-26 19:42:54
604,89,view,2026-01-20 22:28:12
604,453,cart,2025-05-22 12:05:51
604,368,view,2025-12-17 20:56:23
605,433,purchase,2025-08-03 22:31:35
605,125,view,2025-11-27 04:54:58
605,100,view,2025-10-14 00:54:28
605,90,cart,2026-01-03 12:07:29
605,466,view,2025-12-08 21:16:41
605,10,purchase,2025-04-28 13:57:19
606,194,purchase,2026-03-19 22:16:53
606,403,view,2025-10-26 15:38:19
606,173,view,2025-09-16 05:14:55
607,233,view,2025-07-30 08:44:47
607,189,cart,2025-08-20 14:40:24
607,338,view,2025-10-01 18:52:36
607,481,purchase,2026-01-31 06:08:00
607,409,purchase,2025-12-07 09:16:30
608,449,purchase,2025-05-21 15:35:03
608,33,view,2026-03-13 16:13:21
608,73,view,2025-07-27 00:12:05
608,406,view,2026-01-19 15:27:15
608,98,purchase,2025-12-07 03:56:21
608,193,purchase,2025-12-25 13:45:51
608,191,cart,2025-07-26 15:03:17
609,219,purchase,2025-09-24 03:14:08
609,125,view,2025-05-20 08:21:42
609,390,purchase,2026-01-04 02:47:27
609,300,view,2026-02-08 15:14:29
609,437,purchase,2026-01-18 03:37:56
609,150,view,2025-12-20 07:14:13
609,167,view,2025-12-01 17:57:59
609,27,purchase,2026-01-09 20:32:25
609,407,cart,2026-03-26 15:38:12
609,446,view,2025-04-27 13:25:10
610,495,purchase,2025-08-22 03:05:44
610,453,cart,2025-04-02 18:51:18
610,107,purchase,2025-05-28 03:32:22
610,41,cart,2025-07-23 21:45:30
610,404,purchase,2025-05-15 13:05:03
610,314,view,2025-09-28 06:12:44
610,85,purchase,2025-05-29 08:07:36
610,198,purchase,2025-10-26 22:07:43
610,384,purchase,2025-10-15 03:33:14
611,255,purchase,2025-04-30 15:42:22
611,237,view,2026-03-29 02:33:54
611,164,purchase,2026-01-24 11:11:17
611,191,purchase,2025-05-19 19:50:24
611,355,cart,2025-07-04 12:44:26
611,366,cart,2025-09-10 17:26:07
612,137,purchase,2025-11-29 15:13:32
612,205,purchase,2026-01-12 19:05:11
612,471,purchase,2025-08-08 12:35:13
612,332,view,2025-06-20 03:57:34
612,106,view,2025-06-16 00:38:13
612,458,view,2025-07-22 05:01:29
612,231,view,2026-01-28 21:12:57
612,202,view,2026-03-17 06:24:30
613,217,cart,2025-06-11 22:02:21
613,292,view,2025-04-07 00:22:06
613,478,cart,2025-11-22 19:12:52
613,130,purchase,2025-04-03 12:18:30
613,43,view,2026-01-02 13:54:06
614,151,cart,2025-06-25 18:40:35
614,265,cart,2025-06-21 04:44:04
615,298,view,2025-12-30 03:56:49
615,238,purchase,2026-03-19 02:55:55
615,318,cart,2025-05-28 19:44:59
615,218,cart,2025-12-17 16:54:50
616,221,cart,2025-06-10 23:46:26
616,188,cart,2025-06-24 05:19:50
616,162,cart,2025-11-16 17:39:40
616,195,view,2025-04-03 13:49:33
616,91,cart,2025-07-22 13:40:32
616,119,cart,2026-03-20 20:44:18
616,330,view,2025-07-09 20:56:28
616,183,view,2025-07-24 06:10:54
617,431,purchase,2025-04-04 16:27:38
617,262,purchase,2026-01-06 13:16:57
617,329,view,2025-12-01 11:06:19
617,402,cart,2025-04-24 07:44:51
617,474,view,2025-12-28 05:37:26
618,60,view,2026-03-29 13:22:16
618,184,view,2025-06-19 21:47:37
619,102,cart,2025-10-24 16:18:16
619,100,purchase,2025-07-16 08:25:13
619,168,cart,2025-12-29 09:54:59
619,154,purchase,2025-04-28 04:08:13
619,417,purchase,2026-02-06 10:20:12
619,432,cart,2025-08-29 07:11:25
619,97,purchase,2025-05-10 11:43:46
619,309,view,2025-09-21 22:10:21
619,437,purchase,2026-03-03 03:42:52
620,467,cart,2025-10-29 12:55:13
620,4,cart,2025-07-12 04:45:09
620,144,cart,2026-01-25 10:39:30
620,400,cart,2025-09-27 12:00:15
620,484,cart,2025-12-03 16:53:40
620,420,purchase,2026-01-29 01:25:09
620,387,purchase,2025-08-27 22:38:44
620,6,cart,2026-02-10 04:03:42
620,334,purchase,2026-03-06 05:03:26
621,443,cart,2025-11-13 12:31:48
621,116,view,2025-06-07 18:26:34
621,370,purchase,2025-05-13 20:31:37
622,242,view,2025-10-23 01:34:31
622,264,purchase,2026-02-21 15:58:33
622,402,purchase,2026-03-06 20:17:30
622,387,cart,2026-03-21 08:37:35
623,174,view,2025-05-08 11:12:06
623,160,view,2025-10-19 20:32:39
623,219,purchase,2025-09-06 14:01:39
623,213,view,2026-03-18 08:28:36
623,224,cart,2026-01-20 06:29:44
623,436,purchase,2025-08-16 08:06:28
623,15,cart,2025-10-04 01:30:13
623,71,purchase,2025-05-28 18:16:44
624,156,purchase,2025-09-08 22:01:50
624,4,cart,2025-04-15 13:08:47
624,414,purchase,2026-03-13 13:40:26
625,173,view,2025-09-11 02:21:50
625,214,cart,2025-11-26 08:19:20
625,351,cart,2025-11-27 02:57:21
625,390,purchase,2025-04-17 00:49:59
625,275,cart,2025-11-02 02:10:34
625,166,purchase,2026-03-26 15:27:18
626,290,view,2025-05-02 19:50:06
627,78,cart,2026-03-05 02:54:31
627,290,purchase,2026-03-14 03:47:00
627,409,purchase,2025-09-06 20:09:38
628,293,cart,2025-05-18 18:18:59
628,195,view,2025-11-21 13:55:05
628,485,cart,2025-04-26 03:16:31
628,32,purchase,2026-01-01 02:29:24
628,197,view,2025-08-17 03:38:19
628,243,view,2025-04-13 11:35:26
628,168,purchase,2025-07-06 16:12:42
628,492,cart,2026-02-05 19:50:15
628,327,cart,2025-11-13 03:21:13
628,47,view,2025-07-06 00:53:14
629,345,purchase,2026-01-24 08:01:35
629,90,view,2025-07-06 07:55:51
630,250,view,2025-07-24 14:57:42
630,95,view,2025-10-06 14:32:06
630,35,cart,2026-03-01 02:26:24
630,145,view,2025-06-02 23:45:57
630,119,cart,2025-10-21 00:21:47
630,337,purchase,2025-05-30 18:52:19
630,35,cart,2025-04-13 12:16:58
630,29,cart,2025-07-04 03:23:11
630,265,view,2025-10-20 19:38:00
630,87,cart,2025-12-15 00:08:16
631,200,view,2025-07-09 09:22:32
631,56,view,2025-10-26 19:12:21
631,274,cart,2026-03-20 02:56:16
631,244,purchase,2026-01-02 22:26:38
631,35,cart,2025-08-16 15:01:25
631,489,view,2025-08-28 15:27:02
631,66,view,2025-11-22 23:21:41
632,221,purchase,2026-02-27 07:41:16
632,340,cart,2025-07-27 05:56:09
632,81,purchase,2025-06-03 12:54:35
632,294,cart,2025-11-26 07:46:08
632,300,view,2025-07-13 19:23:37
633,366,purchase,2025-06-03 14:28:35
633,234,cart,2025-09-02 17:58:56
633,103,view,2025-08-22 03:36:00
633,73,cart,2026-03-23 18:00:55
633,32,cart,2025-05-31 23:19:10
633,309,view,2025-10-26 14:50:46
633,269,cart,2025-05-13 00:21:47
633,466,purchase,2025-09-14 18:02:27
633,450,cart,2025-10-25 08:48:40
634,236,purchase,2025-08-12 05:25:25
634,20,purchase,2026-03-20 04:27:59
634,46,cart,2025-09-28 21:55:18
634,330,cart,2025-06-28 08:00:05
634,177,purchase,2025-07-11 06:42:52
634,431,purchase,2025-10-28 13:18:39
634,405,cart,2025-09-18 08:50:00
634,200,purchase,2025-04-13 09:21:46
635,212,view,2025-11-20 10:57:08
635,91,purchase,2025-04-08 08:35:51
635,375,cart,2025-10-22 23:10:48
636,196,purchase,2025-05-11 07:24:45
636,93,purchase,2025-05-09 00:54:11
636,291,view,2025-05-14 22:42:04
636,201,purchase,2025-08-14 10:47:16
636,484,view,2025-09-16 09:22:34
636,122,view,2025-06-17 12:48:33
636,140,purchase,2026-01-22 00:14:03
636,275,cart,2025-10-25 05:03:33
637,357,purchase,2025-10-12 17:47:43
637,369,view,2025-06-18 18:10:31
638,210,purchase,2025-10-14 14:53:46
638,62,cart,2025-09-05 00:29:55
638,39,view,2025-07-04 07:14:27
638,258,cart,2025-09-17 00:07:21
638,209,cart,2025-04-17 16:53:57
638,84,cart,2025-07-10 22:46:16
638,106,purchase,2025-12-24 18:38:51
638,22,cart,2025-05-15 16:37:26
639,37,purchase,2025-10-27 04:43:00
640,195,cart,2025-08-11 01:44:37
640,381,cart,2026-01-21 18:49:08
640,438,view,2025-10-12 04:50:03
640,203,view,2025-06-15 04:41:19
640,5,cart,2025-12-05 03:09:13
640,58,purchase,2026-03-17 09:25:12
640,469,view,2026-02-11 15:31:57
640,167,purchase,2025-04-29 15:36:58
641,248,cart,2026-03-19 08:01:19
641,34,view,2026-03-05 21:52:36
641,280,purchase,2025-07-16 23:17:21
641,124,purchase,2025-12-26 07:16:45
641,486,cart,2025-06-06 00:39:18
641,71,cart,2025-11-19 10:05:33
641,420,cart,2025-05-10 19:58:29
641,430,view,2025-11-28 03:28:12
642,429,view,2025-04-28 04:38:17
642,310,view,2025-10-28 21:00:28
642,90,cart,2026-01-23 13:57:24
643,273,purchase,2025-05-22 13:19:37
643,200,view,2026-02-23 06:46:23
644,343,view,2025-10-27 03:15:14
644,346,cart,2025-06-06 14:43:30
645,225,cart,2025-04-19 09:09:14
645,91,view,2025-07-20 03:42:51
645,365,view,2025-04-22 09:37:39
646,110,cart,2026-03-11 20:07:40
646,356,view,2026-02-21 15:32:12
646,428,purchase,2026-01-18 09:49:50
646,415,purchase,2025-04-17 12:19:05
646,328,purchase,2025-06-16 15:59:07
646,366,purchase,2025-05-28 07:50:40
646,459,view,2026-03-03 04:42:21
646,199,purchase,2025-08-22 02:10:34
646,157,cart,2026-03-31 05:39:35
647,306,view,2026-02-17 16:18:03
648,395,cart,2025-07-27 13:08:04
649,475,view,2025-06-02 12:32:19
649,191,view,2025-12-01 18:04:11
649,102,view,2025-05-16 16:07:40
649,8,cart,2025-08-17 16:09:26
650,7,cart,2025-12-24 22:34:13
651,348,purchase,2025-07-07 18:27:20
651,32,view,2025-08-22 20:53:02
651,490,view,2026-01-02 07:33:08
651,408,purchase,2025-11-07 15:48:41
652,370,view,2025-12-23 20:24:03
652,22,cart,2026-03-16 19:30:16
652,262,view,2026-03-18 03:37:43
653,165,purchase,2026-01-28 23:41:43
653,320,view,2025-07-18 09:55:12
653,319,view,2025-08-21 02:03:15
653,478,purchase,2026-01-21 09:38:56
653,202,cart,2025-10-20 10:13:30
653,61,view,2025-12-23 12:05:07
654,54,cart,2026-01-25 05:12:47
654,165,view,2025-08-11 05:43:07
654,7,cart,2025-06-16 21:29:08
654,334,cart,2025-09-19 14:49:06
655,199,view,2025-05-30 14:31:32
656,112,view,2026-02-11 08:40:59
656,336,cart,2026-02-02 17:00:32
656,332,purchase,2025-08-07 06:32:13
656,188,view,2025-07-27 23:37:39
656,34,view,2025-09-13 06:11:07
656,210,cart,2025-08-30 06:11:06
656,392,purchase,2025-12-11 14:55:33
656,255,view,2025-04-15 09:33:47
657,405,purchase,2025-07-26 12:07:06
657,87,cart,2025-05-27 16:38:10
657,491,view,2025-05-15 04:15:12
657,307,cart,2025-09-13 02:55:44
657,323,purchase,2025-08-01 16:37:57
657,198,purchase,2025-12-27 06:08:17
657,473,purchase,2026-02-20 17:10:36
657,68,cart,2025-05-26 20:26:05
657,89,purchase,2025-06-30 10:58:40
658,435,purchase,2025-05-11 20:43:25
658,246,view,2025-07-30 17:51:37
658,171,view,2025-06-19 16:38:14
658,311,purchase,2026-02-12 09:39:40
658,229,cart,2025-05-05 14:10:28
658,261,purchase,2025-12-27 11:17:53
659,257,purchase,2026-03-20 03:55:10
659,360,view,2025-08-15 19:07:16
659,119,view,2025-07-04 07:58:35
659,315,view,2025-06-15 23:24:09
660,121,purchase,2025-08-11 17:59:54
660,219,view,2025-10-31 03:25:51
660,317,view,2026-01-29 02:04:03
660,30,view,2025-11-08 13:56:19
660,191,cart,2025-06-02 06:48:21
661,103,view,2025-06-21 20:34:36
661,192,view,2025-10-08 11:33:06
661,328,view,2026-02-10 03:49:12
661,121,purchase,2026-02-17 03:42:48
661,306,cart,2025-10-11 15:42:17
662,68,cart,2025-07-11 16:03:41
662,162,purchase,2025-10-01 19:01:31
662,402,view,2025-08-22 16:26:10
662,266,cart,2025-09-18 23:52:18
662,331,cart,2025-08-18 05:36:35
662,384,view,2025-07-15 11:40:59
663,433,purchase,2025-06-15 12:48:13
663,169,cart,2025-12-30 00:50:22
663,124,view,2025-06-30 06:18:28
663,276,view,2025-06-08 08:25:52
664,410,purchase,2026-01-18 17:14:08
664,356,purchase,2025-12-24 16:08:06
664,113,purchase,2025-11-18 08:50:57
664,446,cart,2026-03-04 22:43:07
665,164,view,2026-01-12 13:28:43
665,226,purchase,2026-01-21 18:24:44
665,3,view,2025-06-07 20:52:39
665,445,cart,2025-04-28 20:57:44
665,35,view,2025-09-09 14:22:30
665,26,purchase,2025-10-29 23:34:57
665,72,view,2025-06-24 02:21:29
665,64,view,2026-03-17 12:57:36
665,88,purchase,2026-01-24 12:43:03
666,425,view,2025-08-29 13:34:05
666,120,purchase,2025-12-27 00:31:38
666,40,cart,2025-07-27 02:34:54
666,371,cart,2026-03-04 20:26:01
666,159,view,2026-03-03 04:17:11
666,369,view,2025-05-20 13:53:12
666,125,cart,2025-11-18 18:48:29
666,90,purchase,2025-11-09 22:35:46
666,127,cart,2025-05-14 04:24:49
667,295,cart,2025-04-29 07:37:54
667,495,purchase,2026-03-01 08:52:05
667,103,cart,2026-02-24 16:37:19
667,441,cart,2025-12-31 07:03:33
667,40,cart,2025-09-27 10:08:42
668,193,view,2025-05-20 10:06:13
668,241,cart,2025-09-15 11:09:06
668,216,purchase,2025-09-14 12:48:39
668,312,purchase,2025-06-25 02:34:00
668,221,view,2026-03-08 13:19:10
668,419,cart,2025-11-08 04:45:49
668,10,cart,2025-09-09 00:22:08
669,437,view,2025-11-22 09:09:56
669,388,cart,2025-07-25 22:04:42
669,304,purchase,2025-08-05 05:21:54
669,78,purchase,2026-03-23 22:05:10
669,372,view,2025-08-27 11:19:41
669,131,cart,2025-11-28 13:05:06
669,237,cart,2026-03-17 05:32:28
670,145,cart,2026-04-01 12:10:06
670,287,purchase,2025-10-25 18:50:56
670,246,view,2026-02-10 17:03:29
670,170,view,2025-12-05 10:23:13
670,366,cart,2025-10-15 04:06:15
670,100,view,2025-07-10 09:40:20
670,469,view,2025-05-04 11:37:25
670,2,view,2025-05-16 14:06:29
671,373,purchase,2026-03-06 21:06:05
671,191,cart,2025-08-14 05:18:39
671,207,cart,2025-12-21 08:07:53
671,481,cart,2025-07-02 12:01:16
671,496,purchase,2025-09-07 13:14:54
671,191,cart,2025-09-23 10:28:05
671,250,cart,2025-12-22 09:43:15
671,328,purchase,2025-11-05 19:12:01
671,36,cart,2025-06-04 23:51:09
672,471,view,2025-10-30 05:10:31
673,477,purchase,2025-06-19 04:30:38
673,83,view,2025-12-20 20:00:23
673,390,cart,2025-10-04 09:46:49
673,490,cart,2025-04-04 02:59:17
673,394,purchase,2025-05-31 10:51:13
673,178,purchase,2025-12-07 02:42:04
673,363,cart,2025-11-26 09:02:02
674,356,view,2026-03-02 17:28:54
674,333,cart,2025-10-23 12:11:52
674,474,cart,2025-09-28 07:35:59
674,376,view,2026-03-10 00:55:29
674,124,cart,2026-02-26 14:36:59
674,17,cart,2025-09-24 16:23:37
675,357,purchase,2025-09-09 08:47:23
676,133,purchase,2025-11-16 01:23:18
676,233,purchase,2025-11-23 09:38:45
676,75,cart,2026-03-14 00:52:15
677,308,purchase,2025-11-22 04:17:43
677,487,purchase,2025-04-25 10:24:54
677,430,view,2025-07-11 00:21:05
677,6,view,2026-01-05 02:23:43
678,329,purchase,2025-07-03 07:01:25
678,469,cart,2026-03-01 01:53:32
679,361,purchase,2026-01-29 21:30:29
679,498,view,2025-12-11 09:07:13
679,265,view,2026-03-07 14:16:25
679,448,cart,2025-12-26 10:08:40
679,84,cart,2025-06-05 15:36:46
679,129,purchase,2025-05-21 05:18:30
679,154,purchase,2026-02-11 04:06:57
680,337,cart,2025-05-25 22:13:32
680,300,cart,2025-09-09 22:16:24
680,375,cart,2026-03-29 18:31:59
680,385,purchase,2026-03-06 11:41:52
680,445,view,2025-05-05 11:51:53
680,55,purchase,2025-11-05 17:12:19
680,293,cart,2026-02-24 23:38:48
680,416,view,2025-11-27 22:50:55
680,137,purchase,2025-09-01 13:11:01
681,476,purchase,2026-03-23 08:22:41
681,203,purchase,2025-06-08 20:21:34
681,157,view,2026-02-14 05:47:01
681,86,cart,2025-11-05 22:08:13
682,49,view,2026-02-14 05:35:40
683,268,cart,2025-10-20 07:20:01
683,335,cart,2025-09-17 23:40:11
683,375,cart,2026-03-23 07:31:48
683,87,view,2025-09-14 04:43:31
683,191,view,2025-07-05 23:49:05
683,360,view,2025-07-03 04:54:44
683,101,cart,2026-01-20 15:49:28
684,257,view,2025-12-13 15:03:05
684,230,purchase,2025-12-21 18:25:58
684,416,view,2025-12-25 16:19:37
685,102,view,2025-07-04 21:51:14
685,383,view,2025-08-26 20:15:44
685,414,view,2025-07-14 22:42:39
686,461,cart,2025-08-30 23:57:51
686,225,purchase,2026-03-25 23:21:43
686,467,purchase,2025-08-06 21:24:15
686,55,purchase,2025-06-28 02:31:57
686,85,view,2025-06-25 20:25:57
687,43,cart,2025-05-20 20:47:17
687,63,cart,2025-07-31 14:53:37
687,32,cart,2025-10-24 14:18:22
687,15,purchase,2025-08-06 22:26:00
687,120,cart,2026-02-04 18:33:33
688,344,view,2026-01-13 11:37:37
688,4,view,2025-04-06 01:54:39
688,136,view,2025-04-14 16:03:23
688,340,purchase,2025-11-15 16:42:43
688,404,view,2025-07-24 07:12:18
688,49,view,2026-02-28 08:46:35
688,267,view,2025-08-01 02:42:35
688,192,purchase,2025-10-24 18:06:10
689,492,cart,2026-02-04 00:58:17
689,477,cart,2025-11-12 14:28:20
689,242,cart,2025-10-24 09:37:59
689,309,cart,2025-08-28 14:16:54
689,172,cart,2025-10-22 23:53:52
689,349,cart,2025-12-19 03:05:52
689,161,view,2026-01-28 10:13:31
689,481,cart,2026-04-01 05:40:31
689,340,cart,2025-08-12 17:12:28
690,312,view,2025-07-18 22:46:42
690,499,cart,2025-07-16 12:09:02
690,447,cart,2026-01-17 00:44:24
690,412,view,2026-03-09 20:15:44
690,1,cart,2025-11-24 22:43:20
690,445,purchase,2025-11-15 12:26:10
690,205,purchase,2025-12-12 07:35:50
691,13,purchase,2025-09-01 02:36:37
691,62,purchase,2026-03-09 08:55:03
691,143,purchase,2025-11-18 19:34:21
692,188,cart,2025-06-20 04:41:16
692,316,purchase,2025-04-21 23:35:49
692,337,cart,2026-03-15 19:25:29
692,263,cart,2025-08-09 09:25:51
693,1,purchase,2025-08-30 16:12:14
693,490,cart,2026-01-22 10:33:47
693,8,purchase,2025-09-29 07:58:24
693,184,view,2025-08-28 15:11:19
694,347,cart,2025-06-22 22:20:54
694,119,purchase,2026-04-02 06:57:43
694,248,cart,2025-08-05 16:36:58
694,378,purchase,2026-01-28 18:07:31
694,406,view,2025-06-13 02:22:21
694,178,cart,2026-01-01 03:19:49
695,337,purchase,2026-01-13 20:32:25
695,463,view,2025-04-26 04:14:04
695,375,cart,2025-10-06 02:39:18
695,150,purchase,2026-03-15 02:40:24
695,99,purchase,2025-09-20 19:50:28
695,73,purchase,2025-07-12 21:30:27
695,448,purchase,2025-04-07 22:08:48
695,401,purchase,2025-11-16 08:37:55
696,16,view,2025-05-25 11:19:14
696,254,view,2025-08-08 13:33:07
696,154,purchase,2025-07-20 08:10:46
696,280,cart,2025-04-12 13:11:56
696,86,cart,2025-05-22 05:02:22
696,488,view,2026-01-18 09:23:55
696,246,purchase,2025-10-02 04:55:06
696,276,view,2025-07-07 23:49:01
696,124,view,2025-08-14 20:28:26
697,385,purchase,2026-01-21 23:59:47
697,358,view,2025-06-11 18:52:15
697,54,cart,2025-12-26 22:30:14
698,82,cart,2025-04-05 09:02:50
699,392,cart,2025-09-04 00:28:07
699,112,purchase,2025-06-04 05:26:54
699,131,purchase,2025-06-24 03:52:21
699,243,purchase,2026-03-12 23:49:32
699,63,purchase,2025-08-04 23:19:02
699,69,purchase,2026-03-16 06:56:13
699,324,purchase,2025-11-29 00:45:26
700,46,purchase,2026-01-15 12:40:56
700,170,view,2025-10-22 09:31:38
700,477,purchase,2025-05-19 04:58:54
700,392,purchase,2025-09-14 11:46:15
700,33,purchase,2025-11-04 23:14:28
700,175,cart,2026-03-18 03:38:33
700,466,purchase,2025-12-07 22:52:50
700,380,purchase,2025-09-29 22:29:19
701,334,purchase,2025-12-29 21:52:21
701,401,purchase,2025-06-13 08:25:11
701,494,cart,2025-12-02 23:14:17
701,413,view,2025-09-16 06:51:48
701,114,cart,2025-05-10 21:07:08
701,59,cart,2026-03-30 00:57:20
701,44,view,2025-06-01 13:41:48
702,174,purchase,2025-07-29 04:35:30
702,303,view,2026-03-29 21:49:04
703,293,cart,2026-02-26 03:19:02
703,65,cart,2025-06-17 08:08:42
704,295,purchase,2025-05-09 11:26:52
704,0,cart,2025-09-04 15:05:43
704,31,purchase,2025-04-06 03:06:59
704,274,view,2026-03-18 18:11:44
704,433,cart,2025-04-23 05:24:18
704,216,cart,2025-04-17 23:56:08
704,394,cart,2025-11-09 08:36:28
705,266,purchase,2025-06-16 02:31:10
705,308,purchase,2025-10-28 02:44:05
705,113,view,2026-03-02 23:36:12
706,4,purchase,2026-02-19 13:39:00
706,436,cart,2025-09-08 21:50:14
706,161,view,2025-06-07 06:11:39
706,417,cart,2025-05-06 02:31:12
706,428,view,2025-09-05 23:43:53
706,255,purchase,2025-04-12 17:41:25
706,233,view,2026-01-20 13:06:50
707,145,view,2025-11-27 03:46:14
707,382,purchase,2025-05-08 06:29:06
707,434,purchase,2025-07-29 03:20:54
707,17,purchase,2025-12-11 08:40:42
707,163,cart,2025-08-24 09:50:39
707,257,purchase,2026-03-04 12:35:54
707,63,cart,2026-02-11 14:01:16
707,434,purchase,2025-11-14 09:59:08
707,293,cart,2025-08-21 14:17:32
707,323,view,2025-09-02 20:05:20
708,149,purchase,2025-06-01 05:43:27
708,494,cart,2025-11-02 16:50:53
708,30,cart,2025-06-27 04:18:26
708,78,purchase,2026-03-06 13:44:27
708,107,purchase,2025-12-24 10:53:37
708,478,view,2025-10-03 04:31:36
708,358,purchase,2025-08-20 22:00:25
708,26,view,2025-12-18 21:47:04
709,372,cart,2025-04-08 09:34:55
709,153,purchase,2025-07-17 05:17:10
709,467,view,2025-04-03 20:18:06
709,11,purchase,2025-11-29 03:26:17
709,200,cart,2025-06-20 19:12:06
709,216,purchase,2025-09-15 03:19:49
709,242,cart,2025-11-21 12:36:58
709,387,cart,2025-06-04 09:36:52
710,36,purchase,2025-08-22 08:59:11
710,372,cart,2026-03-28 10:03:45
710,144,purchase,2025-05-31 10:46:06
710,472,view,2026-02-19 16:10:27
710,358,purchase,2026-01-27 18:41:49
710,201,view,2025-05-03 08:40:52
710,67,cart,2025-11-10 05:41:23
711,443,view,2026-01-24 09:58:21
711,435,purchase,2026-02-09 06:45:48
711,155,cart,2025-12-06 03:45:52
711,335,view,2025-07-30 20:00:46
711,295,view,2025-04-24 03:12:31
711,226,purchase,2025-11-22 07:51:38
711,247,cart,2025-08-10 11:40:22
711,459,view,2025-04-22 00:55:36
711,107,view,2025-08-20 01:30:14
711,411,purchase,2025-11-10 03:05:57
712,376,purchase,2025-12-10 04:49:23
712,4,cart,2025-04-09 13:27:34
712,371,purchase,2026-03-18 11:51:08
712,52,purchase,2025-09-08 17:12:46
713,192,cart,2025-05-06 05:47:41
713,347,view,2025-08-25 08:06:07
713,474,view,2026-03-01 09:55:31
714,182,cart,2026-01-03 12:38:14
714,91,view,2025-04-08 12:40:30
715,263,purchase,2025-07-29 12:00:11
715,173,purchase,2025-04-21 21:09:23
716,496,view,2025-08-20 21:07:52
716,321,purchase,2025-11-12 21:30:45
716,206,view,2026-03-01 16:49:18
716,17,view,2025-09-10 17:22:31
716,123,cart,2025-12-05 02:11:43
716,250,cart,2025-11-06 21:55:56
716,352,purchase,2026-01-10 08:08:34
717,334,purchase,2026-03-30 22:17:17
717,192,purchase,2025-12-13 01:25:50
717,407,purchase,2026-02-21 13:01:39
718,398,cart,2026-03-20 00:35:30
718,442,purchase,2026-01-11 14:31:37
719,140,purchase,2025-05-23 19:59:29
719,334,cart,2025-09-01 06:22:40
719,188,view,2025-05-26 22:35:14
719,61,view,2026-01-05 13:01:01
719,42,view,2025-11-19 01:49:46
719,250,purchase,2025-09-07 20:00:02
719,342,purchase,2026-04-02 02:33:29
720,11,purchase,2025-07-11 06:02:42
720,293,purchase,2026-03-20 15:17:20
720,245,cart,2026-03-25 08:49:35
720,355,purchase,2025-10-12 12:55:14
721,406,purchase,2025-09-01 23:15:27
721,92,cart,2026-02-01 07:08:34
722,330,purchase,2025-04-23 10:21:07
722,222,cart,2025-06-16 17:30:29
722,292,view,2026-02-22 21:13:50
722,50,cart,2025-06-20 15:46:48
722,32,purchase,2025-04-13 23:23:26
722,465,purchase,2026-01-07 07:04:04
722,94,cart,2026-03-23 21:49:27
722,416,purchase,2026-03-06 09:47:36
723,201,purchase,2026-02-01 14:24:22
724,401,purchase,2025-09-21 13:21:07
724,250,view,2025-12-25 10:31:49
724,265,purchase,2025-06-29 06:00:06
724,275,purchase,2025-05-23 09:37:02
724,419,purchase,2025-10-31 11:10:16
724,63,view,2026-02-03 01:03:37
724,494,purchase,2025-11-28 02:36:04
724,459,view,2025-11-27 04:34:52
724,92,purchase,2025-09-18 04:46:17
725,2,purchase,2025-07-20 17:37:34
725,228,cart,2025-05-27 02:53:47
725,62,view,2025-09-10 23:07:03
726,294,view,2025-12-07 00:58:35
726,334,view,2025-10-19 19:27:18
726,44,purchase,2025-08-11 15:53:11
727,435,view,2026-03-19 17:21:40
727,43,view,2025-08-05 07:21:09
727,259,cart,2025-12-07 12:37:53
727,186,purchase,2025-11-23 23:26:51
727,87,cart,2026-02-14 08:22:46
728,127,cart,2025-09-10 01:17:18
729,484,purchase,2026-03-27 15:20:08
730,337,purchase,2025-10-13 13:29:09
730,227,view,2025-08-01 14:46:47
730,295,cart,2025-11-01 19:32:52
730,355,cart,2025-12-26 15:36:38
730,267,cart,2025-08-02 11:08:43
731,275,purchase,2025-12-09 03:18:49
731,107,purchase,2025-11-25 12:06:16
731,50,purchase,2025-09-23 20:42:46
731,419,view,2025-12-06 11:58:37
731,121,view,2026-01-27 21:32:22
731,96,view,2025-06-20 03:40:30
731,153,view,2025-07-24 15:17:14
731,490,view,2025-04-10 15:29:39
731,308,purchase,2026-02-15 05:34:11
731,110,purchase,2025-07-08 10:45:25
732,142,view,2025-12-06 12:20:02
732,373,purchase,2026-02-05 12:09:08
732,216,view,2026-01-21 15:13:00
732,281,cart,2025-07-02 00:30:49
732,133,cart,2025-06-09 10:02:07
732,332,view,2025-05-20 21:15:48
733,233,view,2026-03-14 01:52:05
733,483,cart,2025-10-07 15:42:47
733,346,cart,2026-02-11 22:37:11
733,481,purchase,2025-04-09 06:27:57
733,73,purchase,2025-08-29 12:47:16
733,104,view,2025-10-21 12:29:26
733,322,purchase,2025-04-14 08:34:45
734,324,purchase,2025-04-15 07:47:13
734,330,view,2025-04-19 11:58:02
734,365,cart,2025-05-15 17:06:43
734,288,purchase,2026-01-30 17:08:11
734,331,purchase,2025-05-09 21:30:40
735,83,cart,2025-11-20 07:59:36
735,420,view,2025-12-04 03:41:26
735,161,cart,2025-10-16 08:00:46
735,194,view,2025-11-15 09:09:27
735,493,purchase,2025-11-15 21:12:24
735,126,view,2025-10-03 23:21:07
735,138,view,2025-08-07 07:44:06
735,272,view,2026-01-12 09:31:50
735,350,purchase,2026-03-03 23:07:16
735,208,view,2025-04-05 18:31:45
736,327,view,2025-10-18 05:36:50
736,185,cart,2025-07-16 00:36:11
736,398,cart,2025-10-22 13:38:18
736,74,view,2025-12-08 23:02:35
736,140,view,2025-05-16 09:05:40
736,50,cart,2025-11-29 03:49:19
737,193,view,2025-06-19 11:36:06
737,400,view,2025-05-29 20:39:00
737,89,purchase,2025-04-06 01:42:06
737,372,cart,2025-08-16 18:08:34
738,420,cart,2025-07-18 13:23:10
738,48,purchase,2025-08-02 22:17:41
738,178,purchase,2025-11-02 14:44:20
738,292,cart,2025-10-16 21:20:56
738,282,cart,2025-09-15 13:20:33
738,311,view,2026-02-17 07:26:59
738,459,view,2025-05-25 12:33:52
738,87,cart,2026-03-06 09:25:18
738,484,cart,2025-05-26 23:15:03
738,92,cart,2025-09-20 14:17:40
739,282,purchase,2025-05-01 14:28:36
739,451,cart,2025-12-15 08:06:52
739,244,purchase,2026-02-14 00:20:40
739,65,cart,2025-07-14 04:12:52
739,4,purchase,2025-08-07 19:06:21
739,262,purchase,2026-02-13 11:31:15
739,79,purchase,2026-03-19 09:13:59
739,64,view,2026-03-10 22:43:29
739,193,purchase,2025-08-30 20:38:16
740,27,purchase,2025-09-03 07:13:26
740,327,cart,2026-02-20 01:54:31
740,362,view,2026-03-19 23:36:40
740,347,purchase,2025-09-03 21:34:54
740,214,purchase,2026-02-27 06:14:08
741,93,cart,2025-10-05 13:23:11
741,181,cart,2025-07-08 02:44:07
741,257,cart,2025-04-28 19:13:26
741,141,cart,2025-09-24 03:00:55
741,266,purchase,2025-06-01 02:53:53
741,451,view,2026-01-04 08:50:49
741,156,purchase,2025-05-13 18:58:21
741,439,view,2025-04-14 12:41:02
742,208,cart,2026-01-16 06:02:38
742,432,view,2025-10-06 13:35:19
742,324,view,2025-06-28 12:50:54
742,39,purchase,2026-02-08 21:51:28
742,122,view,2025-05-09 07:48:32
743,294,view,2026-01-17 21:13:54
743,43,purchase,2025-09-11 05:59:47
743,146,purchase,2026-03-08 08:06:11
744,413,view,2026-01-12 19:44:54
744,492,cart,2025-08-25 08:02:04
744,346,purchase,2025-12-15 14:16:09
744,477,purchase,2026-02-19 07:31:38
744,69,cart,2025-10-01 23:51:23
744,254,purchase,2025-05-26 15:01:17
744,350,purchase,2025-11-17 12:51:44
744,454,purchase,2025-04-07 03:14:41
745,207,view,2025-11-06 17:39:16
745,315,view,2025-10-24 06:48:09
746,365,cart,2025-05-18 07:38:02
747,383,cart,2025-10-22 15:54:30
747,125,purchase,2026-01-19 16:04:55
747,338,purchase,2025-08-16 02:35:15
747,350,purchase,2025-08-17 15:21:22
747,21,purchase,2026-01-19 17:06:46
747,229,view,2025-09-17 03:05:58
747,345,purchase,2025-10-27 02:03:35
747,462,view,2025-07-19 20:25:41
747,89,view,2025-09-28 11:37:15
748,429,view,2025-05-14 09:09:16
748,263,cart,2026-03-28 07:15:16
748,487,view,2025-07-13 14:30:34
748,216,cart,2025-11-15 15:45:54
748,194,view,2025-08-11 23:28:13
748,191,view,2025-10-07 00:41:27
749,467,purchase,2026-02-24 05:19:48
749,127,purchase,2025-04-19 01:03:08
749,435,view,2025-06-30 10:04:40
749,148,cart,2025-05-20 10:47:45
749,247,cart,2026-02-08 21:24:57
749,135,view,2025-06-12 17:57:58
750,377,purchase,2025-04-20 19:12:43
751,201,view,2025-10-17 13:51:55
751,472,cart,2026-01-21 14:53:06
751,475,purchase,2025-08-17 03:04:16
751,263,view,2025-04-13 02:55:33
751,478,cart,2026-02-27 00:08:56
751,456,purchase,2026-02-08 06:49:01
751,434,cart,2025-04-09 06:58:18
751,29,cart,2025-04-13 15:35:55
751,3,purchase,2025-08-26 21:19:39
751,235,cart,2025-06-21 03:32:47
752,181,view,2025-04-05 15:55:50
752,2,cart,2026-01-09 08:30:18
752,455,purchase,2025-11-11 11:13:54
752,95,cart,2025-10-13 07:29:00
752,181,view,2025-12-26 11:17:16
753,220,cart,2025-12-08 07:23:58
753,101,view,2025-09-09 12:05:18
754,263,view,2025-07-31 19:19:03
754,210,view,2026-03-20 23:13:09
754,467,cart,2025-09-21 00:38:36
754,3,view,2025-05-16 02:47:14
754,393,purchase,2025-11-21 10:05:04
754,128,view,2025-11-29 17:50:50
754,240,cart,2025-10-17 00:10:17
754,191,cart,2025-10-19 19:48:41
754,186,cart,2025-04-06 19:25:53
755,274,cart,2026-02-08 21:26:33
755,55,cart,2025-06-27 00:59:52
755,336,cart,2026-03-27 16:43:48
756,71,cart,2025-11-09 11:52:40
756,382,cart,2026-01-17 23:39:10
756,2,cart,2026-01-23 20:21:26
757,56,view,2025-06-03 23:05:43
757,145,view,2025-10-23 14:14:58
757,68,cart,2025-05-12 12:37:11
757,215,purchase,2025-09-26 06:50:51
758,461,view,2025-10-09 14:56:37
758,82,purchase,2026-01-30 15:25:20
758,101,cart,2026-03-02 10:50:03
758,491,purchase,2025-08-03 05:14:26
758,136,view,2025-04-05 13:13:58
758,215,cart,2025-10-10 07:46:50
759,253,purchase,2026-02-17 11:28:05
759,365,view,2025-09-19 22:49:06
759,166,cart,2025-06-20 11:24:21
759,256,purchase,2025-11-03 11:57:06
759,472,purchase,2025-05-22 12:55:02
759,431,cart,2026-01-13 19:49:36
759,67,view,2025-10-10 03:41:39
759,490,view,2025-06-10 07:27:43
759,405,view,2025-06-05 09:02:46
760,79,cart,2026-02-07 15:29:35
760,256,view,2025-08-08 18:42:18
760,392,purchase,2026-02-16 16:43:14
761,26,purchase,2026-02-14 01:27:00
761,424,cart,2025-07-02 17:00:42
761,219,purchase,2025-09-02 18:32:12
761,377,view,2025-10-02 04:04:34
762,245,cart,2025-07-13 02:24:05
762,144,cart,2025-06-27 04:05:36
762,42,cart,2026-02-21 00:52:11
762,126,purchase,2025-06-05 22:34:01
762,78,purchase,2026-03-23 14:30:24
762,261,view,2025-06-09 12:05:02
762,127,cart,2025-12-28 09:37:14
763,442,cart,2025-12-22 17:52:48
763,358,view,2025-10-17 20:19:39
764,101,cart,2025-06-16 02:56:22
764,361,view,2025-04-09 16:31:58
764,358,purchase,2025-06-13 05:31:24
764,257,purchase,2025-09-21 15:51:31
764,92,view,2025-04-24 16:23:27
764,437,purchase,2025-11-03 17:27:44
764,322,purchase,2025-05-30 13:56:18
765,117,view,2025-07-07 21:09:07
765,67,cart,2025-04-08 01:11:08
765,19,cart,2025-07-08 13:37:14
766,475,view,2025-10-11 00:49:41
766,218,view,2025-06-28 13:12:34
766,315,view,2025-12-13 03:20:20
766,46,view,2025-07-01 08:46:44
767,208,purchase,2026-01-11 15:40:25
767,156,purchase,2026-01-11 13:58:00
767,324,view,2026-01-12 03:44:57
767,113,cart,2025-09-18 00:03:20
767,218,cart,2025-11-27 06:54:12
767,31,purchase,2026-03-03 18:11:38
767,218,purchase,2025-12-17 16:31:22
768,155,view,2026-02-24 00:31:06
769,186,cart,2025-04-25 10:54:55
769,482,cart,2025-11-03 00:49:50
769,364,cart,2025-04-11 14:48:45
769,126,cart,2025-11-19 22:44:19
769,458,view,2026-02-19 09:55:35
770,20,view,2025-04-18 08:55:47
770,26,purchase,2025-11-24 10:34:03
770,381,cart,2025-05-04 20:24:46
771,146,cart,2025-11-20 08:04:24
771,143,purchase,2025-05-14 08:52:37
771,51,cart,2026-01-30 05:39:03
771,94,cart,2025-10-20 01:09:28
772,186,cart,2025-12-30 13:54:19
772,155,view,2025-07-11 22:37:23
772,49,purchase,2026-03-27 06:10:46
772,6,purchase,2025-09-06 06:18:05
772,282,view,2025-04-02 23:35:50
772,169,cart,2026-02-10 00:54:49
772,379,cart,2026-01-16 17:46:22
772,380,purchase,2025-08-09 15:26:03
773,309,cart,2025-11-08 08:29:23
773,121,purchase,2025-05-22 18:51:57
773,141,view,2025-09-08 23:46:26
773,299,cart,2025-10-01 12:29:41
773,44,view,2025-06-21 17:01:08
773,66,purchase,2025-12-25 22:35:39
773,380,purchase,2025-04-26 12:46:40
773,61,view,2025-10-09 09:01:19
773,300,purchase,2025-05-15 15:18:08
774,98,purchase,2025-10-12 18:30:00
774,228,view,2026-03-15 02:19:25
774,38,purchase,2025-05-02 11:41:50
774,316,cart,2025-07-01 13:39:38
775,371,cart,2025-10-06 02:43:05
775,389,view,2025-12-19 22:57:02
775,273,purchase,2026-01-18 11:42:46
775,78,view,2025-05-15 18:08:10
775,65,view,2025-12-04 10:51:54
776,281,purchase,2025-12-23 02:35:21
776,129,purchase,2025-12-03 11:35:15
776,499,cart,2025-05-28 10:11:40
776,458,cart,2026-03-25 04:39:54
776,229,purchase,2025-07-28 14:22:16
776,367,view,2025-07-15 23:28:45
776,466,cart,2025-11-12 03:10:25
777,247,cart,2025-07-19 01:31:30
777,268,purchase,2025-11-17 05:57:30
778,85,purchase,2025-07-06 17:41:38
779,356,view,2026-02-03 03:16:16
779,148,view,2025-11-25 01:05:54
779,489,purchase,2025-09-30 06:17:55
779,31,purchase,2025-10-24 23:41:35
779,97,purchase,2025-05-06 09:29:22
780,253,purchase,2026-01-25 09:51:33
780,272,purchase,2025-05-19 19:58:12
780,497,view,2025-06-08 05:32:44
780,84,cart,2025-09-07 13:38:21
780,384,purchase,2025-08-08 02:56:15
780,196,purchase,2026-04-01 14:21:51
780,399,cart,2025-07-30 05:01:44
781,310,cart,2025-11-14 13:56:00
781,105,view,2026-02-27 19:03:00
781,1,view,2025-07-01 22:28:14
781,292,view,2025-06-02 10:31:41
781,303,purchase,2025-12-28 15:08:03
781,4,purchase,2025-07-28 20:10:35
781,233,purchase,2025-06-05 15:05:59
782,132,cart,2025-09-21 12:31:25
782,436,view,2025-05-31 19:06:36
782,151,purchase,2026-03-27 22:16:26
782,137,purchase,2025-07-31 17:15:32
782,60,view,2026-02-21 17:16:41
782,114,view,2025-09-09 05:00:09
782,273,view,2025-11-14 08:43:52
782,149,view,2025-09-29 23:03:28
782,327,view,2026-01-13 04:24:58
783,474,view,2025-04-17 16:17:19
783,138,view,2025-10-30 01:41:37
783,328,view,2025-08-09 07:56:32
783,421,view,2026-03-22 13:52:38
783,273,view,2025-04-24 05:38:05
784,332,cart,2025-11-24 09:00:29
785,497,cart,2026-02-27 19:39:28
785,166,view,2026-01-15 00:13:35
785,484,purchase,2025-09-08 17:21:27
785,452,purchase,2025-06-23 23:21:34
785,135,purchase,2025-06-01 15:40:45
785,68,cart,2026-02-22 19:57:53
785,459,purchase,2025-08-23 06:23:53
785,150,cart,2025-04-26 02:50:04
785,29,purchase,2026-01-07 17:44:14
785,417,view,2026-03-25 02:36:23
786,112,purchase,2025-10-28 10:55:56
786,494,cart,2025-08-24 00:45:06
786,90,cart,2025-11-18 02:15:13
786,497,view,2025-08-28 15:07:01
786,275,purchase,2025-07-19 08:14:07
786,444,purchase,2026-01-25 22:46:24
787,369,purchase,2025-09-13 06:56:56
787,352,cart,2025-12-15 03:40:58
788,445,purchase,2025-12-31 07:56:02
788,324,purchase,2025-11-11 16:06:02
788,282,view,2025-06-28 18:14:46
788,418,cart,2025-05-14 02:41:58
788,112,cart,2025-07-01 01:26:36
789,104,purchase,2025-09-04 15:18:04
789,322,cart,2026-03-14 22:20:33
789,79,cart,2025-05-01 23:59:20
789,118,purchase,2025-09-11 14:43:33
789,371,cart,2026-03-28 16:47:36
790,75,cart,2025-09-23 15:45:17
790,47,cart,2025-11-05 14:05:55
790,92,cart,2025-12-05 02:30:45
790,94,view,2025-11-23 06:58:49
790,96,purchase,2026-02-14 19:23:36
790,251,purchase,2025-08-20 14:38:44
791,331,cart,2026-03-03 06:02:23
791,10,cart,2025-05-07 19:01:49
791,83,view,2025-05-13 06:13:19
792,351,purchase,2025-08-10 10:43:56
792,96,view,2025-06-17 13:22:39
792,73,view,2025-07-12 21:12:11
792,218,view,2025-08-05 22:39:15
792,232,purchase,2025-06-01 16:20:49
792,496,cart,2025-12-20 20:01:42
792,51,purchase,2026-01-11 21:30:06
793,70,purchase,2025-11-12 10:16:42
793,384,view,2025-09-11 07:10:45
793,308,view,2025-07-27 16:37:37
793,193,cart,2025-11-19 15:50:52
793,10,view,2025-10-09 19:43:09
793,423,view,2025-08-02 19:50:08
793,390,purchase,2025-06-30 17:15:11
793,478,view,2026-03-15 03:22:45
793,67,view,2025-09-07 00:45:18
794,137,view,2025-11-08 12:22:49
794,480,purchase,2025-05-18 10:17:06
795,6,view,2025-11-14 03:40:57
795,490,view,2026-01-28 17:34:59
795,277,purchase,2025-09-21 01:03:45
795,418,cart,2026-02-10 03:20:11
795,436,purchase,2025-10-22 17:31:53
795,43,view,2026-01-20 23:29:56
795,71,cart,2025-10-31 08:58:34
795,388,purchase,2025-07-28 05:59:35
795,456,cart,2025-07-29 14:38:06
795,417,view,2026-01-19 03:19:27
796,169,cart,2025-06-10 17:50:30
796,79,view,2025-04-09 19:26:24
796,28,purchase,2025-08-03 04:56:12
796,354,cart,2025-04-25 09:12:47
796,321,purchase,2025-12-02 01:34:21
797,10,view,2025-06-12 09:26:55
797,52,purchase,2026-01-19 23:44:30
798,52,purchase,2025-11-21 19:30:07
798,453,cart,2025-04-16 02:51:32
798,72,view,2025-09-07 00:10:04
798,467,view,2025-08-16 22:35:44
798,12,view,2025-10-13 20:51:27
799,197,view,2025-12-25 11:19:36
799,180,purchase,2025-12-30 12:03:54
799,146,view,2025-06-26 07:16:41
799,471,purchase,2025-05-17 18:04:35
799,196,purchase,2025-08-15 18:05:06
799,452,purchase,2025-06-05 21:44:48
799,421,view,2026-03-02 12:57:03
800,86,view,2026-03-05 10:52:40
800,114,view,2025-08-08 18:53:46
800,489,cart,2026-02-09 03:49:44
800,182,view,2026-01-07 00:35:50
800,315,cart,2025-06-20 12:51:46
800,60,cart,2026-01-25 10:06:25
800,472,view,2025-04-25 10:36:23
800,458,view,2025-04-19 03:42:02
801,77,view,2025-08-07 00:14:12
801,219,purchase,2026-02-14 00:03:15
801,171,purchase,2025-06-27 04:49:37
801,92,purchase,2026-01-06 17:59:41
801,217,view,2025-08-23 17:48:35
801,457,purchase,2025-10-11 19:54:43
801,351,cart,2025-06-20 19:00:29
801,319,cart,2025-05-09 20:40:42
801,178,view,2025-09-15 20:21:27
801,138,cart,2025-12-09 18:22:14
802,477,cart,2026-01-03 01:41:12
802,415,purchase,2025-04-21 01:03:30
802,408,view,2025-04-24 15:03:50
802,403,view,2025-10-22 04:26:26
802,441,view,2025-10-19 01:49:34
802,398,purchase,2025-06-06 20:26:36
803,163,view,2026-01-11 22:00:57
803,199,cart,2025-07-21 18:22:40
803,369,cart,2025-05-02 18:16:20
804,57,purchase,2026-03-30 04:00:57
804,218,purchase,2025-10-09 12:25:55
805,74,view,2026-01-14 11:07:58
805,165,view,2025-09-04 20:30:28
805,93,cart,2026-01-26 03:17:30
805,180,cart,2025-10-31 13:43:11
805,253,cart,2025-09-22 18:18:18
806,355,cart,2025-06-18 14:06:18
806,308,purchase,2025-10-23 01:46:42
806,170,view,2026-03-27 04:41:23
806,410,purchase,2026-03-28 14:37:55
806,471,view,2026-01-24 03:00:40
806,196,cart,2026-03-11 16:13:13
806,281,cart,2025-04-24 02:22:25
806,275,purchase,2026-01-15 00:45:13
807,272,purchase,2026-03-16 07:37:10
807,420,view,2025-06-02 01:14:14
807,196,view,2025-04-16 10:01:37
807,297,purchase,2025-06-14 16:30:53
807,215,purchase,2025-05-09 17:38:08
807,295,purchase,2025-09-30 23:12:45
807,415,purchase,2025-07-14 02:27:47
807,112,purchase,2025-10-30 16:14:00
808,120,cart,2025-07-08 05:08:09
808,1,view,2025-11-28 13:36:18
809,185,purchase,2026-02-15 08:29:50
810,490,view,2025-05-06 02:31:36
810,471,view,2025-10-30 16:59:16
810,30,cart,2025-10-26 21:00:40
810,184,view,2025-11-19 04:57:10
810,150,cart,2025-08-30 21:53:27
810,73,purchase,2026-02-26 20:08:12
810,497,cart,2025-11-23 23:04:43
810,124,view,2025-12-27 09:22:01
811,28,purchase,2025-09-30 16:06:41
811,70,view,2025-09-21 00:27:17
811,492,purchase,2026-01-14 19:21:16
811,360,view,2026-02-09 04:29:00
812,375,view,2026-02-03 06:57:41
812,356,cart,2025-12-22 07:52:53
812,190,view,2025-06-02 20:23:00
812,359,view,2026-02-06 06:10:31
812,339,purchase,2025-11-16 19:26:41
812,37,cart,2025-08-31 15:04:13
812,428,purchase,2025-06-05 12:05:22
813,15,view,2025-09-14 06:11:02
813,187,view,2025-04-30 07:16:12
813,40,view,2025-10-23 10:38:38
814,6,purchase,2025-06-29 13:52:29
814,425,cart,2025-12-20 07:07:25
815,391,view,2025-10-01 10:32:00
815,240,purchase,2025-12-07 16:34:51
815,71,purchase,2026-03-21 04:56:58
816,357,cart,2025-04-21 21:18:59
816,240,cart,2025-10-04 16:48:45
816,369,cart,2025-08-06 11:29:01
816,227,purchase,2025-08-29 22:49:58
816,355,view,2025-12-16 09:27:49
816,146,view,2026-01-27 19:28:47
816,79,view,2025-12-06 03:48:04
816,451,purchase,2025-07-21 18:28:55
816,16,purchase,2026-01-18 00:09:34
817,257,view,2025-09-04 00:22:01
817,5,cart,2025-11-12 06:00:54
817,426,cart,2025-06-30 14:24:47
818,283,purchase,2025-07-11 06:30:58
818,424,cart,2025-12-11 11:44:23
818,470,purchase,2025-10-13 19:35:16
818,256,cart,2025-10-08 13:01:23
818,363,view,2025-06-22 19:31:51
818,216,view,2025-05-04 02:52:12
818,139,view,2025-10-31 18:37:20
818,267,cart,2025-05-07 11:48:55
819,380,view,2026-03-31 17:23:42
819,205,purchase,2025-08-20 21:35:14
819,28,view,2025-07-01 06:42:05
820,94,purchase,2026-02-15 14:33:50
820,499,purchase,2025-09-06 08:07:25
820,309,view,2025-04-07 07:53:52
820,418,purchase,2025-11-06 19:21:57
820,239,cart,2025-11-24 02:08:37
820,160,purchase,2025-08-27 01:34:21
820,328,cart,2026-01-19 10:51:16
821,84,view,2025-09-23 20:02:03
821,411,cart,2025-10-25 14:43:00
821,331,cart,2025-12-04 10:04:36
821,99,cart,2026-03-09 00:42:13
821,55,view,2025-04-06 11:27:15
821,39,cart,2025-05-28 23:19:18
821,308,cart,2025-12-11 19:11:25
822,122,cart,2025-05-13 10:32:19
823,277,view,2026-03-28 22:14:55
823,33,view,2025-11-25 15:50:42
823,305,view,2025-04-14 18:55:59
824,96,purchase,2025-10-09 03:22:59
824,103,purchase,2025-05-11 04:43:41
824,475,view,2025-04-06 02:38:45
824,123,cart,2026-02-07 19:09:28
824,43,purchase,2026-01-10 02:20:18
825,22,purchase,2025-12-31 09:49:01
825,404,cart,2025-08-01 12:17:41
825,23,view,2025-06-10 03:26:50
825,161,view,2025-11-16 23:33:24
825,483,cart,2025-04-20 11:43:50
825,4,cart,2025-11-20 04:45:55
825,384,cart,2025-04-03 16:02:47
825,490,cart,2026-02-25 10:21:05
825,256,view,2025-04-25 22:50:13
825,161,cart,2026-01-12 09:46:53
826,498,view,2026-01-01 02:20:19
826,359,purchase,2025-05-12 20:42:06
826,49,cart,2025-12-21 07:50:13
826,208,purchase,2025-12-11 17:58:04
826,257,view,2025-10-14 17:16:59
826,257,view,2026-01-10 07:10:49
827,300,cart,2026-01-23 12:47:42
828,300,view,2025-10-10 05:12:59
828,148,view,2025-08-31 14:00:58
828,77,purchase,2025-11-05 13:49:26
828,237,view,2026-03-19 19:27:17
828,453,purchase,2026-03-11 03:26:50
828,47,purchase,2025-05-01 15:14:33
828,118,view,2025-10-06 00:53:48
828,413,purchase,2026-01-04 13:38:01
829,393,purchase,2025-08-02 09:49:38
829,82,purchase,2025-11-23 12:41:46
829,264,purchase,2025-11-26 03:43:16
830,333,purchase,2025-08-19 06:50:28
830,476,cart,2026-04-01 14:46:44
830,229,view,2025-09-27 21:07:19
830,173,cart,2025-10-19 08:38:13
830,184,purchase,2026-01-11 01:00:16
830,438,cart,2025-06-04 06:25:24
830,20,purchase,2025-05-26 13:43:34
830,396,purchase,2025-12-08 04:49:43
830,198,view,2025-05-02 05:59:12
830,106,purchase,2025-04-19 08:00:36
831,38,view,2026-02-27 17:30:35
831,290,purchase,2025-09-21 14:22:31
831,254,view,2025-06-04 14:51:41
831,412,view,2025-05-15 06:47:01
831,73,cart,2025-10-18 13:46:36
831,280,view,2025-05-08 03:29:14
831,255,view,2025-05-12 10:02:24
831,232,cart,2025-04-06 19:57:57
831,86,cart,2025-11-28 20:19:35
831,82,view,2025-09-02 18:05:04
832,295,cart,2025-08-06 18:35:44
832,180,view,2025-11-06 19:24:09
832,36,view,2026-04-01 18:37:49
832,363,cart,2025-07-06 17:01:20
832,132,cart,2026-03-17 01:37:52
833,390,cart,2026-03-14 00:25:00
833,332,view,2026-01-11 15:47:34
833,481,view,2025-11-30 11:53:59
833,497,purchase,2026-01-12 19:49:47
833,249,view,2026-01-06 22:44:48
834,439,cart,2025-10-04 16:08:42
834,205,cart,2026-01-26 17:08:23
834,438,purchase,2025-11-04 01:30:37
834,469,purchase,2025-08-23 16:39:09
834,66,cart,2025-06-08 08:11:16
834,187,purchase,2026-03-19 13:06:36
835,487,cart,2025-05-03 12:44:33
835,191,view,2025-11-10 03:35:05
835,349,cart,2025-09-22 06:06:39
835,259,cart,2025-08-21 07:11:45
835,134,purchase,2025-05-21 22:53:01
835,21,purchase,2025-10-26 13:23:13
835,329,view,2025-06-22 20:24:15
835,379,view,2025-08-28 07:51:54
835,358,purchase,2026-01-29 07:38:40
835,4,view,2026-01-07 20:09:21
836,148,cart,2025-06-11 10:57:31
836,81,purchase,2026-03-12 20:49:21
837,437,view,2026-03-02 03:38:29
837,114,cart,2026-02-26 02:31:12
837,447,cart,2025-06-21 17:38:17
837,342,view,2025-09-05 01:43:56
837,178,cart,2025-05-16 16:49:48
837,239,purchase,2026-03-27 10:17:32
837,273,cart,2025-05-11 20:29:15
838,43,view,2025-05-31 08:17:00
838,374,view,2025-06-18 16:23:48
839,393,cart,2025-10-26 10:23:05
839,102,cart,2025-09-06 23:28:19
839,168,view,2025-06-28 21:49:27
839,162,cart,2025-06-04 22:31:23
839,309,cart,2025-10-03 02:09:40
839,108,purchase,2025-08-26 08:23:23
839,379,cart,2026-03-26 11:07:31
840,142,cart,2026-02-15 17:33:37
840,19,purchase,2025-11-21 12:30:26
841,485,cart,2025-12-17 09:59:03
841,74,purchase,2025-12-02 15:49:17
841,109,cart,2026-02-10 05:11:12
842,16,purchase,2025-04-04 07:49:00
842,396,cart,2026-02-19 11:48:53
842,31,cart,2025-06-14 16:39:33
842,404,cart,2025-08-25 21:40:26
842,242,view,2026-03-04 01:43:24
842,27,view,2025-09-14 16:02:10
842,444,view,2025-07-18 23:11:38
842,487,purchase,2025-11-03 15:06:01
842,216,cart,2025-04-12 01:28:40
842,129,purchase,2025-04-06 12:35:01
843,42,view,2025-12-27 23:46:44
843,35,cart,2025-12-27 09:49:28
843,207,view,2025-05-06 09:06:23
844,447,purchase,2026-02-11 23:09:23
844,231,cart,2025-08-28 19:12:44
844,268,view,2026-01-19 11:41:26
844,342,cart,2025-05-27 13:40:10
844,94,view,2025-11-15 00:21:12
845,458,cart,2025-08-01 17:49:29
845,175,cart,2026-02-25 08:31:34
846,101,cart,2025-08-03 00:58:34
846,482,cart,2025-04-09 07:24:28
846,246,cart,2026-03-28 14:40:08
847,352,view,2025-06-19 20:55:57
847,494,purchase,2025-04-16 19:54:59
847,223,cart,2025-11-20 01:42:29
847,467,purchase,2026-01-02 03:43:05
847,292,cart,2026-01-31 16:21:25
847,421,view,2025-04-24 11:08:27
847,287,purchase,2025-09-21 04:59:32
847,101,view,2025-07-25 14:32:01
847,370,purchase,2025-04-19 04:39:01
848,315,view,2025-12-25 00:09:49
848,165,purchase,2025-05-07 12:58:45
848,421,purchase,2025-07-01 04:27:10
848,380,purchase,2025-12-19 19:52:48
848,375,cart,2025-08-17 15:21:11
848,7,view,2026-03-04 11:10:18
848,459,cart,2025-06-07 15:36:52
848,478,view,2026-03-03 12:58:26
848,255,cart,2025-12-31 15:30:29
848,58,purchase,2025-09-23 14:47:57
849,134,purchase,2026-03-09 14:25:35
849,369,view,2026-02-02 17:00:33
849,230,view,2025-06-29 15:17:43
849,324,cart,2025-05-17 02:44:04
849,327,purchase,2025-08-27 03:48:35
849,49,view,2025-08-15 04:48:13
849,111,purchase,2025-10-05 13:11:56
850,215,purchase,2026-03-20 17:27:10
850,279,view,2025-05-26 07:12:12
850,307,cart,2025-12-09 08:14:42
850,110,cart,2026-01-13 06:54:58
851,487,view,2025-08-07 22:08:29
851,497,purchase,2025-10-06 17:24:47
851,295,view,2025-07-21 07:29:21
851,189,cart,2025-09-21 10:01:12
852,154,cart,2025-08-28 17:50:53
853,419,view,2025-12-28 06:56:54
853,358,cart,2026-01-16 01:31:24
853,332,cart,2026-03-03 20:01:04
853,211,cart,2025-08-04 08:09:12
853,180,cart,2026-02-24 13:10:23
853,424,purchase,2025-10-29 11:41:43
853,218,purchase,2026-02-14 18:57:09
853,498,cart,2025-12-22 08:25:57
853,58,view,2025-08-18 07:37:35
854,219,cart,2025-12-13 12:53:12
854,90,purchase,2025-06-07 17:32:31
854,304,view,2025-05-01 13:23:57
854,277,cart,2025-07-17 04:13:22
854,195,cart,2025-06-23 01:07:04
854,432,purchase,2026-03-10 20:56:50
854,352,purchase,2025-11-21 17:05:37
854,223,purchase,2025-09-29 19:56:46
855,359,purchase,2025-06-26 13:37:38
855,480,view,2025-09-09 12:10:56
855,44,view,2026-02-27 19:40:21
855,45,purchase,2025-05-17 23:17:30
855,8,purchase,2025-07-28 10:59:35
856,53,cart,2025-12-19 00:22:31
856,383,purchase,2025-05-17 02:55:04
856,474,purchase,2025-06-17 12:34:44
856,51,purchase,2025-05-01 12:54:24
856,227,purchase,2026-01-23 10:49:11
856,297,view,2026-02-09 17:32:49
856,341,cart,2025-04-03 07:22:50
857,108,view,2025-04-24 13:14:40
857,397,cart,2025-09-29 09:03:40
857,282,cart,2026-01-09 05:54:40
857,58,view,2025-06-05 22:44:24
857,438,cart,2025-04-29 10:43:31
857,486,view,2025-07-08 19:43:45
857,179,cart,2025-12-17 22:31:12
858,464,purchase,2026-02-07 03:12:32
858,360,purchase,2025-09-03 20:48:03
858,202,view,2026-03-02 11:19:06
858,481,cart,2026-03-05 15:06:00
858,400,view,2025-05-14 19:23:07
858,259,cart,2025-12-02 15:32:41
858,137,purchase,2026-01-11 21:45:26
859,157,cart,2025-09-05 11:51:11
859,344,view,2025-07-16 13:50:27
859,2,cart,2025-10-04 02:20:57
859,16,view,2025-05-31 13:25:47
859,13,view,2026-01-23 14:29:50
860,430,purchase,2026-03-23 03:21:19
860,419,purchase,2025-09-25 06:35:42
860,307,cart,2025-11-04 19:10:34
860,171,view,2025-08-21 12:35:27
860,491,purchase,2025-05-20 08:56:07
860,220,view,2025-04-16 05:08:08
861,498,cart,2026-02-26 09:19:34
861,98,purchase,2025-09-07 23:12:05
861,329,cart,2025-06-28 22:20:23
861,424,view,2025-07-27 04:07:31
861,410,purchase,2025-06-17 11:48:09
861,219,view,2025-10-17 02:08:19
861,480,purchase,2025-05-29 08:21:35
861,199,purchase,2025-10-26 10:18:06
861,88,cart,2025-08-25 13:56:03
862,264,view,2025-12-27 15:49:42
862,223,view,2026-01-19 17:59:00
862,50,purchase,2025-09-06 10:15:41
862,410,view,2025-06-28 06:24:47
862,258,view,2025-10-20 15:27:42
862,323,purchase,2025-10-24 08:33:14
863,431,purchase,2025-07-13 07:46:25
863,469,cart,2025-07-04 01:27:31
863,428,purchase,2025-09-23 18:22:57
863,81,cart,2025-11-05 16:08:02
863,104,view,2025-11-08 21:54:49
863,47,view,2025-11-13 22:54:54
863,223,view,2025-08-05 06:21:45
864,78,view,2025-10-13 02:46:56
864,316,purchase,2026-03-09 17:57:12
864,278,view,2025-04-13 06:02:39
864,292,cart,2025-10-28 15:34:15
864,12,purchase,2025-10-21 00:45:58
864,375,view,2025-09-25 01:07:39
864,232,purchase,2025-11-06 05:47:54
864,323,cart,2025-08-01 08:56:32
864,95,view,2026-01-12 04:53:45
864,334,view,2026-01-25 19:13:04
865,99,purchase,2025-07-16 16:22:22
865,430,view,2025-04-05 04:10:08
865,371,cart,2025-08-22 08:23:20
865,394,cart,2026-01-09 04:51:17
865,337,view,2025-08-08 08:40:31
866,42,view,2025-10-16 15:38:12
866,321,view,2026-01-26 12:46:26
866,326,purchase,2025-08-22 16:58:57
866,443,view,2026-03-29 17:35:48
866,56,cart,2025-06-17 01:45:02
867,62,view,2025-09-28 03:39:50
867,72,cart,2025-04-15 08:22:49
867,134,view,2025-07-15 06:24:26
867,47,view,2026-03-10 18:43:48
867,253,cart,2025-08-27 20:27:45
867,467,view,2026-02-14 15:55:14
867,200,view,2025-11-16 12:13:04
867,251,view,2025-12-17 18:09:03
867,211,view,2025-10-12 04:58:51
867,249,purchase,2026-01-09 10:52:55
868,107,purchase,2025-12-04 21:45:08
868,214,cart,2025-11-19 14:42:00
869,324,cart,2026-01-03 20:40:57
869,413,view,2026-01-12 11:28:56
869,92,cart,2025-09-02 18:32:02
869,5,view,2025-08-17 01:01:17
869,337,purchase,2026-01-28 03:45:45
869,323,purchase,2025-10-03 20:07:10
870,60,cart,2025-09-20 16:28:13
871,247,purchase,2025-06-11 12:22:29
871,307,purchase,2026-01-16 02:22:28
871,2,view,2025-04-05 21:21:35
871,267,purchase,2025-10-13 01:52:45
871,130,view,2026-01-27 08:18:06
871,98,purchase,2025-08-24 18:01:43
872,274,view,2025-09-04 20:55:12
873,262,view,2025-06-13 12:57:05
873,110,cart,2025-06-19 02:12:14
873,58,view,2025-12-13 02:50:01
873,15,cart,2026-03-17 13:01:08
873,70,view,2025-08-07 06:32:35
873,42,purchase,2026-04-01 15:58:46
873,354,view,2025-10-22 03:52:48
873,137,cart,2025-09-15 16:34:26
873,246,view,2026-01-19 13:04:22
874,178,purchase,2026-03-30 10:30:06
874,282,purchase,2026-02-28 15:04:58
875,239,purchase,2025-05-03 07:56:26
875,414,cart,2025-07-14 19:15:03
875,223,purchase,2025-11-02 00:48:44
875,484,cart,2025-12-16 06:05:00
875,472,view,2025-11-27 03:50:18
876,88,view,2025-12-17 17:59:15
876,351,purchase,2025-06-12 10:34:13
876,143,cart,2025-05-18 17:32:31
876,52,purchase,2025-07-17 08:27:54
876,406,purchase,2025-09-14 06:08:29
877,84,view,2025-06-27 18:33:40
877,488,purchase,2026-01-26 16:16:01
877,249,cart,2025-04-26 03:08:19
877,452,cart,2025-08-06 17:33:21
877,216,purchase,2026-03-31 22:19:14
878,417,cart,2025-11-02 08:31:26
878,318,view,2025-12-06 10:08:17
878,310,cart,2026-03-16 13:23:54
878,219,view,2025-06-21 23:38:08
878,290,cart,2025-05-14 08:02:43
879,459,purchase,2026-03-13 05:02:40
879,419,view,2025-10-14 09:50:41
879,230,view,2025-05-09 04:11:53
879,455,view,2026-02-18 09:45:18
879,490,purchase,2025-10-20 22:53:36
879,129,purchase,2026-01-26 01:44:24
880,150,purchase,2025-07-07 05:58:38
880,423,purchase,2025-08-21 14:38:18
880,486,purchase,2026-02-18 15:08:02
880,180,cart,2025-10-26 07:31:15
880,15,view,2026-01-23 12:51:45
880,92,cart,2025-12-02 12:17:29
880,219,view,2025-07-11 16:44:23
881,125,view,2025-11-13 03:33:50
881,110,purchase,2025-04-30 08:57:17
881,190,cart,2025-06-21 14:17:18
881,74,cart,2025-12-03 11:41:26
881,62,view,2025-11-07 16:14:42
881,163,purchase,2026-01-17 05:27:22
882,367,cart,2025-10-08 00:11:22
883,238,purchase,2025-10-31 16:52:16
883,407,cart,2026-01-20 03:46:17
883,460,view,2025-05-09 02:02:47
883,287,view,2025-10-11 07:55:50
884,145,purchase,2025-12-07 00:25:00
884,108,purchase,2026-03-01 00:50:55
884,111,view,2025-12-03 11:57:27
884,287,cart,2025-07-13 12:35:06
884,366,purchase,2025-12-23 17:29:30
884,484,purchase,2025-10-03 07:31:51
884,38,purchase,2026-02-26 15:06:41
885,349,cart,2025-08-12 06:28:57
885,162,cart,2025-07-14 17:00:33
885,101,view,2025-06-09 03:36:33
885,25,cart,2026-02-16 08:58:58
885,255,view,2026-02-23 21:43:32
885,140,cart,2025-10-12 09:14:02
885,61,view,2025-10-18 18:09:50
886,87,purchase,2026-03-31 15:43:40
886,167,purchase,2025-07-13 06:36:01
886,196,view,2025-11-19 08:14:04
886,295,view,2025-04-30 21:23:07
886,145,view,2025-11-21 13:25:59
886,329,purchase,2026-01-18 19:50:28
886,2,cart,2026-02-17 20:19:40
886,145,view,2025-09-23 17:25:39
887,18,purchase,2025-09-08 11:22:36
887,470,purchase,2025-09-13 19:11:08
887,20,cart,2025-10-08 10:03:23
887,330,view,2026-01-02 23:54:25
887,35,cart,2026-02-10 01:37:13
887,48,cart,2025-04-23 02:00:56
887,370,cart,2026-02-20 19:22:33
888,162,cart,2026-04-02 16:26:05
888,204,view,2025-09-26 10:57:59
888,284,cart,2025-07-06 21:22:03
888,252,purchase,2025-06-01 11:48:08
888,24,cart,2026-03-25 17:20:39
889,356,cart,2025-07-26 00:33:20
889,252,purchase,2025-09-17 15:56:51
889,495,view,2025-07-08 07:06:15
889,431,cart,2026-04-01 01:07:56
889,480,purchase,2025-05-26 18:18:39
890,14,view,2025-08-01 11:15:23
890,24,view,2025-08-21 23:48:02
891,53,cart,2025-05-10 14:24:13
891,441,purchase,2025-11-08 11:35:08
891,370,cart,2026-02-06 10:00:54
892,87,view,2025-11-12 07:26:05
892,97,purchase,2025-11-18 18:52:39
892,461,cart,2025-11-28 15:28:35
892,417,purchase,2026-02-24 15:04:53
893,478,purchase,2025-10-17 02:00:10
894,132,view,2025-06-17 21:32:40
895,24,cart,2026-02-16 04:44:42
895,38,cart,2026-03-17 01:02:15
896,352,purchase,2026-02-26 20:47:19
896,405,cart,2025-08-14 06:41:14
896,138,purchase,2025-12-17 22:32:54
896,87,view,2025-09-26 00:47:40
896,298,cart,2025-05-02 04:18:25
896,61,view,2026-03-11 20:28:44
897,441,view,2025-04-05 06:02:25
897,385,purchase,2026-01-15 08:34:14
897,454,cart,2025-05-09 15:46:01
897,326,cart,2025-07-30 17:39:53
897,342,view,2025-11-26 03:49:14
897,267,purchase,2026-01-24 12:00:50
898,295,cart,2025-07-25 22:02:26
898,338,cart,2025-12-17 19:21:40
898,499,cart,2025-05-18 06:10:05
898,164,purchase,2026-02-04 02:15:47
899,115,view,2025-10-24 16:04:20
899,135,cart,2026-02-24 19:28:34
899,364,view,2025-06-09 06:01:56
899,180,purchase,2025-11-29 12:15:31
899,427,view,2025-07-02 14:27:34
899,337,purchase,2025-04-29 01:08:41
899,376,view,2026-01-20 05:25:02
899,355,view,2025-06-11 22:10:00
900,497,cart,2025-10-30 07:48:04
900,30,view,2026-03-01 15:28:56
901,343,view,2025-05-08 22:15:39
902,419,cart,2025-08-09 15:50:34
902,96,cart,2025-05-17 18:13:40
902,53,cart,2025-11-09 15:43:43
902,106,purchase,2026-01-31 01:07:07
902,389,purchase,2025-08-10 18:12:46
902,263,cart,2026-03-31 23:52:56
902,389,cart,2025-11-11 10:18:15
902,362,cart,2025-06-14 15:36:01
903,434,purchase,2025-12-30 22:24:29
903,54,view,2025-11-26 23:33:16
903,112,cart,2025-11-30 22:10:51
904,499,cart,2025-10-26 12:35:10
904,444,purchase,2025-12-25 18:21:12
904,262,view,2025-07-27 06:17:08
904,399,cart,2026-01-31 02:45:22
904,96,view,2025-11-02 05:33:22
904,142,cart,2025-05-01 20:19:44
904,84,purchase,2025-12-20 10:45:21
905,487,purchase,2025-11-17 20:31:41
905,331,view,2026-03-09 13:01:02
905,75,cart,2025-08-23 15:37:13
905,448,view,2025-12-09 21:58:46
905,381,view,2026-03-24 02:58:03
906,8,cart,2025-11-10 06:29:30
906,95,cart,2026-03-24 09:14:38
906,14,cart,2025-06-07 05:44:32
906,338,purchase,2025-08-01 08:01:41
907,180,cart,2026-02-27 22:40:35
907,60,purchase,2025-10-07 00:07:45
907,43,cart,2025-08-01 02:57:55
907,220,view,2025-04-25 16:42:36
907,77,cart,2025-09-30 00:06:42
907,257,cart,2025-09-11 13:35:59
907,260,cart,2025-04-08 12:28:34
907,27,cart,2026-03-31 15:46:00
908,189,view,2026-03-22 16:22:28
908,25,purchase,2025-07-21 08:19:44
908,195,purchase,2026-01-14 23:30:56
908,475,cart,2025-09-07 20:44:21
908,99,cart,2026-03-27 17:03:58
909,206,view,2025-06-22 04:50:52
909,304,cart,2025-04-15 18:29:00
909,271,purchase,2025-09-02 02:24:23
909,252,purchase,2026-03-18 11:29:39
910,55,purchase,2025-05-22 00:29:34
910,25,purchase,2025-08-13 16:38:48
910,127,view,2026-01-06 09:30:30
910,112,view,2025-08-31 20:53:33
910,27,view,2025-12-17 11:49:33
910,294,cart,2025-11-01 13:33:50
910,122,view,2026-02-08 14:41:07
911,51,cart,2025-09-23 05:34:22
911,115,purchase,2025-07-12 00:01:15
911,358,purchase,2025-10-09 15:03:12
911,207,cart,2025-09-04 01:28:43
911,201,view,2025-04-14 21:01:24
911,112,purchase,2025-07-25 08:01:05
911,421,purchase,2025-04-06 04:41:45
911,137,cart,2026-02-13 06:09:35
911,105,view,2025-05-01 19:06:30
912,177,purchase,2026-01-31 01:12:53
912,147,purchase,2026-02-15 23:55:20
912,305,cart,2025-09-05 10:48:44
912,375,view,2025-11-30 16:45:37
913,94,purchase,2025-06-13 10:12:01
913,464,purchase,2025-09-06 16:55:19
914,244,purchase,2026-01-03 05:16:09
914,156,purchase,2025-06-09 12:04:06
914,122,view,2025-08-07 01:02:48
914,161,purchase,2026-03-11 19:30:18
914,35,view,2026-01-10 14:18:08
914,95,cart,2025-07-11 21:30:18
914,460,cart,2025-10-20 11:06:36
914,72,view,2025-04-26 12:15:15
914,341,cart,2025-08-19 08:14:36
914,219,cart,2025-10-27 22:30:52
915,90,cart,2026-01-28 00:21:17
916,87,purchase,2025-07-17 11:34:26
916,389,view,2026-02-19 05:05:11
917,180,cart,2025-09-20 21:13:50
917,298,view,2025-07-14 22:16:28
917,250,view,2026-03-24 17:11:02
917,241,view,2025-04-25 13:07:25
917,23,view,2025-09-18 15:05:48
917,290,purchase,2025-12-30 19:17:06
917,148,view,2025-12-19 03:50:09
917,268,purchase,2025-05-18 06:48:08
917,85,view,2025-04-29 19:33:06
917,396,view,2025-12-17 10:00:00
918,155,purchase,2025-08-29 00:25:55
918,171,cart,2025-08-24 11:12:48
919,376,cart,2026-02-03 22:18:00
919,279,cart,2025-06-30 04:20:46
919,339,cart,2026-03-28 10:54:42
919,129,cart,2025-09-27 00:41:25
919,234,view,2025-10-09 03:59:50
919,423,cart,2026-02-19 13:37:11
919,154,purchase,2025-06-17 15:48:53
919,170,purchase,2025-07-13 14:47:10
920,247,view,2025-10-03 16:58:25
920,138,purchase,2025-06-17 12:39:20
920,265,purchase,2025-09-11 00:56:26
920,327,view,2025-06-09 09:17:50
920,75,cart,2026-03-24 06:23:59
920,438,view,2025-11-26 20:15:01
920,337,view,2026-02-09 17:10:27
920,182,cart,2025-06-19 10:43:02
920,15,view,2025-04-19 01:03:53
920,295,purchase,2025-05-29 10:40:20
921,184,view,2025-07-10 08:32:13
921,381,view,2025-04-02 19:01:41
921,99,cart,2025-09-10 13:36:21
921,327,view,2025-11-12 17:45:11
921,494,cart,2025-04-17 22:42:37
921,449,purchase,2025-09-30 11:57:55
921,347,purchase,2025-09-02 20:51:11
922,490,purchase,2026-03-24 22:09:26
922,89,cart,2025-05-08 07:47:30
922,466,purchase,2026-01-16 21:51:01
922,178,cart,2025-06-18 09:45:02
922,200,purchase,2026-01-08 06:49:48
922,213,cart,2025-12-16 16:38:26
922,158,view,2025-06-11 04:46:12
922,21,purchase,2026-01-26 07:33:47
923,359,cart,2025-05-15 20:52:09
923,427,purchase,2026-01-18 03:08:26
923,62,cart,2025-08-20 10:41:26
923,407,cart,2025-09-23 17:02:30
923,290,cart,2025-11-12 18:20:54
923,147,view,2025-09-25 06:46:07
923,496,view,2025-10-22 13:40:31
923,255,purchase,2025-06-30 16:27:26
923,75,cart,2026-01-31 21:29:22
924,267,cart,2026-02-28 13:36:45
924,319,purchase,2025-08-17 13:05:49
924,340,view,2025-08-19 00:41:18
925,249,cart,2025-11-21 07:17:41
925,33,cart,2025-11-29 22:21:56
925,7,cart,2025-11-15 12:44:54
925,20,view,2026-02-02 22:55:42
925,144,purchase,2025-09-17 10:08:19
926,27,cart,2026-03-08 07:58:31
926,156,view,2025-04-06 06:46:25
927,180,purchase,2025-06-28 16:26:03
927,427,view,2025-04-22 06:27:56
927,25,cart,2026-01-28 10:36:37
927,70,cart,2025-05-19 15:14:14
927,449,cart,2025-05-02 04:26:42
927,402,purchase,2025-11-29 22:22:31
927,340,purchase,2025-05-07 16:18:42
928,488,view,2025-10-28 16:41:51
928,365,cart,2025-08-06 03:56:06
928,73,purchase,2025-11-29 01:04:55
929,221,purchase,2025-09-08 15:32:54
929,470,view,2025-10-07 16:44:48
929,148,view,2025-06-11 16:10:08
929,16,cart,2025-04-15 05:41:55
930,127,purchase,2025-06-03 12:02:34
930,326,cart,2025-05-27 18:43:45
930,216,cart,2025-12-26 07:04:37
930,495,view,2025-04-29 14:10:06
930,457,cart,2025-06-27 12:44:37
930,471,cart,2026-01-13 09:30:37
931,159,view,2025-12-02 02:32:39
931,288,cart,2025-10-06 22:26:45
931,347,cart,2026-02-27 09:01:43
931,411,purchase,2025-10-29 03:57:43
931,71,purchase,2026-02-11 06:58:25
931,393,view,2026-01-25 10:40:20
931,128,view,2025-05-18 14:42:03
931,213,purchase,2026-02-18 15:53:42
931,102,cart,2025-05-11 12:04:39
931,156,view,2025-07-04 07:18:02
932,290,purchase,2025-07-17 04:33:34
932,236,purchase,2025-06-20 11:41:11
932,93,cart,2025-10-12 22:28:21
932,400,cart,2025-09-03 18:19:23
932,49,view,2026-03-25 07:43:14
933,226,purchase,2025-04-12 12:55:26
933,160,purchase,2025-07-26 07:04:57
933,478,purchase,2026-01-22 06:32:34
933,364,cart,2025-09-03 05:17:14
933,239,cart,2026-03-01 01:20:53
933,218,cart,2025-09-30 12:27:15
933,215,cart,2026-01-27 19:32:32
933,236,view,2025-06-29 18:44:26
933,467,purchase,2025-08-10 20:52:01
934,490,cart,2025-05-13 07:36:50
935,386,view,2025-06-07 01:45:26
935,314,cart,2026-03-27 16:10:28
936,297,purchase,2025-08-09 09:21:42
936,191,view,2026-03-01 12:44:20
936,317,purchase,2026-03-08 04:26:30
936,460,purchase,2025-04-26 04:24:05
937,27,cart,2025-07-18 04:43:15
937,64,cart,2026-02-08 15:20:29
937,343,view,2025-06-01 09:18:42
937,236,purchase,2025-06-07 21:10:34
937,235,view,2025-07-23 08:47:25
938,28,cart,2025-06-24 00:56:42
938,424,purchase,2025-05-13 17:53:50
939,170,purchase,2026-03-31 22:04:34
939,49,cart,2026-01-13 06:27:04
940,246,purchase,2026-01-14 02:05:44
940,169,view,2026-02-23 13:57:32
940,62,purchase,2025-04-18 00:48:03
940,299,purchase,2025-10-26 12:16:13
940,261,purchase,2026-02-02 11:57:56
940,367,view,2026-02-02 07:48:18
940,359,view,2025-12-09 03:59:33
940,264,view,2026-01-30 07:05:01
940,287,purchase,2025-11-27 16:46:35
940,495,cart,2025-09-07 23:11:22
941,114,purchase,2025-06-03 17:16:34
941,327,view,2025-04-08 13:13:59
941,154,purchase,2025-05-25 10:41:02
942,368,view,2025-11-27 02:57:32
942,412,cart,2025-11-26 14:25:42
942,319,purchase,2025-05-15 13:18:00
942,102,view,2026-01-02 14:03:02
942,34,view,2025-06-01 22:45:30
943,309,view,2025-08-28 02:55:37
943,266,view,2026-04-01 21:31:12
943,126,view,2025-04-09 08:47:54
944,242,view,2025-09-08 04:38:24
944,426,purchase,2026-02-16 09:42:42
945,200,view,2025-10-22 00:10:41
945,474,view,2025-07-25 19:31:04
945,153,cart,2025-11-26 02:46:05
945,247,view,2025-10-03 12:35:12
945,419,view,2026-02-03 17:18:14
945,430,purchase,2025-04-15 20:21:34
945,133,purchase,2025-08-25 08:30:57
945,348,cart,2025-12-01 14:14:53
946,63,cart,2025-10-28 23:51:38
946,74,purchase,2025-11-12 02:15:23
946,11,view,2026-03-30 23:20:10
946,72,purchase,2025-08-09 09:43:37
946,336,view,2025-04-25 19:40:45
946,87,purchase,2025-05-17 13:18:03
946,379,purchase,2025-06-08 05:36:35
946,279,view,2025-12-12 18:33:13
946,243,cart,2025-08-20 15:41:05
946,148,cart,2025-09-04 12:29:50
947,491,purchase,2025-04-23 03:29:38
947,252,cart,2026-01-04 20:52:05
948,200,cart,2025-11-07 13:24:35
948,357,view,2025-08-30 11:44:03
948,237,cart,2025-09-14 08:34:48
948,416,cart,2026-02-27 18:44:16
948,75,view,2026-01-24 22:18:27
949,234,view,2025-11-01 06:41:32
949,288,cart,2026-03-03 07:32:56
949,5,purchase,2025-04-16 22:26:10
949,155,view,2025-12-03 06:23:28
949,330,purchase,2025-11-18 03:44:44
950,227,view,2025-07-24 22:47:26
950,464,cart,2025-08-30 03:38:34
950,492,view,2025-08-08 15:12:56
950,239,purchase,2025-06-12 15:21:17
950,234,cart,2026-02-18 01:40:41
950,4,view,2025-05-18 23:07:41
950,183,purchase,2025-10-08 00:50:41
950,438,purchase,2025-08-31 04:29:03
950,107,cart,2025-08-31 13:42:03
950,462,purchase,2026-01-17 21:20:09
951,199,purchase,2025-12-18 22:09:11
951,32,view,2025-06-04 09:41:11
951,335,view,2026-03-26 10:45:57
951,180,purchase,2025-07-18 23:41:54
951,368,purchase,2026-01-27 08:40:49
951,173,cart,2026-03-06 12:15:05
951,366,view,2025-11-12 05:30:19
951,142,purchase,2025-12-31 18:59:59
951,155,cart,2025-06-06 03:13:10
952,469,purchase,2026-02-21 22:01:59
952,247,cart,2025-12-09 07:47:43
953,310,purchase,2026-01-17 16:53:09
953,92,purchase,2026-01-27 20:26:36
953,362,purchase,2025-07-17 06:36:27
953,397,purchase,2025-06-13 11:53:08
953,269,cart,2025-11-01 05:09:46
953,66,purchase,2025-08-13 21:51:02
953,165,purchase,2026-02-12 06:34:51
953,489,purchase,2025-04-08 08:12:35
954,299,purchase,2025-05-13 18:46:28
954,424,cart,2025-04-13 21:00:15
954,34,view,2025-08-03 16:18:36
954,15,purchase,2026-01-07 05:31:33
954,81,view,2025-07-14 10:45:27
954,49,purchase,2025-08-19 10:33:47
955,255,purchase,2025-04-30 22:41:38
955,243,cart,2025-07-03 07:38:03
956,395,purchase,2026-02-06 14:37:47
956,407,view,2025-06-02 10:33:32
956,53,view,2025-12-24 05:37:05
956,372,cart,2025-11-01 04:28:29
957,472,view,2025-05-27 00:36:02
957,31,purchase,2025-09-18 15:28:36
957,128,view,2025-08-19 07:07:22
957,19,purchase,2026-01-12 17:56:23
957,37,cart,2026-01-27 06:01:41
957,390,cart,2025-08-09 12:03:05
957,310,purchase,2025-12-08 18:40:37
958,472,view,2025-08-04 00:16:11
959,55,purchase,2025-06-11 03:37:32
959,230,cart,2025-04-12 22:47:06
959,68,purchase,2025-10-25 06:51:27
959,293,purchase,2025-06-03 11:39:12
959,102,view,2025-04-19 12:12:21
959,129,cart,2025-07-24 06:24:12
960,347,cart,2025-07-15 10:52:10
960,115,view,2025-11-27 14:00:34
960,379,view,2026-02-23 21:40:52
960,222,purchase,2025-06-28 22:48:57
960,414,view,2026-02-25 06:13:33
960,44,purchase,2026-01-27 00:18:43
960,12,purchase,2025-06-25 17:26:06
960,491,purchase,2026-01-10 01:47:40
961,104,view,2025-05-14 13:57:02
961,414,view,2025-08-15 11:47:19
962,184,cart,2025-09-21 12:43:30
963,279,view,2025-07-26 12:12:31
963,174,view,2025-04-18 07:06:56
963,349,purchase,2026-01-27 20:37:40
963,490,purchase,2025-06-28 20:40:27
963,328,purchase,2025-12-27 17:42:23
963,254,view,2025-05-30 15:39:20
963,426,view,2025-10-20 11:37:19
963,292,cart,2026-02-05 16:50:26
963,256,cart,2025-04-23 07:11:23
963,182,purchase,2026-01-05 22:58:27
964,436,view,2026-01-10 00:32:59
964,410,view,2025-04-11 06:47:38
964,224,cart,2025-09-08 19:31:50
964,320,cart,2025-11-10 01:00:07
964,447,view,2026-02-10 18:17:38
964,291,view,2025-10-25 18:20:46
964,65,purchase,2025-09-24 00:19:46
964,152,view,2025-10-16 19:04:27
964,60,cart,2025-07-26 07:56:51
965,26,purchase,2025-08-28 02:47:36
965,276,cart,2025-08-19 10:34:30
965,11,view,2026-02-27 07:14:30
965,420,cart,2026-01-24 10:19:45
966,199,purchase,2025-12-03 18:08:30
966,183,view,2025-12-19 18:37:55
966,446,view,2025-11-03 16:50:01
966,495,cart,2025-10-19 17:59:34
966,38,purchase,2025-12-07 14:51:28
967,123,purchase,2026-01-16 22:06:36
967,477,purchase,2025-11-29 16:35:48
967,256,cart,2025-10-11 04:47:16
967,204,purchase,2025-11-05 15:45:27
967,29,purchase,2026-01-10 02:08:03
967,357,view,2025-09-11 21:32:58
967,298,cart,2025-09-28 08:01:36
967,479,cart,2025-10-19 02:16:47
967,334,view,2025-12-04 10:27:40
967,16,cart,2025-05-25 11:21:02
968,133,view,2025-05-25 03:34:46
968,171,view,2025-10-09 05:37:45
968,71,view,2025-07-14 08:59:11
968,280,purchase,2026-01-10 16:01:59
968,168,purchase,2025-05-09 12:21:32
968,467,view,2025-11-26 23:37:14
968,120,cart,2025-05-10 15:56:12
969,412,purchase,2026-02-11 08:00:14
969,463,purchase,2026-02-08 23:39:34
970,177,view,2025-09-04 14:56:15
971,306,purchase,2026-03-09 06:38:09
971,313,view,2025-05-02 20:00:53
971,454,purchase,2025-04-17 19:35:24
971,245,view,2025-04-09 15:35:58
971,138,purchase,2025-08-05 12:28:47
971,21,view,2026-01-03 17:11:00
971,18,cart,2025-05-29 00:42:30
972,115,purchase,2025-09-27 10:28:35
972,179,cart,2025-07-18 03:22:15
972,244,cart,2025-06-01 18:18:40
972,400,view,2026-02-13 12:44:59
972,10,view,2025-05-31 23:31:28
972,13,view,2026-02-17 01:51:33
972,273,purchase,2025-04-21 21:03:41
972,440,cart,2025-07-29 07:57:44
972,349,purchase,2025-11-13 00:15:15
973,282,cart,2025-06-04 22:28:42
974,198,cart,2025-11-10 00:41:25
975,220,purchase,2025-09-22 06:18:24
975,218,purchase,2025-06-02 04:40:03
975,70,view,2025-11-01 04:14:00
976,60,purchase,2025-07-30 19:47:08
976,462,cart,2025-11-05 17:25:06
976,180,view,2025-12-20 13:41:24
976,175,cart,2025-08-22 06:13:23
976,470,view,2026-01-27 15:25:44
976,121,view,2025-10-22 12:48:11
976,47,purchase,2025-12-01 01:17:37
976,5,view,2025-07-12 19:46:13
977,382,purchase,2025-08-18 05:17:58
977,290,view,2025-05-21 12:55:04
977,410,view,2025-08-15 09:03:19
977,447,purchase,2025-08-24 21:59:13
977,127,view,2025-07-19 19:50:38
977,39,view,2025-10-08 06:22:44
977,64,cart,2026-03-15 05:22:39
978,144,view,2025-08-03 08:59:03
978,160,cart,2025-04-11 12:14:44
978,308,purchase,2025-07-03 09:03:43
979,149,view,2025-11-28 05:56:30
979,310,cart,2025-10-14 15:46:18
979,245,purchase,2025-10-02 03:46:47
979,62,purchase,2025-05-23 02:18:47
980,39,cart,2026-01-26 10:58:48
980,480,purchase,2026-03-19 02:46:25
981,253,purchase,2026-01-08 12:43:35
981,376,cart,2026-01-31 01:35:53
981,459,view,2025-09-13 19:42:34
981,227,purchase,2025-05-04 21:00:18
982,482,cart,2025-06-05 10:57:12
982,399,purchase,2025-06-19 07:01:20
982,149,purchase,2025-04-06 16:04:58
982,125,purchase,2025-07-03 00:01:40
982,457,cart,2025-09-16 21:53:59
983,357,purchase,2025-10-15 13:38:25
983,257,view,2025-07-09 18:21:44
983,27,cart,2025-08-08 07:52:53
983,461,cart,2025-07-19 19:27:34
983,361,purchase,2025-08-19 10:17:58
983,248,cart,2025-09-30 07:38:32
984,104,view,2026-02-16 00:44:49
984,430,purchase,2026-03-13 03:12:50
985,156,purchase,2025-10-07 09:24:28
985,283,view,2025-06-10 06:48:28
985,62,cart,2025-07-07 11:06:56
985,371,view,2025-04-07 14:59:29
986,120,purchase,2025-09-23 19:12:45
987,332,cart,2026-01-04 06:59:51
987,487,view,2026-02-16 18:38:01
987,10,cart,2025-12-19 06:57:31
987,428,view,2026-01-29 09:30:21
987,138,cart,2026-03-08 20:57:52
987,301,cart,2025-11-15 13:24:33
987,153,view,2025-10-19 09:40:54
987,30,cart,2025-12-18 23:11:51
988,196,cart,2025-08-22 07:14:06
988,9,cart,2025-05-12 22:10:55
988,196,cart,2025-05-02 00:08:48
988,22,view,2025-06-23 15:42:23
988,105,cart,2025-07-21 10:56:56
988,94,purchase,2025-05-31 06:08:02
988,220,purchase,2025-07-24 22:23:42
988,26,purchase,2025-12-25 22:46:26
988,156,view,2025-09-19 06:08:14
988,277,cart,2025-12-05 04:29:44
989,465,purchase,2025-04-28 13:24:42
990,472,cart,2025-11-19 22:16:26
990,414,purchase,2026-03-05 09:09:47
990,110,view,2025-06-10 06:50:11
990,174,purchase,2026-02-17 07:07:27
990,424,purchase,2026-03-07 06:18:02
990,222,cart,2025-12-06 09:45:22
991,413,view,2025-07-03 08:05:40
992,198,purchase,2025-07-18 13:43:47
992,477,purchase,2026-03-10 09:32:43
992,147,purchase,2025-09-08 20:52:45
992,237,cart,2026-03-22 00:57:11
992,293,purchase,2026-02-16 01:34:37
992,290,purchase,2026-01-30 07:20:05
992,133,view,2025-11-05 03:27:06
992,491,cart,2025-11-22 05:42:54
992,239,purchase,2025-07-05 10:18:41
993,67,view,2025-05-01 16:06:57
993,143,purchase,2025-05-06 10:55:00
993,486,cart,2026-03-19 10:41:52
993,43,view,2025-04-28 15:58:31
994,151,cart,2025-08-14 19:56:02
994,292,cart,2026-01-03 06:17:51
994,19,purchase,2026-01-12 11:21:01
994,140,cart,2025-07-17 17:19:35
994,137,purchase,2025-09-17 02:34:55
994,128,purchase,2025-12-21 11:07:41
994,414,purchase,2025-06-13 00:04:42
994,6,view,2026-03-02 11:02:58
994,157,purchase,2025-10-31 05:35:12
995,428,cart,2025-07-06 14:34:00
995,433,view,2025-09-05 21:20:05
995,227,cart,2025-05-31 05:30:33
995,8,cart,2025-08-20 05:35:12
995,4,cart,2025-05-01 11:26:44
995,18,cart,2026-02-22 14:49:54
996,326,purchase,2025-12-21 01:13:32
996,111,cart,2025-04-11 12:26:26
996,29,purchase,2025-06-18 01:22:26
996,480,view,2025-11-22 05:52:46
996,141,purchase,2026-02-11 14:57:39
996,282,cart,2026-03-20 03:28:32
996,488,view,2025-07-07 21:43:36
996,225,view,2026-01-07 04:55:55
997,392,cart,2026-03-14 09:46:49
997,132,cart,2025-10-11 09:01:16
997,65,view,2025-05-29 07:29:31
997,322,view,2025-11-23 11:30:10
997,75,purchase,2026-01-04 05:06:23
998,119,view,2026-03-24 15:59:50
999,94,purchase,2026-02-09 00:07:52
1000,440,cart,2025-08-18 16:10:35
1000,296,cart,2025-04-30 17:43:00
1000,21,purchase,2025-10-09 14:28:45
1000,367,view,2025-04-10 07:38:50
1000,31,purchase,2025-12-11 08:58:12
1000,132,cart,2026-02-28 20:42:11
1000,8,purchase,2026-02-15 14:25:05
1000,432,cart,2025-11-01 20:46:04
1000,276,purchase,2025-07-07 18:27:21
1001,307,view,2025-06-10 19:53:09
1002,55,view,2026-01-06 11:11:41
1002,259,cart,2025-07-26 06:31:20
1002,57,purchase,2025-09-30 07:05:16
1002,39,view,2026-01-10 21:15:08
1002,104,cart,2025-12-21 18:58:03
1002,292,cart,2026-03-24 22:00:51
1003,36,purchase,2025-09-25 17:07:30
1003,218,cart,2025-08-25 23:47:56
1003,73,view,2026-01-30 19:46:18
1003,167,purchase,2025-11-26 01:07:21
1003,403,cart,2026-03-26 10:01:25
1003,171,cart,2025-10-16 06:43:22
1003,459,purchase,2026-01-07 10:48:03
1004,240,cart,2025-12-28 09:36:31
1004,318,view,2025-08-16 20:43:55
1004,82,cart,2025-06-15 22:16:28
1004,22,cart,2026-03-24 04:16:21
1004,476,view,2025-11-03 14:49:46
1004,466,purchase,2025-11-02 22:24:48
1005,54,purchase,2026-02-17 15:39:03
1006,413,cart,2025-10-17 19:03:39
1006,261,purchase,2026-02-27 19:11:17
1006,399,purchase,2025-05-28 02:33:42
1006,260,purchase,2026-03-19 21:47:13
1007,481,view,2026-03-07 21:13:59
1007,193,purchase,2025-12-22 03:47:43
1007,16,purchase,2026-01-12 10:21:31
1007,371,view,2026-03-15 14:16:22
1007,195,purchase,2025-07-11 15:44:33
1007,40,view,2025-12-21 06:48:09
1008,289,purchase,2025-05-29 01:55:18
1008,294,purchase,2026-02-02 11:57:30
1008,280,purchase,2025-05-24 11:59:20
1008,214,purchase,2025-09-01 04:09:27
1009,433,purchase,2025-07-11 12:34:50
1009,408,view,2025-05-01 13:23:57
1010,241,purchase,2025-10-06 16:16:13
1010,268,purchase,2025-10-01 04:05:54
1010,225,cart,2025-07-21 16:58:26
1010,137,view,2025-05-30 19:39:46
1010,428,purchase,2025-04-14 07:06:19
1010,150,view,2025-07-14 08:28:01
1010,168,view,2025-07-18 16:14:45
1010,409,cart,2025-12-05 07:07:28
1010,118,cart,2025-06-17 20:48:10
1010,161,purchase,2025-05-05 16:48:48
1011,354,view,2025-10-29 03:50:04
1011,227,purchase,2025-08-28 22:19:34
1012,185,view,2025-05-21 20:40:17
1012,180,purchase,2025-05-07 05:38:08
1012,258,view,2025-04-05 19:10:53
1012,468,cart,2026-03-29 12:56:30
1012,334,cart,2025-12-27 08:17:54
1012,309,view,2025-10-31 00:45:10
1012,229,cart,2026-03-15 12:30:58
1013,291,view,2026-03-21 19:23:15
1013,473,purchase,2025-05-03 01:37:42
1013,125,cart,2025-10-01 19:07:43
1013,345,purchase,2025-06-21 11:52:20
1014,310,cart,2026-03-21 00:36:29
1014,407,cart,2026-01-16 12:52:35
1014,174,cart,2025-04-17 12:19:59
1015,41,cart,2026-02-23 15:45:56
1015,215,purchase,2025-10-28 02:25:38
1016,294,cart,2025-09-12 19:19:39
1016,323,view,2025-06-19 21:09:50
1016,460,view,2025-09-27 07:08:18
1017,7,view,2026-02-26 01:32:37
1017,61,cart,2025-04-28 22:11:57
1017,134,purchase,2025-07-21 11:15:28
1017,364,cart,2025-07-04 00:08:31
1017,380,view,2025-07-21 02:02:43
1017,64,view,2025-12-24 14:14:27
1017,426,cart,2026-03-07 09:57:52
1017,12,purchase,2026-03-25 13:53:23
1018,37,view,2025-05-04 00:05:15
1018,263,purchase,2025-11-16 08:28:01
1018,470,cart,2026-03-05 20:31:17
1019,181,view,2026-01-03 18:51:00
1019,205,purchase,2025-11-16 09:43:25
1019,285,view,2026-01-17 19:29:33
1019,364,cart,2025-10-24 18:26:03
1019,60,cart,2025-12-18 17:52:08
1019,459,cart,2025-10-02 20:39:06
1019,302,purchase,2026-01-30 20:09:40
1020,55,purchase,2025-05-01 00:58:23
1020,23,view,2025-09-16 15:39:53
1020,378,cart,2026-02-07 02:07:06
1020,486,cart,2026-03-10 01:03:13
1020,466,cart,2025-04-23 11:20:02
1020,322,cart,2025-09-27 08:27:47
1020,379,cart,2025-07-29 06:43:37
1020,148,cart,2025-04-12 07:21:36
1020,358,view,2025-08-31 00:25:03
1020,375,view,2025-07-10 13:13:51
1021,469,purchase,2025-04-04 13:21:59
1021,42,view,2025-05-04 18:58:08
1021,458,view,2025-04-03 01:01:27
1021,303,purchase,2026-03-23 10:40:50
1021,189,purchase,2025-07-16 04:37:43
1021,332,cart,2026-02-08 16:57:18
1021,194,cart,2025-05-31 04:21:10
1021,224,view,2026-01-23 09:00:58
1021,260,purchase,2025-12-26 01:05:39
1021,301,cart,2025-06-26 14:55:58
1022,118,cart,2026-02-04 16:39:11
1022,252,cart,2025-11-09 19:17:10
1023,288,purchase,2025-06-26 12:01:24
1024,296,purchase,2025-07-24 07:37:56
1024,432,cart,2025-08-11 04:33:05
1024,146,cart,2026-03-26 02:20:08
1024,196,cart,2025-05-18 04:50:28
1024,387,view,2026-02-23 06:42:37
1024,488,view,2025-08-04 22:01:09
1024,21,purchase,2025-09-02 09:22:01
1024,451,purchase,2025-08-21 07:32:09
1024,107,cart,2025-05-31 06:30:33
1025,142,purchase,2025-12-09 07:55:47
1025,450,purchase,2025-08-24 01:33:20
1025,160,view,2025-09-03 23:41:01
1025,177,cart,2025-08-12 15:35:14
1025,84,view,2025-06-29 14:06:49
1025,147,cart,2025-08-16 03:43:19
1025,249,cart,2025-05-14 16:25:25
1025,114,view,2025-12-17 05:57:41
1025,147,cart,2026-03-09 15:42:59
1026,385,view,2025-12-07 19:31:33
1026,473,view,2025-12-10 15:47:47
1026,341,cart,2026-03-17 06:25:38
1026,72,view,2025-10-05 01:42:47
1026,105,purchase,2025-08-08 00:21:56
1026,429,purchase,2025-04-27 01:30:57
1026,386,view,2026-01-10 08:21:37
1026,14,purchase,2025-09-16 15:46:15
1026,462,view,2025-09-23 05:40:26
1026,491,purchase,2025-11-11 10:13:28
1027,409,view,2025-07-21 07:02:43
1027,3,cart,2025-08-01 01:55:55
1027,426,view,2025-07-24 07:21:11
1027,189,view,2025-09-09 19:17:23
1027,144,purchase,2025-12-16 18:04:37
1027,218,purchase,2026-01-31 12:30:37
1027,227,purchase,2025-08-02 18:19:25
1027,64,cart,2025-11-05 14:42:49
1027,151,view,2025-06-21 12:22:04
1028,227,cart,2026-01-07 10:52:25
1028,252,cart,2025-05-03 07:42:55
1029,442,view,2025-09-26 01:42:21
1029,142,purchase,2025-08-19 14:27:56
1030,495,cart,2025-06-01 21:59:13
1030,411,view,2026-01-05 06:38:09
1031,372,view,2025-08-19 00:46:01
1031,167,view,2025-10-23 08:16:40
1031,259,cart,2025-12-10 03:17:21
1031,141,cart,2026-01-31 02:52:45
1032,344,view,2025-10-03 15:30:59
1032,361,purchase,2025-09-11 06:48:36
1032,161,view,2025-07-12 15:14:38
1032,221,view,2025-07-17 12:29:26
1032,477,purchase,2025-11-05 21:50:46
1032,406,purchase,2025-10-16 04:34:59
1032,162,view,2025-05-06 09:31:47
1032,430,purchase,2026-02-24 22:57:44
1032,338,purchase,2026-01-11 19:50:04
1033,485,purchase,2025-06-23 23:39:50
1034,125,view,2026-03-16 01:36:39
1035,192,view,2025-11-25 16:16:40
1035,344,view,2025-12-26 02:27:28
1035,135,cart,2025-05-03 16:10:16
1035,77,cart,2025-05-03 19:24:27
1035,416,view,2025-12-23 08:47:02
1035,375,cart,2025-10-13 02:10:13
1035,144,view,2025-04-21 03:40:22
1035,101,purchase,2025-04-19 11:48:31
1035,448,view,2025-11-25 21:53:59
1035,486,purchase,2026-01-11 07:46:44
1036,1,cart,2025-08-02 10:59:05
1036,34,cart,2025-08-25 06:23:23
1036,285,purchase,2025-06-23 01:41:45
1036,106,purchase,2025-04-14 15:17:35
1037,19,cart,2025-04-02 21:41:25
1037,352,cart,2025-08-14 12:01:40
1037,314,cart,2025-12-09 13:04:04
1038,120,purchase,2025-08-15 16:02:42
1038,178,cart,2025-10-22 19:20:09
1038,271,purchase,2025-04-04 18:59:22
1038,488,view,2025-05-12 09:11:49
1038,449,cart,2025-06-04 12:16:07
1038,430,view,2025-07-09 00:21:55
1038,448,cart,2025-05-20 09:25:45
1038,342,cart,2026-02-25 13:18:29
1038,250,purchase,2025-08-08 19:59:32
1038,200,purchase,2026-04-02 20:27:27
1039,278,cart,2025-05-18 02:19:05
1039,151,view,2025-05-17 05:51:57
1039,112,view,2025-10-22 06:16:41
1039,493,cart,2025-10-19 18:44:45
1039,214,cart,2025-12-20 07:02:40
1039,166,view,2025-04-09 18:00:54
1040,59,view,2025-10-19 07:28:00
1040,237,cart,2025-10-31 19:27:12
1040,338,view,2025-06-06 17:34:51
1040,177,purchase,2026-03-27 10:51:37
1040,203,purchase,2025-10-27 14:06:50
1040,65,cart,2026-02-18 15:15:02
1040,430,cart,2025-05-25 17:31:49
1041,210,purchase,2025-08-29 11:08:55
1041,120,view,2025-10-31 13:29:05
1041,148,cart,2025-04-18 01:03:08
1041,259,view,2025-05-27 14:39:11
1041,455,cart,2025-07-10 01:21:06
1041,31,purchase,2025-04-22 01:27:13
1041,395,cart,2025-11-14 13:26:05
1041,133,purchase,2026-01-20 05:57:37
1041,162,cart,2025-11-22 00:13:06
1041,200,cart,2026-03-18 00:52:40
1042,204,cart,2026-03-18 02:30:21
1042,467,view,2025-04-29 16:55:22
1042,137,cart,2025-08-31 00:28:57
1042,372,view,2025-09-21 15:26:54
1042,173,purchase,2025-05-16 23:27:46
1042,419,view,2025-10-27 02:11:24
1042,157,cart,2025-11-04 23:28:07
1043,113,purchase,2025-07-10 04:12:38
1043,448,view,2025-10-04 00:22:19
1043,274,view,2026-02-02 21:42:14
1043,399,purchase,2026-03-10 08:40:21
1043,56,purchase,2025-05-06 01:08:12
1043,312,cart,2026-01-12 01:41:44
1043,66,purchase,2025-08-07 19:27:25
1044,10,purchase,2025-04-03 05:17:26
1044,10,cart,2026-02-24 05:25:12
1044,46,purchase,2026-01-01 04:36:52
1044,170,cart,2025-04-23 12:34:01
1044,392,purchase,2025-11-28 13:53:06
1044,32,purchase,2026-01-29 16:15:30
1044,25,purchase,2025-05-02 01:26:46
1044,107,cart,2025-08-17 18:26:20
1044,274,view,2025-04-05 14:38:54
1045,429,purchase,2026-02-15 08:08:17
1045,202,purchase,2026-02-02 12:40:41
1045,117,cart,2025-10-28 10:14:15
1046,466,cart,2025-06-15 04:47:55
1046,169,cart,2026-03-12 18:07:02
1046,110,purchase,2025-10-27 13:57:03
1047,481,view,2025-09-24 17:13:49
1047,18,view,2025-09-30 20:45:28
1047,386,purchase,2025-11-11 19:52:43
1047,52,purchase,2025-05-24 16:39:37
1048,405,cart,2025-05-02 13:01:19
1048,21,view,2025-08-15 20:52:51
1048,144,cart,2025-07-08 04:57:38
1048,12,view,2025-07-16 17:03:07
1048,323,purchase,2026-02-02 23:00:24
1048,126,view,2025-12-24 09:01:41
1048,139,purchase,2025-09-14 00:08:42
1049,416,cart,2026-01-22 06:00:55
1049,335,cart,2026-02-22 12:07:04
1050,418,purchase,2025-12-12 20:16:43
1050,448,cart,2025-07-12 20:47:30
1050,441,view,2025-11-08 22:56:53
1051,37,purchase,2025-04-09 08:49:05
1051,369,purchase,2025-12-22 08:22:48
1052,10,view,2025-08-12 22:46:28
1052,380,purchase,2025-05-17 03:34:55
1052,309,view,2025-10-27 17:17:45
1052,48,purchase,2025-04-20 20:24:42
1052,301,cart,2025-06-09 10:39:59
1052,99,purchase,2026-03-03 17:46:35
1052,439,cart,2025-09-10 18:52:23
1053,217,purchase,2025-05-24 18:42:28
1053,380,view,2025-06-28 23:09:24
1053,154,cart,2025-07-08 12:16:04
1053,234,view,2025-07-03 20:53:24
1053,51,cart,2026-01-22 06:17:54
1053,496,purchase,2026-03-06 05:03:04
1054,241,cart,2025-09-06 17:32:21
1054,149,cart,2026-01-11 19:43:55
1054,47,view,2025-11-18 03:20:22
1054,495,cart,2026-03-15 02:31:41
1054,287,cart,2025-06-03 23:28:15
1054,247,cart,2025-06-13 18:04:04
1054,464,purchase,2025-05-29 19:20:36
1054,273,purchase,2025-08-10 07:39:44
1054,125,cart,2025-06-13 05:00:20
1054,8,cart,2026-01-10 18:48:48
1055,487,cart,2025-09-18 10:32:44
1055,390,purchase,2026-01-21 07:38:28
1055,365,view,2025-07-12 07:29:47
1055,231,view,2025-09-24 18:42:42
1055,295,view,2025-04-04 10:05:14
1055,203,view,2025-08-28 23:44:49
1055,228,cart,2025-08-30 03:27:00
1056,288,view,2025-12-08 07:11:42
1056,329,cart,2025-08-23 18:54:43
1056,170,view,2025-11-11 01:47:44
1056,414,purchase,2025-10-16 15:08:02
1056,499,view,2025-06-22 18:51:44
1056,48,purchase,2025-09-16 19:16:45
1056,86,view,2025-07-09 05:58:22
1056,442,cart,2025-07-14 14:27:08
1057,127,view,2025-07-11 07:37:53
1057,72,cart,2026-01-11 23:49:33
1057,315,cart,2025-09-08 14:25:28
1057,267,purchase,2025-05-12 01:47:48
1057,429,purchase,2026-02-22 06:33:13
1057,389,view,2025-04-11 07:16:35
1057,30,cart,2026-01-13 08:46:09
1057,129,cart,2026-01-21 17:38:19
1057,159,purchase,2025-12-22 07:37:50
1057,172,view,2025-06-02 21:48:11
1058,164,purchase,2025-04-16 17:13:15
1059,306,cart,2026-02-02 21:15:00
1059,446,view,2025-05-05 17:31:01
1059,137,purchase,2025-09-15 00:12:16
1059,107,purchase,2025-09-15 06:14:13
1059,406,cart,2025-11-23 17:20:42
1059,279,cart,2025-05-31 04:11:26
1059,160,purchase,2025-12-19 01:03:34
1059,120,cart,2025-11-11 23:24:04
1059,236,purchase,2025-05-22 11:31:36
1059,247,purchase,2026-01-15 16:37:32
1060,439,purchase,2025-07-28 21:27:31
1060,375,view,2025-07-19 01:37:40
1060,471,view,2025-08-27 07:20:22
1060,217,purchase,2025-12-30 03:03:01
1060,39,cart,2025-08-22 01:08:39
1060,65,view,2025-07-26 15:57:15
1060,82,purchase,2025-06-06 23:13:10
1060,383,view,2025-10-19 23:56:29
1060,85,view,2025-12-26 00:18:02
1061,445,view,2026-03-11 02:24:01
1061,19,cart,2025-08-27 17:58:31
1061,253,view,2025-09-09 16:36:57
1061,320,purchase,2025-11-07 06:45:15
1061,249,view,2026-02-05 00:16:40
1061,383,purchase,2025-08-31 16:55:15
1061,214,cart,2025-10-27 05:26:52
1061,4,cart,2025-09-10 05:15:30
1062,222,cart,2025-09-27 02:02:34
1062,368,purchase,2025-07-31 14:38:03
1063,267,cart,2025-04-24 08:02:57
1063,314,cart,2025-04-28 09:18:25
1063,288,purchase,2025-11-28 07:57:44
1063,84,view,2025-08-13 15:59:22
1063,148,purchase,2026-01-31 05:37:04
1064,411,purchase,2025-09-16 11:42:39
1064,487,purchase,2026-02-02 07:53:57
1064,190,purchase,2025-11-19 04:08:57
1064,309,cart,2025-04-16 16:00:26
1065,236,view,2025-08-28 13:17:07
1065,479,cart,2025-04-27 14:31:20
1065,474,purchase,2026-03-02 08:19:07
1065,368,view,2025-10-02 20:09:17
1065,84,purchase,2025-05-15 10:35:36
1065,366,cart,2025-05-27 14:14:54
1065,5,cart,2025-11-11 14:59:50
1065,213,view,2025-10-26 19:18:59
1066,240,view,2025-10-30 20:01:15
1066,2,cart,2025-10-10 17:24:04
1066,359,view,2025-10-10 01:50:55
1067,355,view,2025-07-07 09:04:33
1067,275,cart,2026-01-08 05:32:33
1067,169,view,2025-11-12 11:53:31
1067,31,purchase,2025-09-11 02:49:27
1068,304,view,2026-01-05 23:16:36
1068,34,cart,2025-05-19 13:13:32
1068,325,purchase,2026-02-25 07:43:59
1068,452,view,2025-07-25 22:53:43
1068,176,purchase,2025-06-12 18:54:08
1068,7,view,2025-07-28 21:55:34
1068,140,cart,2026-03-15 00:16:53
1068,420,cart,2026-03-13 05:45:06
1069,373,cart,2025-12-30 13:57:01
1069,188,purchase,2025-10-10 11:28:14
1069,392,cart,2025-06-25 08:17:30
1069,478,cart,2025-05-09 13:20:15
1069,287,purchase,2025-07-29 22:54:43
1069,328,purchase,2025-05-06 11:51:43
1069,103,view,2025-05-31 05:19:16
1069,303,view,2025-05-13 04:18:34
1069,52,purchase,2025-11-15 09:49:30
1069,110,cart,2025-08-17 02:16:29
1070,134,purchase,2025-09-16 18:48:10
1070,52,view,2025-09-20 11:31:00
1070,408,purchase,2025-05-17 21:09:22
1071,330,cart,2025-04-28 19:56:21
1071,169,purchase,2025-04-22 11:01:58
1071,395,purchase,2026-02-06 00:18:49
1071,309,cart,2025-12-25 23:23:51
1071,494,purchase,2025-10-06 02:51:03
1071,446,purchase,2026-01-08 00:32:24
1071,342,cart,2025-05-24 19:44:03
1071,107,view,2025-08-19 15:37:50
1071,1,view,2026-01-23 14:07:15
1071,110,view,2025-11-16 21:11:55
1072,75,view,2025-04-16 09:21:55
1072,84,cart,2025-05-23 02:16:50
1072,447,view,2025-10-27 16:39:45
1072,165,view,2025-04-21 04:29:32
1072,458,view,2025-07-22 05:04:34
1072,70,purchase,2025-07-06 11:02:29
1072,413,cart,2025-10-29 22:51:02
1072,217,purchase,2025-07-23 15:44:17
1072,241,cart,2025-10-08 22:42:36
1072,154,purchase,2025-04-10 07:45:10
1073,123,purchase,2025-05-15 19:36:41
1073,201,cart,2025-10-16 00:31:33
1074,361,cart,2025-06-07 00:27:00
1074,181,cart,2025-11-17 14:26:55
1074,429,purchase,2025-11-24 16:04:17
1074,162,purchase,2025-07-15 17:35:28
1074,40,purchase,2025-12-06 01:39:30
1074,431,view,2025-06-04 04:00:30
1074,489,view,2026-03-17 01:46:50
1075,364,view,2025-06-10 12:31:37
1075,430,cart,2025-07-24 19:16:56
1075,286,cart,2025-12-12 14:56:48
1075,250,purchase,2025-12-16 05:51:04
1075,403,cart,2025-07-09 13:29:15
1076,285,cart,2026-01-07 18:29:25
1076,333,cart,2025-08-08 06:18:23
1077,12,cart,2025-10-19 10:56:46
1077,437,cart,2025-04-12 22:54:15
1077,394,purchase,2025-05-31 06:09:45
1078,372,cart,2026-03-08 02:13:49
1078,109,purchase,2025-11-16 09:52:58
1078,286,view,2025-06-08 18:47:11
1078,195,cart,2026-01-29 18:49:04
1078,91,purchase,2025-05-27 17:04:33
1078,5,view,2025-05-23 02:42:19
1079,184,purchase,2026-01-08 11:57:22
1079,99,view,2025-08-04 03:36:17
1079,300,cart,2025-10-21 06:27:36
1079,168,view,2026-01-04 06:37:23
1079,466,cart,2026-01-17 04:04:13
1079,468,cart,2025-06-09 03:00:27
1079,257,view,2025-09-25 07:32:42
1079,310,cart,2025-06-10 08:48:42
1080,331,cart,2025-06-15 17:33:50
1081,203,view,2025-11-21 04:23:08
1081,356,purchase,2025-08-24 14:14:22
1081,129,cart,2025-06-11 11:15:39
1081,320,view,2025-07-06 01:37:10
1081,497,purchase,2025-07-17 11:04:16
1081,421,view,2025-05-02 16:22:05
1081,441,purchase,2025-06-18 17:23:06
1081,474,cart,2025-12-28 00:40:28
1082,323,cart,2025-07-31 03:25:19
1082,251,view,2025-11-12 15:10:29
1082,242,purchase,2025-10-27 08:02:15
1082,447,purchase,2025-08-26 13:13:02
1082,384,purchase,2025-07-22 16:34:23
1082,413,view,2026-02-14 07:20:37
1082,19,cart,2025-05-12 01:00:04
1082,14,purchase,2026-03-07 21:15:11
1082,457,purchase,2025-10-10 01:38:50
1082,78,purchase,2025-04-13 03:11:48
1083,445,view,2025-12-27 10:40:34
1083,42,cart,2025-08-09 15:21:36
1083,427,view,2025-07-17 10:20:24
1084,227,purchase,2025-08-23 10:51:32
1085,160,view,2025-04-27 00:41:23
1086,142,view,2025-04-27 00:21:29
1086,335,purchase,2025-04-23 01:55:11
1086,377,view,2025-07-26 17:15:40
1086,170,purchase,2025-05-15 01:52:51
1086,434,cart,2026-03-22 14:03:27
1086,459,purchase,2025-07-31 05:22:58
1086,86,purchase,2025-05-28 21:16:24
1086,369,cart,2025-07-31 22:28:27
1086,264,view,2025-05-18 19:48:49
1087,213,purchase,2026-02-14 16:11:43
1087,342,view,2025-10-30 08:46:59
1087,33,view,2025-09-08 17:19:23
1087,422,purchase,2025-04-13 16:40:41
1087,75,purchase,2025-09-14 09:57:45
1087,136,view,2025-07-01 20:16:43
1087,88,cart,2025-08-25 04:44:29
1088,141,purchase,2026-03-16 06:32:49
1089,352,purchase,2025-08-27 19:53:54
1089,209,view,2025-12-03 19:59:49
1089,325,purchase,2025-11-02 12:48:08
1089,431,view,2025-11-10 09:02:48
1090,140,purchase,2025-11-19 11:22:35
1090,179,view,2025-04-23 08:52:23
1090,174,cart,2026-02-28 07:07:16
1090,290,purchase,2025-05-31 10:08:54
1090,44,purchase,2025-05-19 10:25:32
1091,45,view,2026-01-12 23:27:29
1091,470,view,2025-08-22 15:20:18
1091,93,purchase,2026-03-07 19:00:02
1091,44,view,2025-08-20 04:51:12
1091,162,purchase,2025-06-14 15:16:42
1091,320,view,2025-09-03 09:09:24
1091,392,view,2026-02-18 14:52:45
1091,403,view,2025-09-08 19:36:35
1092,326,cart,2026-03-13 00:08:45
1092,235,view,2025-10-17 23:01:04
1092,449,purchase,2026-02-04 01:21:16
1092,482,view,2025-09-18 16:08:04
1093,428,purchase,2025-08-12 19:42:29
1093,328,view,2025-10-12 07:03:17
1093,382,purchase,2025-06-24 19:36:53
1093,67,cart,2025-06-04 13:53:00
1093,27,cart,2026-01-08 21:41:21
1094,91,cart,2025-09-15 00:01:46
1094,71,purchase,2026-03-29 01:37:18
1094,161,cart,2026-03-26 04:09:19
1094,115,view,2025-08-27 06:41:04
1094,139,view,2025-12-26 20:47:12
1095,151,cart,2025-12-10 02:47:29
1095,357,cart,2026-02-08 04:03:43
1095,135,view,2025-10-16 04:08:14
1096,181,purchase,2026-03-17 09:06:27
1096,186,cart,2026-02-11 19:14:17
1096,395,purchase,2025-10-02 17:31:44
1096,267,cart,2026-04-02 02:16:51
1096,424,purchase,2025-12-24 15:31:18
1096,351,view,2025-06-11 04:34:36
1096,18,purchase,2025-10-22 17:12:41
1096,197,view,2025-08-22 00:16:12
1097,291,view,2025-07-11 22:40:55
1097,359,cart,2025-04-21 14:06:37
1097,177,purchase,2025-06-12 12:21:16
1097,415,purchase,2025-04-28 18:17:54
1097,407,cart,2025-08-02 21:30:44
1097,106,cart,2026-03-07 17:12:23
1097,358,purchase,2026-03-07 04:09:24
1097,282,purchase,2026-02-22 09:20:11
1097,406,cart,2025-10-27 00:23:03
1098,262,view,2025-07-21 16:31:54
1098,132,view,2026-02-25 18:05:25
1099,133,view,2025-06-10 20:40:03
1099,472,view,2025-06-01 19:16:08
1099,264,purchase,2025-12-14 14:32:02
1099,323,view,2025-05-06 20:21:10
1099,243,view,2025-05-04 10:18:52
1099,239,purchase,2025-05-02 06:16:15
1099,165,cart,2025-11-28 17:14:32
1099,288,cart,2025-11-03 19:13:54
1100,461,view,2025-10-05 14:01:24
1100,165,purchase,2025-08-25 04:34:50
1100,53,purchase,2025-11-05 22:01:18
1100,183,view,2026-02-09 07:08:40
1100,81,cart,2026-01-29 12:39:02
1100,243,cart,2026-04-01 07:07:44
1100,172,purchase,2026-03-12 01:09:57
1100,462,view,2025-05-03 06:11:53
1100,95,cart,2025-10-12 00:21:22
1100,156,view,2025-06-10 06:49:16
1101,279,view,2026-01-06 18:35:02
1101,385,view,2025-08-12 22:28:30
1101,224,purchase,2026-04-01 02:00:33
1101,233,purchase,2025-04-14 11:06:44
1101,294,purchase,2025-09-10 18:20:45
1101,222,purchase,2025-04-27 04:52:40
1101,204,cart,2025-08-01 07:42:30
1101,427,view,2025-10-22 01:20:08
1102,370,cart,2026-01-22 13:18:32
1102,307,cart,2025-11-26 08:33:27
1102,247,purchase,2025-04-15 17:54:22
1102,205,cart,2025-10-01 10:36:06
1102,20,view,2025-09-01 18:54:43
1103,55,cart,2025-11-03 19:10:16
1103,218,cart,2025-06-25 22:25:32
1103,488,purchase,2025-07-31 10:48:11
1103,205,purchase,2025-09-23 17:29:33
1103,14,view,2025-04-06 02:08:28
1103,262,view,2025-12-18 09:38:30
1103,472,cart,2026-03-15 10:33:33
1103,453,purchase,2025-04-15 10:31:25
1103,494,purchase,2026-03-13 06:33:24
1104,101,purchase,2025-04-26 15:50:16
1104,384,view,2025-10-06 09:16:56
1104,66,purchase,2025-04-24 17:02:05
1104,170,view,2025-05-11 04:30:35
1104,496,view,2025-12-12 23:21:32
1104,158,view,2025-06-30 19:36:35
1104,410,cart,2025-10-24 12:21:48
1104,234,cart,2026-02-25 16:57:47
1104,84,cart,2025-10-17 22:11:48
1105,337,view,2026-02-21 19:37:52
1106,452,view,2026-01-04 02:15:11
1106,154,cart,2025-04-27 14:57:37
1106,41,view,2026-02-07 18:47:32
1106,120,view,2025-05-22 16:04:16
1107,46,purchase,2026-02-27 13:15:27
1107,125,view,2025-11-19 18:32:50
1107,350,purchase,2026-03-07 11:37:24
1107,432,cart,2025-06-09 04:44:07
1107,2,cart,2025-11-03 07:01:03
1107,81,cart,2025-12-26 15:55:13
1107,51,cart,2025-09-30 18:59:26
1108,351,cart,2025-09-13 01:01:28
1108,357,view,2025-06-09 18:36:30
1108,467,cart,2025-04-03 09:50:27
1108,342,cart,2025-05-06 04:50:55
1108,425,cart,2025-10-05 03:29:27
1108,361,view,2025-09-03 19:39:49
1108,390,view,2025-11-07 03:11:28
1108,198,view,2026-04-01 06:37:53
1108,162,view,2025-09-12 01:52:43
1109,395,cart,2026-02-22 20:00:15
1109,459,cart,2025-06-08 13:06:54
1109,419,purchase,2025-07-09 23:36:00
1109,373,cart,2025-11-06 05:47:28
1109,305,cart,2025-05-18 22:51:42
1109,273,view,2026-01-18 16:59:27
1109,177,cart,2025-11-18 03:31:54
1110,13,view,2025-07-14 09:19:03
1110,453,purchase,2026-02-09 23:03:12
1110,91,view,2025-12-13 11:17:54
1110,188,cart,2025-06-25 03:45:22
1110,174,purchase,2026-02-20 17:43:28
1110,421,view,2025-11-27 21:59:26
1110,312,purchase,2025-12-15 23:50:42
1110,384,cart,2025-11-09 02:37:24
1110,468,view,2025-06-19 14:37:56
1110,330,view,2026-01-06 08:13:24
1111,255,view,2025-05-04 01:51:54
1111,22,view,2025-10-27 12:31:40
1111,154,cart,2026-02-21 17:26:36
1112,173,cart,2025-06-01 20:12:40
1112,334,view,2025-08-13 05:40:20
1113,77,cart,2026-02-07 21:32:31
1113,159,cart,2025-08-04 19:26:34
1113,345,cart,2026-02-26 03:46:18
1113,17,cart,2025-11-19 17:17:46
1113,490,cart,2026-01-21 07:22:03
1113,91,view,2025-04-27 11:45:35
1113,203,purchase,2025-08-31 19:35:02
1114,427,view,2025-10-23 11:55:52
1114,238,view,2025-08-08 20:34:03
1114,177,purchase,2025-10-16 09:08:57
1114,375,view,2025-11-01 07:14:19
1114,335,cart,2025-05-08 04:25:07
1114,411,view,2026-03-09 05:18:16
1114,82,cart,2026-02-26 13:12:47
1114,65,purchase,2026-01-22 02:58:11
1114,259,cart,2025-04-08 13:32:30
1115,5,cart,2025-06-16 06:12:04
1115,334,purchase,2025-10-30 17:06:14
1115,205,cart,2025-08-22 09:23:54
1115,394,view,2025-05-16 03:56:38
1115,155,cart,2026-03-07 20:08:02
1115,132,purchase,2026-02-04 03:25:22
1115,324,view,2026-02-07 22:51:24
1115,309,cart,2025-08-04 04:11:34
1116,190,cart,2025-07-22 22:43:54
1116,364,cart,2025-11-11 08:37:27
1116,432,purchase,2026-01-05 00:10:15
1116,497,cart,2026-01-02 16:56:15
1116,57,view,2025-06-23 17:03:27
1116,217,purchase,2025-10-12 20:08:24
1116,388,cart,2025-10-12 22:39:51
1116,445,purchase,2025-09-16 10:13:51
1116,40,view,2025-05-06 05:59:50
1117,172,purchase,2025-05-07 10:48:27
1118,132,view,2025-05-17 04:14:23
1118,263,purchase,2025-08-04 11:32:31
1118,372,cart,2025-09-27 09:40:22
1118,222,view,2025-05-09 10:34:36
1118,237,cart,2025-08-23 19:19:18
1118,20,view,2025-11-02 08:19:44
1118,444,cart,2025-04-11 13:54:10
1118,235,cart,2025-09-13 05:28:15
1118,25,purchase,2025-05-23 13:52:28
1118,351,cart,2025-11-15 06:44:46
1119,217,cart,2025-07-17 22:48:27
1119,345,cart,2025-11-21 14:10:13
1119,392,view,2025-07-28 06:01:54
1119,277,cart,2025-11-26 06:29:40
1119,91,cart,2025-09-20 09:55:56
1120,213,view,2025-11-04 16:49:47
1120,228,cart,2026-01-07 23:55:59
1120,152,purchase,2025-12-25 21:29:04
1120,18,purchase,2025-12-20 06:13:31
1120,57,cart,2025-09-03 11:58:32
1120,374,view,2025-07-01 17:07:58
1121,378,cart,2025-10-12 01:34:58
1121,127,view,2025-11-08 14:15:46
1121,43,purchase,2025-04-12 12:34:30
1121,48,view,2026-01-11 07:46:32
1121,372,view,2025-08-04 10:23:39
1121,324,cart,2025-06-24 17:21:02
1121,220,cart,2026-02-13 00:34:31
1121,176,cart,2025-11-19 20:38:10
1121,352,purchase,2026-02-01 04:47:11
1122,470,purchase,2026-02-19 06:35:29
1122,420,purchase,2026-02-11 10:50:03
1122,291,cart,2025-06-06 16:43:17
1122,20,view,2026-03-21 11:00:29
1123,190,view,2025-09-25 08:48:54
1123,75,purchase,2026-03-29 21:25:03
1123,370,purchase,2025-04-14 02:25:34
1123,415,view,2025-12-30 22:29:21
1123,195,purchase,2026-02-08 17:18:40
1123,371,view,2026-01-04 12:16:13
1124,474,purchase,2025-11-27 13:03:30
1124,383,cart,2026-02-13 18:14:06
1124,216,cart,2026-03-27 07:04:37
1124,11,view,2025-08-27 06:50:10
1124,486,purchase,2025-11-13 19:17:06
1124,131,purchase,2025-05-02 11:16:47
1125,428,cart,2026-01-26 12:53:05
1125,494,view,2025-05-08 16:09:29
1126,292,cart,2025-08-18 06:41:35
1126,155,purchase,2025-07-18 20:28:05
1126,263,purchase,2025-07-15 13:24:26
1126,437,view,2025-11-15 20:14:59
1127,191,purchase,2025-06-02 09:05:24
1128,110,cart,2025-09-06 05:52:52
1128,140,purchase,2025-08-30 17:52:51
1128,352,view,2025-07-26 12:29:28
1128,141,purchase,2026-02-08 08:41:31
1128,343,view,2025-12-12 20:23:58
1128,309,cart,2026-02-19 15:24:04
1128,465,view,2026-03-12 20:05:19
1128,347,cart,2026-03-03 05:44:14
1129,2,cart,2025-05-04 21:07:51
1129,106,view,2026-01-05 11:15:40
1129,400,cart,2025-10-16 00:28:27
1129,336,view,2026-01-06 03:22:23
1129,140,cart,2026-02-23 11:41:35
1130,306,purchase,2026-01-22 06:46:18
1130,162,view,2025-06-28 13:04:52
1130,113,view,2025-05-18 06:30:34
1130,9,purchase,2025-06-22 08:26:57
1130,166,view,2025-06-11 17:21:14
1130,32,purchase,2026-04-02 08:54:30
1130,147,purchase,2025-09-08 15:54:09
1130,364,purchase,2025-10-13 11:55:33
1131,301,cart,2026-03-17 15:19:16
1131,325,purchase,2025-04-09 09:12:45
1131,168,purchase,2026-01-25 20:26:03
1131,199,cart,2025-09-27 12:05:51
1131,476,purchase,2025-06-16 16:32:34
1131,6,cart,2025-08-16 20:17:48
1131,174,cart,2026-03-16 15:10:36
1131,177,cart,2026-03-27 10:14:52
1132,236,purchase,2025-04-09 02:04:11
1132,255,view,2026-02-28 21:35:01
1132,272,purchase,2025-07-18 04:23:33
1133,344,cart,2025-09-25 16:29:43
1133,130,cart,2026-01-05 20:51:16
1133,16,purchase,2025-12-21 22:58:49
1134,495,view,2025-09-02 02:11:19
1134,323,cart,2025-09-10 08:23:21
1134,287,cart,2025-11-01 22:13:26
1134,42,view,2026-01-07 09:28:51
1134,382,purchase,2025-08-28 11:38:02
1134,189,cart,2026-03-20 20:28:12
1134,149,cart,2025-04-28 09:43:27
1134,231,purchase,2026-02-05 08:42:17
1134,239,view,2025-10-14 19:23:16
1134,79,purchase,2025-06-24 22:29:12
1135,85,purchase,2025-06-15 06:03:14
1135,180,purchase,2025-08-17 23:27:34
1135,220,cart,2026-03-14 02:59:36
1135,391,view,2025-11-28 13:59:00
1135,384,cart,2025-06-11 08:28:44
1135,284,purchase,2026-03-20 00:46:50
1135,251,view,2026-03-14 00:22:30
1135,192,purchase,2025-08-08 16:04:12
1135,67,cart,2025-10-25 04:18:21
1135,310,view,2025-11-19 15:51:38
1136,202,view,2025-10-09 03:53:33
1136,108,view,2025-07-08 16:55:59
1137,148,view,2025-12-14 06:59:14
1137,442,view,2025-06-01 00:47:43
1137,392,purchase,2025-07-04 20:35:51
1137,205,purchase,2025-12-12 22:37:18
1137,209,cart,2026-03-25 02:41:32
1137,384,view,2025-06-02 16:52:37
1137,214,purchase,2025-08-24 11:19:19
1137,142,cart,2025-06-04 22:47:58
1137,394,cart,2026-03-31 17:57:16
1137,322,view,2025-05-06 00:59:17
1138,257,purchase,2025-07-19 19:09:05
1138,272,cart,2025-04-03 20:36:39
1138,115,cart,2025-06-18 20:09:58
1138,253,cart,2025-05-23 02:04:45
1138,146,cart,2025-12-13 19:08:43
1138,80,view,2025-05-20 21:05:04
1139,147,view,2025-05-18 15:48:47
1139,272,cart,2026-02-22 01:05:55
1139,390,cart,2025-04-10 09:34:58
1139,335,view,2025-09-08 16:49:39
1139,349,view,2025-12-22 06:57:51
1139,196,purchase,2025-04-12 02:45:54
1139,334,cart,2025-09-30 10:37:44
1140,210,view,2025-04-08 15:33:34
1140,325,view,2025-08-15 06:02:00
1140,316,view,2025-10-01 23:55:02
1140,70,purchase,2025-05-09 00:11:37
1140,317,purchase,2026-02-15 07:09:38
1140,41,purchase,2025-07-13 22:42:25
1140,292,purchase,2025-07-23 11:15:36
1141,484,view,2025-07-13 14:37:21
1141,166,purchase,2025-05-18 03:40:32
1141,127,view,2025-08-13 23:16:37
1141,291,purchase,2025-11-11 15:24:44
1141,241,purchase,2025-04-10 20:08:50
1141,46,cart,2025-10-04 17:52:58
1141,11,purchase,2025-11-22 16:50:28
1142,452,purchase,2025-12-28 14:09:29
1142,199,purchase,2025-04-18 21:33:27
1142,261,view,2026-01-15 17:41:07
1142,435,view,2025-08-19 00:38:13
1142,234,cart,2025-07-05 13:28:18
1142,370,view,2025-04-11 09:55:56
1142,89,cart,2025-07-07 04:21:31
1142,479,purchase,2026-03-17 07:41:09
1142,471,view,2025-06-20 23:58:33
1142,165,view,2025-08-02 14:52:01
1143,33,view,2025-07-06 18:56:42
1143,105,purchase,2025-04-29 00:12:05
1143,236,cart,2025-06-22 09:50:42
1143,125,purchase,2026-03-12 02:11:38
1143,308,cart,2025-12-30 06:22:34
1144,407,view,2025-06-26 17:04:15
1144,498,cart,2025-07-29 11:35:49
1144,256,purchase,2025-09-01 06:42:09
1144,56,purchase,2025-12-04 10:33:03
1145,446,view,2026-01-23 12:48:57
1145,125,cart,2025-12-24 00:51:06
1145,369,view,2025-07-19 09:14:04
1145,3,purchase,2025-07-03 23:00:02
1145,16,purchase,2026-01-08 11:30:34
1145,346,cart,2026-01-11 10:13:54
1146,240,cart,2026-02-23 16:21:18
1146,36,cart,2025-06-21 14:01:23
1146,490,cart,2025-10-23 23:12:31
1146,452,purchase,2025-12-07 16:55:54
1146,275,view,2025-09-25 18:38:41
1146,366,purchase,2025-10-19 14:45:37
1146,331,purchase,2025-07-04 21:34:31
1146,365,view,2025-06-02 03:12:02
1146,224,cart,2025-04-08 09:59:51
1147,149,cart,2025-11-21 04:09:42
1148,186,cart,2026-02-18 13:31:42
1149,322,purchase,2026-01-21 21:13:50
1149,225,cart,2025-06-18 02:17:35
1149,403,view,2026-02-20 09:22:48
1149,53,view,2025-05-15 01:20:17
1149,433,cart,2025-11-04 11:40:08
1149,388,purchase,2025-12-29 14:40:24
1149,385,view,2026-03-20 19:06:46
1149,369,view,2025-12-03 04:16:03
1149,187,cart,2025-05-19 23:32:09
1150,72,view,2025-05-13 19:51:22
1150,407,cart,2025-08-11 22:10:50
1150,107,cart,2025-10-27 20:34:36
1150,49,cart,2025-07-02 08:07:22
1150,328,purchase,2025-08-04 15:37:45
1150,37,cart,2026-01-07 13:24:16
1151,385,view,2025-10-21 23:23:12
1151,387,cart,2025-10-04 12:54:02
1151,175,cart,2025-07-10 04:38:39
1151,352,cart,2025-05-02 06:40:32
1151,169,cart,2026-01-27 21:35:46
1151,358,cart,2026-01-10 10:04:51
1151,290,cart,2025-11-02 07:55:05
1151,304,view,2025-12-02 18:41:26
1152,75,purchase,2025-05-28 01:35:34
1152,147,view,2026-02-28 07:39:51
1152,113,cart,2025-12-07 03:46:16
1153,185,purchase,2026-01-18 21:11:33
1153,149,cart,2025-04-24 20:51:52
1153,483,purchase,2025-11-24 03:45:40
1153,81,purchase,2026-03-01 10:01:48
1153,324,cart,2025-09-10 17:41:22
1153,243,purchase,2025-04-19 18:58:14
1153,225,purchase,2025-07-09 12:11:53
1153,150,view,2025-08-02 23:05:24
1153,380,purchase,2025-12-01 06:41:43
1153,65,view,2026-01-31 02:22:57
1154,149,cart,2025-11-18 08:10:23
1154,131,purchase,2025-06-10 15:58:01
1154,116,view,2026-02-28 22:10:14
1154,435,view,2025-09-20 16:40:59
1154,298,cart,2025-09-06 01:35:04
1154,75,purchase,2025-08-17 10:36:42
1154,6,cart,2025-09-22 11:54:01
1154,186,purchase,2025-05-27 19:46:29
1154,260,purchase,2025-05-23 13:56:08
1154,445,purchase,2025-05-02 00:00:12
1155,244,purchase,2025-12-04 00:37:45
1155,460,view,2025-05-01 11:14:02
1155,497,cart,2026-01-04 19:01:06
1155,329,view,2026-03-30 04:16:08
1155,300,purchase,2025-05-15 06:46:13
1155,160,purchase,2026-02-01 22:05:37
1155,191,cart,2025-08-13 07:37:00
1156,331,view,2025-09-22 10:27:36
1156,445,purchase,2026-02-05 21:12:53
1156,246,view,2025-11-11 11:32:18
1156,247,cart,2025-11-14 21:01:07
1156,7,purchase,2025-11-26 22:20:21
1156,484,view,2025-04-28 07:26:50
1156,175,view,2025-10-07 16:30:34
1156,158,view,2025-07-06 12:11:43
1157,76,cart,2025-06-01 23:07:00
1157,311,purchase,2026-01-06 04:59:49
1157,404,view,2025-11-18 02:14:17
1157,332,view,2026-03-16 19:45:11
1158,255,cart,2025-12-26 19:32:35
1158,291,purchase,2025-11-30 13:23:03
1158,464,view,2025-08-23 16:19:36
1158,430,purchase,2025-07-12 19:39:10
1158,433,purchase,2026-01-06 21:26:12
1158,459,view,2025-12-11 06:35:09
1159,186,purchase,2026-02-05 22:01:59
1159,16,cart,2025-12-18 01:17:56
1159,320,view,2025-05-14 15:47:02
1159,487,cart,2025-07-27 17:51:05
1160,34,cart,2025-07-04 08:33:58
1160,283,purchase,2026-01-07 04:58:50
1160,433,purchase,2025-08-12 12:18:32
1160,275,view,2025-07-28 12:26:28
1160,496,view,2025-11-04 10:38:17
1160,228,purchase,2025-07-14 19:53:04
1160,267,view,2025-07-26 04:21:16
1160,125,cart,2025-09-07 20:40:50
1160,408,purchase,2025-11-05 21:37:36
1161,353,purchase,2026-03-05 13:15:01
1161,439,view,2025-05-23 08:50:20
1161,116,purchase,2025-12-18 16:07:30
1162,90,view,2025-05-26 05:29:54
1162,311,cart,2026-01-29 08:56:14
1162,282,cart,2025-07-01 12:51:50
1162,46,purchase,2025-09-04 23:06:11
1162,97,purchase,2025-11-11 14:38:27
1162,425,view,2025-10-27 20:20:41
1162,463,view,2025-09-15 00:19:29
1162,267,cart,2025-06-06 11:51:43
1163,106,view,2025-05-23 07:09:46
1164,299,purchase,2025-08-21 17:28:21
1164,244,cart,2025-05-26 18:43:40
1164,50,purchase,2025-09-07 10:43:28
1164,451,view,2025-12-19 03:42:29
1165,404,purchase,2025-10-20 03:26:18
1165,37,view,2025-09-05 15:59:31
1165,244,view,2025-08-04 06:54:54
1165,226,view,2025-12-02 11:25:42
1165,243,view,2026-01-18 17:31:22
1165,51,purchase,2026-03-28 02:55:23
1166,110,purchase,2025-12-20 13:53:12
1166,249,cart,2025-11-27 00:04:34
1166,291,view,2025-09-13 16:30:30
1166,297,cart,2025-09-10 23:38:00
1166,440,view,2026-02-23 19:21:04
1166,368,cart,2025-08-08 15:18:28
1166,398,purchase,2025-08-24 12:04:20
1166,99,purchase,2025-10-28 02:20:21
1166,412,purchase,2026-01-27 08:59:13
1166,314,cart,2025-04-05 09:08:09
1167,128,cart,2025-11-13 22:58:21
1168,138,cart,2025-09-07 10:51:44
1168,323,view,2025-05-26 01:32:23
1168,168,purchase,2026-01-14 17:28:44
1168,247,purchase,2025-04-18 13:14:02
1168,145,purchase,2025-09-30 16:00:25
1168,153,cart,2025-09-07 23:18:32
1168,444,purchase,2025-12-31 02:31:59
1168,127,cart,2025-08-12 10:51:05
1168,140,purchase,2026-02-22 22:02:32
1168,287,purchase,2025-04-24 13:07:42
1169,320,cart,2025-07-03 13:22:50
1169,57,view,2026-02-19 05:01:47
1169,249,view,2025-09-07 12:12:25
1169,163,purchase,2026-03-13 06:08:41
1169,240,cart,2026-02-07 07:40:29
1170,91,view,2025-04-29 23:57:58
1170,389,cart,2025-11-14 09:19:38
1170,344,cart,2025-06-20 10:39:40
1171,473,cart,2025-07-26 19:22:11
1171,175,purchase,2026-02-23 18:27:31
1172,421,view,2025-07-15 09:01:08
1172,99,view,2025-05-14 03:46:21
1172,390,view,2026-01-16 16:44:15
1172,109,cart,2026-02-19 10:27:37
1172,256,cart,2025-09-17 14:03:08
1172,163,purchase,2025-10-17 03:06:04
1172,241,view,2025-06-11 06:44:02
1172,350,cart,2026-01-28 06:40:59
1172,474,purchase,2025-10-01 07:47:47
1173,292,purchase,2025-11-09 14:29:13
1173,79,cart,2026-03-06 12:45:01
1173,80,view,2025-08-13 04:36:20
1173,392,cart,2025-08-24 15:23:36
1174,436,view,2025-06-24 15:07:55
1174,312,purchase,2025-10-21 11:13:58
1174,80,cart,2026-01-21 14:21:14
1175,242,purchase,2025-08-10 22:15:48
1175,304,cart,2025-10-11 08:08:38
1175,399,purchase,2025-05-30 20:16:47
1175,137,view,2025-11-10 01:24:39
1175,477,cart,2025-08-17 17:03:15
1175,241,cart,2026-03-15 23:59:17
1175,189,view,2026-03-13 23:54:11
1175,156,cart,2025-10-13 05:06:01
1175,372,cart,2026-02-06 19:36:15
1176,230,cart,2025-08-23 19:33:51
1176,217,purchase,2025-12-14 03:47:03
1176,201,cart,2026-01-06 16:49:43
1176,2,cart,2025-12-22 16:49:39
1176,28,cart,2025-04-11 18:29:45
1176,181,purchase,2025-09-03 22:08:44
1177,499,cart,2025-06-19 04:32:46
1177,392,cart,2026-01-07 22:09:19
1177,9,purchase,2026-03-27 06:43:26
1178,106,purchase,2025-11-14 14:54:15
1178,366,cart,2025-12-10 03:48:19
1178,150,cart,2025-07-04 06:57:14
1178,12,cart,2026-03-01 13:53:44
1179,404,cart,2025-07-30 07:43:26
1179,166,purchase,2025-09-29 03:52:00
1179,286,purchase,2025-05-17 05:20:40
1179,102,view,2026-01-15 02:37:59
1179,316,purchase,2025-12-11 03:25:52
1179,225,cart,2025-10-21 12:49:46
1179,54,view,2026-01-11 12:34:58
1180,82,cart,2026-01-09 19:43:34
1180,370,cart,2025-06-17 12:09:03
1180,482,purchase,2026-02-23 20:49:58
1180,303,cart,2025-09-07 09:30:31
1181,399,purchase,2026-04-02 06:47:32
1182,352,purchase,2025-12-31 12:16:42
1182,249,view,2025-10-21 16:02:41
1182,143,purchase,2026-01-24 14:44:30
1182,300,cart,2025-07-31 19:53:50
1182,30,view,2025-11-07 22:14:09
1182,28,purchase,2025-08-22 02:16:37
1182,175,cart,2025-10-23 03:22:44
1183,189,cart,2026-03-29 20:46:58
1183,472,cart,2026-02-03 06:46:51
1183,56,cart,2025-06-20 22:57:49
1183,68,purchase,2025-05-31 14:07:23
1183,37,cart,2025-09-11 22:36:08
1183,396,purchase,2025-12-22 08:45:44
1183,211,view,2026-03-12 08:08:22
1183,447,view,2026-02-25 06:07:25
1183,301,cart,2025-08-18 12:16:45
1184,102,purchase,2025-08-05 19:11:12
1184,45,cart,2026-03-29 15:37:45
1184,125,cart,2026-03-18 03:07:45
1184,293,purchase,2025-04-08 12:31:02
1184,390,purchase,2025-10-02 15:33:27
1184,133,purchase,2025-05-17 04:53:06
1184,271,cart,2025-10-04 21:32:30
1184,353,view,2025-08-07 18:40:22
1184,71,view,2025-07-12 05:01:00
1184,445,purchase,2025-10-22 23:35:21
1185,490,cart,2025-08-08 00:46:54
1185,463,cart,2025-06-22 19:10:45
1185,382,view,2025-08-15 08:27:12
1185,94,cart,2026-03-11 12:24:38
1185,239,view,2025-07-26 21:44:44
1185,235,cart,2025-09-17 20:05:34
1186,101,purchase,2025-06-24 01:55:20
1186,497,purchase,2026-03-29 23:26:14
1186,132,cart,2026-01-26 08:46:51
1186,309,purchase,2026-02-22 23:25:05
1186,477,view,2025-12-21 10:21:18
1186,71,view,2025-04-09 12:28:59
1187,218,cart,2025-05-28 18:07:12
1187,412,cart,2025-07-15 09:10:41
1187,408,view,2025-08-07 00:10:13
1187,425,purchase,2026-03-11 01:06:51
1187,30,purchase,2025-11-18 18:39:48
1187,191,view,2026-03-13 17:23:08
1187,289,cart,2025-11-04 09:12:47
1188,491,purchase,2025-09-11 19:11:45
1189,404,purchase,2026-02-03 14:53:51
1189,251,cart,2026-01-16 17:43:33
1189,294,cart,2026-01-02 13:00:13
1189,324,view,2025-08-06 18:09:43
1189,376,view,2025-10-26 07:30:39
1189,289,view,2025-08-31 21:05:07
1190,399,view,2025-10-14 07:49:38
1190,272,view,2025-06-12 18:49:05
1190,408,purchase,2025-10-10 17:43:21
1190,433,view,2025-05-31 20:05:02
1190,293,cart,2025-08-24 02:59:27
1190,312,purchase,2025-11-01 23:07:36
1190,97,view,2026-01-04 19:32:02
1190,392,purchase,2025-07-16 08:19:28
1190,220,cart,2026-03-29 18:02:05
1191,231,purchase,2026-03-02 11:17:27
1191,77,purchase,2026-02-09 18:36:48
1191,169,view,2026-01-05 15:08:48
1191,93,purchase,2025-05-07 17:45:22
1191,294,cart,2025-07-23 03:09:45
1191,232,purchase,2025-08-12 10:06:52
1191,399,purchase,2025-05-13 08:11:52
1191,378,cart,2025-11-02 03:33:45
1192,205,purchase,2025-06-26 06:19:39
1193,3,purchase,2025-07-30 23:36:58
1193,424,cart,2025-10-11 07:52:13
1193,9,view,2025-12-28 13:24:52
1193,115,cart,2025-12-29 05:24:09
1193,218,view,2025-06-24 02:09:20
1194,438,view,2025-12-09 10:08:21
1194,299,purchase,2025-09-03 19:07:28
1194,393,cart,2025-11-20 02:41:13
1194,272,cart,2026-02-22 14:53:21
1194,334,purchase,2025-11-22 03:53:15
1195,394,purchase,2025-04-10 01:29:45
1195,473,cart,2025-08-28 05:48:49
1195,457,purchase,2025-04-20 09:35:10
1195,444,purchase,2025-08-03 10:10:16
1196,96,view,2026-02-20 05:21:22
1196,105,cart,2026-04-01 06:50:40
1196,92,view,2026-02-26 19:51:41
1197,273,purchase,2025-09-21 17:39:15
1198,399,view,2025-12-05 03:21:02
1199,178,view,2025-04-04 22:54:57
1199,167,cart,2025-10-19 08:37:37
1199,475,view,2026-03-27 13:25:13
1199,336,view,2026-02-28 16:00:54
1199,103,cart,2025-12-09 19:46:52
1199,83,cart,2026-02-24 10:27:22
1199,138,view,2025-05-04 05:08:04
1199,479,view,2025-07-14 12:42:16
1199,395,cart,2026-01-08 05:28:05
1200,70,cart,2025-08-11 01:28:30
1201,427,cart,2025-08-06 16:45:41
1201,13,cart,2025-04-29 20:23:32
1202,194,view,2025-05-14 04:37:38
1202,228,cart,2025-05-03 10:55:10
1202,204,view,2025-10-29 03:34:20
1202,105,cart,2025-04-30 21:31:51
1203,417,view,2025-11-10 14:57:23
1203,47,view,2025-10-31 20:44:14
1203,259,purchase,2025-05-15 01:58:04
1203,370,purchase,2026-02-21 15:33:33
1203,62,view,2025-09-11 23:59:30
1203,387,view,2026-02-17 00:59:53
1203,61,cart,2025-10-05 22:51:38
1203,379,purchase,2026-01-13 05:00:32
1203,183,purchase,2026-03-09 17:56:56
1203,162,cart,2025-12-27 11:51:14
1204,107,view,2025-04-06 01:02:27
1204,409,purchase,2025-11-15 04:44:54
1204,184,cart,2025-08-02 13:20:25
1204,130,purchase,2026-03-31 16:48:07
1205,483,cart,2025-10-12 16:38:23
1205,8,view,2025-12-14 23:11:19
1206,411,cart,2025-08-25 20:10:20
1206,204,view,2026-03-31 13:47:47
1206,181,cart,2026-03-28 00:54:54
1206,484,cart,2025-06-10 19:47:03
1206,428,view,2025-08-17 18:24:22
1206,222,purchase,2026-01-19 08:15:03
1206,153,view,2025-11-28 00:14:09
1207,333,purchase,2025-04-02 16:45:57
1207,414,cart,2025-09-25 11:43:37
1208,8,cart,2025-04-05 22:51:24
1208,373,purchase,2025-08-14 00:29:57
1208,459,cart,2025-04-26 04:58:40
1208,23,view,2025-04-17 11:29:35
1208,433,view,2025-06-11 00:55:14
1208,90,purchase,2026-03-04 07:32:39
1208,4,view,2025-06-24 10:27:59
1208,265,view,2025-09-03 08:45:27
1209,355,cart,2025-04-28 17:31:22
1209,390,view,2026-01-29 21:23:37
1209,31,purchase,2025-11-07 03:26:55
1210,443,purchase,2025-05-13 09:46:07
1210,338,cart,2025-05-20 06:51:28
1210,190,purchase,2025-08-29 08:25:52
1210,212,view,2025-09-08 23:07:28
1211,88,view,2025-08-27 21:14:34
1211,479,purchase,2025-04-18 01:49:07
1211,494,view,2025-11-14 09:30:57
1211,379,purchase,2025-10-26 18:14:24
1211,92,cart,2025-07-15 11:06:26
1211,450,view,2025-06-22 07:45:49
1211,402,view,2025-05-28 05:56:39
1212,254,view,2025-09-01 08:39:08
1213,206,purchase,2026-03-19 09:12:58
1213,191,cart,2025-04-19 17:37:28
1213,318,cart,2026-03-07 07:47:54
1213,14,view,2025-04-06 01:15:27
1213,169,view,2026-03-17 04:55:38
1214,17,purchase,2026-01-29 18:53:13
1214,446,view,2026-02-11 03:16:09
1214,467,cart,2025-07-17 03:29:52
1214,23,purchase,2025-12-10 11:53:09
1214,193,purchase,2025-05-26 05:44:52
1214,369,purchase,2025-09-09 00:44:47
1214,86,view,2025-09-21 20:10:14
1214,51,view,2025-09-04 01:34:55
1215,459,view,2025-10-04 03:10:36
1215,47,cart,2025-05-10 04:41:15
1215,33,view,2025-07-31 15:04:48
1215,495,cart,2025-06-27 16:11:10
1215,237,cart,2026-03-10 20:37:44
1215,438,purchase,2025-07-13 11:48:27
1216,68,purchase,2025-04-07 07:34:38
1216,414,purchase,2025-05-10 00:43:48
1216,0,cart,2025-08-03 09:45:40
1216,243,cart,2026-03-13 10:00:08
1216,460,cart,2025-06-21 10:45:38
1216,65,cart,2025-07-11 13:03:18
1216,336,purchase,2025-12-05 17:22:42
1216,187,purchase,2025-06-10 15:05:36
1217,244,cart,2026-02-05 01:32:48
1217,383,purchase,2026-02-21 11:58:38
1218,64,view,2025-12-04 14:35:03
1218,263,view,2026-03-01 02:12:18
1218,412,view,2025-05-31 23:19:57
1218,115,purchase,2026-02-19 14:29:30
1219,380,view,2025-06-01 19:30:01
1219,367,cart,2025-05-02 12:19:13
1220,454,purchase,2025-10-17 09:38:49
1220,53,view,2025-07-17 20:47:51
1220,115,cart,2025-07-25 01:26:55
1220,94,purchase,2025-07-15 21:36:03
1220,337,cart,2026-03-05 08:23:53
1221,363,cart,2025-12-05 23:03:35
1221,342,purchase,2025-08-22 09:59:18
1221,266,purchase,2026-01-15 13:57:45
1221,295,cart,2026-01-24 23:18:58
1221,389,view,2025-06-16 01:20:35
1221,167,cart,2025-09-03 14:49:29
1222,338,view,2025-12-07 10:39:54
1222,296,purchase,2025-05-06 18:07:23
1222,478,view,2025-05-11 14:15:02
1222,382,cart,2025-10-29 10:11:44
1222,323,view,2025-06-09 20:27:07
1222,406,view,2026-01-29 05:00:51
1223,7,view,2025-11-07 22:38:58
1223,324,view,2025-09-24 16:46:05
1223,427,view,2025-04-04 15:15:57
1224,203,cart,2025-12-18 02:37:00
1224,5,purchase,2025-11-06 23:28:33
1224,246,cart,2025-11-05 07:02:45
1225,96,purchase,2026-02-04 19:52:12
1225,445,purchase,2025-11-03 01:27:05
1225,207,cart,2026-03-14 09:34:14
1225,109,cart,2025-06-03 08:38:06
1225,318,cart,2025-11-01 18:21:17
1225,279,cart,2025-11-11 20:22:22
1226,381,cart,2026-03-12 18:55:41
1226,335,purchase,2025-06-03 22:52:30
1227,172,view,2026-03-18 17:42:17
1227,130,cart,2025-12-11 06:30:29
1227,413,cart,2025-04-13 14:33:08
1227,395,purchase,2025-06-13 13:50:48
1227,233,purchase,2025-06-27 06:37:33
1227,49,purchase,2025-05-03 13:44:53
1228,390,purchase,2025-08-03 06:46:14
1228,134,view,2025-06-26 18:04:00
1228,400,cart,2025-05-19 06:47:19
1228,218,purchase,2025-10-15 07:27:50
1228,13,purchase,2025-06-26 04:34:29
1228,64,view,2025-06-20 15:11:07
1229,499,cart,2025-12-27 18:41:15
1229,424,view,2026-01-12 18:02:01
1229,61,purchase,2026-03-28 07:10:56
1229,364,cart,2025-10-21 07:08:20
1230,447,cart,2025-07-15 22:17:41
1230,157,cart,2026-02-11 10:44:17
1230,223,purchase,2026-03-05 07:46:15
1231,494,purchase,2025-06-09 00:36:47
1231,93,cart,2025-07-31 21:44:07
1232,99,view,2025-06-28 05:40:32
1232,430,purchase,2025-05-06 08:07:55
1232,113,view,2026-03-16 23:22:07
1232,101,purchase,2025-04-29 09:06:18
1232,381,cart,2026-03-21 19:06:23
1232,269,purchase,2025-04-17 10:30:56
1232,399,view,2025-06-30 04:59:57
1232,288,purchase,2025-05-23 13:39:27
1232,268,view,2025-09-21 13:45:31
1233,185,purchase,2025-08-31 13:16:21
1233,117,purchase,2025-08-30 17:25:21
1233,484,purchase,2026-03-27 12:03:31
1233,85,cart,2025-07-28 08:34:46
1233,81,view,2025-08-08 03:32:04
1233,348,view,2025-09-28 19:05:06
1233,325,purchase,2026-02-12 23:52:07
1233,439,purchase,2025-10-04 15:13:36
1233,115,purchase,2025-11-08 17:05:36
1234,276,purchase,2026-01-02 15:27:32
1234,217,view,2025-06-09 18:08:57
1234,142,view,2025-10-27 14:07:55
1235,151,cart,2026-02-10 06:06:11
1235,461,purchase,2025-09-02 12:12:37
1235,497,cart,2026-02-05 12:51:59
1235,457,cart,2025-11-12 15:53:13
1235,239,cart,2025-09-01 04:33:21
1235,69,purchase,2026-03-09 02:34:11
1235,480,cart,2026-03-11 15:21:03
1236,38,cart,2025-08-29 08:29:08
1237,342,cart,2025-07-12 07:56:53
1237,106,purchase,2025-09-12 07:46:10
1237,313,purchase,2026-01-16 19:01:52
1237,491,view,2025-06-25 12:46:47
1237,30,cart,2025-07-26 16:21:44
1237,71,view,2025-05-05 15:06:50
1237,246,view,2025-10-02 11:21:49
1237,391,view,2025-07-28 13:11:29
1237,200,view,2025-08-19 17:34:59
1238,200,purchase,2025-12-29 06:13:17
1238,99,view,2026-02-17 11:10:48
1238,427,cart,2025-07-17 20:27:15
1238,36,view,2025-08-26 10:07:39
1238,493,cart,2025-07-29 17:28:43
1238,71,cart,2025-08-31 21:14:05
1238,63,purchase,2025-07-03 06:45:05
1239,483,purchase,2025-04-11 14:09:47
1239,77,view,2025-04-30 11:56:13
1239,227,view,2025-05-01 22:15:18
1239,344,cart,2025-08-20 16:02:38
1239,389,cart,2025-08-25 23:53:54
1239,5,purchase,2025-11-28 15:34:17
1239,60,purchase,2025-08-08 23:20:00
1239,159,purchase,2025-12-28 19:40:54
1239,52,purchase,2025-06-03 11:45:37
1239,306,cart,2025-09-22 12:07:41
1240,338,cart,2026-01-05 01:45:09
1240,152,view,2025-07-25 05:18:05
1240,277,purchase,2025-08-01 01:52:49
1240,312,cart,2026-02-09 12:15:31
1241,36,purchase,2025-10-26 03:12:21
1241,174,cart,2025-12-07 18:07:42
1241,486,view,2025-07-10 13:27:43
1242,429,cart,2026-02-06 20:28:16
1242,57,purchase,2026-01-11 05:33:42
1242,238,cart,2025-06-07 08:05:59
1242,299,view,2025-06-09 09:20:47
1242,448,purchase,2025-10-08 00:47:48
1242,354,cart,2025-05-14 13:50:09
1242,388,cart,2025-09-28 14:21:09
1243,267,view,2025-07-08 11:40:17
1243,45,purchase,2025-04-18 09:26:54
1243,308,purchase,2025-06-19 02:10:04
1243,442,cart,2025-11-23 05:33:08
1244,445,purchase,2026-02-04 08:27:44
1244,253,purchase,2026-03-01 06:52:55
1244,493,cart,2025-11-08 14:00:21
1244,215,view,2025-04-30 23:46:37
1245,442,cart,2025-11-22 10:11:33
1245,431,purchase,2025-12-22 12:57:48
1246,463,cart,2025-10-10 17:30:27
1246,327,purchase,2025-12-30 04:31:52
1246,168,cart,2025-10-17 19:20:53
1246,341,cart,2026-01-04 11:04:00
1246,182,view,2026-03-10 22:18:03
1247,51,purchase,2025-12-03 18:23:06
1248,124,purchase,2025-04-09 00:55:22
1248,253,view,2026-01-13 15:26:28
1248,302,cart,2025-09-06 09:34:46
1248,340,cart,2026-03-09 02:50:00
1248,53,purchase,2025-04-22 07:04:14
1248,249,purchase,2025-08-10 04:24:03
1248,310,purchase,2025-05-06 05:12:27
1248,192,purchase,2026-03-10 10:01:30
1249,445,purchase,2025-05-18 22:15:42
1249,195,view,2025-11-06 05:36:21
1249,308,view,2025-11-26 16:58:16
1249,302,purchase,2025-04-10 02:37:40
1249,488,view,2026-02-22 02:06:53
1249,294,view,2025-09-13 17:51:39
1249,60,view,2025-08-11 09:57:52
1249,184,purchase,2025-12-05 13:05:09
1249,344,purchase,2026-01-29 17:20:33
1250,215,cart,2025-09-24 06:49:19
1250,367,purchase,2025-07-12 05:56:44
1250,20,cart,2025-04-04 23:44:21
1250,331,cart,2025-04-23 18:08:35
1250,436,cart,2025-10-19 21:08:23
1250,293,purchase,2025-08-10 04:13:43
1250,19,cart,2026-03-13 07:55:06
1250,416,purchase,2026-02-03 05:54:13
1250,381,cart,2025-11-03 03:33:40
1250,342,view,2026-01-01 18:17:52
1251,290,view,2025-06-07 22:34:39
1251,12,purchase,2025-08-11 04:01:54
1251,484,cart,2025-11-14 02:11:06
1251,50,cart,2025-04-23 11:12:02
1252,410,view,2025-05-08 21:40:37
1252,373,cart,2025-04-05 08:37:56
1252,434,cart,2025-07-22 23:23:35
1252,183,purchase,2026-03-17 20:53:10
1252,176,cart,2025-12-31 14:44:08
1252,498,view,2026-03-23 21:56:15
1252,141,cart,2026-03-30 11:13:25
1253,166,cart,2025-08-24 07:36:07
1254,393,view,2026-03-05 08:18:50
1254,107,purchase,2025-05-31 17:19:24
1254,394,purchase,2025-11-16 23:09:23
1254,331,cart,2025-12-07 19:48:27
1254,379,cart,2025-06-08 11:59:35
1255,399,view,2025-12-31 20:06:34
1255,432,cart,2025-09-18 22:40:40
1255,438,view,2025-09-05 21:44:33
1255,170,cart,2025-04-12 04:12:30
1255,315,purchase,2025-08-05 03:30:16
1255,378,view,2025-06-21 11:11:25
1256,424,cart,2025-06-06 13:59:09
1256,51,purchase,2025-10-04 11:45:00
1256,46,purchase,2025-08-09 16:30:55
1256,207,cart,2025-07-19 21:10:23
1256,318,cart,2025-08-31 11:30:47
1256,327,view,2025-05-11 03:19:17
1257,103,cart,2026-02-28 21:14:16
1257,438,purchase,2025-05-27 06:19:08
1257,248,cart,2025-07-14 13:49:06
1257,172,cart,2025-08-02 03:19:26
1257,458,cart,2025-04-28 11:11:32
1257,386,view,2025-10-17 01:30:50
1257,491,view,2025-08-06 21:28:57
1258,8,view,2025-12-11 22:56:52
1258,97,purchase,2025-05-23 07:04:04
1258,158,purchase,2025-12-29 09:16:50
1258,358,purchase,2025-10-27 08:04:44
1258,286,cart,2025-08-25 16:00:53
1258,387,purchase,2025-04-30 14:13:00
1259,91,cart,2026-02-28 14:04:04
1259,316,purchase,2026-02-05 20:44:56
1259,38,view,2025-08-25 00:54:18
1259,47,view,2025-06-29 21:02:14
1259,364,purchase,2026-02-24 23:05:30
1259,468,purchase,2025-04-25 23:25:29
1259,207,cart,2025-10-09 16:38:44
1259,74,purchase,2025-07-23 16:13:22
1259,174,purchase,2025-08-09 10:26:47
1260,203,view,2025-11-14 11:20:26
1260,471,cart,2026-03-29 18:08:53
1260,53,purchase,2025-09-12 04:29:34
1260,417,cart,2025-11-26 07:28:09
1260,314,purchase,2025-08-10 17:07:44
1260,497,view,2025-04-10 08:08:40
1261,115,cart,2025-11-24 04:31:11
1261,422,view,2025-06-20 13:21:36
1261,125,purchase,2026-01-13 22:54:46
1261,79,purchase,2025-11-09 02:55:34
1261,140,view,2026-01-20 19:00:12
1261,253,view,2026-01-25 14:45:16
1262,125,view,2025-11-11 11:29:35
1262,225,purchase,2025-07-05 19:42:15
1262,415,view,2025-06-11 03:45:09
1262,74,view,2025-12-21 02:07:36
1263,124,view,2025-07-23 03:44:22
1263,439,purchase,2025-07-05 08:29:18
1263,247,cart,2026-02-04 07:09:13
1263,212,purchase,2025-11-19 17:25:30
1263,282,purchase,2025-08-03 06:02:05
1264,211,view,2025-12-02 19:54:20
1264,434,purchase,2025-07-20 23:41:34
1264,297,cart,2025-08-23 19:12:36
1264,321,purchase,2025-05-21 07:12:57
1265,382,cart,2025-08-12 13:57:45
1265,361,cart,2025-04-30 19:56:11
1265,411,cart,2025-06-13 03:08:31
1265,220,cart,2026-03-09 16:19:37
1265,186,view,2025-12-14 22:06:16
1265,163,purchase,2025-08-07 15:48:29
1265,182,view,2025-05-07 07:27:19
1266,164,purchase,2025-10-23 05:40:24
1266,126,purchase,2025-09-03 02:09:49
1266,296,view,2025-11-23 19:23:44
1267,469,purchase,2025-12-19 03:50:36
1267,362,cart,2026-01-14 20:47:34
1268,160,view,2025-05-13 03:32:45
1268,413,purchase,2025-10-14 11:12:44
1268,116,purchase,2025-11-13 07:20:00
1268,178,purchase,2025-06-27 10:10:52
1268,359,purchase,2025-06-15 15:36:47
1268,499,purchase,2025-12-13 20:26:02
1268,420,view,2025-08-01 23:19:22
1268,238,cart,2025-07-12 10:20:21
1268,294,view,2025-08-09 01:12:55
1269,316,cart,2025-12-17 20:53:28
1269,254,purchase,2026-01-26 11:42:26
1269,223,view,2025-08-22 05:29:31
1269,488,view,2025-07-12 23:13:00
1269,11,purchase,2025-06-04 06:32:11
1269,229,purchase,2026-02-23 00:57:44
1269,332,view,2025-12-06 20:36:57
1269,458,cart,2025-08-26 01:16:56
1270,444,purchase,2026-03-22 19:23:06
1270,75,view,2025-12-26 02:29:52
1270,349,cart,2026-02-17 03:57:31
1270,33,purchase,2025-09-22 10:03:49
1270,141,purchase,2025-04-06 01:37:45
1270,129,purchase,2025-08-22 08:09:24
1270,14,purchase,2026-03-01 09:50:06
1270,306,cart,2025-11-12 19:46:51
1271,360,view,2025-08-31 02:08:10
1271,202,view,2025-04-03 14:31:00
1271,338,cart,2025-11-23 21:33:56
1271,158,purchase,2025-12-09 03:40:20
1271,356,purchase,2026-01-18 06:55:14
1271,155,cart,2025-12-17 09:07:19
1271,119,purchase,2025-10-19 13:09:41
1272,484,cart,2025-06-06 21:55:14
1272,73,purchase,2026-02-05 22:28:03
1272,348,purchase,2025-11-03 04:08:16
1272,161,view,2025-05-06 01:24:16
1272,497,purchase,2025-10-02 12:52:03
1272,27,purchase,2026-01-24 03:40:43
1272,386,cart,2025-10-29 01:40:23
1272,300,view,2026-03-17 05:34:20
1272,396,view,2026-03-27 18:24:03
1273,32,purchase,2026-01-05 04:53:01
1273,211,purchase,2025-05-25 23:34:27
1273,82,purchase,2025-08-18 02:20:51
1273,99,view,2025-05-24 21:12:45
1273,307,view,2025-11-28 03:41:02
1273,427,view,2025-08-17 22:30:03
1273,15,purchase,2026-03-29 23:55:24
1273,475,cart,2025-09-08 10:58:54
1273,373,view,2025-11-15 03:38:14
1273,169,view,2025-04-29 10:31:11
1274,484,cart,2025-05-15 00:58:02
1274,293,purchase,2025-05-04 04:01:11
1275,412,cart,2025-08-08 10:56:36
1275,195,purchase,2025-12-20 02:00:27
1275,242,view,2025-09-05 22:29:25
1275,433,cart,2026-01-12 03:52:16
1275,93,view,2026-03-31 07:12:28
1275,159,cart,2025-06-03 10:30:34
1275,90,purchase,2026-01-10 06:04:47
1276,450,cart,2026-03-04 19:33:00
1276,255,view,2025-12-13 10:50:33
1276,94,cart,2025-06-03 02:01:04
1276,205,view,2025-05-08 00:43:22
1276,116,cart,2025-10-15 08:26:21
1276,331,purchase,2026-03-13 21:57:17
1276,41,cart,2025-10-25 13:18:36
1277,384,view,2025-12-06 20:20:55
1277,268,cart,2026-03-13 06:38:31
1277,10,purchase,2025-07-13 20:24:46
1277,31,purchase,2026-01-12 03:11:09
1277,30,purchase,2025-06-17 17:59:37
1277,191,view,2026-03-23 13:35:57
1277,86,view,2025-10-21 07:35:42
1277,493,purchase,2026-01-28 18:39:07
1278,2,cart,2025-08-16 21:04:17
1279,156,view,2025-05-29 12:06:23
1279,409,purchase,2025-09-15 20:15:23
1279,288,cart,2025-04-29 07:40:48
1279,439,view,2025-10-15 01:48:36
1279,489,view,2025-07-11 07:36:43
1279,96,purchase,2025-08-19 17:38:00
1279,317,cart,2025-09-19 01:02:04
1280,274,view,2026-03-11 17:02:34
1280,499,cart,2025-05-30 19:17:07
1280,49,purchase,2025-07-23 22:16:50
1281,307,cart,2026-02-07 12:36:56
1281,293,view,2026-01-06 10:47:27
1281,456,cart,2025-10-07 08:57:00
1282,259,view,2025-07-06 13:57:58
1282,416,cart,2025-06-29 17:09:27
1282,15,purchase,2025-12-09 07:39:36
1283,478,purchase,2025-08-02 16:02:51
1284,413,cart,2025-07-17 00:03:25
1284,478,cart,2025-04-28 18:41:44
1285,178,purchase,2025-09-11 04:06:08
1285,92,purchase,2025-12-06 15:53:43
1286,85,view,2025-05-14 02:04:16
1286,254,view,2025-08-11 18:57:46
1286,308,view,2025-04-09 21:17:07
1286,313,cart,2026-01-26 10:28:50
1286,480,cart,2025-12-19 16:09:39
1286,475,purchase,2025-07-14 06:25:02
1286,280,cart,2025-04-19 09:39:52
1286,401,cart,2026-01-07 20:39:07
1286,483,view,2025-07-31 12:07:42
1287,33,cart,2025-04-03 15:42:52
1287,126,cart,2025-09-02 01:41:27
1287,72,view,2025-05-10 09:29:53
1287,491,cart,2025-09-01 10:31:32
1287,96,cart,2025-05-12 04:15:42
1287,21,cart,2025-10-12 10:54:11
1287,30,cart,2025-11-30 09:09:17
1287,415,purchase,2025-10-29 00:22:34
1287,362,purchase,2025-06-05 17:01:08
1288,434,purchase,2025-08-17 22:47:13
1288,46,purchase,2026-03-31 20:50:52
1289,466,purchase,2025-09-19 03:10:55
1289,288,purchase,2025-06-03 19:39:52
1289,359,purchase,2025-10-16 03:05:49
1289,267,cart,2026-01-22 22:06:28
1289,387,purchase,2025-10-27 02:31:40
1289,329,view,2026-03-11 18:17:57
1290,164,view,2026-02-20 05:53:20
1290,229,view,2026-01-06 22:17:44
1290,149,purchase,2025-10-02 19:13:20
1290,218,cart,2025-11-12 03:15:58
1290,222,cart,2026-02-15 02:13:47
1291,251,view,2025-12-27 05:30:29
1291,251,view,2025-06-05 03:06:16
1292,287,cart,2025-10-29 20:27:41
1292,312,cart,2025-07-23 09:32:22
1292,156,cart,2025-06-27 01:14:13
1292,402,cart,2025-08-11 02:47:15
1292,394,purchase,2025-07-01 20:15:06
1292,357,view,2025-06-30 06:16:06
1293,425,view,2025-08-09 05:48:20
1293,96,view,2026-03-23 07:15:01
1293,157,purchase,2025-04-26 13:16:32
1293,382,purchase,2025-08-11 04:39:35
1293,277,view,2025-05-02 14:37:37
1293,328,cart,2025-06-15 15:12:00
1293,378,view,2025-07-02 17:04:03
1293,273,view,2025-05-01 21:57:05
1293,24,cart,2025-09-09 13:34:03
1294,96,cart,2025-10-02 11:48:10
1294,493,purchase,2026-01-03 13:31:50
1294,26,purchase,2025-06-01 08:32:41
1294,447,cart,2025-11-25 13:41:42
1294,378,purchase,2026-03-08 04:47:33
1294,268,view,2025-12-22 00:01:27
1294,260,cart,2025-09-15 16:51:16
1295,466,view,2025-05-26 02:20:11
1296,234,view,2025-08-26 19:45:50
1296,456,view,2025-04-16 14:09:09
1297,37,purchase,2025-11-26 07:16:18
1297,104,cart,2025-08-03 19:45:16
1297,105,purchase,2026-03-24 00:31:41
1297,327,purchase,2025-11-21 11:46:37
1297,7,view,2025-04-07 16:51:05
1297,472,cart,2026-01-02 15:11:38
1298,460,purchase,2026-02-09 22:38:25
1298,59,cart,2026-02-26 05:35:29
1298,2,view,2025-12-12 08:34:30
1298,337,cart,2025-09-09 22:37:00
1299,199,view,2026-01-11 01:12:13
1299,190,cart,2025-04-26 19:16:34
1299,22,view,2025-08-27 02:09:54
1300,306,view,2025-11-11 06:44:26
1300,318,purchase,2026-01-14 01:23:10
1300,132,cart,2025-11-01 21:38:20
1301,363,purchase,2026-01-16 11:11:40
1301,158,view,2025-05-19 06:18:17
1301,481,purchase,2025-06-12 06:11:46
1301,377,cart,2026-01-25 11:37:54
1301,209,purchase,2026-01-21 08:18:45
1301,5,cart,2026-01-16 03:01:19
1301,421,cart,2025-04-26 17:40:56
1301,193,cart,2025-10-15 21:58:34
1301,431,view,2025-05-15 12:03:14
1301,418,cart,2025-08-03 23:46:40
1302,307,view,2026-01-23 01:29:56
1302,320,purchase,2025-12-25 04:48:00
1302,202,view,2026-03-25 03:25:23
1302,356,cart,2025-09-03 17:45:09
1302,65,purchase,2026-01-02 21:33:35
1303,36,purchase,2025-06-27 05:27:28
1303,58,view,2025-12-04 01:25:30
1303,81,cart,2025-12-13 09:58:51
1303,34,view,2025-12-27 19:13:18
1304,167,view,2025-06-15 05:25:56
1304,483,purchase,2025-06-01 04:44:43
1304,131,purchase,2025-07-21 07:52:56
1304,366,purchase,2025-06-17 13:17:08
1304,203,cart,2026-02-14 06:40:30
1304,274,cart,2025-06-05 12:36:12
1304,145,purchase,2025-04-22 20:19:41
1304,133,view,2026-01-13 16:43:35
1304,389,view,2026-01-30 18:18:03
1305,421,view,2026-02-24 22:04:05
1305,486,view,2026-01-05 03:04:45
1305,284,cart,2025-07-24 01:05:14
1305,102,view,2026-01-07 23:24:08
1305,265,view,2025-12-21 18:02:54
1305,240,cart,2025-07-02 09:33:42
1305,55,view,2025-09-30 02:14:28
1306,19,cart,2026-03-13 15:46:52
1306,94,view,2025-09-13 16:03:25
1306,390,purchase,2026-03-23 14:54:33
1306,412,view,2025-12-04 10:54:11
1307,223,purchase,2026-03-08 09:25:11
1307,189,cart,2026-02-18 07:10:39
1307,378,view,2025-12-18 04:31:42
1307,226,purchase,2025-11-18 04:08:13
1308,339,purchase,2025-05-17 01:03:49
1309,393,view,2025-10-17 14:14:49
1309,371,cart,2026-01-19 13:46:15
1309,22,purchase,2026-02-25 13:17:30
1309,7,view,2025-07-08 17:26:54
1310,440,cart,2025-11-21 23:50:55
1310,471,view,2025-08-10 16:25:05
1310,179,cart,2025-11-18 13:08:44
1310,102,purchase,2025-08-05 06:05:39
1310,28,cart,2025-09-25 07:51:53
1310,194,view,2025-06-13 18:15:55
1311,258,view,2026-02-22 20:42:16
1311,115,view,2025-07-08 07:19:36
1311,321,view,2025-07-04 03:53:09
1311,171,purchase,2026-02-04 11:44:42
1311,369,cart,2025-04-25 21:32:43
1312,446,cart,2026-01-27 11:51:28
1313,431,view,2025-09-10 22:31:25
1313,308,purchase,2025-08-28 06:28:22
1314,285,view,2025-08-19 15:30:39
1314,73,purchase,2025-05-02 16:08:22
1314,493,cart,2025-09-12 14:53:47
1314,29,view,2026-03-14 13:04:22
1314,350,view,2025-09-11 00:02:11
1315,265,purchase,2025-05-22 20:10:54
1315,8,purchase,2025-07-05 07:52:22
1315,368,view,2025-09-02 10:16:32
1315,370,cart,2025-12-07 16:23:37
1315,189,view,2026-01-18 10:53:25
1315,73,view,2025-12-18 02:12:04
1315,350,view,2025-09-13 21:40:00
1316,195,view,2025-05-23 12:13:33
1317,29,cart,2026-02-10 19:35:12
1317,393,purchase,2025-04-20 17:44:02
1317,61,view,2025-09-10 14:10:07
1317,390,purchase,2025-10-04 11:17:38
1317,18,purchase,2025-11-21 12:03:34
1317,279,view,2025-11-26 00:08:43
1317,10,purchase,2025-08-01 14:22:02
1317,421,cart,2025-05-07 07:58:34
1317,479,purchase,2025-06-05 09:35:03
1317,330,cart,2025-09-05 02:04:27
1318,351,purchase,2025-09-13 18:05:13
1318,198,cart,2025-04-15 17:28:08
1318,466,purchase,2026-03-28 18:27:09
1318,121,purchase,2025-09-24 16:48:47
1318,251,purchase,2025-11-11 07:38:35
1319,176,purchase,2025-11-21 14:12:09
1319,232,cart,2025-08-06 22:30:57
1319,470,view,2025-06-25 00:11:48
1319,232,purchase,2026-01-24 04:44:29
1319,450,cart,2026-02-25 02:29:03
1320,73,cart,2025-12-03 00:02:49
1320,326,purchase,2025-09-25 06:30:28
1320,89,cart,2026-02-10 16:37:45
1320,131,view,2025-06-28 19:53:08
1321,378,view,2025-10-02 06:54:23
1321,221,cart,2025-10-23 03:32:56
1321,73,view,2025-08-11 04:56:12
1321,235,cart,2025-10-16 12:48:05
1321,363,purchase,2025-04-04 10:01:49
1321,436,view,2025-04-13 22:31:15
1322,64,purchase,2025-11-24 07:24:33
1322,180,view,2025-09-06 05:53:54
1322,482,cart,2026-01-23 03:56:44
1322,215,cart,2026-02-12 07:22:31
1322,235,purchase,2025-12-15 18:53:52
1322,231,cart,2025-09-30 19:46:36
1322,487,cart,2025-09-28 21:50:09
1323,186,cart,2025-11-01 17:47:05
1323,166,purchase,2025-10-21 13:03:29
1323,204,view,2025-07-01 19:55:52
1323,370,purchase,2025-07-25 04:36:12
1323,105,view,2025-11-12 21:59:05
1323,111,purchase,2025-12-13 15:37:04
1323,97,purchase,2025-09-01 07:04:16
1323,99,purchase,2026-03-21 06:04:39
1324,186,cart,2025-04-18 01:48:13
1324,280,cart,2025-04-06 10:40:51
1324,191,purchase,2025-12-04 03:52:56
1324,157,view,2026-03-28 17:25:44
1324,201,view,2025-04-05 13:03:49
1324,240,view,2025-07-26 06:41:27
1324,277,purchase,2025-12-08 22:51:43
1324,231,cart,2025-11-18 14:29:28
1324,463,purchase,2025-06-21 19:07:12
1324,211,view,2025-05-30 15:17:26
1325,111,cart,2026-01-11 02:44:51
1325,282,view,2025-09-06 19:52:32
1325,337,cart,2025-12-24 02:43:47
1325,479,purchase,2025-06-26 04:57:59
1326,92,cart,2025-08-14 11:35:45
1326,12,purchase,2025-07-27 02:31:55
1326,105,cart,2026-03-02 16:16:00
1326,290,purchase,2025-11-02 08:59:09
1326,88,cart,2025-04-17 11:27:08
1326,381,purchase,2025-12-22 10:27:34
1326,288,view,2025-05-15 20:09:23
1327,294,view,2026-02-24 14:28:57
1327,77,cart,2025-10-16 17:25:29
1327,162,cart,2025-09-21 20:37:56
1327,125,purchase,2026-01-21 18:07:58
1327,66,cart,2025-12-07 09:16:36
1327,161,purchase,2026-01-17 21:38:00
1327,477,purchase,2025-10-02 14:11:51
1328,376,purchase,2026-02-03 03:20:09
1328,448,view,2025-04-27 03:52:15
1328,346,view,2025-04-30 14:42:41
1328,402,view,2025-12-26 10:12:44
1328,43,view,2025-10-02 15:27:38
1328,4,view,2026-01-26 07:46:00
1328,169,view,2025-11-10 01:06:11
1328,160,cart,2025-07-19 17:06:26
1328,103,purchase,2025-04-06 20:55:39
1329,490,view,2025-07-11 05:22:25
1329,157,view,2025-09-22 21:02:48
1329,185,purchase,2025-06-22 21:14:21
1330,298,cart,2026-01-26 16:52:14
1330,243,cart,2026-01-13 13:06:36
1330,360,view,2026-01-18 02:09:51
1330,148,cart,2025-07-14 02:07:00
1330,51,purchase,2025-06-30 11:11:57
1330,81,view,2025-12-22 08:59:53
1331,212,view,2026-02-18 21:24:26
1331,272,purchase,2025-04-05 17:32:18
1331,209,view,2025-07-26 10:53:01
1332,282,purchase,2025-11-14 18:17:13
1332,240,purchase,2025-07-23 09:08:00
1332,143,purchase,2026-02-06 02:23:32
1332,434,view,2026-02-05 10:19:24
1332,499,view,2026-02-18 14:16:26
1332,339,view,2025-10-05 01:58:23
1332,465,cart,2025-04-12 14:01:05
1332,49,view,2025-12-13 23:59:57
1332,69,cart,2025-08-08 17:27:12
1333,194,cart,2025-08-02 18:32:56
1333,87,view,2025-07-25 08:32:59
1333,300,purchase,2025-06-20 20:38:29
1333,418,cart,2025-12-07 18:34:19
1333,476,cart,2025-07-14 05:49:22
1333,299,purchase,2025-06-04 09:46:41
1333,93,cart,2025-10-23 16:10:52
1333,457,view,2025-12-24 01:51:21
1334,484,purchase,2025-12-11 01:36:47
1334,290,cart,2025-09-27 02:05:50
1334,453,cart,2025-12-19 16:58:39
1334,43,cart,2026-02-07 20:03:16
1334,35,view,2025-09-25 06:26:30
1334,69,purchase,2026-01-02 04:51:20
1334,153,purchase,2025-09-21 17:13:07
1334,201,view,2025-07-09 03:40:15
1335,478,purchase,2025-08-01 00:45:21
1335,100,purchase,2026-03-26 17:32:43
1336,149,purchase,2026-03-08 22:35:14
1336,405,view,2025-09-06 09:45:03
1336,181,purchase,2025-11-07 13:43:35
1336,409,cart,2025-06-07 14:34:15
1336,8,purchase,2025-11-08 20:44:10
1336,456,purchase,2025-12-17 22:26:23
1337,86,cart,2025-10-02 13:42:27
1337,435,cart,2026-03-10 05:00:51
1337,98,purchase,2025-09-18 08:48:24
1337,143,purchase,2025-04-09 15:41:17
1337,462,view,2025-07-11 18:53:16
1337,250,cart,2026-01-13 07:30:56
1337,463,view,2025-07-26 07:13:21
1338,332,view,2025-11-28 20:20:09
1339,134,cart,2025-07-31 03:32:44
1339,221,cart,2025-05-23 05:11:59
1339,20,cart,2025-11-12 07:45:31
1339,383,purchase,2026-03-06 23:32:34
1339,234,purchase,2025-12-30 04:01:10
1340,170,purchase,2025-09-04 12:16:52
1340,16,view,2025-08-09 18:44:26
1341,5,purchase,2025-11-30 15:29:36
1341,293,view,2025-05-20 07:37:18
1341,154,cart,2026-02-19 09:13:55
1341,102,cart,2025-06-18 19:47:13
1341,194,cart,2026-01-22 00:15:30
1341,18,purchase,2025-10-07 01:24:58
1341,344,cart,2025-07-16 05:30:34
1341,356,cart,2026-01-29 03:14:30
1341,171,cart,2026-02-21 03:16:46
1341,411,purchase,2026-03-26 17:09:33
1342,208,purchase,2025-08-04 23:17:36
1342,175,view,2025-04-19 03:47:58
1342,482,cart,2025-06-19 22:01:12
1342,368,cart,2025-10-04 10:04:36
1342,282,view,2025-06-12 11:15:42
1342,250,cart,2025-10-09 04:10:19
1342,136,view,2025-08-17 12:37:41
1343,470,purchase,2026-02-03 11:36:49
1343,43,purchase,2025-10-15 10:12:35
1343,467,cart,2025-08-31 03:31:02
1343,441,purchase,2026-01-10 04:18:49
1343,458,view,2025-04-13 06:16:48
1343,11,view,2026-03-22 04:21:38
1343,412,view,2025-05-21 04:11:37
1343,124,view,2025-09-03 03:37:40
1344,191,view,2025-12-04 14:07:07
1344,78,purchase,2026-01-14 20:58:32
1344,410,view,2026-03-10 16:44:25
1345,442,view,2026-03-11 04:34:48
1345,4,purchase,2025-05-24 12:20:05
1346,377,cart,2025-04-27 17:58:33
1347,36,view,2025-08-23 19:05:33
1347,298,purchase,2025-04-02 21:03:55
1347,494,cart,2026-02-12 17:50:41
1347,323,cart,2026-03-01 01:41:04
1347,402,purchase,2026-01-12 03:44:36
1347,54,purchase,2025-06-26 08:35:24
1347,62,view,2026-03-03 03:00:41
1347,360,view,2025-12-22 18:27:35
1347,102,purchase,2025-10-18 00:42:37
1347,474,view,2025-12-04 00:08:39
1348,46,purchase,2025-10-06 07:48:26
1348,487,view,2025-05-04 17:02:25
1348,1,cart,2025-07-29 07:21:32
1349,107,view,2025-05-06 19:08:19
1349,367,view,2025-04-04 16:58:21
1349,198,cart,2026-01-01 19:27:21
1349,320,purchase,2026-04-01 10:49:07
1350,243,view,2026-01-14 14:54:18
1350,362,cart,2025-08-31 08:22:42
1350,309,purchase,2025-09-19 10:05:01
1350,95,cart,2025-08-19 03:30:23
1351,374,purchase,2025-10-27 19:27:39
1351,303,view,2025-12-17 07:29:53
1351,226,view,2026-01-18 21:41:10
1351,259,view,2025-05-26 12:12:23
1351,40,view,2025-08-11 12:10:14
1352,134,view,2025-06-23 01:50:47
1352,449,purchase,2025-09-26 03:54:35
1352,294,view,2025-04-21 06:23:39
1352,358,view,2025-11-16 14:59:48
1353,96,view,2025-10-22 20:19:21
1353,434,cart,2025-10-17 21:51:42
1354,83,cart,2025-11-03 19:31:16
1354,325,purchase,2026-01-19 01:57:57
1354,151,purchase,2025-10-16 00:20:49
1354,211,purchase,2026-03-02 19:39:29
1355,111,cart,2026-01-26 19:32:34
1355,128,cart,2025-09-06 20:43:53
1355,376,view,2025-11-01 05:39:03
1355,271,view,2025-09-20 10:44:16
1355,335,purchase,2026-01-17 23:43:39
1356,144,view,2025-09-15 17:41:45
1356,33,view,2026-03-12 21:24:45
1356,32,cart,2025-05-11 12:21:13
1356,176,purchase,2025-07-08 07:51:38
1356,30,purchase,2026-03-16 17:11:23
1357,40,purchase,2026-01-31 04:47:36
1357,391,purchase,2025-05-17 17:58:43
1357,228,view,2025-04-13 20:27:45
1357,381,purchase,2025-07-23 07:18:46
1357,45,cart,2025-09-11 06:29:49
1357,301,cart,2025-05-29 00:09:21
1357,357,purchase,2026-02-05 14:28:57
1358,347,view,2026-01-13 19:40:01
1358,291,cart,2025-04-23 16:28:04
1358,372,cart,2025-11-12 03:17:45
1358,230,cart,2025-12-19 14:35:50
1358,380,cart,2025-11-30 04:40:03
1358,189,cart,2025-08-12 22:21:56
1358,153,cart,2026-02-21 01:17:42
1358,160,purchase,2025-04-26 16:54:31
1358,381,view,2025-09-01 05:52:55
1358,116,purchase,2026-03-20 23:02:57
1359,21,purchase,2025-11-10 04:37:07
1359,180,cart,2025-07-01 17:37:36
1359,238,cart,2025-11-20 07:55:53
1360,472,cart,2025-10-15 07:25:06
1360,237,cart,2026-01-28 13:40:37
1360,231,view,2026-02-28 11:16:36
1360,72,purchase,2025-06-24 23:54:26
1360,384,cart,2025-07-12 17:28:08
1360,214,view,2025-12-09 20:56:18
1361,403,cart,2026-01-24 17:52:01
1361,195,purchase,2026-01-17 02:28:59
1361,76,cart,2025-08-15 12:43:55
1362,7,cart,2026-03-11 22:03:36
1362,405,purchase,2026-03-01 15:15:14
1362,463,view,2025-06-12 04:03:11
1362,77,purchase,2025-12-31 10:21:52
1362,484,view,2025-05-20 01:01:32
1362,111,view,2025-09-07 11:21:47
1363,200,cart,2025-05-31 23:12:48
1364,138,cart,2025-12-18 15:31:19
1364,101,view,2026-01-30 08:52:50
1364,254,cart,2025-07-20 08:05:18
1365,155,purchase,2026-01-01 20:42:59
1365,142,view,2025-06-25 22:41:53
1365,97,cart,2025-08-10 00:40:12
1366,370,cart,2025-06-24 10:05:01
1366,221,cart,2025-08-25 05:48:26
1366,485,view,2025-06-28 03:45:32
1366,249,purchase,2025-04-23 15:37:48
1366,30,cart,2025-07-25 10:41:11
1366,492,view,2026-01-21 05:14:02
1366,34,cart,2025-05-08 18:28:17
1366,361,cart,2025-06-08 04:30:30
1366,311,cart,2025-10-24 11:23:32
1366,72,view,2025-07-15 00:11:25
1367,482,cart,2025-06-09 07:42:39
1367,411,view,2025-07-03 07:02:51
1367,213,cart,2025-11-06 13:56:03
1367,6,cart,2026-02-16 00:33:52
1367,323,view,2025-06-28 06:19:13
1367,173,purchase,2025-07-21 14:18:54
1367,159,purchase,2025-08-03 01:44:42
1367,316,cart,2025-07-21 21:24:28
1367,313,view,2025-06-23 07:00:22
1368,66,purchase,2025-04-02 19:01:29
1368,144,cart,2025-06-23 02:51:37
1368,371,cart,2026-03-31 01:30:41
1368,413,purchase,2025-10-27 09:34:19
1368,442,view,2025-04-24 19:35:55
1368,189,purchase,2026-02-28 13:01:21
1368,496,cart,2025-11-23 21:28:23
1368,32,view,2025-05-26 11:34:26
1368,228,cart,2026-03-08 20:22:07
1368,213,view,2025-09-10 21:41:26
1369,483,cart,2025-08-31 01:27:44
1369,352,view,2025-04-14 20:19:21
1369,465,cart,2026-01-01 14:05:40
1369,324,cart,2025-07-05 14:11:13
1370,284,cart,2025-08-02 21:27:02
1370,295,cart,2025-11-28 05:33:30
1370,357,view,2026-03-07 23:38:30
1370,461,view,2026-01-05 16:13:34
1370,494,cart,2025-08-04 22:23:27
1371,497,view,2026-03-07 15:13:29
1371,362,purchase,2025-05-07 08:38:40
1371,312,view,2026-01-02 01:00:51
1371,416,view,2025-10-03 16:09:43
1371,250,purchase,2025-09-30 23:06:24
1371,240,view,2025-08-27 11:41:24
1371,160,purchase,2025-09-21 09:37:24
1371,450,view,2026-01-23 11:48:51
1371,196,view,2026-03-19 02:01:39
1371,319,cart,2026-03-01 15:53:53
1372,270,cart,2025-07-11 06:13:25
1372,236,purchase,2025-10-21 21:52:46
1373,34,cart,2025-10-16 10:34:42
1373,199,view,2025-05-06 03:35:16
1373,405,cart,2025-11-04 23:15:09
1373,364,view,2026-01-30 06:04:13
1373,186,view,2025-12-20 04:28:23
1374,126,view,2025-12-26 09:47:05
1374,324,view,2026-01-14 15:31:28
1374,167,cart,2025-06-28 01:04:19
1374,422,purchase,2025-05-14 17:47:56
1374,247,purchase,2025-07-28 07:39:06
1374,74,cart,2026-02-07 09:22:21
1374,489,cart,2025-09-15 11:25:49
1374,248,cart,2026-02-19 08:02:57
1375,452,purchase,2025-04-29 14:31:21
1375,102,purchase,2025-04-13 19:52:01
1375,96,purchase,2025-04-22 14:47:45
1375,309,view,2025-04-02 19:03:31
1375,151,purchase,2025-04-28 07:42:12
1375,31,purchase,2026-01-27 14:32:32
1375,453,view,2025-10-12 10:56:28
1375,268,purchase,2025-07-30 18:56:45
1375,144,view,2025-04-15 00:47:47
1375,404,cart,2025-12-09 09:13:38
1376,358,view,2025-04-16 23:22:28
1376,152,cart,2025-08-13 17:52:08
1376,104,view,2025-10-03 02:33:42
1376,151,view,2025-07-05 15:21:40
1376,14,purchase,2025-07-04 05:34:48
1376,329,cart,2025-08-14 19:24:17
1376,40,cart,2025-08-09 16:27:33
1377,397,view,2026-02-20 08:54:05
1377,228,purchase,2025-05-10 15:48:37
1377,195,purchase,2025-06-19 15:16:09
1377,80,purchase,2025-09-09 11:15:33
1377,227,cart,2025-12-27 17:02:21
1377,55,cart,2025-08-31 08:01:10
1377,233,cart,2025-09-12 08:06:28
1377,101,purchase,2025-09-07 10:39:48
1378,232,cart,2025-12-13 00:34:30
1378,83,purchase,2025-08-11 16:35:25
1378,65,cart,2025-05-27 13:49:50
1378,489,view,2025-10-31 03:34:15
1378,63,view,2025-06-26 23:12:46
1378,444,cart,2025-08-10 04:25:56
1378,282,cart,2026-03-19 21:37:31
1378,188,view,2025-05-20 02:11:17
1378,161,purchase,2025-10-27 17:33:37
1378,192,purchase,2025-12-16 18:28:01
1379,321,cart,2026-01-02 01:22:31
1380,202,view,2025-11-25 20:25:22
1380,167,purchase,2025-09-09 20:26:09
1380,428,view,2025-12-14 06:44:41
1380,329,cart,2025-06-17 10:08:48
1380,165,purchase,2025-09-18 12:26:04
1380,387,purchase,2025-05-10 05:03:30
1381,452,purchase,2025-09-27 16:05:30
1382,370,purchase,2025-04-11 05:26:01
1383,254,view,2026-03-16 22:42:48
1383,474,view,2026-01-22 00:35:23
1383,71,view,2025-08-06 10:05:33
1384,267,view,2025-04-14 21:34:37
1384,481,purchase,2025-06-23 17:40:42
1385,47,cart,2025-12-22 21:35:13
1385,497,cart,2025-08-07 08:46:58
1385,173,view,2025-10-22 15:33:45
1385,211,cart,2025-08-04 23:51:33
1386,252,cart,2025-09-06 10:52:28
1386,279,view,2026-04-01 13:02:28
1387,213,purchase,2026-01-09 18:47:56
1387,404,cart,2025-12-08 05:24:40
1387,355,view,2026-04-02 16:51:28
1387,280,view,2025-10-13 14:23:31
1387,416,view,2025-09-21 16:37:06
1387,229,view,2025-04-13 03:11:15
1387,59,cart,2025-06-23 10:10:50
1387,116,view,2025-11-14 17:23:39
1387,28,purchase,2026-03-03 08:46:06
1388,12,view,2026-03-10 19:26:33
1388,329,purchase,2026-03-23 16:10:47
1388,115,cart,2025-08-29 01:05:55
1388,21,view,2025-12-30 20:31:57
1388,112,view,2025-04-15 12:18:31
1388,486,view,2025-11-02 10:15:02
1388,488,view,2025-04-30 23:41:12
1388,256,cart,2025-06-24 17:54:08
1388,165,cart,2025-06-23 17:43:28
1389,9,purchase,2025-06-29 03:56:45
1389,391,cart,2025-05-31 09:16:59
1389,252,view,2025-07-16 05:32:49
1389,342,purchase,2026-03-10 21:47:47
1389,356,cart,2025-06-12 14:24:17
1389,281,view,2025-07-03 02:19:46
1389,20,view,2025-07-02 02:14:07
1390,18,view,2025-07-14 16:52:02
1390,117,purchase,2025-04-17 05:28:37
1390,251,view,2026-01-05 02:15:05
1390,178,purchase,2025-11-04 08:54:55
1390,41,purchase,2026-01-23 16:32:57
1390,451,cart,2025-09-30 13:39:36
1390,260,view,2025-05-25 05:23:39
1390,203,view,2025-12-31 09:06:32
1390,77,purchase,2025-08-13 11:41:04
1390,3,purchase,2025-08-30 19:50:57
1391,144,cart,2025-09-09 12:02:04
1391,284,cart,2025-11-29 11:44:40
1391,261,cart,2026-03-01 21:23:22
1391,81,view,2025-06-20 08:47:32
1391,386,purchase,2025-12-24 13:33:13
1391,131,cart,2025-06-04 07:23:28
1391,100,cart,2025-09-06 18:51:48
1391,459,cart,2025-12-29 10:43:32
1391,201,view,2025-10-20 02:39:13
1391,333,cart,2026-01-28 18:34:33
1392,14,cart,2025-10-10 00:41:38
1392,308,purchase,2025-07-20 03:14:20
1392,343,purchase,2026-02-13 17:59:34
1392,394,cart,2025-09-20 09:22:14
1392,104,view,2025-07-08 15:54:04
1392,57,view,2026-03-04 14:24:50
1392,198,view,2026-01-28 20:02:15
1392,380,view,2025-04-14 18:55:23
1393,388,purchase,2025-08-10 14:29:24
1393,376,purchase,2025-05-17 12:00:48
1393,152,purchase,2025-10-09 04:48:50
1393,345,view,2025-08-02 10:10:33
1394,418,cart,2026-01-12 01:05:27
1394,184,cart,2025-10-12 13:25:06
1394,27,purchase,2025-09-09 14:45:40
1394,320,view,2026-01-28 09:52:30
1394,290,cart,2026-02-21 21:10:14
1394,111,purchase,2025-06-28 14:51:21
1394,12,cart,2025-06-14 12:00:45
1394,6,view,2025-11-14 15:28:26
1394,424,view,2025-04-19 05:16:40
1394,440,cart,2026-01-19 00:27:02
1395,255,purchase,2025-04-10 14:06:06
1395,198,purchase,2025-08-25 03:10:31
1395,167,cart,2026-01-21 02:14:09
1395,200,purchase,2025-07-06 00:08:08
1396,471,cart,2025-10-02 14:27:04
1396,245,purchase,2025-06-29 22:00:26
1396,305,cart,2025-04-08 17:59:58
1397,39,purchase,2025-06-05 14:37:38
1397,54,view,2025-05-26 02:08:45
1397,436,view,2026-02-21 04:42:48
1397,317,view,2026-02-15 07:01:02
1398,484,cart,2025-06-19 10:55:21
1399,155,cart,2025-09-23 14:49:01
1400,373,purchase,2026-02-17 07:21:01
1400,492,view,2025-10-20 20:26:18
1400,49,view,2025-05-19 09:44:38
1400,188,view,2025-12-20 16:43:10
1400,330,view,2025-07-16 04:19:02
1400,497,cart,2025-05-21 09:13:54
1400,379,cart,2026-01-22 03:19:06
1401,143,cart,2026-01-07 15:22:54
1401,334,view,2025-07-24 17:00:11
1402,394,view,2025-07-29 10:04:35
1402,460,view,2025-08-10 12:40:43
1402,154,view,2026-01-10 05:04:29
1402,134,cart,2025-06-22 03:44:39
1402,476,view,2026-01-01 19:25:21
1403,470,purchase,2025-04-10 04:17:33
1403,381,purchase,2025-08-07 11:42:20
1404,450,cart,2025-09-26 21:32:41
1405,7,view,2025-06-02 15:09:57
1405,44,purchase,2025-07-03 23:43:42
1405,120,cart,2026-02-18 23:45:46
1406,355,purchase,2025-09-27 04:40:10
1406,139,cart,2025-06-23 11:29:08
1406,11,purchase,2025-09-12 20:50:14
1406,288,cart,2025-05-02 06:09:39
1406,32,purchase,2026-02-03 20:24:35
1406,354,view,2025-06-28 12:41:49
1406,110,view,2025-04-06 17:59:50
1406,203,purchase,2026-01-28 09:53:22
1406,193,view,2025-10-09 19:40:05
1406,19,cart,2025-09-03 10:58:00
1407,425,cart,2026-02-18 12:39:49
1407,211,view,2025-07-12 06:39:28
1407,498,view,2025-07-18 12:03:51
1407,295,view,2026-03-15 11:11:23
1407,336,view,2025-07-05 22:47:52
1407,491,cart,2025-04-26 18:41:39
1407,363,cart,2025-08-08 13:57:46
1408,103,cart,2025-08-10 22:26:42
1408,12,purchase,2025-05-02 01:40:30
1408,139,view,2026-01-12 10:25:10
1408,120,purchase,2026-01-06 16:48:00
1408,229,view,2025-12-07 15:00:31
1408,332,view,2025-09-09 05:19:18
1408,447,purchase,2025-09-17 05:24:35
1408,427,cart,2025-10-07 09:16:26
1409,487,purchase,2025-11-07 18:57:59
1409,250,view,2026-02-17 22:40:52
1409,366,purchase,2025-10-30 04:08:03
1409,24,cart,2025-04-16 00:22:54
1409,186,view,2025-12-28 05:56:59
1409,306,cart,2025-04-24 01:40:47
1409,233,cart,2025-05-07 23:34:39
1409,278,view,2025-11-25 22:03:55
1409,191,purchase,2025-12-02 16:47:09
1410,371,purchase,2025-08-01 19:59:42
1410,276,view,2025-07-27 07:27:26
1410,164,purchase,2025-08-08 04:05:51
1410,327,cart,2025-10-30 01:24:29
1410,208,view,2025-12-23 17:41:58
1410,297,cart,2025-06-02 14:12:44
1411,239,cart,2025-04-25 18:29:51
1411,392,cart,2025-06-17 09:28:43
1411,75,purchase,2025-09-09 23:31:56
1411,384,cart,2026-03-31 14:39:08
1411,345,purchase,2025-05-08 17:52:43
1411,208,cart,2025-05-27 07:57:18
1412,44,purchase,2026-02-19 12:16:19
1412,129,view,2026-03-28 13:13:49
1412,170,cart,2025-05-05 05:53:45
1412,330,cart,2025-06-17 09:36:16
1412,230,purchase,2025-12-29 17:51:48
1412,441,purchase,2025-11-02 21:42:02
1412,84,view,2025-05-13 19:44:34
1413,259,purchase,2026-02-19 11:29:22
1413,74,purchase,2025-12-31 11:10:59
1413,174,purchase,2025-08-05 10:16:23
1413,323,purchase,2026-03-02 00:20:06
1413,81,purchase,2025-04-27 13:04:32
1413,71,view,2026-01-08 03:04:51
1414,41,cart,2026-01-18 03:01:31
1414,450,view,2025-12-10 13:35:04
1414,256,purchase,2025-10-24 18:04:57
1414,21,purchase,2025-09-29 19:19:29
1414,53,purchase,2025-08-14 15:25:36
1414,2,cart,2025-11-12 00:08:26
1414,478,purchase,2026-02-28 21:04:56
1415,378,view,2026-03-15 08:20:16
1415,350,purchase,2025-09-23 08:53:03
1415,403,cart,2025-05-02 00:29:50
1416,59,cart,2025-04-05 20:02:05
1416,374,cart,2025-05-07 01:58:36
1416,280,cart,2025-05-28 05:38:17
1416,267,purchase,2025-08-16 10:10:37
1416,419,cart,2025-05-16 02:42:24
1416,112,purchase,2025-12-17 05:29:28
1416,179,purchase,2025-10-16 06:54:54
1416,208,purchase,2026-02-05 22:22:55
1417,115,purchase,2025-08-24 08:43:08
1417,329,cart,2025-09-22 09:18:18
1418,427,purchase,2025-06-28 12:27:26
1418,458,view,2025-04-04 20:25:31
1418,366,view,2025-11-25 07:13:16
1419,409,view,2025-12-01 23:48:24
1419,253,view,2025-09-19 00:52:24
1419,468,view,2025-07-30 07:32:52
1419,355,cart,2025-12-14 15:33:42
1419,123,cart,2025-07-24 11:40:11
1419,155,view,2025-11-17 17:28:09
1419,277,purchase,2026-01-12 12:16:41
1419,49,view,2025-05-25 17:04:11
1419,12,view,2025-10-28 07:13:15
1420,151,view,2025-11-18 19:47:07
1421,95,purchase,2026-03-25 17:06:55
1421,36,view,2025-11-23 08:58:23
1421,129,cart,2025-05-23 01:22:15
1421,486,view,2026-03-01 01:18:37
1422,483,cart,2025-10-22 11:28:24
1422,338,cart,2025-04-20 10:18:31
1422,5,purchase,2025-07-12 19:41:50
1422,305,cart,2025-08-04 11:30:34
1422,175,cart,2026-03-03 03:37:48
1422,191,view,2025-09-19 15:41:51
1422,155,cart,2026-02-07 01:36:06
1423,301,cart,2025-08-21 00:40:56
1423,325,purchase,2025-12-20 18:28:08
1423,303,view,2025-07-03 17:30:52
1423,347,cart,2026-01-30 16:30:26
1423,16,cart,2025-05-30 14:03:00
1423,163,cart,2025-04-17 11:07:34
1423,15,cart,2026-03-11 18:49:22
1423,358,cart,2025-06-15 02:44:26
1423,440,cart,2026-03-31 01:44:35
1423,385,purchase,2026-01-17 13:11:39
1424,216,purchase,2025-08-22 23:18:04
1424,300,purchase,2026-01-29 00:49:09
1425,485,purchase,2026-03-13 17:57:46
1425,251,view,2025-06-25 21:28:21
1425,194,view,2025-10-25 18:08:32
1425,492,cart,2025-10-06 05:34:15
1425,388,view,2025-10-18 18:59:17
1425,243,cart,2025-04-20 13:54:13
1426,47,view,2025-05-11 18:13:53
1426,125,purchase,2025-04-05 06:05:59
1426,425,purchase,2025-07-28 04:25:40
1426,323,view,2025-12-15 01:38:26
1426,232,cart,2026-02-17 09:18:13
1426,383,cart,2025-07-02 09:09:54
1426,123,purchase,2025-07-18 10:14:14
1426,240,view,2025-11-29 12:13:48
1426,165,cart,2025-10-07 03:31:28
1427,397,purchase,2025-09-02 18:23:34
1427,437,cart,2026-03-08 02:16:43
1427,110,purchase,2026-02-20 16:21:34
1427,210,view,2025-07-19 06:13:23
1427,5,purchase,2025-04-08 07:57:56
1427,65,purchase,2025-04-30 21:08:12
1427,441,purchase,2025-12-31 16:02:24
1427,399,view,2026-02-20 05:04:08
1427,478,purchase,2025-12-09 16:30:31
1428,35,purchase,2025-04-27 14:10:38
1428,92,cart,2026-02-03 22:41:29
1428,140,purchase,2026-01-08 14:20:13
1428,289,cart,2025-10-11 00:42:55
1428,410,purchase,2025-12-11 12:05:18
1428,334,purchase,2025-08-14 04:17:24
1428,24,cart,2025-11-14 20:02:10
1428,299,view,2025-04-12 13:07:47
1429,251,view,2025-07-10 00:21:49
1429,461,cart,2026-02-01 13:09:36
1429,150,view,2025-05-15 19:12:51
1429,20,cart,2025-11-27 09:40:19
1429,307,cart,2025-05-22 09:04:15
1429,218,view,2025-11-04 18:28:37
1429,351,view,2025-07-05 18:58:02
1429,495,view,2026-02-03 07:45:03
1429,101,cart,2025-12-08 14:22:41
1430,127,view,2025-09-24 05:50:36
1430,198,purchase,2025-05-28 23:41:15
1430,413,purchase,2026-02-09 23:02:20
1430,463,view,2025-11-24 07:52:45
1430,395,cart,2025-11-10 07:45:26
1430,22,cart,2026-02-10 21:57:48
1430,93,view,2025-11-27 18:42:51
1430,174,purchase,2025-07-31 19:57:22
1431,432,cart,2026-01-11 16:34:19
1431,117,purchase,2025-08-08 01:01:56
1431,227,purchase,2025-10-20 00:51:59
1431,485,view,2025-11-09 12:00:50
1431,51,view,2025-08-01 10:17:30
1431,71,view,2026-01-28 09:10:38
1431,379,purchase,2025-10-15 11:15:02
1431,288,view,2026-01-30 19:46:38
1431,224,cart,2025-09-14 10:44:02
1431,187,purchase,2026-01-30 22:10:40
1432,10,purchase,2025-09-23 23:38:57
1432,268,purchase,2026-01-30 06:21:34
1432,188,purchase,2025-10-04 09:53:55
1432,278,view,2026-03-07 11:07:35
1432,214,cart,2025-11-16 12:48:52
1432,17,cart,2025-04-21 05:36:23
1432,223,purchase,2025-04-08 21:33:55
1433,34,view,2025-07-18 00:22:42
1433,44,cart,2025-10-08 16:52:22
1433,449,purchase,2026-02-06 20:04:12
1433,183,cart,2025-05-19 10:18:07
1433,205,purchase,2025-12-16 10:04:29
1433,470,view,2025-08-30 11:38:06
1433,464,view,2026-03-31 02:51:11
1434,12,view,2025-06-30 00:46:37
1434,44,purchase,2026-01-13 19:42:14
1435,340,view,2025-12-18 13:29:54
1435,228,purchase,2025-11-08 10:27:09
1435,279,cart,2026-03-25 15:44:18
1436,134,cart,2025-11-03 17:57:23
1436,34,purchase,2025-08-03 17:08:06
1436,94,purchase,2026-01-26 00:15:37
1436,211,view,2026-02-05 09:02:52
1436,286,view,2026-04-01 19:51:59
1436,118,view,2026-01-28 05:35:25
1436,75,cart,2025-12-06 03:33:45
1436,68,purchase,2025-09-22 19:45:55
1436,359,cart,2025-07-12 07:06:25
1437,190,view,2025-06-24 23:06:37
1438,403,view,2026-03-11 13:37:24
1438,57,purchase,2026-02-19 03:55:47
1438,340,cart,2025-09-18 13:35:04
1438,299,purchase,2025-12-13 16:58:15
1438,4,cart,2025-11-28 06:13:26
1438,450,view,2025-07-12 17:01:17
1438,163,view,2025-07-27 13:57:03
1438,440,cart,2025-11-15 14:05:42
1438,410,view,2026-01-22 23:46:59
1439,339,cart,2025-09-24 20:50:21
1439,244,cart,2025-09-22 00:34:13
1439,109,view,2026-01-07 20:56:04
1439,88,cart,2025-10-03 18:34:25
1440,324,purchase,2026-02-19 09:18:59
1440,277,view,2025-06-10 06:40:32
1440,74,purchase,2025-08-30 20:13:20
1440,65,purchase,2026-01-15 19:30:48
1440,74,view,2025-08-03 21:35:24
1440,244,purchase,2025-05-27 12:01:24
1440,37,purchase,2026-01-27 20:28:23
1440,84,view,2025-08-06 18:43:21
1440,320,cart,2025-07-18 11:16:55
1441,480,view,2025-08-28 11:46:21
1441,423,cart,2025-09-25 21:38:28
1441,208,view,2025-08-17 09:17:48
1441,385,cart,2025-04-09 11:11:51
1441,21,cart,2025-09-16 03:08:24
1441,399,cart,2025-09-03 02:11:17
1442,98,purchase,2025-04-21 03:20:14
1443,200,cart,2025-04-13 05:05:48
1443,310,view,2025-06-05 22:57:52
1443,383,view,2025-12-07 21:41:58
1443,245,purchase,2025-11-02 21:39:19
1443,486,purchase,2026-01-30 08:41:35
1443,455,cart,2025-04-27 04:30:30
1444,123,purchase,2025-04-27 09:34:40
1444,266,cart,2025-06-28 22:02:25
1444,254,view,2026-01-28 05:03:49
1445,307,view,2026-02-28 05:48:28
1445,213,view,2025-08-12 10:50:53
1445,287,view,2025-10-06 22:14:53
1445,360,view,2025-11-20 02:53:52
1445,395,purchase,2025-06-16 05:13:18
1445,20,cart,2025-04-12 08:38:18
1445,142,cart,2025-11-01 17:21:38
1446,237,purchase,2025-11-27 14:16:21
1446,413,cart,2025-08-08 20:57:58
1446,155,purchase,2026-02-10 15:45:38
1446,309,cart,2025-05-07 22:03:19
1446,470,cart,2025-11-20 03:36:11
1447,261,cart,2025-07-07 17:25:36
1447,197,purchase,2025-07-22 04:30:12
1447,301,purchase,2025-09-26 15:30:04
1447,286,purchase,2025-11-01 18:29:59
1447,309,purchase,2025-09-30 09:03:32
1447,338,purchase,2025-11-01 13:25:58
1447,70,cart,2025-06-21 22:15:15
1447,172,view,2025-11-05 21:07:50
1448,499,cart,2025-08-29 08:00:15
1448,272,purchase,2026-01-05 03:34:27
1448,315,purchase,2025-04-04 03:53:17
1448,32,cart,2025-11-02 03:33:00
1448,322,cart,2025-07-19 11:07:57
1448,478,cart,2025-08-22 08:32:42
1448,447,cart,2025-08-28 14:42:52
1448,304,purchase,2025-11-05 19:11:03
1449,160,cart,2026-01-23 07:19:12
1449,464,view,2025-07-29 10:58:16
1449,289,view,2026-03-14 12:49:10
1449,178,cart,2025-12-25 17:42:05
1450,422,cart,2025-11-24 21:50:27
1450,265,purchase,2025-07-03 23:01:47
1450,210,cart,2025-04-05 13:06:09
1450,135,purchase,2025-06-24 06:41:11
1451,342,purchase,2026-02-12 21:39:52
1451,96,purchase,2026-02-14 16:00:16
1451,455,view,2025-11-13 10:23:01
1451,410,purchase,2026-01-28 20:58:57
1451,151,view,2026-03-02 17:23:33
1451,351,purchase,2026-03-31 13:00:33
1451,185,purchase,2025-06-08 05:48:01
1452,283,cart,2025-06-25 01:37:30
1452,104,cart,2025-05-26 14:49:35
1452,297,purchase,2025-11-09 19:29:50
1452,88,view,2026-02-10 19:12:41
1452,370,purchase,2025-12-08 19:14:52
1452,448,cart,2026-02-25 23:18:59
1452,326,view,2025-07-22 02:53:36
1452,105,purchase,2025-11-14 15:07:47
1452,404,purchase,2026-02-19 13:46:50
1453,93,purchase,2025-10-21 16:13:47
1453,414,cart,2025-09-01 17:49:43
1453,191,view,2025-12-30 11:21:11
1453,200,cart,2025-10-09 11:18:55
1453,367,cart,2026-02-18 16:15:25
1453,477,purchase,2025-11-19 23:13:28
1454,275,cart,2026-02-04 01:06:38
1454,74,cart,2025-08-09 09:15:43
1454,310,view,2025-08-01 03:05:20
1454,129,view,2025-12-31 00:40:36
1454,494,cart,2026-02-09 17:27:53
1454,416,purchase,2025-05-21 06:55:23
1454,201,view,2025-10-15 10:56:55
1454,34,view,2025-11-11 12:45:52
1455,475,cart,2025-08-26 18:07:43
1455,232,purchase,2025-06-25 09:29:45
1455,298,cart,2026-03-11 21:26:30
1455,261,purchase,2025-10-27 18:31:17
1455,215,view,2025-05-22 22:22:04
1456,26,cart,2025-10-30 00:54:46
1456,321,cart,2025-10-11 01:14:32
1456,304,view,2025-09-20 21:27:17
1456,243,cart,2025-05-12 07:48:26
1456,198,cart,2025-10-09 11:13:17
1457,71,view,2025-09-19 15:58:15
1457,62,cart,2026-02-04 04:47:12
1458,21,view,2025-08-20 05:40:13
1459,55,purchase,2025-04-19 17:26:30
1459,274,cart,2025-04-17 01:24:49
1459,65,view,2025-07-21 08:39:16
1459,473,purchase,2025-10-18 13:48:40
1459,351,cart,2025-05-25 19:11:03
1460,20,purchase,2025-10-14 15:12:43
1460,290,view,2025-12-20 21:07:06
1460,5,view,2025-11-18 18:51:15
1460,172,purchase,2025-08-17 05:58:12
1461,145,cart,2025-11-08 13:32:43
1461,123,view,2026-03-08 10:44:36
1461,112,purchase,2026-02-22 13:31:43
1461,309,purchase,2025-06-14 12:38:34
1461,384,cart,2026-02-18 20:39:06
1462,181,view,2026-01-11 01:18:32
1462,77,view,2025-08-03 21:49:05
1462,283,purchase,2025-07-22 10:54:11
1462,162,view,2025-12-01 20:07:54
1462,87,cart,2025-11-07 11:02:28
1462,104,purchase,2025-10-07 23:14:31
1462,315,view,2026-02-11 13:49:01
1462,488,view,2025-05-02 08:06:20
1462,46,purchase,2025-10-14 16:00:24
1463,498,cart,2025-07-30 03:33:26
1463,414,cart,2025-05-15 20:34:05
1463,63,view,2026-02-18 21:32:57
1463,126,cart,2025-12-08 08:09:37
1463,113,view,2025-10-23 10:25:39
1463,235,purchase,2025-09-03 11:02:55
1463,84,view,2026-03-30 14:09:26
1463,469,view,2025-06-15 10:53:14
1463,143,view,2026-03-29 07:37:01
1463,1,view,2025-12-25 23:33:28
1464,222,purchase,2026-03-23 22:07:19
1464,440,purchase,2025-11-21 02:24:43
1464,434,cart,2025-12-02 19:34:00
1464,228,view,2025-04-24 11:15:35
1464,118,view,2025-12-22 07:21:33
1465,209,purchase,2026-03-22 00:48:58
1465,227,cart,2025-07-30 13:33:52
1466,378,cart,2025-11-20 08:19:03
1466,435,purchase,2025-09-19 12:13:12
1466,384,cart,2025-06-20 20:19:32
1467,277,cart,2025-11-18 07:08:39
1468,451,purchase,2025-05-21 16:58:46
1468,251,cart,2025-12-19 14:28:03
1468,404,purchase,2025-09-11 20:05:59
1468,175,cart,2026-02-25 19:22:27
1469,255,purchase,2026-03-12 09:12:49
1470,198,cart,2025-04-04 00:14:29
1470,310,view,2025-12-21 12:42:42
1470,190,view,2025-06-19 11:52:26
1470,360,view,2026-01-17 09:19:13
1470,307,purchase,2025-04-20 17:31:41
1470,349,cart,2026-02-23 06:34:17
1470,86,cart,2025-10-12 03:29:02
1470,106,view,2026-03-21 15:04:46
1470,160,cart,2025-10-21 23:23:24
1470,207,cart,2025-12-01 14:03:04
1471,366,cart,2025-06-06 19:31:03
1471,460,view,2025-04-20 07:33:41
1471,194,purchase,2026-01-08 03:23:17
1471,449,cart,2026-03-30 08:58:05
1472,351,purchase,2025-12-02 07:29:19
1473,330,purchase,2025-07-11 13:17:25
1473,33,cart,2025-06-22 14:11:58
1473,365,view,2025-11-01 06:39:15
1473,199,purchase,2026-03-22 12:17:12
1474,184,cart,2025-05-22 03:02:23
1474,10,cart,2025-06-19 23:21:13
1474,223,purchase,2025-11-07 13:07:12
1474,228,cart,2025-06-21 11:16:27
1474,45,cart,2025-07-04 15:45:14
1474,130,cart,2025-04-29 08:20:03
1475,137,cart,2025-12-30 11:48:15
1475,466,cart,2025-05-25 18:17:34
1475,245,view,2025-06-14 17:26:32
1475,86,view,2025-10-29 16:44:18
1476,330,purchase,2025-08-13 19:26:42
1476,306,purchase,2025-06-16 16:38:02
1476,414,view,2025-12-23 19:06:59
1476,433,view,2025-12-01 19:31:43
1476,195,cart,2026-01-10 22:27:16
1476,24,view,2025-08-18 15:05:45
1476,46,purchase,2025-10-30 05:56:42
1476,468,view,2026-01-25 23:03:39
1476,47,purchase,2025-05-17 03:03:22
1476,356,purchase,2025-04-13 06:35:01
1477,128,view,2025-11-09 14:19:34
1478,477,cart,2026-01-20 14:45:37
1478,231,view,2026-03-08 09:33:14
1478,150,view,2025-08-13 18:09:13
1478,439,cart,2026-02-04 06:46:14
1478,142,view,2025-09-25 12:38:07
1478,117,cart,2025-12-25 21:31:29
1478,159,view,2025-09-30 08:59:23
1478,266,view,2025-12-15 01:36:34
1478,118,view,2025-10-17 14:48:43
1479,26,purchase,2025-09-28 19:03:33
1479,335,purchase,2026-03-30 01:20:07
1479,90,cart,2025-11-08 20:29:43
1479,280,cart,2026-02-21 08:12:56
1479,482,cart,2025-04-12 15:56:39
1479,458,view,2026-02-20 19:24:50
1479,120,view,2025-04-12 10:35:29
1479,413,view,2026-01-06 18:29:12
1479,308,purchase,2026-03-16 17:49:08
1479,39,view,2025-04-14 17:42:35
1480,137,view,2026-01-22 17:45:36
1480,273,view,2025-10-13 06:42:08
1481,283,cart,2026-03-18 12:53:39
1481,370,view,2025-08-15 07:55:17
1481,78,purchase,2025-10-13 10:03:01
1481,477,view,2025-12-19 09:41:19
1481,125,view,2025-06-28 03:28:23
1481,166,view,2025-09-20 03:54:17
1481,392,cart,2025-12-23 15:49:39
1481,262,view,2026-03-27 10:54:52
1482,258,view,2026-01-13 02:34:14
1482,201,view,2025-08-17 11:11:24
1482,85,view,2026-03-18 09:23:40
1482,240,view,2025-07-04 09:06:48
1482,433,view,2025-05-02 23:02:03
1482,123,purchase,2025-07-19 14:57:09
1482,427,cart,2025-04-14 04:41:36
1482,293,cart,2025-07-30 12:37:07
1482,236,view,2025-12-14 14:14:51
1483,89,purchase,2026-01-14 06:36:18
1483,56,purchase,2025-08-09 16:01:37
1483,127,view,2026-02-08 08:17:11
1483,327,purchase,2025-04-14 18:50:35
1483,386,view,2025-05-09 10:56:19
1483,34,cart,2026-01-23 00:21:05
1483,69,view,2025-11-23 04:30:33
1483,147,cart,2025-11-07 01:20:34
1484,409,cart,2026-03-11 10:42:02
1484,346,cart,2025-04-08 15:39:44
1484,281,purchase,2025-05-25 09:48:33
1484,371,cart,2025-05-17 04:51:33
1484,455,purchase,2025-07-16 07:14:04
1484,238,purchase,2026-03-10 22:20:04
1484,482,purchase,2026-03-13 19:51:10
1484,181,purchase,2025-05-24 20:03:50
1484,295,purchase,2026-01-01 12:41:26
1485,384,cart,2025-12-29 12:51:15
1485,268,cart,2026-03-20 08:20:37
1485,85,purchase,2026-03-14 22:06:40
1485,439,cart,2025-06-09 13:28:56
1485,64,view,2026-02-21 07:45:48
1485,105,view,2026-03-24 19:22:21
1485,307,cart,2025-07-07 12:58:21
1486,59,purchase,2026-02-07 20:03:11
1486,462,cart,2025-05-06 06:48:55
1486,195,cart,2025-11-30 00:25:34
1486,153,cart,2025-09-24 01:21:38
1486,12,cart,2025-10-13 22:10:52
1487,101,view,2026-01-23 08:47:23
1487,110,cart,2025-06-29 08:39:35
1487,396,purchase,2026-03-19 02:45:33
1487,384,view,2025-09-23 11:27:38
1487,230,purchase,2025-04-24 05:35:45
1487,404,purchase,2025-05-22 03:43:26
1487,71,purchase,2025-06-19 05:23:05
1487,406,cart,2026-01-04 15:29:31
1488,125,view,2025-06-21 22:47:52
1488,8,view,2025-11-21 19:15:34
1488,462,cart,2025-05-06 10:57:25
1488,129,cart,2025-05-13 15:45:08
1488,204,cart,2025-06-10 06:38:44
1488,364,cart,2025-09-11 15:51:07
1488,190,view,2025-08-18 01:55:43
1489,66,cart,2026-01-13 01:14:02
1489,491,view,2025-07-13 07:56:32
1489,125,view,2026-01-26 14:39:43
1489,459,purchase,2025-06-19 09:48:09
1489,472,view,2026-01-13 08:53:58
1489,151,cart,2026-02-03 19:38:46
1489,27,cart,2025-04-25 03:59:09
1489,238,cart,2025-06-09 04:34:18
1490,39,purchase,2025-04-21 08:04:14
1490,150,cart,2025-12-13 13:59:21
1490,420,purchase,2025-05-17 08:27:48
1490,282,cart,2025-05-27 10:05:19
1490,20,cart,2025-09-19 07:49:33
1490,34,cart,2025-08-04 11:44:18
1490,169,view,2025-09-10 21:31:03
1491,472,purchase,2025-07-14 07:37:31
1491,84,view,2025-05-24 13:36:27
1491,51,view,2026-03-01 14:32:58
1491,381,purchase,2025-12-29 22:28:48
1491,287,cart,2025-05-29 09:28:03
1492,12,purchase,2025-12-05 12:28:50
1493,322,purchase,2025-09-26 08:38:10
1493,190,view,2026-02-17 13:51:31
1493,229,cart,2025-08-26 13:44:14
1493,171,purchase,2026-02-10 22:05:36
1494,177,purchase,2026-03-21 13:04:04
1494,167,cart,2025-09-10 16:46:27
1494,188,view,2026-01-07 13:19:26
1494,410,purchase,2025-05-31 06:43:11
1494,299,view,2025-12-14 09:02:36
1494,452,cart,2026-03-10 06:52:16
1494,388,cart,2025-06-15 16:01:53
1494,221,purchase,2025-06-19 00:00:24
1495,341,purchase,2025-05-02 12:44:04
1496,259,view,2025-09-23 17:26:07
1496,495,view,2025-06-24 12:19:46
1496,477,cart,2025-11-28 13:26:21
1496,169,purchase,2025-11-02 07:32:39
1496,365,cart,2025-08-01 13:25:05
1496,374,purchase,2025-12-19 20:52:51
1496,325,cart,2026-03-22 01:10:52
1496,73,view,2026-01-24 04:40:27
1496,390,view,2025-06-14 19:27:53
1496,47,purchase,2026-01-18 14:07:54
1497,141,cart,2026-03-24 17:09:30
1497,112,view,2026-01-11 17:56:03
1497,22,cart,2025-12-20 00:55:49
1497,6,view,2025-12-17 15:49:25
1497,99,cart,2025-10-15 14:26:57
1497,291,view,2025-05-05 02:33:56
1497,213,view,2026-02-13 22:02:53
1498,280,purchase,2025-07-08 19:58:07
1498,130,view,2025-07-29 12:34:02
1498,0,view,2025-09-08 14:28:01
1498,83,view,2025-09-11 10:30:25
1498,135,purchase,2026-01-13 23:57:09
1498,247,view,2025-12-30 12:52:17
1498,112,cart,2025-06-21 03:16:05
1499,473,purchase,2025-12-14 02:08:09
1499,252,view,2025-12-16 20:10:35
1499,40,purchase,2026-01-06 03:43:12
1500,415,cart,2026-03-20 13:52:44
1500,315,purchase,2026-02-05 17:38:09
1500,190,cart,2026-03-13 14:08:25
1500,489,cart,2025-07-24 16:20:00
1500,295,purchase,2025-08-13 15:42:33
1500,280,purchase,2026-03-01 22:53:33
1500,169,purchase,2025-06-13 23:53:28
1500,340,cart,2025-11-22 07:37:27
1501,79,purchase,2025-07-12 09:17:00
1501,349,purchase,2025-11-25 01:11:36
1501,301,purchase,2026-02-16 00:08:43
1501,349,cart,2026-02-21 02:38:18
1501,412,purchase,2026-03-22 02:49:06
1501,398,view,2025-10-04 16:30:51
1501,115,view,2025-05-01 18:25:07
1501,222,cart,2025-05-30 19:34:57
1501,139,cart,2025-04-28 15:15:25
1502,153,cart,2025-10-31 08:43:23
1502,498,purchase,2025-10-03 02:27:12
1502,207,view,2026-02-21 17:33:04
1502,487,purchase,2025-11-29 23:52:30
1502,153,cart,2025-10-14 07:51:26
1502,54,view,2026-02-08 21:42:29
1502,284,view,2026-02-19 11:47:29
1502,432,view,2025-07-15 05:41:45
1502,450,view,2025-12-10 05:06:14
1503,463,view,2025-05-15 23:04:16
1503,474,view,2025-07-17 14:22:11
1503,357,purchase,2026-01-31 09:58:36
1503,258,cart,2026-01-13 08:59:59
1503,211,purchase,2025-08-25 20:43:32
1503,204,cart,2025-11-07 17:36:03
1503,290,cart,2025-10-07 01:52:30
1503,153,view,2026-03-21 11:59:38
1504,83,purchase,2026-02-15 17:54:25
1504,246,purchase,2026-02-17 21:59:00
1504,33,cart,2025-04-18 07:04:29
1504,474,view,2026-03-26 03:28:12
1505,207,cart,2025-06-11 21:43:40
1505,78,cart,2025-12-24 07:55:17
1505,242,view,2026-01-18 15:04:27
1505,170,cart,2025-12-23 23:16:04
1505,60,cart,2025-05-20 22:16:43
1505,120,cart,2025-07-23 04:24:29
1505,450,cart,2025-10-06 12:36:42
1506,301,view,2025-07-09 10:48:13
1506,207,cart,2025-12-20 03:42:14
1506,434,view,2025-12-10 00:52:44
1506,146,view,2026-01-20 01:12:10
1506,312,view,2025-05-02 11:26:12
1506,172,view,2025-10-23 02:14:02
1506,306,cart,2025-07-13 22:45:18
1507,192,view,2025-07-02 13:33:08
1507,51,view,2025-09-01 21:39:43
1507,42,purchase,2025-08-01 13:53:54
1507,4,view,2025-06-09 05:18:31
1507,276,cart,2025-10-30 20:49:10
1507,252,view,2025-04-15 19:49:14
1507,478,purchase,2025-07-02 03:01:01
1507,331,view,2026-03-04 15:56:50
1507,26,view,2026-03-01 02:29:39
1507,241,view,2025-09-06 16:45:00
1508,68,cart,2025-04-11 23:22:53
1509,347,purchase,2026-03-19 17:40:25
1509,470,purchase,2025-09-25 12:52:53
1509,182,purchase,2026-01-14 23:49:35
1509,292,view,2025-04-21 05:06:23
1509,20,view,2025-09-09 13:58:21
1509,457,cart,2025-08-12 22:26:19
1510,51,view,2026-01-07 22:17:02
1510,298,view,2026-03-29 20:36:35
1510,20,purchase,2025-09-12 15:41:09
1510,0,view,2025-08-16 02:46:10
1510,404,view,2025-09-06 16:45:28
1510,459,cart,2025-07-03 10:43:28
1511,55,cart,2025-04-27 08:20:49
1511,303,cart,2026-03-23 09:03:45
1511,315,purchase,2026-01-20 14:12:53
1511,36,purchase,2025-08-25 02:49:37
1511,145,view,2025-06-08 20:20:26
1511,33,cart,2025-10-11 05:37:53
1511,310,cart,2025-12-31 11:02:22
1511,80,purchase,2025-08-06 15:06:21
1512,49,cart,2025-11-01 14:58:27
1512,310,view,2025-12-12 11:00:25
1512,352,cart,2025-10-03 21:45:18
1512,16,cart,2025-06-22 17:43:44
1512,436,cart,2025-12-16 09:10:28
1512,340,view,2025-08-06 08:47:50
1512,355,cart,2025-11-01 03:25:20
1512,414,cart,2026-01-20 13:53:38
1512,183,purchase,2026-03-08 00:43:03
1513,150,purchase,2025-06-02 08:56:45
1513,361,cart,2025-04-24 01:56:20
1513,214,view,2026-02-19 17:08:34
1513,406,cart,2026-03-26 07:44:48
1513,341,cart,2025-05-03 05:28:29
1514,123,cart,2025-06-25 02:45:40
1514,76,purchase,2025-10-18 00:21:47
1514,79,view,2026-01-07 05:35:23
1514,40,view,2025-07-31 09:12:05
1515,448,view,2025-10-10 01:44:33
1515,75,view,2025-12-25 02:57:25
1515,229,view,2025-05-05 05:48:16
1515,76,purchase,2025-06-29 13:15:47
1515,37,cart,2026-03-06 12:07:54
1515,394,cart,2025-05-16 16:06:37
1515,352,cart,2025-10-10 15:17:01
1515,296,view,2026-02-18 04:24:36
1515,367,cart,2025-12-21 19:53:27
1515,222,cart,2026-03-31 18:33:13
1516,476,purchase,2026-01-03 23:07:39
1516,342,purchase,2025-04-10 17:31:18
1517,373,purchase,2025-06-17 17:16:35
1517,154,purchase,2026-03-03 16:54:54
1517,107,cart,2025-08-05 14:58:24
1517,335,view,2026-03-10 20:46:53
1517,186,view,2025-12-08 23:27:17
1517,200,view,2025-09-14 17:43:39
1517,176,view,2025-10-05 07:38:50
1517,25,view,2025-11-05 16:42:39
1517,430,cart,2025-05-31 12:13:33
1518,95,cart,2025-10-09 18:38:00
1518,237,purchase,2025-10-23 03:17:59
1518,494,cart,2025-11-11 13:56:43
1518,401,purchase,2025-11-22 13:34:13
1518,441,cart,2026-01-03 03:08:08
1518,230,view,2025-12-04 21:21:52
1518,417,cart,2025-10-19 13:08:16
1519,337,cart,2025-09-24 03:24:32
1519,490,purchase,2025-10-04 07:31:04
1519,444,purchase,2026-02-20 12:20:04
1519,94,view,2026-01-14 01:22:31
1519,445,view,2025-10-19 09:53:36
1519,488,cart,2025-06-19 12:12:20
1519,212,view,2026-03-10 15:14:37
1520,448,cart,2026-03-27 16:48:45
1520,75,view,2026-03-06 07:15:44
1520,452,view,2025-05-03 03:01:02
1520,122,purchase,2025-04-05 05:19:52
1520,309,cart,2026-03-17 06:28:55
1520,490,cart,2025-08-13 06:43:18
1520,464,view,2025-06-19 09:04:00
1520,369,view,2025-04-03 00:00:00
1521,19,view,2025-11-09 07:58:40
1521,323,cart,2025-07-16 17:35:39
1521,364,cart,2025-08-29 09:32:23
1521,409,purchase,2025-05-24 15:18:47
1521,190,cart,2025-05-10 10:41:52
1521,1,view,2025-11-17 00:17:40
1521,247,purchase,2025-05-03 19:55:46
1522,108,view,2025-04-23 14:37:21
1522,170,purchase,2025-12-03 12:18:16
1522,337,purchase,2025-05-08 13:23:14
1522,380,purchase,2026-02-06 18:40:30
1523,271,cart,2026-03-04 19:03:24
1523,455,purchase,2025-12-16 02:32:43
1523,302,purchase,2025-04-13 12:25:29
1523,474,purchase,2025-12-03 01:24:47
1523,100,cart,2025-10-19 00:17:25
1524,232,purchase,2025-06-29 07:57:26
1525,280,cart,2025-08-10 00:43:58
1525,275,cart,2025-06-29 10:18:02
1525,22,cart,2025-10-26 00:43:29
1525,170,view,2025-10-05 22:37:27
1525,208,purchase,2025-12-10 19:06:34
1525,321,view,2025-05-12 18:43:37
1525,242,cart,2026-03-20 04:19:15
1525,475,cart,2025-04-27 13:10:57
1525,468,purchase,2025-12-26 06:32:17
1525,292,view,2025-08-22 19:40:12
1526,427,purchase,2025-12-05 04:47:01
1526,114,cart,2025-07-02 11:58:23
1526,135,cart,2025-06-25 06:38:21
1526,456,purchase,2025-10-18 00:22:43
1526,436,view,2025-10-04 21:22:57
1526,418,view,2025-05-27 14:45:05
1527,130,cart,2026-03-21 06:05:17
1527,135,view,2025-11-25 23:13:44
1527,271,view,2026-03-09 20:26:24
1527,20,view,2025-06-15 07:57:51
1527,487,cart,2025-12-09 13:18:43
1527,122,cart,2025-12-12 07:18:13
1527,1,cart,2025-12-08 13:40:03
1527,24,view,2025-09-28 03:17:42
1527,410,cart,2025-07-19 16:04:32
1527,274,purchase,2025-08-25 02:45:04
1528,8,purchase,2025-08-07 08:18:58
1528,444,purchase,2025-04-26 15:40:29
1528,406,purchase,2025-11-30 19:29:25
1528,403,cart,2025-08-22 09:40:11
1528,393,purchase,2026-03-10 14:43:25
1528,339,view,2026-03-04 10:38:29
1528,254,purchase,2025-08-16 13:50:01
1529,273,purchase,2025-04-14 20:01:29
1529,282,cart,2025-12-09 19:29:02
1529,399,view,2025-10-23 22:51:50
1529,437,view,2025-04-07 23:09:19
1530,287,purchase,2025-12-20 06:24:44
1530,168,view,2025-12-15 12:07:15
1530,279,purchase,2025-05-31 23:40:13
1530,102,view,2026-01-31 21:38:13
1530,350,cart,2025-08-20 14:46:25
1530,40,cart,2026-01-05 12:13:44
1530,331,view,2026-03-03 12:42:36
1531,10,view,2026-02-22 08:36:21
1531,66,purchase,2025-12-04 09:16:17
1531,374,cart,2025-07-08 02:41:28
1531,86,purchase,2026-03-24 01:41:54
1531,149,purchase,2025-04-03 18:25:43
1531,131,cart,2025-06-04 08:36:17
1531,82,cart,2025-07-23 15:05:35
1531,104,purchase,2025-08-23 20:24:57
1532,185,view,2025-10-17 01:38:43
1532,391,cart,2025-05-01 04:29:19
1532,158,purchase,2025-10-21 20:51:41
1533,327,view,2025-08-13 06:41:35
1533,39,view,2026-01-23 15:09:45
1533,447,view,2025-04-25 21:47:16
1533,436,view,2025-08-19 12:59:22
1533,488,view,2025-12-12 10:13:32
1533,33,cart,2026-02-01 15:29:23
1533,494,view,2025-07-30 02:28:01
1533,58,cart,2025-08-03 09:25:42
1533,172,view,2025-09-16 02:04:11
1534,392,purchase,2025-10-27 13:12:33
1534,238,purchase,2026-01-05 08:21:01
1534,62,cart,2026-01-10 19:53:19
1534,342,purchase,2025-05-24 03:37:33
1534,142,view,2025-06-30 06:42:39
1534,182,view,2025-12-30 07:18:18
1534,180,view,2026-03-30 16:00:00
1534,198,view,2025-07-19 01:39:13
1534,279,cart,2025-04-28 03:48:28
1535,466,purchase,2025-04-14 06:55:30
1536,32,view,2025-05-26 16:21:51
1536,74,cart,2025-07-07 21:02:24
1537,267,purchase,2026-03-20 22:53:50
1537,273,view,2025-11-19 20:03:43
1537,245,purchase,2025-12-14 06:57:54
1538,15,cart,2025-10-04 06:49:10
1538,436,cart,2025-06-18 03:07:33
1538,405,cart,2025-06-20 05:57:04
1538,53,purchase,2026-01-04 03:07:44
1538,397,cart,2026-02-19 20:31:38
1538,108,view,2025-04-28 03:21:57
1539,317,purchase,2025-11-02 12:38:00
1539,247,purchase,2026-01-28 23:53:38
1539,382,purchase,2025-06-18 05:28:57
1539,34,purchase,2026-02-04 03:43:42
1540,427,purchase,2026-03-04 17:21:15
1540,478,cart,2025-08-06 01:43:03
1540,285,cart,2025-04-11 03:30:52
1540,198,cart,2026-03-04 21:09:35
1541,101,view,2025-09-28 23:56:23
1541,18,cart,2025-12-15 00:18:59
1541,96,view,2025-11-04 02:32:53
1541,292,cart,2026-03-20 20:11:47
1541,8,purchase,2025-10-19 15:22:31
1541,478,cart,2025-11-08 03:16:15
1542,212,purchase,2026-03-08 21:23:51
1542,428,view,2026-03-31 18:08:21
1542,496,cart,2025-06-19 21:01:13
1542,441,cart,2026-01-12 20:16:06
1542,43,view,2025-06-25 19:34:04
1542,431,view,2026-03-19 15:32:01
1543,266,purchase,2025-09-14 14:13:29
1543,392,view,2025-06-06 03:07:59
1543,303,view,2026-03-08 14:24:33
1543,242,cart,2025-07-03 19:46:17
1543,283,purchase,2026-01-29 17:45:46
1543,371,cart,2025-06-28 17:53:05
1543,61,purchase,2026-01-15 02:48:30
1543,415,view,2025-05-20 07:07:20
1543,402,purchase,2025-12-10 18:54:32
1543,162,view,2025-11-08 16:55:25
1544,274,cart,2025-12-26 01:03:11
1544,150,view,2025-12-24 14:33:59
1544,439,view,2025-07-28 03:54:35
1544,28,cart,2025-11-29 19:08:28
1544,340,view,2026-02-18 05:59:31
1545,417,cart,2025-04-13 17:51:44
1545,78,cart,2025-09-26 08:30:08
1545,174,cart,2026-03-06 05:10:14
1545,38,purchase,2026-02-23 22:49:30
1545,186,view,2026-02-26 10:09:59
1546,157,purchase,2026-02-02 05:45:55
1546,153,cart,2026-01-24 19:59:49
1546,11,view,2025-11-08 01:39:24
1546,145,cart,2026-01-02 10:38:40
1546,94,purchase,2025-08-05 06:43:03
1546,47,view,2025-05-01 11:53:21
1546,476,purchase,2025-10-05 04:57:09
1546,308,purchase,2025-09-03 16:33:40
1547,185,view,2025-06-30 15:43:00
1547,48,cart,2026-01-15 01:04:23
1548,162,view,2025-07-26 06:00:19
1548,93,purchase,2025-07-18 21:30:57
1548,108,purchase,2025-12-04 14:58:33
1548,409,view,2025-12-04 20:14:22
1548,118,view,2025-04-16 10:03:39
1548,141,cart,2025-10-19 23:54:50
1549,386,purchase,2026-02-22 20:50:38
1549,467,view,2026-02-06 07:46:03
1549,415,purchase,2026-01-18 16:16:13
1549,281,purchase,2025-09-22 13:44:41
1549,445,purchase,2025-11-28 22:42:49
1549,279,cart,2025-06-01 07:00:11
1549,464,purchase,2026-02-27 19:54:17
1549,336,cart,2025-11-01 17:32:41
1549,51,cart,2026-01-17 09:28:13
1550,159,cart,2025-09-06 20:31:09
1551,336,cart,2026-02-18 19:51:24
1551,137,purchase,2025-10-06 06:47:54
1552,70,view,2026-02-05 05:18:21
1553,485,purchase,2025-07-13 10:11:47
1553,2,view,2025-06-21 01:57:55
1554,21,cart,2025-07-04 13:03:48
1554,414,cart,2025-06-22 21:32:27
1554,207,purchase,2025-08-03 05:19:54
1554,54,cart,2025-07-16 10:09:19
1554,81,purchase,2025-11-03 15:08:50
1554,481,purchase,2025-10-24 14:29:57
1554,458,view,2025-05-06 00:37:23
1554,41,cart,2025-12-28 01:01:51
1555,94,purchase,2026-01-21 23:36:44
1555,470,purchase,2025-08-19 15:55:03
1555,358,view,2025-07-31 08:56:47
1556,240,view,2025-10-28 22:32:40
1557,86,purchase,2025-10-09 22:52:58
1557,490,purchase,2025-07-08 13:49:10
1557,260,view,2025-05-03 02:09:31
1558,2,purchase,2025-09-29 23:17:54
1558,267,cart,2026-02-04 11:31:21
1558,295,purchase,2026-02-10 07:38:15
1558,397,view,2026-03-29 12:23:52
1558,252,purchase,2025-05-01 22:06:39
1558,121,view,2026-02-15 16:40:16
1558,220,view,2025-08-10 22:38:48
1559,341,cart,2025-05-23 08:09:57
1559,98,purchase,2025-12-04 20:35:36
1559,149,cart,2025-10-20 12:06:39
1559,69,cart,2026-01-10 08:13:29
1559,498,purchase,2025-07-02 03:42:56
1559,210,purchase,2025-06-16 14:29:06
1559,147,cart,2026-01-03 02:28:40
1559,127,purchase,2025-09-15 06:05:02
1559,438,view,2026-02-22 20:37:36
1559,361,cart,2026-02-02 14:07:48
1560,331,purchase,2025-11-13 01:44:00
1560,254,view,2026-02-05 03:00:51
1560,58,cart,2025-07-03 11:14:00
1560,302,view,2025-05-10 10:45:27
1560,382,cart,2025-10-02 10:04:47
1561,295,view,2026-01-12 11:32:52
1561,416,purchase,2026-03-04 23:44:15
1561,297,view,2025-06-01 10:19:23
1562,67,purchase,2025-06-07 14:54:33
1562,20,view,2026-03-22 03:47:54
1562,127,purchase,2026-03-20 18:43:07
1562,23,purchase,2025-10-09 23:15:24
1563,350,cart,2026-01-23 16:57:35
1563,68,view,2025-12-19 16:54:43
1564,491,view,2025-10-07 01:47:32
1564,294,view,2025-10-23 21:18:58
1564,333,view,2025-12-29 15:02:06
1564,367,view,2025-07-08 18:38:35
1564,424,purchase,2025-07-05 15:41:35
1565,211,view,2026-01-11 02:16:24
1566,105,cart,2025-10-29 03:42:12
1566,73,view,2025-05-05 08:20:18
1566,370,purchase,2025-08-24 01:03:40
1566,402,view,2025-08-28 03:53:28
1566,444,cart,2025-06-08 16:44:51
1566,166,cart,2026-03-25 19:49:38
1567,337,purchase,2025-11-14 04:21:21
1567,348,cart,2026-03-22 23:26:43
1567,227,purchase,2025-07-07 00:42:14
1567,103,purchase,2025-12-04 04:15:32
1567,74,view,2025-09-29 02:20:11
1567,199,cart,2025-12-08 21:54:29
1567,96,purchase,2026-03-14 11:03:44
1568,250,cart,2025-06-27 03:07:03
1568,485,cart,2025-07-17 05:35:50
1568,223,view,2026-03-24 00:36:14
1568,129,view,2025-06-08 09:55:31
1569,237,view,2025-07-08 08:37:46
1569,31,view,2025-05-10 23:35:55
1569,383,cart,2025-08-25 01:12:42
1569,268,cart,2025-06-22 11:42:15
1569,104,cart,2025-12-29 03:33:53
1569,56,cart,2025-09-05 06:31:00
1569,72,cart,2025-10-31 15:45:33
1570,90,cart,2025-12-06 05:50:13
1570,393,view,2025-10-10 12:36:49
1570,242,purchase,2025-06-09 11:19:25
1570,33,purchase,2025-12-12 17:54:35
1570,232,cart,2025-09-06 20:18:04
1571,329,view,2025-09-01 14:50:55
1571,230,view,2025-11-20 15:05:12
1571,352,cart,2025-05-25 02:00:21
1571,429,cart,2025-09-03 22:50:36
1571,493,cart,2025-12-25 21:36:26
1572,82,cart,2025-05-20 00:16:18
1572,112,cart,2025-09-24 00:09:31
1572,463,view,2025-04-03 11:15:10
1572,8,view,2025-07-31 10:03:06
1572,330,cart,2025-07-24 06:35:55
1573,112,purchase,2025-09-27 03:21:06
1573,260,purchase,2025-07-17 05:58:06
1573,478,view,2025-06-11 14:54:48
1573,56,cart,2025-07-08 08:11:47
1573,369,cart,2025-08-12 07:05:21
1573,267,cart,2026-02-11 02:55:29
1573,353,view,2025-07-10 04:55:18
1574,441,purchase,2025-05-06 12:06:21
1574,264,cart,2025-10-11 20:11:06
1574,382,cart,2025-11-25 19:39:46
1574,10,view,2026-03-21 23:33:15
1574,290,view,2026-03-29 12:31:12
1575,460,cart,2025-11-02 15:58:46
1575,129,view,2025-11-30 02:37:55
1575,387,purchase,2025-10-08 13:31:11
1575,476,purchase,2025-06-16 09:32:02
1576,294,purchase,2025-12-06 12:32:38
1576,471,view,2025-08-08 03:50:36
1576,321,cart,2026-03-21 04:23:46
1576,270,view,2026-01-07 14:20:05
1576,76,view,2025-10-03 17:25:14
1576,167,purchase,2025-08-26 06:12:02
1576,394,purchase,2026-01-17 03:11:16
1576,214,purchase,2026-03-29 20:45:31
1576,174,view,2025-12-16 21:48:18
1576,246,view,2026-01-01 02:28:02
1577,55,purchase,2026-03-17 23:59:49
1577,156,purchase,2025-12-09 09:38:30
1577,391,cart,2025-11-19 09:38:44
1578,356,cart,2026-02-23 16:40:18
1578,300,view,2025-04-09 12:00:29
1578,321,cart,2026-02-24 19:12:52
1578,342,purchase,2026-01-07 03:42:27
1578,289,purchase,2026-03-02 17:34:41
1579,49,cart,2025-09-10 06:15:10
1579,241,purchase,2025-05-28 11:14:43
1579,100,view,2025-10-19 09:09:10
1579,166,view,2026-03-25 03:15:06
1579,439,cart,2025-05-20 02:03:14
1579,182,cart,2025-05-09 04:50:56
1580,272,cart,2025-10-23 21:50:53
1580,252,view,2025-08-04 13:02:55
1580,220,purchase,2025-04-07 22:15:20
1580,8,purchase,2025-06-18 01:45:50
1581,52,purchase,2026-02-07 04:17:33
1581,458,view,2025-04-21 04:33:28
1582,210,view,2025-05-20 23:46:43
1582,104,cart,2026-01-09 16:49:56
1582,211,purchase,2025-12-12 00:37:55
1582,378,view,2026-03-28 05:29:48
1583,348,purchase,2026-03-11 20:49:30
1583,225,purchase,2025-10-22 04:19:01
1584,113,purchase,2025-08-15 06:19:12
1584,109,view,2025-12-18 04:38:09
1584,189,view,2026-03-10 10:22:46
1585,131,view,2025-11-13 02:45:53
1586,209,view,2026-01-20 20:03:11
1586,143,purchase,2025-04-28 11:13:43
1586,301,cart,2026-01-16 07:45:59
1586,457,view,2025-05-21 02:12:21
1586,47,cart,2025-12-09 09:37:41
1586,472,view,2025-11-16 13:28:21
1586,313,view,2025-05-16 01:26:43
1586,47,cart,2025-06-15 11:30:17
1586,405,purchase,2026-02-15 20:54:31
1586,274,purchase,2025-04-21 13:47:20
1587,22,cart,2025-07-07 06:45:25
1587,352,cart,2025-12-20 02:41:10
1587,277,view,2025-08-21 11:46:27
1587,336,purchase,2025-05-02 16:46:00
1588,474,cart,2025-08-01 03:46:13
1589,407,cart,2025-12-21 15:43:07
1589,454,cart,2026-02-27 18:19:55
1589,51,view,2025-11-16 18:44:00
1589,257,purchase,2026-03-22 00:07:13
1590,473,purchase,2025-11-06 06:52:37
1590,142,view,2025-08-14 12:50:03
1590,218,purchase,2025-09-29 05:29:47
1590,178,cart,2026-03-06 00:18:17
1591,284,purchase,2025-11-14 12:20:03
1591,84,view,2025-12-02 07:59:15
1591,378,view,2026-03-31 02:15:50
1591,321,purchase,2026-01-09 00:21:04
1591,10,purchase,2025-06-20 01:37:51
1591,140,view,2025-10-09 12:06:07
1591,88,view,2026-03-17 09:51:04
1591,119,purchase,2026-01-08 09:20:09
1592,375,view,2025-10-20 06:47:29
1593,423,view,2025-12-09 19:50:50
1593,101,view,2025-06-02 17:44:40
1593,151,cart,2025-08-01 18:26:08
1593,31,purchase,2025-07-10 02:49:18
1594,115,purchase,2025-10-06 06:10:33
1594,68,view,2025-12-31 13:13:58
1594,60,purchase,2025-09-08 20:32:22
1594,467,purchase,2025-12-06 10:10:54
1594,104,cart,2025-10-19 19:03:32
1594,321,cart,2025-12-22 14:50:03
1594,427,purchase,2025-09-24 23:56:11
1594,221,view,2025-11-05 21:12:45
1595,426,view,2025-06-29 03:16:28
1595,242,cart,2025-07-14 03:34:08
1596,87,cart,2025-06-16 06:47:26
1597,272,view,2025-07-12 17:03:39
1598,55,view,2026-02-06 20:29:38
1598,391,view,2026-01-01 07:58:19
1598,108,view,2026-03-27 07:38:02
1598,78,cart,2025-06-15 11:07:40
1598,55,cart,2025-11-30 15:34:23
1598,117,purchase,2025-11-20 05:58:47
1598,416,view,2025-10-05 04:42:35
1599,365,purchase,2025-09-17 01:45:16
1599,365,purchase,2025-12-15 08:42:44
1599,452,purchase,2025-04-23 11:09:10
1599,271,purchase,2026-03-28 15:19:53
1599,460,purchase,2025-12-05 22:08:34
1600,453,cart,2025-05-09 12:33:44
1600,80,purchase,2025-05-12 17:46:17
1600,272,purchase,2026-01-17 12:08:16
1600,290,view,2025-08-25 18:13:20
1600,488,cart,2025-09-09 11:59:01
1600,217,view,2025-10-07 12:32:01
1601,428,cart,2025-05-07 08:42:07
1601,142,cart,2025-07-27 12:41:28
1601,133,purchase,2025-08-02 07:51:47
1601,109,purchase,2026-01-15 08:25:07
1601,408,view,2025-10-14 10:37:44
1601,100,cart,2025-09-14 19:40:27
1601,151,cart,2025-11-22 01:48:26
1601,395,purchase,2025-08-03 10:27:02
1601,238,view,2026-02-03 09:11:05
1601,447,purchase,2025-05-10 15:27:24
1602,407,purchase,2025-09-20 06:11:23
1602,64,view,2025-05-15 00:19:46
1603,377,purchase,2025-12-30 00:47:56
1603,273,view,2025-10-16 10:40:57
1603,286,cart,2025-10-07 09:59:03
1603,202,purchase,2026-02-20 11:36:32
1604,364,purchase,2025-04-14 15:17:58
1604,418,view,2025-12-09 07:15:59
1604,27,purchase,2025-10-16 03:16:00
1604,92,purchase,2025-09-09 10:06:59
1604,448,view,2026-03-21 08:50:16
1604,409,view,2026-01-01 17:49:46
1604,123,view,2025-06-06 01:27:01
1604,260,purchase,2025-09-20 06:17:35
1604,278,view,2025-12-31 21:24:43
1604,123,purchase,2025-12-21 19:55:41
1605,42,cart,2025-08-15 22:29:10
1605,268,purchase,2025-09-17 14:12:51
1605,47,cart,2025-10-18 03:15:17
1605,133,cart,2025-08-28 04:08:34
1605,281,view,2025-10-09 08:24:03
1605,423,view,2025-12-23 07:10:04
1605,22,cart,2026-03-06 19:51:02
1605,251,view,2025-04-06 05:12:08
1605,71,view,2025-10-02 03:12:49
1606,265,view,2026-01-13 04:27:27
1606,319,cart,2025-09-02 22:16:10
1607,216,purchase,2025-08-04 03:27:42
1607,324,purchase,2025-04-20 16:18:40
1608,377,cart,2026-02-10 09:30:27
1608,235,view,2025-06-16 11:38:43
1609,433,cart,2025-05-01 01:15:02
1609,15,view,2026-02-10 10:33:34
1609,391,view,2025-08-01 00:25:09
1609,399,view,2025-09-18 20:36:00
1609,396,purchase,2025-12-22 17:37:32
1610,441,purchase,2025-04-16 01:52:45
1611,42,cart,2025-09-07 04:28:24
1612,387,purchase,2025-10-16 05:17:45
1612,413,purchase,2026-03-27 20:30:48
1612,299,view,2025-10-08 13:56:19
1613,352,view,2025-08-03 05:50:04
1613,246,view,2025-05-20 11:10:03
1614,401,purchase,2025-11-06 00:04:12
1614,331,cart,2025-12-14 20:43:45
1614,29,purchase,2025-08-13 03:51:28
1614,383,purchase,2026-01-26 09:51:33
1614,13,purchase,2025-12-03 15:45:20
1614,76,cart,2026-03-10 15:27:10
1614,160,cart,2025-05-17 20:23:53
1614,344,view,2025-10-10 22:36:46
1615,330,cart,2025-12-28 08:05:16
1615,385,cart,2026-02-04 00:07:38
1615,133,view,2026-01-30 09:22:16
1615,43,purchase,2026-02-12 06:03:42
1615,416,view,2026-03-19 12:56:53
1615,307,purchase,2025-08-16 18:09:46
1615,295,purchase,2025-04-12 05:29:59
1615,244,cart,2025-10-28 23:44:46
1615,251,purchase,2025-08-31 04:55:49
1616,77,view,2026-01-26 01:02:36
1616,422,cart,2026-03-11 05:02:14
1617,318,view,2026-01-27 20:32:09
1617,160,cart,2025-10-06 03:03:34
1617,240,view,2026-01-06 08:33:57
1617,259,cart,2025-09-23 17:36:51
1617,239,view,2025-11-25 20:31:21
1617,22,purchase,2025-08-31 01:01:10
1617,25,view,2025-09-20 22:06:45
1617,338,cart,2026-02-26 19:28:43
1617,453,view,2025-08-30 03:21:00
1618,176,purchase,2026-01-29 05:42:28
1618,174,view,2025-04-03 05:21:27
1618,185,purchase,2026-03-30 03:59:40
1618,264,cart,2025-09-02 04:32:56
1618,271,view,2025-12-06 10:40:09
1618,207,cart,2025-07-27 02:53:51
1618,288,view,2025-10-17 10:02:58
1619,211,view,2026-01-07 04:15:28
1619,408,cart,2025-11-09 10:16:57
1619,261,view,2026-03-06 02:00:25
1619,164,cart,2025-09-01 23:31:30
1620,187,cart,2025-10-08 05:05:14
1621,401,purchase,2025-05-09 16:59:39
1621,192,purchase,2025-11-26 04:59:08
1621,21,purchase,2025-05-25 08:21:47
1622,320,cart,2025-12-24 14:19:48
1623,208,view,2025-04-17 07:26:43
1624,210,purchase,2025-08-09 20:38:23
1624,438,purchase,2025-08-04 04:30:18
1624,285,cart,2025-08-29 06:23:21
1624,316,cart,2025-07-22 14:51:51
1625,395,purchase,2025-07-24 14:32:21
1626,94,view,2025-05-22 17:45:34
1626,33,view,2025-11-25 16:22:31
1626,137,view,2026-03-16 09:43:33
1626,475,view,2025-08-06 23:07:39
1626,443,cart,2026-03-31 17:04:25
1626,129,purchase,2025-10-04 08:40:36
1626,63,purchase,2025-08-31 02:55:08
1626,468,purchase,2025-05-09 10:53:55
1626,378,view,2025-12-13 18:05:39
1627,320,purchase,2026-03-08 02:51:25
1627,132,purchase,2025-08-30 01:50:20
1627,90,purchase,2026-02-25 22:16:14
1627,485,cart,2025-10-25 05:15:22
1627,255,view,2025-08-31 01:15:19
1628,99,cart,2025-04-29 09:04:16
1628,367,view,2025-09-23 02:37:24
1628,270,purchase,2026-01-11 06:02:11
1628,32,cart,2025-11-04 00:56:03
1628,137,view,2025-05-08 05:17:09
1628,79,purchase,2026-02-12 01:09:38
1628,33,view,2025-07-29 18:48:50
1628,356,cart,2025-10-07 17:00:16
1628,316,purchase,2026-03-17 20:45:25
1629,371,view,2025-04-22 09:23:35
1629,267,purchase,2026-02-15 00:28:22
1629,330,purchase,2026-03-05 19:26:17
1629,341,purchase,2026-01-07 11:18:54
1629,157,cart,2025-09-21 01:52:13
1630,81,view,2025-07-06 15:59:13
1630,124,cart,2025-08-05 17:24:56
1630,387,purchase,2025-11-03 04:18:38
1630,66,cart,2025-11-01 22:12:09
1630,369,purchase,2025-11-06 01:05:46
1631,220,view,2025-09-16 20:30:00
1631,53,cart,2025-12-18 04:54:15
1631,491,cart,2026-03-06 20:21:21
1631,42,cart,2026-03-04 18:16:36
1631,447,view,2025-12-19 09:30:34
1631,420,cart,2025-12-05 14:04:05
1631,149,purchase,2026-01-23 00:04:53
1631,199,view,2025-09-07 19:28:18
1631,181,cart,2025-11-04 12:43:51
1632,443,view,2025-06-15 01:01:21
1632,95,cart,2026-03-16 17:18:39
1632,403,view,2025-05-19 05:02:29
1632,369,purchase,2025-08-19 01:11:40
1632,188,cart,2026-02-09 16:59:03
1633,349,view,2026-02-07 06:01:22
1633,150,view,2025-12-16 13:16:55
1633,491,purchase,2025-06-25 20:05:55
1633,11,purchase,2025-04-25 16:15:37
1633,43,cart,2026-02-06 07:09:05
1633,193,cart,2025-07-28 09:45:14
1633,210,cart,2026-02-27 19:20:49
1633,441,cart,2025-05-18 14:43:32
1633,262,purchase,2026-04-02 12:46:29
1634,258,view,2025-05-29 14:06:13
1634,395,view,2025-04-08 17:30:11
1634,374,view,2025-06-20 11:19:11
1634,188,view,2025-06-01 18:34:52
1634,284,purchase,2025-08-31 15:18:05
1634,256,purchase,2026-02-13 19:26:48
1634,91,cart,2025-11-01 08:53:26
1634,169,purchase,2025-05-29 17:59:23
1634,497,view,2025-09-18 04:32:24
1635,312,purchase,2025-12-29 21:35:32
1635,31,purchase,2025-06-26 01:44:53
1635,352,cart,2025-10-31 18:24:39
1635,19,cart,2025-11-16 19:07:44
1635,351,purchase,2025-12-15 09:09:10
1635,29,cart,2025-07-10 11:15:51
1635,122,view,2025-07-21 21:21:07
1635,469,view,2025-06-13 15:16:45
1636,496,cart,2026-02-03 03:41:47
1636,99,purchase,2025-06-18 14:11:21
1636,131,purchase,2025-11-23 16:51:15
1636,161,purchase,2026-01-22 14:38:23
1637,202,purchase,2025-05-29 06:26:07
1637,113,view,2025-12-19 07:21:43
1638,46,view,2025-04-29 23:53:41
1638,364,purchase,2026-03-17 21:29:58
1639,269,cart,2025-08-11 03:26:21
1639,369,view,2025-10-23 16:54:26
1639,278,view,2025-06-24 02:19:37
1639,310,view,2026-01-31 13:36:56
1639,123,purchase,2025-07-19 17:56:04
1639,46,purchase,2026-03-22 10:36:14
1639,347,view,2025-11-16 09:11:59
1639,252,view,2025-09-16 17:36:17
1640,207,purchase,2026-03-03 11:39:38
1640,165,view,2025-10-14 18:06:23
1640,20,cart,2025-05-02 08:43:11
1641,370,view,2026-01-13 04:24:51
1642,470,purchase,2025-06-08 13:41:47
1642,389,purchase,2026-01-10 15:55:51
1643,388,cart,2025-11-10 20:56:46
1643,199,view,2025-10-19 08:16:34
1643,236,purchase,2026-03-27 16:02:23
1643,439,cart,2025-09-29 11:46:16
1643,398,purchase,2026-01-11 05:46:10
1643,368,purchase,2025-11-04 08:36:55
1643,456,view,2026-03-22 20:38:57
1643,5,view,2025-11-19 10:49:01
1644,420,view,2026-03-15 07:05:39
1644,415,view,2025-09-14 06:08:15
1644,300,view,2025-12-31 10:22:14
1644,171,cart,2025-05-02 00:22:32
1645,281,view,2025-11-12 09:01:17
1645,428,purchase,2025-09-25 11:19:22
1646,473,view,2025-09-23 06:46:35
1646,125,purchase,2025-09-23 11:43:23
1646,193,cart,2025-07-26 08:00:48
1646,241,purchase,2025-04-26 00:02:01
1646,359,cart,2026-01-02 03:26:15
1646,135,purchase,2025-06-30 13:04:59
1646,145,purchase,2025-04-18 03:50:47
1646,61,purchase,2025-06-23 06:34:28
1646,464,cart,2025-06-17 13:45:44
1647,451,purchase,2025-05-12 18:20:37
1648,200,cart,2025-12-26 08:47:18
1648,312,cart,2025-06-28 18:15:43
1648,68,view,2026-02-09 19:00:14
1648,39,cart,2025-11-18 01:47:00
1649,36,view,2026-02-13 09:00:40
1649,445,purchase,2025-07-24 22:10:06
1649,327,purchase,2025-05-19 18:31:14
1649,146,view,2025-06-25 19:38:24
1649,276,cart,2026-02-02 22:34:15
1649,115,view,2025-11-15 09:32:40
1649,203,purchase,2025-09-27 02:26:43
1649,244,cart,2026-01-15 00:43:26
1649,429,view,2025-10-15 07:45:15
1649,300,view,2025-09-09 08:15:19
1650,99,view,2025-07-22 20:12:56
1650,417,purchase,2025-12-30 16:21:44
1650,80,view,2025-12-15 23:38:14
1650,310,purchase,2025-11-22 10:20:19
1650,258,view,2025-04-09 23:06:25
1650,37,view,2025-08-07 02:56:03
1650,231,cart,2025-07-10 13:45:55
1651,172,cart,2026-01-03 18:09:04
1651,39,view,2025-11-14 06:25:40
1651,130,view,2025-06-09 01:15:56
1651,356,purchase,2025-09-14 07:43:42
1651,438,purchase,2025-11-26 17:08:12
1651,150,view,2026-03-17 12:43:47
1652,274,cart,2025-08-02 11:49:23
1652,481,purchase,2025-10-02 11:03:04
1652,21,cart,2025-08-25 19:10:50
1652,322,view,2026-03-14 10:38:47
1652,398,cart,2026-02-04 14:38:06
1652,121,cart,2025-06-22 22:28:02
1652,479,cart,2026-01-17 15:16:43
1652,219,cart,2025-08-19 22:28:46
1652,494,purchase,2025-04-07 21:42:20
1653,265,purchase,2025-10-08 10:33:43
1654,59,purchase,2025-11-20 22:56:47
1654,65,cart,2025-06-29 02:13:34
1655,480,view,2025-10-01 06:11:02
1656,447,view,2025-08-04 10:30:47
1656,266,view,2026-02-10 09:55:09
1656,184,cart,2025-11-28 19:56:46
1656,203,purchase,2025-10-27 08:14:47
1657,418,view,2026-03-02 08:53:18
1657,197,view,2025-12-17 17:51:44
1658,37,cart,2025-11-28 04:20:23
1658,481,purchase,2025-10-24 22:43:03
1658,108,view,2025-10-08 12:01:55
1658,487,view,2025-10-09 07:47:07
1658,393,view,2025-07-08 09:30:15
1658,130,cart,2025-11-15 19:18:16
1658,182,view,2025-11-08 09:00:58
1658,418,cart,2026-03-12 18:57:24
1659,281,view,2025-08-14 10:45:22
1659,223,purchase,2025-05-09 18:13:39
1659,55,cart,2025-10-16 12:14:42
1659,320,cart,2025-08-21 20:49:07
1659,217,purchase,2026-01-02 22:57:42
1659,329,view,2025-11-05 19:03:55
1659,318,view,2025-05-28 20:08:30
1659,268,cart,2025-05-12 03:21:10
1659,148,purchase,2025-09-20 23:15:33
1660,59,view,2025-09-01 17:53:04
1661,458,purchase,2025-09-10 17:18:44
1661,2,purchase,2025-07-29 23:26:53
1661,229,view,2025-08-26 10:17:58
1661,175,cart,2025-07-14 12:31:57
1661,121,cart,2025-12-27 17:34:34
1662,377,purchase,2025-06-07 10:46:58
1662,69,cart,2025-07-21 20:57:02
1662,23,view,2026-01-15 21:51:33
1662,119,purchase,2025-07-14 02:35:27
1662,191,purchase,2025-09-13 13:49:36
1662,370,view,2025-12-13 06:13:26
1662,27,view,2025-10-23 09:45:50
1662,341,cart,2025-05-12 00:42:51
1662,231,purchase,2025-10-11 13:34:23
1663,310,view,2025-11-20 19:14:01
1664,188,purchase,2025-07-27 02:47:02
1664,297,purchase,2026-02-25 01:56:01
1664,33,cart,2026-01-16 10:34:02
1664,146,purchase,2025-09-10 15:19:55
1664,93,view,2026-03-26 23:10:14
1664,365,cart,2026-01-03 15:19:39
1664,130,purchase,2025-11-16 17:04:32
1664,413,view,2025-11-17 23:16:53
1664,206,purchase,2025-07-01 03:48:34
1665,319,purchase,2026-01-05 17:37:20
1665,215,purchase,2025-08-14 23:45:50
1665,293,cart,2025-11-01 15:26:54
1665,445,purchase,2026-02-01 03:25:32
1665,151,purchase,2025-12-10 20:01:24
1665,328,purchase,2025-12-28 07:41:43
1665,388,purchase,2025-08-11 12:54:49
1665,381,purchase,2026-03-25 05:23:57
1665,346,purchase,2025-12-05 13:38:06
1665,389,cart,2026-03-29 20:24:17
1666,455,purchase,2026-01-14 04:34:59
1666,151,view,2025-11-02 06:36:28
1667,401,cart,2025-06-01 18:23:18
1667,296,cart,2025-11-24 07:01:51
1667,326,purchase,2025-07-09 22:13:32
1667,127,view,2025-07-01 11:25:05
1667,169,purchase,2025-06-13 10:20:18
1667,52,cart,2026-01-05 02:46:41
1667,10,purchase,2025-06-29 19:25:55
1667,454,cart,2025-11-20 17:27:02
1667,291,purchase,2026-02-18 10:32:33
1668,488,view,2025-10-29 09:57:14
1668,455,view,2026-03-08 08:28:05
1668,55,view,2025-11-24 06:25:38
1668,429,view,2025-11-28 17:22:24
1669,399,view,2025-07-31 09:56:57
1669,397,cart,2025-10-18 20:13:14
1669,206,purchase,2026-03-05 04:27:30
1669,286,view,2025-10-27 12:52:47
1669,208,purchase,2025-09-02 19:47:10
1670,285,cart,2025-12-03 03:10:33
1671,203,purchase,2025-05-16 10:14:55
1671,60,cart,2025-09-27 07:50:43
1671,391,cart,2025-09-15 19:59:05
1672,328,cart,2025-08-02 02:25:39
1673,383,view,2025-10-12 02:14:59
1673,158,purchase,2025-08-30 12:16:12
1673,482,purchase,2025-11-12 03:22:07
1674,266,purchase,2025-08-27 06:46:24
1674,112,cart,2026-01-13 15:36:25
1674,343,purchase,2026-02-15 11:13:08
1674,308,cart,2025-12-12 09:30:55
1675,460,purchase,2025-05-20 17:55:01
1675,70,purchase,2025-07-12 02:29:42
1675,459,purchase,2025-07-29 16:34:44
1675,387,view,2025-11-08 07:46:03
1676,423,view,2025-07-19 10:04:56
1676,459,cart,2025-12-23 23:28:32
1676,491,cart,2025-07-18 13:57:13
1676,454,purchase,2025-08-09 00:27:43
1676,60,view,2025-06-28 13:03:04
1677,312,cart,2025-07-01 19:58:30
1677,174,view,2026-03-20 08:01:09
1677,281,view,2025-11-22 08:33:12
1677,207,purchase,2025-07-23 14:42:22
1677,390,cart,2025-07-12 17:26:09
1677,278,purchase,2025-09-18 22:20:13
1677,75,cart,2025-12-17 04:51:32
1677,338,cart,2025-10-05 22:33:07
1677,47,purchase,2026-01-13 13:57:20
1677,195,purchase,2025-09-11 18:44:24
1678,176,cart,2025-08-09 07:44:05
1678,322,view,2025-10-11 16:58:54
1678,472,view,2026-03-02 02:52:48
1678,7,purchase,2026-03-29 12:04:16
1678,246,cart,2025-09-18 00:43:43
1678,50,purchase,2025-06-07 11:18:48
1678,425,purchase,2025-04-05 18:37:48
1679,392,view,2025-11-26 16:08:59
1679,413,purchase,2026-01-25 10:00:08
1679,160,purchase,2025-10-08 20:39:54
1680,472,view,2025-06-29 01:40:34
1680,128,view,2026-01-17 04:10:30
1680,397,cart,2025-08-07 22:11:41
1680,204,purchase,2025-12-04 11:41:41
1680,76,view,2025-10-30 06:28:48
1680,300,cart,2025-08-01 19:00:59
1681,139,purchase,2025-09-30 07:32:37
1681,460,view,2025-06-20 08:52:41
1681,437,view,2025-09-25 10:01:20
1681,426,view,2025-12-26 13:55:00
1681,244,view,2025-12-31 15:43:26
1681,0,view,2026-02-05 09:51:15
1681,341,purchase,2025-09-24 11:00:08
1681,222,purchase,2025-08-13 21:10:20
1681,200,cart,2025-06-17 13:16:12
1682,28,view,2025-10-30 22:21:12
1682,426,cart,2025-10-25 20:48:20
1683,103,view,2025-05-14 04:21:06
1683,41,purchase,2025-09-16 20:36:32
1683,98,purchase,2025-06-20 03:58:00
1683,171,view,2026-01-21 16:43:00
1683,24,view,2025-08-15 04:41:44
1683,192,purchase,2025-08-08 19:29:13
1683,28,purchase,2026-01-25 05:24:06
1683,331,cart,2025-10-13 15:47:28
1683,41,cart,2025-05-08 08:20:26
1684,37,purchase,2026-01-19 22:46:01
1684,164,view,2025-11-06 08:34:48
1684,232,cart,2025-10-08 23:16:09
1684,396,view,2025-07-06 07:29:26
1684,441,purchase,2026-02-02 07:29:47
1684,267,view,2025-12-11 15:25:41
1684,446,purchase,2025-06-05 08:54:50
1684,486,cart,2025-10-22 13:21:17
1684,328,cart,2025-07-17 07:58:42
1684,321,view,2025-08-11 17:12:19
1685,373,cart,2025-11-26 03:30:24
1686,326,cart,2025-08-25 15:53:42
1686,138,view,2025-10-15 17:39:37
1686,458,cart,2025-07-25 00:48:54
1686,225,cart,2025-06-10 21:26:46
1687,144,cart,2025-11-08 17:08:01
1687,83,view,2025-11-08 23:14:46
1687,365,cart,2025-12-22 02:10:25
1687,453,view,2025-08-02 18:12:50
1687,371,cart,2025-07-06 05:46:40
1687,390,cart,2025-11-14 01:28:09
1687,343,view,2025-11-28 02:23:23
1687,305,view,2025-07-22 04:55:05
1687,176,view,2026-03-12 14:22:52
1687,284,view,2025-08-26 03:29:22
1688,371,purchase,2025-07-21 01:54:45
1688,422,cart,2025-12-14 14:20:11
1688,472,cart,2025-07-25 21:07:31
1688,472,view,2025-11-28 22:33:16
1688,82,purchase,2025-12-11 16:57:07
1688,358,purchase,2026-03-09 07:02:16
1688,34,cart,2025-12-25 16:59:42
1688,11,cart,2025-04-21 03:14:24
1689,345,purchase,2025-04-06 21:15:27
1689,134,view,2025-07-28 17:00:42
1689,496,view,2025-07-30 18:35:27
1689,101,view,2025-10-24 07:19:30
1689,232,view,2025-04-17 19:04:25
1689,45,view,2025-08-27 17:46:37
1689,488,cart,2025-06-15 21:41:29
1689,183,purchase,2025-07-11 17:29:11
1689,476,view,2025-11-10 00:51:31
1690,176,cart,2026-02-24 22:00:24
1690,55,cart,2025-11-22 15:58:02
1690,278,view,2025-05-27 12:41:22
1690,237,view,2025-12-01 11:32:50
1691,434,view,2025-06-15 10:37:32
1691,347,view,2025-04-20 01:18:42
1691,40,purchase,2025-09-09 23:51:23
1691,83,view,2025-06-21 14:00:12
1692,57,view,2025-11-13 16:43:05
1692,384,cart,2025-06-10 05:45:35
1692,121,purchase,2026-01-28 14:51:56
1692,342,cart,2025-08-18 19:11:36
1692,67,cart,2025-05-11 04:06:56
1692,253,purchase,2025-10-28 09:48:20
1692,293,cart,2025-09-26 03:45:33
1693,62,view,2025-07-09 17:36:40
1693,111,cart,2025-06-12 20:29:35
1693,38,purchase,2025-09-30 22:16:46
1693,279,cart,2025-10-14 03:30:44
1693,157,cart,2025-07-09 00:21:25
1693,303,view,2025-12-18 12:31:51
1693,371,view,2025-12-26 08:28:41
1694,165,view,2025-06-05 12:47:21
1694,72,cart,2025-11-26 18:47:35
1694,150,purchase,2025-09-07 23:46:07
1694,22,view,2025-09-13 03:04:48
1694,220,cart,2025-11-12 18:10:32
1694,145,view,2025-07-20 20:42:56
1694,121,cart,2025-04-11 18:28:43
1694,104,purchase,2025-12-02 16:12:03
1694,128,view,2025-11-20 22:55:36
1694,203,cart,2025-10-07 12:55:57
1695,55,view,2025-12-04 08:45:01
1695,463,cart,2025-12-09 09:14:43
1695,379,cart,2025-12-24 22:07:09
1695,341,purchase,2025-05-09 10:08:24
1695,87,view,2025-09-23 06:54:16
1695,38,view,2025-05-25 19:13:03
1695,426,view,2026-01-28 20:39:16
1695,327,view,2026-01-24 23:30:59
1695,449,cart,2025-10-07 17:58:49
1696,274,view,2025-10-20 02:10:12
1696,52,purchase,2025-09-22 02:14:23
1696,99,cart,2025-10-22 19:08:18
1696,265,cart,2025-11-16 19:11:14
1696,87,purchase,2025-09-06 12:02:47
1696,279,cart,2025-04-24 06:50:51
1696,376,cart,2025-07-02 10:33:30
1696,401,purchase,2025-05-10 03:11:44
1696,351,purchase,2025-07-08 23:12:04
1696,224,view,2025-05-02 08:51:27
1697,443,view,2025-08-06 10:46:30
1697,447,purchase,2025-07-21 21:46:22
1697,124,view,2025-07-20 15:22:25
1697,434,purchase,2025-12-04 22:39:05
1697,90,purchase,2025-07-28 05:21:00
1697,348,cart,2025-09-06 23:57:10
1697,209,view,2025-11-13 22:57:42
1698,117,purchase,2025-04-24 22:14:53
1698,384,cart,2025-06-29 16:29:56
1698,491,purchase,2025-05-11 05:56:40
1698,11,cart,2025-10-27 03:26:05
1698,402,purchase,2026-03-09 12:31:58
1698,301,purchase,2025-09-20 08:08:02
1699,206,purchase,2025-07-17 04:35:11
1699,474,view,2025-10-17 19:13:32
1699,232,cart,2025-04-28 05:05:24
1699,358,view,2026-01-14 14:14:03
1699,206,cart,2025-05-12 23:21:42
1699,120,cart,2025-09-01 03:51:36
1699,265,view,2025-07-16 14:23:35
1700,186,view,2025-11-10 15:02:17
1701,276,view,2025-12-22 03:17:27
1701,43,purchase,2025-09-09 10:18:18
1701,430,view,2025-07-26 09:39:03
1701,92,view,2025-08-26 20:39:37
1701,322,cart,2025-07-27 23:15:58
1701,167,purchase,2025-11-07 09:12:32
1701,81,view,2025-09-12 22:11:47
1702,347,purchase,2025-11-06 05:39:40
1702,187,view,2025-08-24 08:49:31
1702,397,cart,2026-02-14 21:46:57
1702,276,cart,2025-12-29 15:05:26
1702,479,view,2025-10-31 05:15:01
1702,351,cart,2025-12-11 03:03:45
1702,207,purchase,2025-10-01 23:48:49
1703,375,view,2025-11-19 21:27:38
1703,267,purchase,2025-04-24 21:55:06
1703,394,view,2025-11-13 19:50:41
1704,292,view,2026-01-29 05:12:19
1704,167,purchase,2026-01-09 15:26:01
1705,496,cart,2025-06-24 03:29:13
1705,386,purchase,2025-06-14 07:16:27
1705,488,view,2025-08-02 22:52:37
1705,285,purchase,2025-08-23 09:37:46
1705,273,purchase,2025-12-28 08:41:03
1705,137,view,2025-08-06 12:27:42
1705,220,purchase,2025-10-20 02:18:52
1706,277,cart,2025-11-27 05:13:06
1706,401,purchase,2025-09-05 05:42:04
1706,444,view,2026-02-21 09:44:18
1706,487,view,2026-01-07 04:05:22
1706,64,view,2025-08-22 09:58:27
1706,435,cart,2026-03-09 16:19:34
1706,408,view,2026-02-03 22:27:54
1706,487,purchase,2026-02-03 08:17:46
1706,354,purchase,2025-11-27 19:56:27
1706,117,purchase,2025-09-05 20:28:37
1707,221,purchase,2025-12-13 18:15:26
1707,306,purchase,2026-01-25 13:23:08
1707,354,cart,2025-12-15 10:35:25
1707,259,cart,2025-05-24 19:52:56
1707,331,view,2026-02-18 14:24:54
1707,152,purchase,2025-12-13 19:47:46
1707,172,purchase,2025-07-01 05:14:11
1707,312,purchase,2025-06-09 16:17:21
1707,283,purchase,2026-03-03 14:01:06
1708,331,view,2025-10-16 05:12:53
1708,145,cart,2025-11-04 04:40:32
1709,320,purchase,2025-06-23 11:39:11
1709,259,cart,2025-09-08 00:24:22
1709,492,view,2025-10-16 02:20:32
1709,355,purchase,2026-01-04 11:16:07
1709,225,view,2025-11-09 02:14:21
1709,182,view,2026-03-27 12:44:03
1709,120,purchase,2025-05-29 16:00:48
1709,205,cart,2026-01-14 06:16:28
1710,244,view,2025-07-31 09:32:13
1710,276,purchase,2026-03-14 12:37:03
1710,95,view,2025-06-28 14:26:40
1710,478,purchase,2026-01-13 18:03:45
1710,231,cart,2026-01-05 22:10:32
1710,194,view,2025-07-22 12:20:32
1710,493,purchase,2025-06-18 21:59:02
1711,368,purchase,2025-08-02 17:23:29
1711,339,cart,2025-05-09 08:35:01
1712,312,purchase,2025-05-09 23:52:08
1712,252,cart,2025-07-05 05:55:07
1712,277,view,2025-11-20 06:39:26
1712,438,purchase,2026-02-09 07:59:03
1712,294,cart,2025-04-09 18:11:44
1712,258,cart,2026-04-02 21:46:28
1712,367,view,2025-09-06 20:33:59
1712,428,view,2026-01-31 00:50:40
1713,264,purchase,2026-03-21 22:13:16
1713,100,cart,2025-06-03 08:10:04
1713,383,view,2025-11-19 12:42:22
1713,404,purchase,2026-01-13 13:52:57
1713,272,cart,2025-08-14 12:05:52
1713,348,purchase,2025-09-18 21:34:16
1714,204,purchase,2025-07-28 03:31:45
1715,349,purchase,2025-05-12 14:12:42
1715,405,view,2026-02-13 01:03:11
1715,188,view,2026-03-20 22:40:22
1716,452,view,2025-09-08 14:25:35
1716,339,cart,2026-02-12 20:34:40
1716,386,cart,2025-12-03 03:02:36
1716,195,purchase,2025-05-20 19:28:23
1716,317,cart,2026-02-13 18:12:44
1717,291,view,2026-01-20 10:59:28
1717,15,purchase,2025-09-25 19:34:55
1717,63,view,2026-03-21 13:49:35
1717,143,purchase,2026-01-08 12:29:26
1717,90,purchase,2026-02-27 13:26:11
1717,175,cart,2025-08-17 07:39:23
1717,137,cart,2025-08-11 09:32:32
1717,93,purchase,2026-02-01 07:52:01
1718,235,purchase,2025-11-23 15:49:28
1718,201,view,2025-04-29 02:15:47
1718,71,cart,2025-07-23 07:36:12
1718,423,purchase,2025-12-26 19:17:27
1718,150,view,2025-09-25 10:37:21
1718,326,view,2026-01-19 15:42:05
1718,324,view,2026-02-26 12:14:43
1719,378,purchase,2025-06-24 01:11:10
1719,433,cart,2025-06-29 02:38:21
1719,404,cart,2025-11-03 20:54:23
1719,425,view,2025-06-18 17:12:16
1719,443,view,2026-02-02 12:48:04
1719,279,purchase,2025-10-22 05:48:28
1719,478,view,2025-06-15 03:23:14
1719,174,cart,2025-10-01 09:35:13
1719,84,cart,2025-10-18 21:23:18
1720,350,purchase,2025-08-15 04:13:34
1720,468,cart,2026-03-14 02:05:59
1721,272,cart,2026-03-04 11:05:56
1721,369,cart,2025-12-16 13:40:05
1721,91,cart,2026-03-12 03:02:09
1722,85,purchase,2025-07-01 20:43:04
1722,87,cart,2026-01-29 21:59:52
1722,484,purchase,2025-06-30 09:36:51
1722,113,purchase,2025-12-07 10:02:31
1722,113,cart,2026-03-12 21:20:21
1722,271,purchase,2026-03-21 21:12:10
1722,400,purchase,2025-08-16 07:53:58
1723,52,view,2025-04-03 18:25:29
1723,440,purchase,2026-01-14 11:06:50
1723,54,purchase,2026-02-25 16:32:36
1723,363,cart,2026-01-07 12:17:27
1723,189,cart,2025-10-20 19:17:56
1723,13,purchase,2025-10-12 10:14:57
1724,265,cart,2025-09-09 02:02:53
1724,489,cart,2025-07-11 21:34:03
1724,486,purchase,2026-01-19 01:45:50
1724,166,view,2026-03-10 00:10:47
1724,312,cart,2025-04-02 20:41:44
1724,387,cart,2026-01-29 03:44:55
1724,395,purchase,2026-02-11 22:00:31
1724,147,cart,2026-01-29 21:38:19
1725,3,view,2026-02-13 17:29:07
1725,156,purchase,2025-04-06 04:01:01
1725,319,view,2025-05-15 09:16:19
1725,449,purchase,2025-11-23 12:45:42
1726,422,purchase,2026-02-28 04:56:34
1726,38,view,2025-12-04 18:26:40
1726,467,cart,2025-10-14 05:36:03
1726,306,cart,2025-07-16 07:08:54
1726,84,view,2025-06-09 08:25:17
1726,101,purchase,2026-03-15 15:43:15
1726,426,purchase,2026-01-19 04:10:35
1726,170,purchase,2025-08-08 08:45:10
1726,120,cart,2025-10-30 14:08:25
1727,44,cart,2025-07-10 09:31:03
1728,201,cart,2025-05-06 23:27:04
1728,45,cart,2025-12-23 13:02:31
1728,150,cart,2025-12-18 07:57:52
1728,55,cart,2025-10-13 22:57:55
1729,103,view,2025-08-21 13:09:06
1729,110,purchase,2026-02-14 07:22:39
1729,88,cart,2025-06-06 04:10:20
1729,317,view,2025-04-22 06:49:28
1729,418,cart,2025-11-03 20:13:36
1729,243,purchase,2025-12-19 21:45:11
1730,49,view,2025-05-09 04:28:50
1730,408,cart,2026-02-06 18:57:42
1730,229,cart,2025-11-25 03:45:56
1730,23,view,2025-10-28 09:41:43
1730,491,purchase,2025-05-17 06:03:20
1730,136,view,2025-12-19 07:52:18
1730,356,purchase,2025-04-11 03:14:33
1730,410,view,2025-06-25 22:42:04
1730,145,view,2025-12-18 06:34:12
1731,397,cart,2025-09-15 01:00:56
1732,233,cart,2025-09-06 14:02:07
1732,315,purchase,2025-09-05 01:06:32
1732,485,view,2026-01-04 22:11:50
1733,268,cart,2026-01-09 20:17:09
1733,287,view,2025-07-25 22:06:10
1733,309,purchase,2025-09-30 22:53:27
1733,427,view,2025-08-06 14:34:45
1733,387,cart,2025-12-12 20:15:35
1733,3,cart,2025-06-03 19:14:25
1733,184,view,2025-08-31 23:23:07
1733,120,purchase,2025-06-07 22:26:40
1733,269,purchase,2025-07-30 10:51:14
1733,438,cart,2025-06-14 08:48:00
1734,83,view,2026-02-19 17:05:08
1734,478,cart,2025-07-05 05:02:39
1734,285,cart,2026-02-13 10:44:40
1734,213,view,2025-10-27 07:06:43
1734,489,cart,2025-05-25 12:42:50
1734,442,purchase,2025-12-23 17:46:11
1734,259,cart,2025-06-26 21:11:24
1735,275,cart,2025-12-05 06:01:57
1735,143,cart,2025-07-24 14:31:43
1735,441,view,2025-04-29 01:59:15
1735,70,cart,2026-03-18 13:01:58
1735,361,cart,2025-06-03 02:14:37
1735,261,cart,2026-03-13 05:09:27
1735,379,purchase,2025-11-15 03:16:41
1735,143,purchase,2025-09-18 05:29:36
1736,375,purchase,2025-07-13 16:42:14
1736,216,cart,2025-11-03 00:05:45
1736,407,cart,2025-08-19 10:42:33
1736,403,purchase,2025-12-05 08:19:44
1736,430,purchase,2025-10-17 11:18:59
1736,147,view,2025-07-24 04:23:20
1737,65,cart,2025-12-29 18:34:24
1737,490,purchase,2025-10-14 00:59:15
1737,466,view,2025-04-27 19:39:39
1737,495,view,2025-05-27 22:33:26
1737,415,purchase,2026-01-06 02:42:55
1737,219,cart,2026-02-02 04:56:11
1737,13,view,2025-06-24 20:11:06
1737,477,view,2025-05-29 11:31:30
1737,451,view,2026-02-26 19:27:00
1738,79,cart,2025-06-01 07:45:09
1739,327,view,2025-11-20 01:31:41
1739,300,purchase,2026-04-01 07:38:55
1739,449,view,2025-07-17 14:04:56
1739,37,view,2025-11-02 16:56:06
1739,67,purchase,2026-01-22 06:07:47
1739,449,view,2025-10-20 19:45:24
1740,444,cart,2025-10-09 14:08:25
1740,35,view,2025-12-24 15:51:13
1740,2,cart,2026-01-30 15:51:13
1740,174,cart,2025-04-30 08:29:51
1740,17,purchase,2025-06-07 22:09:23
1740,104,purchase,2026-02-17 07:46:40
1741,284,purchase,2026-02-09 21:28:24
1741,93,purchase,2025-07-20 01:47:49
1741,51,cart,2025-09-17 16:30:06
1741,155,cart,2025-11-10 06:31:17
1741,435,purchase,2025-12-10 00:58:08
1741,268,purchase,2025-07-26 21:58:13
1741,196,cart,2026-02-22 02:18:16
1742,317,purchase,2025-08-17 15:45:03
1742,251,view,2025-11-06 21:59:05
1742,255,purchase,2026-02-16 16:11:44
1742,479,view,2025-08-28 00:49:47
1742,216,cart,2025-05-27 23:23:14
1742,460,purchase,2025-05-20 00:34:42
1742,403,cart,2025-11-22 16:47:33
1742,368,cart,2025-05-30 17:45:55
1742,329,cart,2025-09-12 21:08:54
1742,76,purchase,2025-09-04 04:22:52
1743,66,cart,2025-05-04 03:44:04
1744,378,purchase,2026-03-29 08:51:25
1744,85,cart,2025-07-01 17:35:10
1744,147,view,2026-01-13 03:42:46
1744,486,view,2026-04-02 06:09:14
1744,269,view,2025-07-23 18:17:08
1744,412,view,2025-04-16 05:19:41
1744,362,purchase,2025-07-05 15:11:56
1744,413,view,2026-01-25 23:36:38
1744,377,view,2025-06-27 03:45:15
1745,428,view,2025-10-21 13:50:15
1745,64,view,2025-12-30 19:05:26
1745,310,view,2026-01-16 01:06:22
1745,449,purchase,2025-10-26 20:17:50
1746,320,cart,2025-08-30 19:08:05
1747,47,view,2025-08-19 02:29:31
1747,193,purchase,2025-10-13 22:54:37
1747,4,view,2025-05-20 15:21:55
1747,266,view,2025-10-03 10:31:41
1747,212,cart,2026-03-20 08:16:26
1747,250,view,2025-08-31 00:41:53
1747,104,purchase,2025-09-07 02:11:40
1747,283,cart,2025-04-21 16:53:30
1747,176,view,2025-11-27 13:35:37
1747,272,view,2026-03-01 13:18:11
1748,206,purchase,2025-05-28 13:41:06
1748,361,view,2025-07-20 14:42:28
1748,340,cart,2026-01-01 14:07:52
1748,90,view,2026-01-31 10:00:37
1748,460,cart,2026-01-14 21:39:10
1748,245,cart,2026-02-28 14:06:45
1748,164,cart,2025-08-07 08:05:14
1748,382,cart,2025-04-18 04:50:07
1749,321,cart,2025-04-19 06:16:08
1749,247,view,2025-12-07 13:18:48
1749,194,view,2026-02-26 19:08:23
1749,441,purchase,2025-05-05 14:02:55
1749,482,view,2025-06-15 03:39:34
1749,166,view,2025-10-23 08:26:10
1749,316,view,2025-10-08 20:26:37
1749,261,purchase,2025-07-20 16:55:20
1749,379,cart,2025-07-16 19:55:42
1750,460,purchase,2025-11-24 10:57:22
1750,283,view,2025-05-15 02:48:43
1750,373,view,2025-08-05 07:00:41
1750,200,view,2025-10-23 23:41:52
1750,281,view,2025-10-04 04:53:51
1750,367,cart,2025-05-13 18:02:35
1750,491,view,2025-09-27 10:40:06
1751,89,view,2025-04-25 20:03:18
1751,234,purchase,2025-10-20 16:11:59
1751,110,view,2025-09-13 08:49:53
1751,226,purchase,2025-06-22 12:29:29
1751,372,view,2025-04-22 03:46:22
1751,474,purchase,2025-05-23 12:22:44
1751,335,purchase,2025-07-09 17:09:12
1751,494,view,2025-09-15 23:20:20
1752,166,view,2026-01-20 18:35:53
1753,79,purchase,2025-06-30 20:13:59
1753,489,purchase,2025-07-26 04:01:11
1753,465,purchase,2025-04-22 20:14:42
1754,379,cart,2025-10-08 10:27:51
1754,451,view,2025-09-23 12:57:01
1754,489,view,2025-08-14 06:55:30
1754,375,cart,2025-12-30 13:26:06
1755,336,purchase,2025-06-21 20:27:16
1755,38,purchase,2025-07-20 09:26:53
1755,155,view,2025-12-30 20:43:48
1755,283,purchase,2025-05-21 06:10:30
1755,73,view,2026-01-18 01:39:29
1755,459,view,2026-03-24 09:47:47
1756,334,cart,2025-05-02 04:48:40
1756,359,view,2025-12-09 08:26:29
1756,404,purchase,2025-09-25 23:35:59
1756,438,purchase,2025-06-16 11:26:14
1756,104,cart,2025-12-07 11:10:00
1756,284,cart,2026-03-14 22:10:36
1757,213,view,2025-06-30 20:06:52
1757,250,purchase,2025-12-09 23:50:11
1757,330,cart,2025-12-20 19:29:47
1757,377,purchase,2026-02-03 14:59:35
1757,451,cart,2025-10-27 22:47:43
1758,82,cart,2025-08-02 13:50:51
1758,148,view,2026-02-24 04:59:37
1758,482,view,2025-11-06 18:39:22
1758,292,cart,2025-08-20 01:24:29
1759,443,cart,2026-01-05 10:24:57
1759,295,cart,2026-02-06 18:02:45
1759,312,purchase,2025-05-15 18:35:34
1759,371,view,2025-09-30 21:43:10
1759,92,cart,2025-06-20 09:32:07
1760,422,purchase,2025-06-16 13:48:27
1760,224,view,2025-07-16 15:54:22
1760,95,purchase,2026-02-24 06:22:45
1760,89,cart,2025-09-26 01:42:11
1760,35,view,2025-07-23 13:00:21
1760,28,cart,2026-02-28 04:36:47
1760,126,purchase,2025-11-04 00:36:47
1760,461,purchase,2025-07-20 07:46:13
1760,239,purchase,2025-10-18 10:47:53
1760,466,cart,2025-10-11 07:11:17
1761,109,cart,2026-03-20 23:07:06
1761,362,cart,2025-12-26 08:58:48
1762,296,purchase,2026-01-02 19:48:36
1762,484,purchase,2026-03-11 07:23:23
1762,124,view,2025-11-28 18:00:54
1763,14,purchase,2025-11-15 06:43:46
1763,385,view,2025-05-10 13:44:52
1763,68,cart,2025-06-24 06:30:43
1764,373,purchase,2025-05-29 10:16:03
1764,441,view,2026-01-15 20:39:01
1764,280,view,2025-06-01 23:55:15
1764,88,view,2025-12-09 10:39:10
1764,452,view,2025-04-03 06:35:28
1764,135,purchase,2025-07-16 12:30:47
1764,250,purchase,2026-03-09 20:31:37
1765,265,purchase,2025-07-28 07:04:53
1765,259,purchase,2025-10-07 22:48:49
1765,224,cart,2026-03-19 08:18:44
1765,350,view,2025-12-17 06:21:17
1765,354,purchase,2025-07-17 06:29:40
1765,369,purchase,2025-09-06 09:52:29
1765,449,cart,2025-09-04 23:28:54
1765,341,purchase,2025-09-03 20:44:14
1766,94,view,2025-11-14 23:55:32
1766,326,purchase,2025-07-16 15:11:53
1766,201,view,2025-09-12 13:47:44
1766,408,view,2025-10-01 19:24:06
1766,103,view,2026-01-20 03:13:16
1766,142,cart,2025-09-09 19:20:28
1767,472,cart,2025-04-30 19:16:49
1767,330,view,2025-05-23 18:54:48
1767,417,purchase,2025-07-03 00:43:48
1767,437,purchase,2025-04-07 14:18:17
1768,56,cart,2026-02-04 09:04:36
1768,34,cart,2026-02-18 17:31:15
1768,427,view,2026-03-09 08:26:31
1768,488,view,2025-07-02 05:27:10
1768,446,purchase,2025-10-20 16:08:32
1768,292,view,2026-02-12 01:14:23
1769,398,view,2025-11-15 04:24:55
1770,85,purchase,2025-10-03 06:36:36
1770,482,purchase,2025-05-14 10:03:12
1770,383,cart,2025-05-25 11:30:41
1770,339,view,2025-08-21 03:40:37
1770,47,cart,2025-12-01 16:19:53
1770,101,cart,2025-07-06 22:32:05
1770,141,purchase,2025-04-23 01:55:43
1770,444,purchase,2025-08-26 22:49:34
1770,261,view,2025-04-16 13:19:06
1770,29,purchase,2025-06-30 12:21:09
1771,466,view,2025-06-02 16:39:33
1771,295,cart,2025-12-17 15:39:31
1771,240,view,2025-04-30 23:57:44
1771,107,purchase,2025-09-05 11:23:43
1772,255,view,2025-06-01 09:17:50
1772,311,view,2025-11-04 04:52:12
1772,74,cart,2025-04-28 08:09:44
1772,24,purchase,2026-02-20 10:28:41
1772,77,purchase,2025-05-02 21:34:00
1772,77,view,2025-11-17 17:00:57
1772,106,view,2025-09-02 11:19:04
1772,60,purchase,2025-06-27 09:40:04
1772,473,purchase,2026-04-01 17:45:31
1772,491,cart,2025-04-12 04:24:39
1773,238,purchase,2026-02-07 13:06:29
1773,71,view,2026-01-28 20:16:20
1773,58,purchase,2025-12-30 19:48:32
1773,394,purchase,2025-11-15 08:15:16
1773,344,view,2025-05-25 11:58:25
1773,59,view,2026-01-24 15:54:40
1773,195,cart,2025-12-31 17:23:05
1774,66,view,2025-07-21 15:46:14
1774,21,view,2025-04-24 20:07:46
1775,369,view,2025-12-07 16:01:33
1775,228,view,2025-11-15 03:16:48
1775,370,cart,2026-02-05 07:58:59
1775,338,purchase,2025-09-18 17:49:45
1775,473,purchase,2026-01-23 07:36:28
1775,389,cart,2025-06-26 20:09:22
1775,477,view,2025-08-10 07:49:44
1775,101,purchase,2025-08-14 01:18:39
1775,382,purchase,2025-12-30 18:52:16
1775,109,view,2026-01-05 19:53:52
1776,292,view,2026-02-24 20:35:44
1776,220,cart,2025-11-01 16:14:02
1776,172,view,2025-07-18 10:05:44
1776,274,view,2025-11-03 14:49:24
1776,338,view,2025-07-12 16:24:00
1777,333,purchase,2026-01-05 13:10:15
1777,415,cart,2025-07-01 07:25:55
1777,397,purchase,2025-10-21 05:57:28
1777,53,view,2026-01-13 19:23:05
1777,391,cart,2025-09-04 05:30:44
1777,90,view,2025-12-07 23:16:42
1777,46,cart,2025-05-25 04:25:07
1777,11,purchase,2026-02-16 13:47:23
1778,320,purchase,2025-11-08 01:42:41
1778,71,cart,2025-09-12 19:36:49
1778,440,view,2025-07-30 14:40:00
1778,295,purchase,2025-12-03 20:31:09
1778,167,view,2026-03-06 13:22:04
1778,76,purchase,2025-05-22 07:08:39
1778,146,cart,2025-10-30 13:21:35
1779,8,purchase,2025-10-19 17:09:58
1779,99,purchase,2025-12-20 05:54:41
1779,433,cart,2025-11-25 12:02:26
1780,369,cart,2025-06-14 05:31:47
1780,429,view,2025-10-13 19:10:59
1780,414,purchase,2025-04-28 17:21:56
1780,376,purchase,2025-10-17 13:49:30
1780,0,view,2025-07-02 22:19:11
1780,366,purchase,2025-07-10 23:34:02
1781,305,cart,2025-09-07 05:39:30
1781,65,purchase,2025-07-30 20:40:46
1781,298,cart,2025-07-14 09:55:12
1781,421,view,2025-09-17 12:17:34
1781,397,view,2025-05-22 11:12:20
1781,117,cart,2025-07-13 02:04:26
1781,60,view,2025-04-03 22:18:19
1781,141,view,2025-04-12 05:25:12
1781,217,cart,2025-08-18 07:50:58
1781,281,cart,2025-10-21 09:17:20
1782,187,cart,2025-12-30 04:47:30
1782,157,view,2025-05-26 07:57:48
1782,108,view,2025-08-08 17:52:18
1782,132,view,2025-12-04 00:09:09
1782,454,purchase,2026-02-03 05:35:41
1782,398,view,2025-12-05 18:26:54
1782,13,view,2025-08-13 10:46:38
1782,246,view,2025-07-16 16:25:56
1782,216,view,2025-10-27 12:33:04
1783,314,view,2026-01-23 14:32:53
1783,245,view,2025-10-02 15:43:40
1783,285,cart,2026-01-19 04:47:53
1783,142,view,2025-12-19 11:46:48
1783,85,purchase,2025-07-09 20:27:31
1783,317,view,2026-01-09 22:51:22
1784,368,purchase,2025-10-22 00:58:37
1784,493,view,2025-09-18 16:31:51
1784,220,cart,2025-06-08 04:34:49
1784,441,purchase,2025-04-19 08:24:36
1784,11,cart,2025-09-11 16:25:33
1784,116,view,2025-05-04 17:06:37
1784,64,cart,2025-04-08 05:49:08
1784,271,purchase,2025-04-24 15:34:05
1785,175,cart,2025-09-29 20:43:42
1785,133,view,2026-03-29 20:26:33
1786,113,purchase,2025-06-27 21:55:17
1787,16,view,2025-06-01 01:43:09
1787,30,view,2025-05-16 06:45:15
1787,8,purchase,2026-02-03 03:10:11
1787,185,cart,2025-11-25 20:44:57
1787,489,cart,2025-08-18 14:01:57
1788,468,purchase,2026-03-26 12:45:37
1788,231,cart,2025-06-04 19:32:10
1788,216,cart,2025-09-13 02:11:06
1788,318,view,2025-10-25 04:58:45
1788,189,cart,2026-01-16 18:35:39
1788,302,purchase,2025-11-24 17:57:30
1788,398,cart,2025-09-03 07:11:08
1788,190,cart,2025-08-09 06:43:35
1788,217,view,2026-01-07 15:25:12
1788,484,view,2025-09-27 03:41:30
1789,245,view,2026-01-24 08:30:00
1789,70,cart,2025-10-05 17:37:27
1789,236,cart,2025-06-14 00:36:57
1789,1,view,2025-05-03 02:07:30
1789,22,purchase,2025-06-17 21:51:20
1790,393,view,2025-07-08 04:19:35
1791,62,view,2025-10-15 16:42:57
1791,106,view,2026-02-21 14:30:40
1791,412,purchase,2026-02-23 14:29:26
1791,405,cart,2025-09-01 07:22:46
1791,283,view,2025-06-18 07:32:31
1791,51,cart,2025-10-12 07:52:08
1791,204,cart,2025-05-25 16:59:32
1791,390,view,2025-09-17 17:04:40
1791,250,view,2025-12-11 06:35:49
1792,264,view,2025-06-04 18:38:51
1792,278,view,2025-06-25 00:51:52
1792,264,view,2025-07-13 04:10:38
1792,415,purchase,2025-08-09 17:42:28
1792,343,cart,2025-11-22 00:16:06
1792,229,view,2025-05-04 10:50:53
1792,75,purchase,2025-06-22 15:09:18
1793,444,purchase,2025-08-01 18:45:50
1794,498,cart,2025-04-20 23:54:19
1794,360,view,2026-03-15 01:29:12
1795,43,view,2025-04-15 01:07:10
1795,260,view,2025-08-19 21:05:43
1795,209,cart,2025-09-16 14:56:18
1795,52,view,2025-06-14 15:23:49
1795,27,cart,2025-12-11 09:30:50
1795,364,view,2025-11-16 03:00:08
1795,170,view,2025-10-25 14:44:20
1795,496,view,2025-06-06 09:23:40
1796,184,purchase,2025-12-03 11:09:42
1796,488,cart,2025-08-26 10:31:12
1796,251,cart,2025-08-05 14:56:02
1796,102,cart,2025-11-26 03:01:26
1796,89,view,2025-08-30 03:43:58
1797,12,view,2025-10-23 16:36:48
1797,289,cart,2026-02-05 03:57:45
1797,93,cart,2026-01-19 18:06:47
1797,272,purchase,2025-05-11 20:50:02
1798,228,cart,2025-06-25 22:27:10
1798,360,cart,2026-03-14 21:01:52
1798,305,cart,2025-07-06 15:53:43
1798,254,view,2025-06-01 03:37:31
1798,104,view,2026-03-25 00:56:32
1798,287,view,2025-12-31 21:37:30
1799,101,purchase,2026-03-12 00:03:08
1799,411,view,2025-05-23 13:17:27
1799,310,cart,2025-11-30 23:50:07
1799,80,cart,2025-11-29 06:26:13
1799,472,cart,2026-01-31 12:44:32
1799,429,cart,2026-01-03 07:49:55
1800,223,view,2026-03-07 07:27:38
1800,40,cart,2025-06-29 23:45:06
1800,299,view,2025-08-09 18:24:48
1800,268,view,2025-09-22 16:21:00
1800,425,view,2025-12-20 03:27:01
1800,358,cart,2025-12-20 22:42:26
1800,9,view,2025-10-23 15:55:32
1801,136,cart,2025-09-05 18:58:25
1802,217,view,2025-04-03 06:57:33
1802,159,cart,2026-01-12 01:36:48
1802,320,purchase,2025-06-08 18:06:20
1802,12,view,2025-06-25 15:56:21
1802,407,view,2025-05-07 12:06:39
1802,25,cart,2026-03-03 14:48:58
1802,301,cart,2025-06-26 03:30:05
1803,63,cart,2026-01-16 20:24:15
1803,19,view,2025-09-29 08:43:37
1803,383,purchase,2025-04-18 15:00:47
1803,134,purchase,2025-10-23 18:00:27
1803,120,purchase,2025-06-10 18:23:14
1803,393,purchase,2025-05-09 14:46:41
1803,34,purchase,2026-01-19 06:54:15
1803,288,purchase,2025-12-16 09:01:48
1804,293,view,2025-12-23 04:53:53
1804,161,view,2025-05-01 20:59:44
1804,341,purchase,2026-03-31 06:14:07
1804,33,cart,2026-02-28 08:07:32
1804,401,view,2025-04-04 13:28:34
1805,130,purchase,2025-08-14 16:27:04
1806,256,view,2025-11-27 07:28:56
1806,413,purchase,2026-02-25 06:50:30
1806,152,purchase,2025-08-09 09:46:59
1806,425,purchase,2025-07-08 01:42:19
1806,420,cart,2025-09-28 09:02:24
1806,475,cart,2026-03-28 14:27:25
1806,401,purchase,2025-09-17 20:03:58
1806,270,cart,2025-05-21 14:52:00
1806,327,view,2025-06-02 19:05:01
1806,331,view,2025-09-01 03:31:31
1807,237,purchase,2025-10-21 08:25:41
1807,224,purchase,2025-09-01 11:34:07
1807,61,cart,2026-02-07 05:16:57
1807,195,purchase,2025-08-29 20:46:29
1808,383,cart,2025-05-27 15:54:04
1808,52,cart,2026-03-05 14:42:12
1808,464,cart,2025-11-04 15:23:54
1808,489,view,2025-12-28 23:54:31
1808,76,view,2025-05-16 22:25:41
1808,248,cart,2025-12-21 04:59:05
1808,487,view,2025-12-01 10:21:00
1808,248,cart,2025-04-26 16:03:45
1808,292,cart,2026-01-23 23:26:08
1809,119,view,2026-02-08 14:31:16
1809,390,cart,2025-04-23 09:53:07
1809,223,view,2025-09-24 03:31:20
1809,107,purchase,2025-11-21 18:57:03
1810,342,purchase,2026-03-01 18:43:52
1810,304,cart,2026-02-06 18:50:43
1810,298,purchase,2025-05-14 14:35:59
1810,466,view,2025-12-31 10:04:56
1810,312,cart,2025-10-04 21:20:34
1810,413,view,2026-02-14 00:10:04
1810,34,purchase,2025-08-01 03:59:54
1810,421,cart,2025-05-12 11:26:53
1810,84,cart,2025-11-23 13:05:59
1811,13,view,2025-07-07 17:22:10
1811,239,view,2025-10-22 14:22:02
1811,263,cart,2025-06-02 16:12:26
1812,432,view,2025-07-13 12:24:46
1812,54,view,2025-08-24 17:14:53
1812,210,view,2025-08-21 16:15:27
1812,430,view,2025-07-12 10:15:59
1812,338,purchase,2025-05-29 00:47:55
1812,337,view,2025-06-09 06:51:05
1812,322,purchase,2025-09-10 08:54:21
1812,321,cart,2025-12-17 23:30:06
1812,48,purchase,2026-02-16 09:33:05
1813,120,cart,2025-08-26 18:24:31
1813,350,purchase,2025-07-26 19:23:45
1814,292,purchase,2026-02-06 09:27:02
1814,304,purchase,2025-08-22 03:37:12
1814,453,purchase,2025-12-02 02:04:19
1814,229,view,2025-11-29 11:06:26
1814,459,view,2026-03-23 15:17:40
1814,42,cart,2025-12-11 13:14:05
1814,492,view,2026-03-27 01:19:13
1814,374,purchase,2025-04-18 23:26:05
1814,257,purchase,2026-02-18 07:34:40
1814,300,cart,2025-09-18 08:56:01
1815,15,view,2025-06-09 16:39:41
1815,496,purchase,2025-08-26 09:20:34
1815,475,cart,2026-03-20 05:29:01
1815,457,cart,2025-06-26 07:03:21
1815,155,purchase,2025-08-10 13:18:26
1815,70,view,2026-02-05 10:22:12
1815,388,view,2025-04-03 01:55:08
1815,231,cart,2025-11-20 10:51:58
1815,267,purchase,2025-05-20 06:31:45
1816,292,cart,2025-08-17 14:16:11
1816,497,purchase,2025-08-05 23:34:50
1816,191,cart,2025-05-22 22:36:00
1816,477,view,2026-02-10 01:20:20
1817,88,view,2025-08-05 21:09:07
1817,415,view,2025-07-14 06:54:22
1817,132,purchase,2025-12-10 05:37:31
1817,23,cart,2026-03-25 00:31:55
1817,242,cart,2025-07-02 09:00:23
1817,242,purchase,2026-03-10 09:15:53
1817,47,view,2025-07-28 01:22:04
1817,431,view,2025-06-27 23:54:53
1817,194,purchase,2025-12-31 13:30:10
1818,153,purchase,2025-05-26 05:36:04
1818,206,view,2025-11-10 11:47:23
1819,478,view,2025-08-13 03:22:13
1819,261,cart,2025-11-03 13:20:24
1820,138,view,2025-11-05 21:00:46
1820,307,purchase,2025-08-22 07:11:17
1820,216,purchase,2025-10-14 07:33:02
1820,462,purchase,2025-08-06 23:13:39
1820,77,cart,2025-10-25 00:08:06
1820,371,cart,2025-10-09 05:03:43
1820,296,purchase,2026-02-06 10:56:34
1820,476,cart,2025-12-08 13:19:26
1820,340,purchase,2026-01-21 05:24:32
1820,25,cart,2025-04-12 06:22:19
1821,301,cart,2025-11-24 04:44:00
1822,365,view,2025-07-25 04:31:36
1822,132,view,2025-12-19 15:00:07
1822,404,purchase,2026-01-09 18:08:41
1822,216,view,2025-08-29 15:41:53
1823,218,view,2025-09-02 18:58:10
1823,253,purchase,2026-01-31 01:41:43
1823,328,view,2025-05-21 02:44:09
1823,90,cart,2025-11-03 19:22:16
1823,145,purchase,2026-03-15 13:00:35
1823,457,purchase,2025-11-26 08:52:04
1824,285,view,2025-07-04 22:45:19
1824,170,purchase,2026-03-21 09:43:42
1824,193,cart,2025-12-03 22:21:02
1824,54,cart,2026-02-28 14:22:57
1824,297,purchase,2025-08-19 12:35:12
1824,343,purchase,2025-06-19 23:02:18
1824,203,view,2025-11-29 10:29:57
1824,149,purchase,2026-02-09 03:15:56
1824,23,purchase,2025-12-19 14:32:17
1825,359,purchase,2026-02-07 14:58:43
1825,144,purchase,2025-06-09 17:44:29
1825,192,cart,2025-09-29 19:52:36
1825,279,view,2026-03-21 02:18:09
1825,368,cart,2025-10-17 01:42:45
1825,479,purchase,2025-07-21 17:02:25
1825,219,view,2025-06-25 09:29:43
1826,231,purchase,2025-04-15 20:55:42
1826,159,view,2025-08-07 09:46:30
1826,33,cart,2026-01-31 03:02:21
1826,5,view,2025-10-10 21:09:34
1826,287,cart,2025-06-14 02:23:58
1827,197,view,2025-05-17 21:22:28
1827,81,cart,2025-08-08 02:38:03
1828,389,view,2025-10-07 16:08:40
1828,422,purchase,2026-02-06 17:44:59
1828,208,cart,2025-06-17 20:26:09
1828,277,purchase,2025-05-17 09:49:48
1828,64,view,2025-09-21 09:00:25
1828,257,purchase,2025-09-16 05:49:46
1828,491,view,2025-07-27 00:03:19
1828,136,purchase,2025-07-02 23:55:03
1828,204,purchase,2025-07-15 15:07:01
1828,356,purchase,2025-11-03 12:32:35
1829,314,view,2025-12-11 23:56:59
1829,450,cart,2026-01-20 17:21:51
1829,70,cart,2025-07-30 02:12:41
1829,202,cart,2026-02-06 05:22:48
1830,385,purchase,2025-10-28 22:18:01
1830,227,purchase,2025-06-14 16:57:59
1830,294,view,2025-08-01 10:29:34
1831,11,purchase,2026-01-30 19:39:57
1831,426,view,2025-09-12 15:04:57
1831,45,cart,2025-08-06 21:57:45
1831,37,view,2025-10-22 09:35:34
1831,424,view,2026-02-01 03:09:58
1831,300,purchase,2025-07-27 12:41:23
1831,127,cart,2025-10-23 03:48:40
1832,327,view,2026-01-21 01:49:27
1832,420,view,2026-01-18 14:04:26
1832,365,cart,2025-10-09 12:36:42
1832,55,view,2025-05-01 15:35:44
1832,109,cart,2025-05-27 16:37:21
1832,368,cart,2026-03-11 00:50:28
1832,457,view,2025-04-23 16:10:13
1832,174,view,2025-10-20 16:05:34
1832,127,view,2025-09-15 22:59:41
1832,470,cart,2025-05-28 06:21:30
1833,284,purchase,2025-11-08 22:57:17
1833,48,cart,2025-12-17 16:21:57
1833,170,purchase,2025-11-12 13:47:05
1833,11,view,2025-07-08 21:28:49
1833,184,cart,2025-04-15 18:54:05
1833,384,cart,2025-06-10 15:20:41
1834,74,cart,2025-07-28 01:48:47
1834,63,purchase,2025-07-13 14:50:26
1834,49,cart,2025-11-27 11:10:16
1834,162,purchase,2026-02-16 17:35:08
1834,16,view,2025-09-30 14:40:51
1834,356,cart,2025-04-04 16:38:35
1834,140,view,2025-09-22 14:57:48
1834,403,purchase,2025-10-14 00:14:55
1835,205,view,2025-04-03 00:24:49
1835,240,purchase,2025-05-15 09:47:59
1835,247,purchase,2025-11-06 06:04:14
1835,33,purchase,2025-06-08 22:40:51
1835,64,purchase,2025-11-07 03:33:40
1835,132,purchase,2025-10-18 22:07:50
1835,275,purchase,2025-09-09 01:05:34
1836,322,view,2026-01-25 17:30:27
1836,279,purchase,2025-05-16 16:32:14
1836,489,purchase,2026-01-15 06:44:51
1836,1,cart,2025-05-25 21:58:09
1836,236,purchase,2025-08-19 19:32:14
1836,74,view,2026-03-26 05:27:41
1836,139,view,2026-03-02 21:32:21
1836,226,cart,2026-02-03 21:41:58
1836,211,purchase,2025-07-18 15:29:56
1837,403,view,2025-05-07 21:34:11
1837,429,cart,2026-03-11 01:53:35
1838,94,cart,2026-01-15 11:42:44
1838,320,cart,2025-04-06 06:28:02
1838,484,cart,2025-06-19 00:29:15
1838,279,cart,2026-03-17 04:04:39
1838,315,purchase,2025-05-24 18:20:05
1838,275,purchase,2025-09-09 14:34:50
1838,412,view,2026-01-21 06:40:34
1838,357,purchase,2026-03-26 09:51:13
1838,202,purchase,2026-01-04 06:32:21
1838,316,purchase,2026-01-07 07:10:53
1839,159,purchase,2025-11-10 18:40:16
1839,195,purchase,2025-07-31 00:11:52
1839,159,purchase,2025-06-24 21:19:10
1839,456,view,2025-06-15 15:14:47
1839,167,cart,2025-05-20 00:48:34
1839,301,cart,2025-12-29 17:07:25
1839,160,purchase,2025-06-18 17:16:36
1839,25,view,2025-08-24 11:50:03
1840,314,view,2026-02-03 09:46:31
1840,369,purchase,2025-06-30 23:11:46
1841,29,purchase,2026-03-12 00:07:08
1841,399,cart,2025-09-22 23:46:25
1841,184,view,2025-09-17 01:28:43
1842,455,purchase,2026-03-01 19:58:18
1842,22,cart,2025-11-11 07:35:25
1842,58,view,2025-09-05 01:42:18
1842,242,view,2025-04-05 03:45:15
1842,216,purchase,2025-10-02 11:35:34
1842,372,view,2026-01-13 13:10:10
1842,116,purchase,2025-12-04 09:28:59
1843,385,purchase,2025-09-16 17:17:37
1843,413,cart,2025-04-19 01:45:31
1843,106,cart,2025-12-06 16:40:04
1843,160,view,2026-03-23 13:12:35
1843,210,purchase,2025-09-08 04:51:48
1843,331,view,2025-12-05 06:15:42
1843,51,purchase,2025-07-21 13:02:00
1843,296,cart,2025-08-26 09:01:09
1843,167,cart,2025-09-29 03:52:37
1844,28,cart,2025-12-08 16:17:15
1844,248,view,2025-12-24 12:30:23
1844,25,view,2026-03-26 13:59:45
1844,304,purchase,2025-06-21 07:59:38
1844,333,purchase,2025-11-16 20:05:48
1844,154,view,2025-07-28 14:23:00
1844,152,purchase,2025-12-08 00:10:57
1844,497,purchase,2025-10-15 16:32:44
1844,128,view,2025-05-25 06:32:49
1844,24,cart,2025-12-01 11:24:45
1845,192,purchase,2025-04-27 01:59:09
1845,442,cart,2025-05-19 15:54:45
1845,402,purchase,2025-08-11 17:31:54
1845,441,purchase,2025-07-22 18:10:54
1845,314,cart,2026-01-09 06:48:05
1845,220,cart,2026-03-11 17:39:52
1845,210,view,2025-08-06 23:19:59
1846,404,cart,2025-07-18 08:29:05
1846,134,view,2025-10-26 02:37:39
1846,7,cart,2025-06-07 16:42:58
1846,161,cart,2026-02-14 20:38:36
1846,442,cart,2025-04-22 03:59:02
1846,250,cart,2025-12-13 07:21:40
1847,275,view,2025-12-05 20:55:47
1847,292,cart,2026-02-25 07:47:50
1847,400,cart,2025-05-21 02:08:32
1847,393,cart,2026-02-28 03:36:11
1847,493,view,2025-12-29 02:13:46
1847,98,purchase,2026-01-06 04:16:40
1848,14,cart,2025-05-18 02:53:13
1848,66,view,2026-01-16 04:52:48
1848,438,cart,2025-08-26 09:49:49
1848,132,cart,2025-07-27 06:08:54
1848,448,cart,2025-10-03 21:56:49
1848,401,view,2025-09-27 07:25:06
1848,437,purchase,2025-06-16 06:04:48
1848,94,cart,2025-09-24 19:24:21
1848,172,purchase,2025-07-01 21:54:17
1848,148,view,2025-05-06 23:55:51
1849,203,purchase,2025-08-30 23:07:42
1849,171,purchase,2026-02-16 04:16:52
1850,177,view,2025-12-09 20:38:08
1850,473,view,2025-06-10 16:02:16
1850,4,purchase,2025-10-26 19:24:10
1850,477,purchase,2025-08-24 15:38:11
1850,217,view,2026-02-24 09:09:23
1850,438,view,2026-02-16 08:57:04
1850,60,view,2025-06-12 11:05:39
1850,77,cart,2026-02-10 03:57:28
1850,92,cart,2025-04-22 17:39:04
1850,219,cart,2025-07-09 16:10:49
1851,159,cart,2025-08-19 15:44:59
1851,68,cart,2025-11-21 15:51:05
1851,313,view,2025-05-16 12:14:20
1851,199,view,2026-01-26 04:43:47
1851,53,view,2026-02-16 06:05:39
1851,90,cart,2025-10-30 02:37:59
1851,363,view,2025-12-11 22:42:09
1851,47,cart,2025-10-01 04:34:42
1852,417,cart,2025-06-25 20:28:47
1852,273,purchase,2026-02-08 19:29:30
1852,327,cart,2025-04-15 12:16:12
1852,30,view,2025-06-12 16:16:23
1852,389,purchase,2026-01-28 10:38:14
1852,7,view,2025-08-15 07:50:29
1852,242,purchase,2025-05-28 06:38:38
1852,264,cart,2025-10-22 09:32:33
1852,246,purchase,2025-11-30 19:36:31
1853,286,view,2026-03-28 10:26:56
1853,100,view,2025-08-24 11:09:39
1853,88,purchase,2025-09-04 13:18:33
1853,304,cart,2025-10-05 14:08:07
1853,227,view,2026-02-20 12:46:04
1853,476,cart,2025-05-28 22:29:55
1853,228,view,2026-03-29 16:26:37
1853,367,cart,2025-04-28 10:33:10
1854,436,view,2025-08-18 01:58:48
1854,326,cart,2025-05-08 11:08:59
1854,38,view,2026-01-06 04:42:00
1854,373,view,2025-09-04 10:28:22
1854,470,view,2026-03-25 19:33:29
1855,104,purchase,2025-08-08 05:35:29
1856,117,purchase,2025-12-02 07:50:50
1856,388,cart,2026-01-17 10:07:50
1856,175,view,2025-12-23 17:09:15
1856,220,cart,2026-02-18 19:14:55
1856,356,purchase,2025-05-01 16:32:24
1857,443,purchase,2025-09-22 03:24:58
1857,24,cart,2026-02-18 20:45:58
1857,283,cart,2025-12-26 11:58:05
1857,498,purchase,2025-07-19 16:04:15
1857,86,cart,2026-01-01 12:38:20
1857,135,purchase,2025-07-17 06:45:57
1857,89,cart,2025-05-03 20:57:45
1858,63,purchase,2026-01-09 20:58:50
1858,285,purchase,2025-12-20 03:59:42
1858,384,view,2025-08-12 04:39:40
1859,166,cart,2026-03-25 14:04:46
1859,185,cart,2026-01-20 01:32:04
1859,24,view,2025-09-26 22:44:16
1859,346,cart,2025-10-30 13:09:25
1859,130,cart,2025-04-06 16:24:21
1859,334,cart,2025-12-09 05:33:26
1859,146,purchase,2026-03-13 15:13:15
1859,239,cart,2025-12-02 08:25:11
1859,378,view,2026-03-27 08:33:47
1860,432,view,2025-10-23 03:05:50
1860,57,view,2025-12-22 17:55:59
1860,483,view,2025-11-21 02:39:59
1860,78,purchase,2025-07-23 19:53:41
1861,146,purchase,2025-10-26 21:55:39
1861,314,purchase,2025-04-05 05:26:42
1861,374,cart,2025-12-21 22:13:22
1861,349,purchase,2026-01-01 14:59:01
1861,375,view,2025-05-28 20:57:38
1861,230,cart,2026-01-21 11:13:30
1861,461,cart,2026-02-19 06:34:16
1861,391,view,2025-12-28 08:49:06
1862,340,cart,2026-03-05 04:55:55
1862,330,purchase,2026-04-01 18:39:14
1862,347,purchase,2025-08-26 07:55:21
1862,85,cart,2025-06-09 12:17:49
1863,15,view,2025-09-22 19:54:39
1863,444,purchase,2025-05-24 03:31:06
1863,275,cart,2025-12-07 00:15:46
1864,419,view,2026-02-15 15:33:38
1864,459,cart,2025-05-16 02:55:41
1864,181,purchase,2025-08-12 20:56:35
1865,335,purchase,2025-04-20 23:56:02
1866,410,view,2025-07-06 22:57:07
1867,401,cart,2025-10-12 00:41:50
1867,492,view,2026-02-04 03:51:43
1867,423,view,2025-05-19 11:57:00
1867,130,cart,2026-01-23 02:01:23
1867,365,purchase,2026-03-14 06:50:04
1867,99,view,2025-06-26 19:03:46
1867,197,purchase,2025-07-11 00:03:28
1867,405,view,2025-09-27 12:06:03
1867,166,purchase,2025-05-21 11:41:03
1867,279,purchase,2026-01-12 06:38:00
1868,136,purchase,2025-11-14 21:57:14
1868,457,view,2025-08-17 08:11:16
1868,169,view,2025-11-27 16:42:06
1869,6,view,2026-02-26 22:16:35
1869,439,purchase,2025-04-03 20:48:25
1869,403,purchase,2025-07-05 08:07:58
1869,379,view,2025-07-28 03:17:51
1869,263,view,2025-12-03 18:48:52
1870,225,cart,2025-11-14 11:08:50
1870,258,cart,2025-05-24 06:28:59
1870,263,view,2025-07-08 13:50:23
1870,431,cart,2026-01-13 23:34:05
1870,176,view,2025-04-08 09:50:09
1870,142,cart,2026-03-09 05:53:14
1870,130,purchase,2025-05-13 21:13:08
1871,133,cart,2025-08-25 08:34:18
1871,218,view,2025-06-01 07:10:02
1871,422,purchase,2025-12-31 08:23:17
1871,107,purchase,2025-10-27 07:04:36
1871,450,cart,2025-12-08 23:55:18
1871,352,view,2025-10-05 20:00:06
1872,308,purchase,2025-10-16 12:06:10
1872,111,cart,2025-05-12 07:04:40
1872,360,purchase,2026-03-17 08:21:06
1872,54,view,2026-02-15 20:21:55
1872,328,purchase,2025-08-24 10:11:55
1872,333,purchase,2025-05-01 06:17:31
1872,342,cart,2026-02-08 15:35:43
1872,123,purchase,2026-01-02 17:25:48
1873,63,view,2025-07-16 05:05:24
1873,274,cart,2025-05-20 19:39:22
1873,491,purchase,2025-10-04 19:16:27
1873,262,purchase,2025-09-16 13:42:40
1873,130,purchase,2025-10-25 14:16:52
1873,376,cart,2025-08-26 11:20:28
1873,411,purchase,2025-11-15 22:04:33
1873,290,purchase,2025-06-07 07:53:19
1873,217,purchase,2025-08-27 04:07:13
1873,270,purchase,2025-12-28 09:26:02
1874,453,purchase,2025-05-13 18:05:28
1874,306,view,2025-11-29 10:36:01
1874,156,cart,2025-10-25 22:48:00
1875,296,purchase,2025-04-09 17:46:32
1875,68,cart,2025-12-06 23:50:13
1875,53,cart,2025-05-10 05:30:46
1875,429,cart,2025-10-25 15:25:07
1875,348,view,2025-07-12 04:53:41
1875,129,cart,2025-10-29 17:09:47
1875,119,view,2026-02-23 12:28:01
1875,414,view,2026-03-11 01:00:18
1876,276,purchase,2025-10-16 16:01:06
1876,493,cart,2025-09-21 18:03:20
1876,363,cart,2025-04-28 13:21:12
1876,89,cart,2025-11-29 08:17:30
1876,67,view,2025-11-14 16:08:34
1876,425,purchase,2026-02-09 22:02:18
1876,332,view,2026-03-19 03:09:29
1876,303,cart,2025-11-18 20:38:40
1876,83,purchase,2025-08-31 23:34:14
1876,120,view,2025-05-21 18:48:17
1877,405,view,2025-12-08 20:14:49
1877,77,view,2025-06-29 05:09:21
1877,330,purchase,2025-06-15 03:42:07
1877,281,cart,2025-06-26 21:33:27
1877,15,cart,2026-01-15 08:10:04
1877,471,view,2025-06-18 16:34:22
1877,483,purchase,2025-10-04 20:42:57
1877,107,view,2026-03-25 07:08:45
1877,264,purchase,2025-12-12 08:42:53
1877,473,view,2025-09-23 10:20:30
1878,285,view,2026-02-06 00:41:51
1878,85,view,2025-09-03 07:34:42
1878,62,view,2025-05-10 14:13:58
1878,417,view,2025-05-28 13:10:36
1878,7,view,2026-01-22 00:36:25
1878,117,view,2025-10-01 19:41:51
1878,455,view,2025-05-15 20:41:37
1878,8,view,2026-01-02 21:41:02
1878,354,purchase,2025-11-28 10:40:30
1878,197,cart,2025-08-30 18:36:25
1879,194,view,2025-06-25 06:00:24
1879,23,view,2025-05-03 23:01:25
1879,260,purchase,2025-06-30 12:28:04
1879,305,purchase,2025-12-21 04:29:17
1879,444,purchase,2025-06-08 07:20:38
1879,470,purchase,2025-12-23 07:44:02
1879,246,purchase,2026-02-23 22:47:38
1880,62,view,2025-12-28 14:43:37
1880,280,view,2025-12-06 23:37:22
1880,418,cart,2025-09-02 03:02:46
1880,96,cart,2026-03-26 10:54:39
1880,196,view,2025-12-26 02:07:22
1880,147,view,2025-09-26 11:25:17
1880,469,purchase,2026-01-26 21:48:18
1881,459,purchase,2025-04-16 00:54:59
1881,148,cart,2025-12-15 21:06:48
1881,332,view,2025-08-28 04:50:35
1881,328,view,2025-08-12 07:47:58
1882,261,view,2025-11-16 08:40:58
1882,402,cart,2025-04-15 14:17:23
1882,141,cart,2025-05-05 21:29:45
1882,400,purchase,2025-09-11 13:14:24
1882,328,view,2025-11-22 01:33:58
1882,99,cart,2025-05-26 23:23:25
1882,158,cart,2026-02-10 07:14:11
1882,443,purchase,2025-07-01 17:03:21
1882,161,purchase,2025-10-05 07:36:35
1882,404,view,2025-05-06 19:59:59
1883,1,view,2025-12-11 23:20:18
1884,234,cart,2025-04-29 13:24:42
1885,1,cart,2026-01-16 19:11:15
1885,418,cart,2025-07-29 06:03:44
1885,483,cart,2025-04-03 23:40:25
1886,194,cart,2025-11-10 07:31:26
1886,427,view,2025-07-09 08:12:29
1886,169,view,2025-05-12 06:55:16
1886,462,purchase,2026-04-01 09:08:50
1886,23,cart,2025-09-16 20:57:59
1886,221,purchase,2025-04-17 17:58:49
1886,199,cart,2025-05-10 22:18:13
1886,137,view,2025-10-24 18:58:30
1886,37,view,2026-01-24 07:14:31
1886,463,purchase,2026-03-17 03:10:25
1887,469,cart,2026-02-05 18:46:59
1887,153,view,2026-02-17 17:55:43
1887,362,view,2026-03-21 03:53:42
1887,360,view,2025-06-21 14:02:12
1887,144,view,2025-07-25 02:59:40
1887,413,cart,2026-01-26 21:50:10
1887,277,cart,2025-10-04 10:25:55
1888,204,purchase,2025-05-25 01:57:35
1888,418,purchase,2025-12-25 16:27:06
1889,395,purchase,2025-08-28 19:36:36
1889,240,view,2025-09-09 14:41:46
1889,267,purchase,2025-04-11 20:06:04
1889,7,cart,2025-09-23 02:12:40
1889,395,purchase,2025-10-22 22:56:44
1890,220,cart,2025-09-22 02:39:18
1890,280,view,2026-02-28 02:03:55
1890,150,purchase,2025-10-01 22:59:10
1890,72,cart,2026-03-14 13:35:47
1891,371,purchase,2025-09-07 07:14:58
1891,289,purchase,2026-01-03 00:48:58
1891,207,view,2025-05-11 13:26:46
1891,198,purchase,2025-04-14 17:23:45
1891,235,view,2025-09-17 15:46:03
1891,270,view,2025-05-12 14:20:10
1891,276,cart,2026-01-24 10:19:11
1891,285,purchase,2025-05-02 07:28:30
1891,266,purchase,2025-06-30 19:09:38
1892,60,cart,2025-06-30 19:25:46
1892,270,purchase,2025-10-01 22:24:38
1892,338,purchase,2026-02-02 13:26:24
1892,248,purchase,2025-09-20 13:50:34
1892,37,cart,2025-10-25 22:04:06
1892,15,cart,2025-12-17 03:17:01
1892,411,purchase,2026-01-18 17:18:02
1892,219,view,2026-01-29 13:59:42
1892,185,cart,2026-02-15 17:07:47
1892,432,view,2025-10-05 18:20:25
1893,232,cart,2026-03-10 12:10:33
1893,11,purchase,2025-10-21 06:17:22
1893,304,view,2025-12-20 07:05:41
1893,64,view,2025-10-20 06:11:34
1893,482,view,2026-03-12 05:56:45
1893,67,cart,2025-04-05 10:47:58
1893,451,purchase,2026-02-17 19:17:37
1893,391,cart,2026-01-08 13:02:05
1893,232,purchase,2025-09-12 12:36:25
1893,267,purchase,2025-05-30 00:49:20
1894,425,view,2025-10-12 21:49:51
1894,194,view,2025-04-15 04:35:12
1894,154,view,2025-09-09 01:05:11
1894,283,view,2026-03-25 09:43:42
1894,389,purchase,2025-04-26 09:07:08
1894,188,view,2026-03-13 12:39:15
1894,481,view,2025-06-29 03:04:08
1894,401,cart,2025-04-22 02:30:21
1894,184,cart,2026-04-01 17:50:39
1895,160,view,2025-07-05 21:16:45
1895,235,cart,2025-10-17 06:47:04
1895,233,cart,2025-04-28 10:00:37
1895,361,view,2026-01-19 20:30:55
1895,343,purchase,2026-02-24 01:05:03
1895,70,cart,2025-11-28 01:01:13
1895,151,cart,2025-08-25 21:08:26
1895,308,view,2026-01-15 23:10:15
1895,401,view,2026-01-08 19:03:15
1896,277,purchase,2026-03-04 12:35:24
1896,408,purchase,2026-03-24 19:42:38
1897,74,cart,2025-07-29 16:40:51
1897,47,purchase,2026-03-30 23:27:04
1897,364,purchase,2026-02-11 00:11:52
1897,206,view,2025-07-25 07:25:38
1897,223,cart,2026-01-08 04:21:16
1897,90,view,2026-03-22 10:21:04
1897,72,purchase,2025-10-14 14:56:33
1897,482,cart,2026-01-12 17:02:34
1897,171,purchase,2025-07-28 22:57:57
1898,38,cart,2026-03-10 10:35:34
1898,27,purchase,2025-12-13 02:03:15
1898,451,cart,2026-02-26 07:58:08
1898,369,purchase,2025-09-20 02:32:40
1898,187,cart,2025-09-14 18:25:11
1898,469,view,2025-09-23 01:06:16
1898,53,purchase,2025-07-02 05:47:53
1898,177,purchase,2025-05-09 18:04:14
1898,150,cart,2025-12-25 04:56:25
1898,248,view,2025-07-07 15:59:55
1899,222,purchase,2025-12-18 23:07:22
1899,64,view,2025-06-16 07:31:59
1899,432,purchase,2025-11-20 22:49:23
1899,72,view,2025-06-12 05:34:49
1899,432,cart,2025-07-22 05:40:16
1899,254,view,2025-04-18 00:00:53
1900,9,purchase,2025-10-25 01:51:05
1900,25,view,2025-08-22 01:57:18
1900,323,cart,2025-08-12 05:30:54
1900,112,purchase,2026-03-18 18:35:39
1900,460,cart,2025-08-31 02:29:42
1900,209,cart,2025-04-28 21:34:11
1900,486,view,2026-03-08 21:39:14
1900,235,view,2025-07-21 06:13:27
1900,108,view,2025-05-30 20:40:45
1900,142,cart,2025-05-03 13:36:06
1901,257,view,2026-01-24 20:08:27
1901,470,purchase,2025-10-09 15:48:24
1901,312,cart,2026-02-16 21:36:31
1902,2,view,2025-05-17 02:32:36
1902,45,cart,2025-11-18 07:53:20
1902,266,purchase,2025-10-21 02:29:19
1902,484,purchase,2026-02-10 10:40:06
1902,93,view,2026-01-13 03:50:16
1903,367,cart,2025-04-07 02:36:26
1903,123,view,2026-03-20 23:58:51
1903,69,cart,2025-12-07 10:45:04
1903,37,cart,2025-06-25 22:53:26
1903,482,purchase,2025-11-08 08:54:20
1904,3,cart,2025-10-08 04:16:09
1904,33,view,2025-05-09 07:22:28
1904,402,cart,2025-10-24 10:16:39
1904,482,purchase,2026-03-11 09:58:07
1904,328,purchase,2025-11-06 20:57:58
1904,385,view,2025-07-14 06:19:32
1905,59,purchase,2026-02-16 23:45:16
1905,190,view,2025-05-22 12:08:06
1906,91,cart,2025-06-19 20:05:08
1906,453,view,2025-07-10 07:27:27
1906,417,purchase,2025-12-08 01:17:22
1906,44,cart,2025-08-23 18:24:25
1906,95,cart,2025-04-30 04:01:08
1906,41,purchase,2025-06-13 06:41:04
1906,450,view,2025-05-13 04:57:17
1906,380,cart,2025-06-24 21:33:31
1906,116,cart,2026-02-08 12:01:04
1906,27,purchase,2026-03-29 13:34:24
1907,102,view,2025-06-28 02:20:29
1907,16,cart,2025-06-06 08:08:53
1907,36,cart,2025-09-24 16:22:52
1908,160,purchase,2025-04-10 23:13:20
1908,7,view,2025-08-21 12:08:23
1908,489,cart,2025-09-24 09:04:16
1908,131,purchase,2025-06-23 19:31:18
1908,424,purchase,2025-10-19 01:19:20
1908,44,purchase,2026-03-14 22:43:47
1908,293,cart,2025-08-03 15:54:00
1908,287,purchase,2026-04-01 05:09:05
1908,167,purchase,2025-10-11 05:34:58
1908,150,view,2025-07-21 04:01:34
1909,408,purchase,2025-06-06 19:58:36
1909,267,cart,2025-07-23 01:24:23
1909,211,purchase,2025-12-18 01:17:38
1910,293,view,2025-08-28 22:05:00
1910,442,cart,2025-05-28 18:59:23
1910,176,view,2025-04-18 10:03:28
1910,304,cart,2025-11-18 02:57:51
1910,142,cart,2025-09-11 17:18:27
1910,392,view,2025-09-07 04:20:46
1910,211,purchase,2025-10-05 09:23:47
1910,45,purchase,2025-07-18 12:51:05
1910,406,purchase,2025-09-03 22:17:40
1911,473,view,2025-05-30 19:28:55
1911,242,view,2025-09-27 12:34:19
1911,412,cart,2025-11-04 04:06:03
1911,415,purchase,2026-02-10 08:05:33
1911,42,view,2025-06-26 18:49:28
1911,461,purchase,2025-04-15 12:02:45
1911,396,view,2025-04-03 10:00:30
1911,18,cart,2025-05-19 10:45:56
1911,170,view,2025-06-06 16:35:58
1912,180,purchase,2026-03-27 11:10:37
1912,339,purchase,2026-03-23 08:04:54
1912,206,view,2026-03-25 19:59:47
1913,35,cart,2025-11-08 10:12:46
1913,456,cart,2025-06-06 17:42:50
1913,109,purchase,2025-11-07 17:53:39
1914,224,cart,2025-07-28 20:11:03
1914,268,view,2025-04-21 09:44:59
1914,172,view,2025-12-11 07:38:36
1914,215,purchase,2025-04-21 23:06:43
1914,30,cart,2025-06-06 09:20:17
1914,441,cart,2026-02-18 19:08:49
1915,222,view,2026-03-07 01:12:53
1915,381,cart,2026-03-06 17:16:36
1915,229,view,2026-02-16 06:22:51
1915,301,purchase,2025-11-29 21:09:31
1915,112,purchase,2026-03-19 13:26:54
1915,128,cart,2025-06-05 20:40:03
1915,476,purchase,2025-08-31 05:54:24
1915,257,view,2025-08-29 08:54:33
1915,280,cart,2025-09-30 01:55:17
1916,162,view,2025-10-21 07:01:52
1916,195,purchase,2026-03-07 08:07:39
1916,496,cart,2025-06-06 10:35:53
1917,468,view,2025-12-16 17:24:57
1917,276,view,2025-11-29 19:47:10
1917,169,cart,2025-09-29 22:01:21
1917,27,cart,2025-09-14 21:45:04
1917,417,cart,2025-10-03 09:07:35
1917,474,cart,2025-08-10 15:03:36
1917,360,view,2025-10-11 15:24:24
1918,184,cart,2025-12-09 04:23:01
1918,317,cart,2025-09-28 05:37:42
1918,180,view,2025-11-09 05:14:24
1918,186,cart,2025-11-11 18:49:50
1918,81,view,2025-09-29 14:44:18
1918,289,view,2025-05-03 16:09:25
1918,373,view,2026-02-13 15:02:34
1919,17,purchase,2026-02-27 05:44:14
1919,479,cart,2026-01-24 16:17:52
1919,461,cart,2025-10-10 10:02:58
1919,54,view,2026-03-12 22:26:13
1919,252,purchase,2025-10-22 18:03:28
1919,358,cart,2025-12-26 16:54:17
1919,374,view,2025-05-05 13:13:47
1919,341,purchase,2025-08-17 03:13:21
1919,52,view,2026-04-01 17:53:56
1919,51,view,2025-11-29 06:56:24
1920,236,purchase,2025-10-21 03:06:13
1920,481,cart,2025-07-25 15:41:27
1921,307,purchase,2026-02-02 21:37:26
1921,9,view,2025-12-17 22:22:22
1922,412,cart,2025-08-30 07:49:02
1922,360,cart,2025-05-27 14:16:04
1922,349,cart,2025-05-27 04:08:18
1922,27,purchase,2025-12-28 03:27:30
1922,359,view,2025-04-12 13:53:46
1922,86,purchase,2026-02-24 07:36:57
1923,207,purchase,2026-03-03 13:28:20
1924,189,view,2026-01-19 10:33:36
1924,161,cart,2026-03-27 06:06:01
1924,357,view,2025-12-22 09:42:45
1924,349,view,2025-05-10 15:27:47
1924,0,view,2026-01-06 04:55:15
1924,341,view,2025-06-06 05:29:12
1924,93,cart,2025-05-08 19:31:11
1924,461,cart,2025-05-06 16:37:04
1924,401,purchase,2026-01-26 08:39:39
1924,182,view,2025-05-31 06:11:08
1925,80,cart,2025-10-25 02:26:03
1926,40,cart,2025-10-20 03:21:55
1927,172,view,2025-11-24 05:08:09
1927,441,purchase,2025-12-20 11:14:48
1928,464,cart,2025-05-26 20:09:18
1928,494,purchase,2025-08-25 19:41:35
1928,351,purchase,2025-12-24 13:35:15
1929,132,cart,2025-08-15 11:09:11
1929,324,purchase,2025-06-26 11:34:52
1929,173,view,2025-05-24 03:40:30
1929,224,cart,2025-05-15 14:44:27
1929,22,cart,2026-03-05 21:31:51
1929,51,cart,2025-08-17 17:31:16
1929,360,view,2025-11-06 13:04:59
1929,432,view,2025-05-19 00:10:13
1929,237,purchase,2025-09-02 20:12:21
1929,281,view,2025-11-07 23:01:34
1930,362,purchase,2025-04-15 14:06:16
1930,302,purchase,2025-09-22 22:33:02
1930,187,purchase,2025-07-22 11:43:17
1930,14,view,2025-07-05 20:02:33
1930,341,view,2025-11-22 08:20:04
1930,24,view,2025-05-28 04:27:05
1931,147,purchase,2026-01-17 01:25:31
1931,318,view,2026-03-28 04:57:28
1931,496,cart,2025-10-19 12:40:34
1931,395,purchase,2026-02-11 16:47:06
1931,6,view,2025-12-02 04:38:59
1931,353,purchase,2026-01-15 00:25:39
1931,60,view,2025-09-11 10:22:51
1932,178,view,2025-05-03 12:54:04
1932,480,view,2025-04-11 21:12:04
1932,449,view,2026-02-04 09:36:24
1932,219,view,2026-02-28 06:12:11
1932,259,purchase,2025-07-04 00:40:19
1933,32,view,2025-07-12 22:33:23
1933,277,cart,2025-09-24 15:01:19
1933,320,purchase,2025-08-22 12:19:03
1933,465,view,2025-04-12 16:54:52
1933,489,view,2025-08-24 10:14:37
1934,450,purchase,2026-03-13 17:03:51
1934,315,view,2026-02-28 17:40:53
1934,491,purchase,2025-11-04 07:02:09
1934,183,cart,2025-06-15 06:06:02
1934,389,view,2025-12-16 18:01:19
1934,465,cart,2025-04-04 15:39:14
1935,174,view,2025-12-19 09:43:00
1935,23,cart,2025-09-14 17:44:48
1935,198,view,2025-06-20 04:53:40
1935,17,view,2025-06-22 04:41:34
1935,208,cart,2025-09-25 07:31:12
1935,291,purchase,2025-12-02 13:59:16
1935,6,purchase,2026-03-28 13:32:00
1935,9,cart,2025-09-27 02:28:26
1935,292,cart,2026-01-20 11:11:37
1935,482,purchase,2025-11-07 21:39:31
1936,37,purchase,2025-08-21 14:07:17
1937,367,cart,2025-04-04 12:46:07
1937,244,cart,2025-09-13 03:31:35
1937,22,purchase,2026-03-07 23:30:54
1937,458,view,2026-03-18 07:18:47
1937,245,purchase,2025-11-05 22:07:17
1937,136,purchase,2025-12-02 05:54:54
1937,348,view,2025-10-17 06:34:47
1938,339,view,2026-03-17 13:47:05
1938,291,cart,2025-07-28 09:48:01
1938,157,purchase,2025-04-15 14:45:37
1938,357,cart,2026-03-15 06:01:28
1939,10,view,2026-02-06 23:20:56
1939,201,cart,2025-10-19 14:33:59
1939,234,cart,2025-07-27 16:05:45
1939,388,view,2025-10-31 13:29:04
1940,167,view,2026-02-19 15:07:31
1940,111,view,2025-11-17 21:29:32
1940,324,cart,2025-06-11 03:47:04
1940,424,view,2025-11-03 13:57:14
1940,37,cart,2025-04-07 05:02:11
1940,108,cart,2025-04-22 06:09:44
1941,130,view,2026-02-12 20:45:33
1941,460,cart,2026-02-04 15:17:42
1941,94,cart,2025-07-07 01:24:43
1941,54,cart,2025-09-09 02:33:04
1941,275,cart,2025-07-24 02:58:52
1941,94,purchase,2025-09-15 08:58:33
1942,321,view,2026-01-07 17:24:00
1943,359,view,2025-11-17 18:53:36
1943,112,view,2025-09-06 02:08:18
1943,157,cart,2026-02-16 18:06:23
1943,438,view,2025-09-16 13:06:17
1943,35,view,2025-05-03 07:48:04
1943,377,view,2025-04-12 06:59:02
1943,292,view,2025-06-16 21:36:06
1943,329,cart,2025-12-19 09:56:54
1943,429,purchase,2025-05-31 19:41:27
1943,23,cart,2025-06-30 09:11:55
1944,2,purchase,2025-10-05 18:20:59
1944,391,purchase,2025-04-22 22:46:51
1944,284,cart,2025-09-12 15:32:44
1944,261,cart,2026-01-17 04:31:46
1945,7,view,2025-10-30 22:30:18
1945,453,view,2026-02-14 05:02:13
1945,45,cart,2025-09-29 13:32:33
1945,201,cart,2025-04-03 15:24:17
1946,406,view,2025-12-01 20:40:02
1946,315,view,2025-11-07 14:08:03
1946,144,purchase,2025-09-10 17:44:28
1946,171,cart,2025-10-27 19:27:51
1947,386,purchase,2026-01-04 07:25:10
1947,284,purchase,2025-09-01 14:20:18
1947,230,cart,2026-03-29 19:52:00
1947,438,purchase,2025-05-06 18:31:48
1947,440,view,2025-09-26 07:24:33
1947,44,view,2025-07-14 12:20:33
1948,377,purchase,2025-05-26 15:04:58
1948,394,cart,2025-11-11 18:08:25
1948,159,view,2025-05-05 11:42:35
1948,202,view,2025-09-09 03:05:51
1948,118,view,2025-07-21 22:35:14
1948,214,purchase,2025-12-25 08:10:39
1948,411,view,2025-09-16 14:07:55
1948,408,view,2025-06-20 02:12:28
1948,452,purchase,2025-08-02 00:39:51
1948,72,cart,2026-02-24 19:16:56
1949,181,purchase,2025-09-23 10:59:38
1949,95,view,2025-08-31 21:59:58
1949,130,cart,2025-11-19 06:05:14
1949,237,view,2025-06-14 19:28:14
1949,355,purchase,2025-11-02 21:36:46
1949,64,view,2025-05-05 10:33:09
1950,58,view,2025-06-07 17:56:21
1950,410,cart,2025-12-03 03:19:37
1950,431,view,2025-05-25 05:43:34
1950,115,purchase,2025-07-17 07:21:20
1950,384,purchase,2025-06-30 13:43:42
1950,3,view,2025-11-02 18:11:11
1950,96,cart,2025-05-17 07:29:06
1950,358,view,2026-03-18 07:21:09
1951,331,purchase,2026-03-04 13:40:58
1951,371,purchase,2025-07-05 18:42:24
1952,34,cart,2026-04-02 01:10:38
1952,464,purchase,2025-07-19 04:07:24
1952,402,view,2025-08-17 02:34:51
1953,293,cart,2025-10-20 14:39:36
1953,370,view,2025-04-07 23:49:14
1953,351,cart,2025-07-01 15:13:39
1953,289,view,2026-02-28 09:40:07
1953,222,view,2025-07-24 17:25:27
1953,395,view,2025-12-26 06:37:35
1953,257,cart,2026-02-06 22:00:57
1953,108,purchase,2025-09-19 23:52:42
1953,190,cart,2025-09-01 03:23:48
1954,281,view,2025-12-17 07:18:20
1954,373,purchase,2025-05-08 23:57:16
1954,450,cart,2025-04-12 01:12:43
1954,291,purchase,2025-09-05 13:18:34
1954,237,purchase,2026-03-09 16:14:50
1954,498,cart,2025-06-30 19:24:30
1954,85,purchase,2025-10-15 16:24:59
1954,353,view,2025-11-25 16:22:46
1954,195,purchase,2025-07-07 15:48:07
1955,22,purchase,2025-05-08 19:57:12
1955,25,cart,2026-01-12 00:41:17
1955,469,view,2025-09-05 03:10:20
1955,245,purchase,2025-04-29 14:59:46
1955,391,purchase,2025-06-20 15:54:11
1955,309,view,2025-11-24 09:24:20
1955,34,purchase,2025-10-28 06:57:28
1955,192,purchase,2026-03-19 22:29:16
1955,482,view,2025-04-15 12:19:32
1956,465,purchase,2025-12-24 15:17:24
1956,245,view,2026-03-02 06:11:06
1956,411,purchase,2025-07-10 17:54:03
1956,141,cart,2025-04-18 17:40:58
1956,492,cart,2026-01-22 19:00:36
1956,443,view,2025-07-17 21:54:43
1956,336,view,2025-07-17 21:52:30
1956,263,view,2025-07-27 01:49:36
1956,86,purchase,2025-06-20 03:18:29
1957,83,view,2025-12-13 16:00:56
1957,27,view,2025-10-28 03:57:11
1957,282,view,2025-10-20 00:07:55
1957,314,cart,2025-09-24 21:16:10
1957,274,view,2026-01-18 03:26:04
1957,320,view,2025-11-17 10:31:48
1957,69,purchase,2025-08-31 04:33:09
1957,484,view,2026-03-29 11:38:04
1958,129,view,2025-07-14 18:40:47
1959,142,cart,2025-04-06 21:36:55
1959,142,purchase,2025-10-15 21:49:19
1959,108,purchase,2026-02-01 04:52:40
1959,67,purchase,2025-12-25 20:16:18
1959,440,purchase,2025-05-17 14:11:54
1960,33,cart,2025-08-22 17:46:21
1960,498,cart,2025-09-10 13:03:11
1961,308,purchase,2025-05-27 20:36:52
1961,100,purchase,2025-06-12 02:14:12
1961,5,purchase,2025-09-08 00:49:05
1961,64,purchase,2025-09-26 14:30:56
1961,321,purchase,2025-06-10 20:54:02
1961,6,view,2025-11-02 07:47:03
1961,18,purchase,2025-04-07 19:09:23
1961,106,view,2025-12-26 13:33:39
1961,141,purchase,2025-10-27 15:42:11
1961,356,view,2025-06-15 03:48:42
1962,436,view,2026-01-21 16:15:41
1962,66,purchase,2026-01-21 12:38:34
1962,224,cart,2025-10-31 14:09:31
1962,183,view,2025-09-23 20:08:10
1963,124,cart,2025-12-23 11:58:39
1963,367,view,2026-02-24 18:16:22
1964,460,view,2025-10-28 08:38:53
1965,47,cart,2025-11-25 13:44:46
1965,171,view,2026-03-18 14:51:17
1965,208,cart,2025-07-06 00:53:15
1965,202,view,2025-05-07 07:45:37
1965,1,purchase,2025-11-23 10:45:11
1965,422,view,2025-12-18 08:01:33
1965,176,purchase,2025-11-11 01:22:04
1965,406,purchase,2025-09-22 06:19:18
1965,118,cart,2025-08-12 11:11:53
1966,235,cart,2025-12-12 08:03:36
1966,203,purchase,2025-12-04 20:49:54
1966,49,purchase,2026-02-11 23:41:01
1966,275,view,2025-05-02 16:22:59
1966,67,view,2026-01-15 04:45:23
1966,350,view,2025-09-05 18:33:34
1966,333,view,2026-03-22 16:58:08
1966,306,view,2025-12-23 04:29:13
1967,349,purchase,2025-09-07 03:30:31
1967,380,view,2025-04-05 01:31:00
1967,240,cart,2025-11-29 20:09:35
1967,193,purchase,2026-03-15 01:00:27
1967,20,view,2025-04-29 01:31:16
1967,298,purchase,2025-10-21 17:41:55
1967,489,purchase,2025-06-02 11:25:31
1968,61,view,2025-05-07 14:59:21
1968,134,view,2025-11-02 22:25:33
1968,431,purchase,2025-10-17 06:53:27
1968,277,cart,2025-09-21 23:49:14
1969,317,cart,2026-02-19 19:34:15
1969,200,view,2026-01-11 18:21:03
1970,290,view,2025-05-03 09:02:09
1970,410,view,2025-05-13 22:26:24
1970,480,view,2025-11-25 19:44:44
1971,249,view,2026-02-10 13:27:18
1971,256,view,2025-10-12 03:16:08
1971,187,cart,2026-04-01 08:26:41
1971,285,cart,2025-12-02 13:00:20
1971,496,cart,2025-12-11 03:58:59
1971,430,cart,2025-08-18 21:25:45
1971,235,view,2025-12-22 07:31:12
1972,119,purchase,2026-03-25 06:37:00
1972,201,view,2026-01-17 09:13:08
1972,43,purchase,2025-05-28 18:15:06
1972,262,cart,2026-02-23 17:33:07
1972,185,cart,2025-10-17 10:24:54
1972,30,cart,2026-03-11 13:00:42
1972,297,cart,2025-08-05 07:07:59
1973,153,purchase,2025-12-13 16:07:06
1973,18,cart,2025-05-14 01:41:04
1973,494,cart,2025-08-30 02:33:53
1973,200,view,2025-09-05 02:15:32
1973,350,cart,2025-07-23 14:10:15
1974,394,view,2025-05-23 10:10:08
1974,367,view,2025-04-29 12:32:53
1974,290,cart,2025-04-12 20:22:26
1974,176,view,2026-03-11 01:08:18
1974,154,purchase,2025-08-15 08:56:51
1974,309,cart,2026-03-03 16:49:40
1974,85,cart,2025-09-04 11:29:28
1974,97,view,2025-11-26 10:34:37
1974,433,view,2025-10-08 23:40:09
1974,197,view,2025-09-08 21:58:59
1975,451,view,2025-08-02 03:19:24
1975,45,cart,2025-05-10 21:05:29
1975,495,view,2025-10-02 23:38:45
1975,130,view,2025-11-16 06:35:55
1975,402,cart,2025-08-26 08:58:53
1975,340,view,2026-01-21 12:01:50
1975,470,purchase,2025-08-02 20:11:15
1976,481,purchase,2025-04-19 00:45:13
1976,284,purchase,2025-05-30 14:33:25
1976,164,cart,2025-07-16 00:41:19
1976,344,view,2025-12-20 09:30:28
1976,51,purchase,2026-03-05 15:35:01
1976,263,purchase,2026-03-26 02:01:08
1977,273,purchase,2025-07-15 16:00:28
1978,485,purchase,2025-12-23 19:19:06
1978,486,purchase,2025-06-09 04:33:19
1978,316,view,2025-09-22 13:21:00
1978,378,purchase,2026-03-20 19:24:29
1978,476,cart,2025-08-21 12:03:56
1978,75,purchase,2026-02-04 14:44:48
1978,122,purchase,2026-03-23 07:23:02
1978,159,purchase,2025-05-18 16:18:27
1979,336,purchase,2025-06-21 00:46:33
1979,292,purchase,2025-11-20 20:14:29
1980,134,view,2025-10-10 04:13:48
1980,102,purchase,2025-05-14 00:05:39
1980,173,view,2025-12-18 00:36:04
1980,454,view,2025-11-22 01:27:02
1980,368,cart,2025-09-29 14:56:14
1980,484,cart,2025-10-21 17:21:32
1980,498,view,2025-07-23 22:58:33
1981,341,view,2025-06-18 02:54:31
1981,186,purchase,2025-10-08 22:08:57
1981,120,view,2025-06-26 23:14:26
1981,125,cart,2026-02-21 08:37:28
1981,486,view,2025-08-11 19:35:58
1981,486,view,2025-10-30 13:09:06
1982,39,view,2025-08-01 11:58:07
1982,361,cart,2025-08-21 05:19:39
1982,434,purchase,2025-09-22 18:50:11
1982,270,cart,2025-09-09 13:48:50
1983,14,cart,2025-11-09 11:04:08
1983,368,cart,2025-08-21 12:00:52
1983,189,cart,2026-02-12 01:43:22
1983,398,purchase,2025-12-11 01:25:13
1983,199,purchase,2025-12-27 14:47:41
1983,288,purchase,2025-06-01 20:54:42
1983,137,cart,2025-10-21 00:16:01
1984,407,cart,2025-06-01 03:13:44
1984,205,purchase,2025-05-06 15:13:16
1984,364,purchase,2025-12-01 20:13:22
1984,408,cart,2025-05-17 11:34:47
1984,369,purchase,2025-05-14 19:52:56
1984,171,view,2025-07-02 09:37:42
1985,495,view,2025-12-15 08:27:40
1985,223,cart,2026-02-15 06:54:35
1985,288,cart,2025-05-24 12:50:28
1985,438,cart,2025-12-16 17:46:39
1985,201,cart,2026-03-06 07:50:31
1985,476,purchase,2026-01-11 06:45:39
1986,397,purchase,2025-07-27 08:00:32
1986,195,view,2025-09-14 23:56:02
1986,220,view,2025-04-12 21:46:39
1986,463,cart,2025-10-23 11:35:49
1986,64,view,2025-09-17 07:27:39
1986,90,cart,2026-01-22 21:53:11
1986,146,cart,2025-10-26 06:49:52
1986,11,purchase,2025-04-08 01:17:24
1986,357,view,2025-09-10 19:10:41
1986,293,cart,2025-12-23 03:41:58
1987,469,cart,2026-01-05 22:36:50
1987,260,view,2026-01-09 09:09:51
1987,417,cart,2026-02-08 22:44:04
1987,94,cart,2025-11-06 18:52:10
1987,305,view,2025-08-31 19:18:17
1987,165,cart,2026-02-25 12:18:19
1987,294,cart,2025-04-20 01:01:16
1987,203,cart,2025-12-31 23:31:46
1987,432,cart,2025-09-12 03:48:10
1987,93,view,2025-09-17 23:44:37
1988,6,cart,2025-12-06 04:47:25
1988,445,cart,2025-12-02 12:13:23
1988,69,view,2025-07-19 15:15:39
1988,188,purchase,2025-10-17 19:01:56
1989,60,cart,2025-09-22 21:16:23
1989,92,cart,2025-07-09 10:44:35
1989,62,cart,2025-10-01 00:28:23
1989,26,purchase,2026-01-12 17:24:42
1989,488,cart,2025-12-14 06:50:39
1989,333,purchase,2025-07-03 11:18:30
1989,298,view,2025-06-15 04:29:43
1989,126,view,2026-03-22 03:16:16
1989,481,cart,2025-12-26 20:26:47
1989,418,view,2025-04-13 03:47:44
1990,397,cart,2025-09-05 01:42:31
1990,453,cart,2026-02-05 06:51:38
1990,109,purchase,2025-10-16 03:18:32
1990,414,view,2025-08-05 10:03:32
1990,231,purchase,2026-03-28 17:17:03
1991,112,purchase,2025-08-28 08:21:03
1991,394,cart,2025-09-21 00:23:54
1991,115,view,2026-01-09 03:51:59
1991,492,purchase,2025-09-14 02:56:53
1991,462,view,2025-05-03 23:11:46
1991,15,purchase,2025-08-29 00:12:38
1991,330,purchase,2025-06-14 12:43:33
1992,253,purchase,2025-11-21 11:57:24
1992,420,cart,2026-03-04 10:17:42
1993,72,view,2025-07-23 09:30:46
1993,40,cart,2025-11-06 12:18:14
1993,373,purchase,2025-12-13 04:27:31
1994,47,purchase,2025-10-02 19:22:38
1994,143,cart,2026-02-02 05:05:27
1994,80,view,2025-08-04 11:02:17
1994,185,purchase,2026-01-02 11:35:38
1994,143,purchase,2025-09-15 14:34:26
1994,458,view,2025-09-03 13:43:21
1994,221,purchase,2025-04-07 10:13:21
1994,408,cart,2025-06-12 04:07:32
1995,136,purchase,2025-10-13 05:31:36
1995,333,purchase,2025-12-08 23:54:38
1995,255,view,2025-05-29 10:10:54
1995,57,cart,2025-04-09 01:23:24
1995,99,purchase,2025-09-26 18:33:18
1996,445,purchase,2025-09-29 22:43:08
1996,478,purchase,2025-06-17 23:34:41
1996,12,purchase,2025-12-14 19:58:45
1997,210,cart,2025-09-08 09:35:28
1997,448,purchase,2026-01-06 02:04:16
1997,420,view,2026-01-29 15:20:04
1997,113,cart,2026-03-17 16:39:09
1997,236,cart,2026-03-25 05:38:38
1997,67,purchase,2025-11-09 04:35:57
1997,220,cart,2026-01-31 04:16:18
1997,349,cart,2025-09-20 12:03:31
1997,208,view,2025-12-21 06:53:08
1998,239,view,2025-04-24 16:39:28
1998,57,cart,2025-09-09 02:05:05
1998,466,view,2025-05-01 11:38:49
1998,330,view,2025-07-25 17:51:19
1999,417,view,2026-02-16 06:01:57
1999,416,cart,2025-12-04 01:37:08
1999,477,purchase,2025-08-07 06:45:40
1999,32,view,2026-01-06 12:41:09
1999,474,cart,2025-06-26 11:20:30
1999,166,purchase,2026-03-24 01:48:33
