user_id,product_id,interaction_type
1,145,purchase
1,69,cart
1,102,purchase
1,5,cart
1,191,cart
1,389,purchase
2,270,view
2,384,cart
2,165,cart
2,19,view
2,92,purchase
2,209,purchase
2,486,purchase
2,453,view
2,218,cart
2,246,purchase
2,25,cart
2,467,cart
2,189,purchase
3,446,view
3,323,cart
3,69,purchase
3,86,cart
3,106,view
3,484,view
3,338,view
3,244,cart
3,19,view
3,65,cart
3,133,cart
3,239,view
3,469,purchase
3,161,view
3,455,view
4,218,purchase
4,122,cart
4,70,cart
4,89,cart
4,220,view
4,218,view
4,9,purchase
5,26,view
5,294,view
5,121,purchase
5,470,purchase
5,74,purchase
5,305,purchase
6,174,purchase
6,78,purchase
6,166,purchase
6,227,purchase
6,68,purchase
6,417,view
6,327,cart
6,39,cart
6,229,purchase
6,250,cart
6,362,purchase
6,25,purchase
6,353,cart
6,210,purchase
6,59,view
7,39,view
7,174,purchase
7,483,purchase
7,65,cart
7,214,cart
7,35,cart
7,213,cart
7,283,view
7,50,view
7,432,view
7,128,purchase
7,29,purchase
7,160,purchase
7,51,purchase
7,359,purchase
7,29,cart
8,378,purchase
8,333,cart
8,178,view
8,406,purchase
8,370,cart
8,318,view
8,372,cart
8,252,purchase
8,397,view
8,464,cart
8,472,view
9,183,view
9,185,purchase
9,342,cart
9,497,view
9,202,cart
9,88,purchase
9,57,view
9,198,view
9,150,purchase
9,279,view
9,173,view
9,130,purchase
10,88,purchase
10,304,cart
10,490,view
10,274,cart
10,246,view
10,471,cart
10,490,cart
10,380,purchase
10,366,purchase
10,75,cart
10,246,purchase
10,370,view
10,438,cart
11,394,view
11,130,purchase
11,292,view
11,256,purchase
11,64,cart
11,255,purchase
11,324,purchase
11,337,purchase
11,354,purchase
11,264,cart
11,294,cart
11,167,view
11,219,view
11,426,view
11,414,view
12,221,purchase
12,468,view
12,110,cart
12,185,cart
12,430,cart
12,359,cart
12,299,purchase
12,312,purchase
12,17,cart
12,308,view
12,241,cart
12,401,cart
12,73,view
12,111,cart
12,123,purchase
13,84,view
13,374,cart
13,178,cart
13,281,view
13,204,view
13,77,view
13,431,purchase
13,216,view
14,294,view
14,388,purchase
14,257,cart
14,214,purchase
14,475,view
14,64,cart
14,396,purchase
14,383,view
14,375,cart
14,165,purchase
14,415,cart
14,158,cart
15,297,purchase
15,240,purchase
15,346,cart
15,33,purchase
15,461,purchase
15,68,view
15,438,view
15,216,purchase
15,334,purchase
15,57,view
15,382,cart
15,198,view
15,413,cart
15,88,view
15,227,purchase
15,55,view
15,480,purchase
15,397,cart
16,469,view
16,79,cart
16,363,cart
16,79,purchase
16,327,view
17,47,view
17,209,purchase
17,307,cart
17,422,cart
17,129,purchase
17,473,view
17,455,cart
17,83,purchase
17,42,cart
17,347,cart
17,236,cart
17,432,purchase
17,445,purchase
17,169,cart
17,322,purchase
17,334,view
18,303,view
18,474,cart
18,329,purchase
18,131,purchase
18,209,purchase
18,151,cart
18,464,purchase
18,118,view
18,483,purchase
18,399,view
18,228,purchase
18,98,cart
18,150,purchase
19,385,view
19,58,cart
19,458,purchase
19,213,cart
19,220,purchase
19,258,purchase
19,232,cart
19,442,purchase
19,126,purchase
19,33,view
20,422,purchase
20,68,view
20,157,cart
20,18,cart
20,284,purchase
20,310,cart
20,31,purchase
20,171,cart
20,32,purchase
21,205,cart
21,207,cart
21,487,cart
21,384,purchase
21,308,cart
21,455,view
21,227,purchase
21,153,cart
21,392,cart
21,295,purchase
21,256,cart
21,283,cart
21,465,view
21,455,cart
21,53,cart
21,413,cart
22,465,view
22,11,purchase
22,221,view
22,368,purchase
22,196,view
22,367,purchase
22,83,view
22,302,purchase
22,169,purchase
22,453,cart
22,441,view
22,422,cart
22,224,cart
22,439,view
23,50,cart
23,4,cart
23,38,view
23,285,purchase
23,145,purchase
23,496,purchase
23,362,view
23,182,purchase
23,5,cart
23,262,cart
23,116,cart
23,500,cart
23,116,purchase
23,291,view
23,249,purchase
23,326,view
23,10,purchase
23,180,view
23,358,view
24,120,view
24,252,view
24,375,purchase
24,129,cart
24,351,view
24,265,cart
24,115,purchase
24,321,purchase
24,131,cart
24,267,view
24,337,cart
25,173,cart
25,262,cart
25,127,purchase
25,94,cart
25,472,view
25,364,cart
25,376,cart
25,488,purchase
25,390,cart
25,240,view
25,418,cart
25,202,purchase
25,65,purchase
25,477,cart
26,125,view
26,280,view
26,255,view
26,144,view
26,165,view
26,43,purchase
26,303,cart
26,468,purchase
26,27,view
26,42,purchase
26,258,purchase
26,318,view
26,408,purchase
26,241,view
26,482,view
26,49,cart
26,396,view
26,490,purchase
26,111,cart
27,79,cart
27,125,cart
27,197,purchase
27,379,view
27,164,view
27,194,cart
27,496,cart
27,387,view
27,69,cart
27,485,cart
27,134,view
27,425,purchase
27,231,cart
27,448,view
27,56,purchase
27,55,view
27,211,view
27,340,view
28,238,view
28,59,cart
28,28,purchase
28,33,purchase
28,358,purchase
28,189,cart
28,61,purchase
28,400,cart
28,484,cart
28,450,cart
28,394,view
28,185,purchase
28,197,purchase
28,471,cart
28,366,purchase
28,6,view
28,91,cart
28,124,purchase
29,184,purchase
29,250,view
29,351,cart
29,410,purchase
29,175,cart
29,349,view
29,401,view
29,403,purchase
30,83,cart
30,479,cart
30,393,purchase
30,45,cart
30,9,cart
31,94,view
31,325,cart
31,240,view
31,102,cart
31,486,purchase
31,144,purchase
31,104,purchase
31,38,purchase
31,285,cart
31,193,view
31,74,cart
31,293,cart
31,162,view
31,140,purchase
31,493,view
31,256,view
31,319,cart
31,155,cart
31,322,view
32,335,view
32,110,view
32,257,purchase
32,6,cart
32,22,cart
32,405,purchase
32,485,purchase
32,287,purchase
32,299,view
32,216,cart
32,209,cart
32,177,view
32,435,cart
32,351,purchase
32,15,cart
32,368,cart
32,163,purchase
32,373,cart
32,391,cart
32,286,view
33,163,view
33,161,cart
33,79,purchase
33,19,cart
33,370,purchase
33,78,purchase
33,135,view
34,65,view
34,242,purchase
34,195,purchase
34,99,view
34,220,cart
34,342,purchase
34,41,purchase
34,462,purchase
34,271,view
35,62,cart
35,392,purchase
35,466,purchase
35,498,view
35,218,cart
36,82,view
36,339,view
36,266,view
36,85,cart
36,435,cart
36,13,purchase
36,340,view
36,100,purchase
36,351,purchase
36,201,cart
36,76,view
36,411,cart
37,121,view
37,32,purchase
37,12,purchase
37,46,view
37,413,purchase
37,355,view
37,331,cart
37,366,view
37,88,cart
37,140,cart
37,24,view
37,190,cart
37,62,cart
37,278,cart
37,426,cart
37,255,view
37,366,purchase
37,246,cart
37,223,cart
38,264,view
38,330,cart
38,224,cart
38,190,purchase
38,427,view
38,319,cart
38,220,view
38,332,purchase
38,249,purchase
38,490,cart
38,366,view
38,148,purchase
38,471,view
38,477,purchase
38,61,purchase
39,359,cart
39,329,purchase
39,295,view
39,170,purchase
39,478,purchase
39,234,purchase
39,250,cart
39,221,purchase
39,145,purchase
39,195,cart
39,416,view
39,234,purchase
39,242,cart
39,42,cart
39,474,cart
40,110,purchase
40,186,view
40,68,purchase
40,394,view
40,59,cart
40,383,cart
40,353,purchase
40,340,cart
40,314,cart
40,132,cart
41,346,view
41,309,view
41,40,view
41,305,view
41,43,purchase
41,95,purchase
41,62,view
41,489,cart
41,152,purchase
41,250,view
42,358,cart
42,125,view
42,324,view
42,317,cart
42,407,view
43,284,cart
43,455,cart
43,393,cart
43,299,purchase
43,456,purchase
43,470,cart
44,366,cart
44,39,purchase
44,234,view
44,262,cart
44,30,purchase
44,456,cart
44,235,view
44,26,purchase
44,43,purchase
44,455,cart
44,259,purchase
44,65,cart
45,432,purchase
45,270,view
45,404,purchase
45,409,cart
45,101,cart
45,395,view
45,29,purchase
45,313,view
45,8,view
45,208,view
45,312,view
45,59,purchase
45,488,purchase
45,327,view
46,106,view
46,421,purchase
46,226,purchase
46,453,purchase
46,398,purchase
46,468,purchase
46,177,view
46,78,purchase
46,385,purchase
46,362,cart
46,378,purchase
46,152,view
47,325,purchase
47,69,view
47,138,cart
47,176,purchase
47,300,view
47,69,purchase
47,384,cart
47,400,cart
47,60,view
47,222,view
48,76,cart
48,365,view
48,25,purchase
48,219,view
48,179,purchase
48,445,purchase
48,92,view
48,73,cart
48,127,view
48,135,view
48,64,cart
48,207,view
48,300,view
48,317,cart
48,178,purchase
48,307,view
48,139,view
48,237,purchase
48,243,purchase
48,193,cart
49,414,cart
49,65,cart
49,48,cart
49,221,cart
49,120,view
49,476,cart
49,381,cart
49,289,view
49,394,purchase
50,461,cart
50,488,cart
50,293,view
50,405,purchase
50,231,purchase
51,127,cart
51,224,cart
51,146,cart
51,55,cart
51,139,cart
51,19,view
51,35,purchase
51,247,cart
51,104,purchase
51,276,cart
51,47,view
52,269,cart
52,83,view
52,187,cart
52,418,view
52,443,view
52,233,view
52,285,view
52,146,purchase
52,339,cart
52,227,cart
52,274,cart
52,137,view
52,451,view
52,458,cart
52,280,cart
52,55,view
52,223,purchase
53,62,cart
53,493,purchase
53,385,view
53,181,purchase
53,314,view
53,384,cart
53,120,cart
53,488,view
54,455,cart
54,373,cart
54,478,purchase
54,95,view
54,125,cart
54,180,purchase
54,59,cart
54,288,view
54,189,cart
54,243,purchase
55,447,cart
55,303,view
55,422,purchase
55,13,view
55,203,cart
55,251,cart
55,73,purchase
55,483,purchase
55,314,view
55,465,purchase
55,337,view
55,55,purchase
55,31,cart
55,14,purchase
55,440,purchase
55,293,purchase
55,268,cart
55,225,view
55,153,purchase
55,24,cart
56,36,purchase
56,179,view
56,277,view
56,330,view
56,359,cart
56,412,purchase
56,189,purchase
56,223,cart
57,405,view
57,236,view
57,227,view
57,233,cart
57,121,cart
57,429,view
57,95,purchase
57,381,purchase
57,14,cart
57,336,purchase
57,288,view
57,32,cart
57,412,cart
57,116,purchase
57,205,view
57,112,view
57,258,cart
57,492,cart
57,500,cart
57,102,view
58,276,view
58,84,cart
58,496,purchase
58,303,cart
58,261,view
58,405,purchase
58,56,cart
58,196,view
58,89,view
58,156,cart
58,95,cart
58,325,view
58,130,cart
58,122,view
58,211,purchase
58,451,purchase
58,257,cart
59,358,purchase
59,385,purchase
59,174,cart
59,457,purchase
59,231,purchase
59,283,purchase
59,276,purchase
59,197,view
59,363,view
60,326,cart
60,482,view
60,331,view
60,388,cart
60,473,purchase
60,499,cart
60,299,purchase
60,240,purchase
60,477,cart
60,29,cart
60,363,purchase
60,330,view
60,102,cart
60,249,purchase
60,500,purchase
60,55,view
60,289,purchase
60,61,purchase
60,335,view
60,292,cart
61,262,cart
61,93,purchase
61,150,purchase
61,280,cart
61,453,cart
61,219,view
61,412,view
61,455,view
62,309,view
62,465,purchase
62,416,cart
62,235,purchase
62,458,cart
62,98,view
62,258,view
62,30,view
62,283,cart
62,86,cart
62,94,view
63,48,cart
63,33,view
63,368,view
63,105,cart
63,364,purchase
63,84,cart
63,325,purchase
63,36,cart
63,208,purchase
63,162,view
63,497,purchase
63,237,purchase
63,355,cart
63,397,purchase
63,175,view
63,10,view
63,329,purchase
64,285,view
64,398,view
64,240,view
64,371,view
64,205,cart
64,276,purchase
64,63,purchase
64,379,cart
64,225,purchase
64,104,cart
64,220,purchase
64,249,view
64,194,cart
64,168,view
65,8,view
65,248,purchase
65,136,cart
65,497,view
65,241,view
65,435,view
65,224,view
65,239,cart
65,453,view
65,217,cart
65,207,view
65,181,cart
65,398,cart
65,44,purchase
65,60,cart
65,339,cart
65,163,cart
65,77,cart
65,196,purchase
65,1,cart
66,20,view
66,50,cart
66,149,cart
66,54,purchase
66,450,purchase
66,296,view
66,1,cart
66,273,purchase
66,431,view
66,96,cart
66,486,cart
66,61,purchase
66,184,view
66,52,view
66,230,view
66,87,purchase
67,388,cart
67,170,cart
67,127,purchase
67,177,cart
67,421,cart
67,122,view
67,185,view
67,30,view
68,336,cart
68,127,cart
68,68,purchase
68,137,cart
68,437,cart
68,340,view
68,271,view
68,202,cart
68,493,view
68,189,cart
68,412,cart
68,374,view
69,334,purchase
69,414,view
69,491,view
69,452,purchase
69,193,view
69,125,cart
70,80,cart
70,496,view
70,40,cart
70,171,cart
70,374,view
70,273,purchase
70,109,purchase
70,201,view
70,388,purchase
70,320,view
70,151,cart
70,175,cart
70,37,view
70,127,view
70,66,view
70,249,cart
70,130,view
71,215,view
71,357,view
71,68,purchase
71,302,cart
71,103,view
71,86,purchase
71,119,view
71,426,view
71,499,view
71,332,purchase
71,374,view
71,101,cart
71,444,view
71,364,view
71,489,view
71,105,purchase
72,255,view
72,114,cart
72,367,purchase
72,451,view
72,42,purchase
72,270,view
72,189,view
72,173,view
72,138,purchase
73,262,purchase
73,254,view
73,463,cart
73,26,view
73,407,view
73,328,cart
73,263,cart
73,398,view
73,301,view
73,437,purchase
73,455,purchase
73,187,cart
73,87,purchase
73,199,view
73,413,cart
73,403,view
73,157,purchase
74,96,purchase
74,416,purchase
74,35,cart
74,215,purchase
74,480,purchase
74,165,cart
74,52,cart
74,77,view
74,302,cart
74,369,view
74,228,purchase
74,479,view
75,279,view
75,460,cart
75,227,cart
75,344,purchase
75,493,view
75,406,view
75,243,view
75,179,view
75,444,cart
75,71,view
75,25,purchase
76,428,view
76,370,view
76,471,purchase
76,207,cart
76,378,cart
76,433,purchase
76,368,view
76,214,view
76,69,cart
76,244,view
76,246,view
77,384,cart
77,174,cart
77,105,cart
77,205,purchase
77,107,cart
77,79,cart
77,419,purchase
77,146,purchase
77,170,view
77,388,purchase
77,292,cart
78,308,purchase
78,445,purchase
78,486,purchase
78,34,purchase
78,147,purchase
78,500,view
78,91,purchase
78,367,purchase
78,333,view
78,486,purchase
78,92,view
78,46,view
78,81,purchase
79,122,purchase
79,500,purchase
79,193,view
79,350,cart
79,141,purchase
79,461,view
79,187,view
79,220,purchase
79,316,purchase
79,333,view
79,406,purchase
79,415,cart
79,133,view
79,154,purchase
80,483,view
80,128,view
80,176,view
80,156,cart
80,85,cart
80,495,cart
80,90,view
80,231,cart
80,450,purchase
80,232,cart
80,169,view
80,149,cart
80,90,view
80,494,cart
80,466,purchase
80,389,view
80,191,purchase
81,62,cart
81,63,view
81,59,view
81,332,cart
81,371,purchase
81,473,cart
81,264,purchase
81,326,cart
82,169,purchase
82,98,cart
82,348,cart
82,271,purchase
82,187,view
82,238,cart
82,364,cart
82,320,purchase
82,159,view
82,30,cart
82,122,view
83,450,purchase
83,191,purchase
83,349,purchase
83,424,cart
83,265,purchase
83,251,purchase
83,334,cart
83,162,view
83,394,cart
84,99,view
84,356,purchase
84,257,view
84,411,view
84,230,purchase
84,224,purchase
84,65,cart
84,94,cart
84,201,view
84,97,purchase
84,132,view
84,358,cart
84,232,view
84,439,view
84,240,view
84,463,cart
85,84,view
85,50,cart
85,304,purchase
85,140,cart
85,124,cart
85,390,cart
85,408,cart
85,430,cart
85,352,cart
85,126,purchase
85,162,view
85,218,view
86,234,cart
86,361,purchase
86,490,purchase
86,19,purchase
86,140,cart
86,8,purchase
86,188,view
86,252,purchase
86,72,cart
86,78,purchase
86,187,cart
86,491,cart
87,230,cart
87,491,purchase
87,212,purchase
87,88,purchase
87,464,view
87,342,purchase
87,381,view
87,282,cart
88,83,view
88,338,purchase
88,393,view
88,91,cart
88,397,view
88,162,purchase
88,136,purchase
88,153,cart
88,231,cart
88,54,cart
88,267,view
88,405,purchase
88,375,cart
88,318,view
88,209,view
88,72,view
88,271,view
89,406,view
89,276,purchase
89,93,view
89,304,cart
89,323,view
89,230,cart
89,291,cart
89,357,cart
89,202,purchase
89,446,cart
90,326,view
90,374,purchase
90,261,view
90,135,view
90,210,view
90,64,purchase
90,374,view
90,159,view
90,100,purchase
90,38,purchase
90,222,purchase
90,241,view
90,251,purchase
90,27,view
90,269,purchase
90,152,cart
90,209,cart
91,245,cart
91,289,cart
91,37,cart
91,430,view
91,360,view
92,285,view
92,469,cart
92,436,purchase
92,384,view
92,323,cart
92,421,purchase
93,291,cart
93,353,purchase
93,426,view
93,267,purchase
93,233,view
93,240,view
93,122,view
93,299,cart
93,174,purchase
93,361,cart
93,467,purchase
93,32,view
93,87,purchase
93,449,cart
93,396,purchase
93,442,cart
93,385,cart
93,116,cart
94,145,purchase
94,91,purchase
94,471,view
94,397,purchase
94,263,purchase
94,463,purchase
94,493,view
94,301,view
94,60,cart
94,305,purchase
94,293,cart
94,203,purchase
94,150,purchase
94,304,view
94,245,view
94,82,cart
94,403,cart
95,386,view
95,280,purchase
95,421,cart
95,109,cart
95,40,view
95,462,view
95,269,cart
95,367,view
95,354,purchase
95,340,view
95,187,cart
95,317,purchase
95,385,view
95,136,cart
95,323,purchase
95,158,purchase
95,161,cart
95,47,view
96,214,cart
96,99,cart
96,76,purchase
96,311,cart
96,326,cart
96,373,purchase
96,168,cart
96,20,view
96,169,view
96,183,view
96,103,cart
96,343,purchase
96,127,cart
96,341,purchase
96,155,view
96,220,purchase
97,287,cart
97,218,purchase
97,210,cart
97,438,cart
97,158,cart
97,292,view
97,31,purchase
97,45,view
97,405,purchase
97,278,view
97,248,cart
97,184,purchase
98,225,purchase
98,390,view
98,377,view
98,107,view
98,122,view
98,236,view
98,402,view
98,447,purchase
98,318,view
98,431,view
98,20,purchase
98,241,purchase
98,229,view
99,205,view
99,460,view
99,422,view
99,203,view
99,226,view
99,171,view
99,341,cart
99,224,view
99,104,cart
99,4,purchase
99,336,purchase
99,194,cart
99,144,view
99,198,purchase
99,456,cart
99,202,purchase
99,233,purchase
99,78,view
99,47,view
100,265,purchase
100,169,view
100,155,view
100,165,view
100,252,purchase
100,482,cart
100,278,purchase
100,115,cart
100,287,cart
100,168,view
100,325,view
100,453,view
100,318,view
100,70,cart
100,353,cart
100,297,cart
101,452,purchase
101,373,view
101,254,cart
101,478,view
101,418,purchase
101,398,cart
101,62,cart
102,420,view
102,72,view
102,255,view
102,187,purchase
102,492,cart
102,405,view
102,497,purchase
102,320,view
102,197,view
102,108,cart
102,292,view
102,175,view
102,289,view
102,168,purchase
102,439,purchase
103,169,view
103,336,purchase
103,184,view
103,151,view
103,118,view
103,372,cart
103,333,view
103,438,cart
103,41,cart
103,108,view
103,150,view
103,9,view
103,43,cart
104,369,view
104,393,view
104,399,cart
104,111,view
104,230,purchase
104,1,cart
104,270,cart
104,409,cart
104,170,purchase
104,119,purchase
104,64,view
104,6,view
104,357,view
105,43,cart
105,72,purchase
105,214,view
105,77,cart
105,454,view
105,492,purchase
105,194,purchase
105,220,purchase
105,242,view
105,386,view
105,356,purchase
105,225,view
105,233,purchase
105,10,view
105,278,view
105,271,purchase
105,226,cart
105,426,purchase
105,144,view
106,401,purchase
106,343,view
106,428,view
106,94,purchase
106,10,purchase
106,438,cart
106,452,view
106,153,purchase
106,322,purchase
106,62,cart
106,261,view
106,440,view
106,360,purchase
106,246,purchase
107,229,cart
107,219,cart
107,341,purchase
107,110,purchase
107,321,view
107,232,view
107,440,purchase
107,218,cart
107,201,purchase
107,122,purchase
107,244,purchase
107,314,view
107,347,view
107,131,purchase
108,463,purchase
108,440,cart
108,191,cart
108,157,view
108,383,cart
109,408,cart
109,80,view
109,232,cart
109,199,cart
109,483,purchase
109,45,purchase
109,22,purchase
109,215,cart
109,450,view
109,46,view
109,156,cart
109,162,view
109,165,cart
110,485,purchase
110,497,purchase
110,439,cart
110,445,view
110,99,view
110,284,purchase
110,197,cart
110,156,cart
110,224,purchase
110,244,purchase
110,112,purchase
110,110,cart
110,284,purchase
110,461,view
110,341,purchase
110,396,view
111,437,cart
111,85,purchase
111,307,view
111,492,cart
111,380,purchase
111,406,purchase
111,13,cart
111,286,view
111,20,cart
111,362,view
112,62,purchase
112,247,view
112,148,view
112,277,view
112,8,view
112,273,purchase
112,152,view
112,151,view
112,207,view
113,212,cart
113,457,view
113,87,purchase
113,155,cart
113,214,view
113,208,view
113,246,view
113,391,purchase
113,418,view
113,442,purchase
113,258,view
113,242,purchase
113,395,cart
114,69,purchase
114,378,view
114,337,purchase
114,133,view
114,128,cart
114,21,view
114,297,view
114,284,view
114,133,purchase
114,209,purchase
114,165,cart
114,317,view
114,453,cart
114,160,view
114,50,view
114,470,purchase
114,263,view
114,53,view
115,243,cart
115,253,purchase
115,239,view
115,153,view
115,194,view
115,497,cart
115,320,purchase
115,310,view
115,34,cart
115,477,cart
116,350,purchase
116,273,cart
116,484,view
116,32,view
116,412,cart
116,343,purchase
116,481,view
116,417,cart
116,335,cart
116,133,purchase
117,351,purchase
117,364,purchase
117,324,cart
117,111,view
117,125,view
117,167,cart
117,11,cart
117,102,view
117,153,purchase
117,43,view
117,5,view
117,270,view
117,246,cart
117,98,purchase
117,57,cart
118,278,purchase
118,326,view
118,26,purchase
118,386,cart
118,232,purchase
118,183,purchase
118,480,view
118,139,cart
118,327,purchase
118,141,view
118,142,cart
118,440,view
118,216,view
118,36,cart
118,119,cart
118,157,view
118,332,cart
118,241,purchase
119,361,view
119,381,view
119,210,purchase
119,440,view
119,479,purchase
119,194,cart
119,55,purchase
120,354,cart
120,462,cart
120,334,view
120,259,cart
120,125,view
120,487,purchase
120,20,purchase
120,343,cart
120,249,cart
120,91,purchase
120,259,cart
120,395,cart
120,414,cart
120,295,view
120,97,cart
120,93,view
121,55,purchase
121,332,view
121,120,purchase
121,212,cart
121,341,cart
121,457,cart
121,243,purchase
121,444,purchase
121,351,cart
121,330,purchase
122,198,purchase
122,481,cart
122,281,cart
122,348,view
122,483,view
122,288,purchase
122,270,cart
122,490,view
122,62,purchase
122,277,cart
122,273,purchase
123,198,view
123,14,purchase
123,147,purchase
123,441,view
123,51,purchase
123,494,purchase
123,295,cart
123,446,purchase
123,474,cart
123,104,view
123,247,view
123,436,view
123,398,cart
123,1,purchase
123,116,purchase
124,18,purchase
124,222,purchase
124,182,purchase
124,347,view
124,31,purchase
124,299,purchase
124,130,view
124,193,view
124,2,cart
124,161,purchase
124,205,view
124,352,purchase
124,346,cart
124,426,purchase
124,262,cart
124,52,cart
124,467,view
124,135,view
125,9,purchase
125,162,cart
125,69,purchase
125,38,purchase
125,92,cart
125,155,cart
125,21,view
125,223,view
125,401,view
125,200,cart
125,56,view
125,188,cart
125,38,view
125,98,purchase
125,324,purchase
126,306,cart
126,475,cart
126,367,purchase
126,34,view
126,304,purchase
126,357,purchase
126,48,view
126,494,cart
126,456,cart
126,335,cart
126,132,purchase
126,210,cart
126,208,purchase
126,396,view
126,469,view
126,429,view
126,233,purchase
126,111,purchase
126,309,purchase
126,257,view
127,155,purchase
127,359,cart
127,94,cart
127,443,purchase
127,481,cart
127,23,purchase
127,295,purchase
127,165,purchase
127,473,purchase
127,349,view
128,30,purchase
128,252,purchase
128,373,purchase
128,150,cart
128,488,view
128,294,cart
128,366,cart
128,11,cart
128,219,view
128,117,purchase
128,144,view
128,440,view
128,366,view
128,291,view
129,260,purchase
129,404,view
129,440,view
129,111,cart
129,63,view
129,26,purchase
129,141,view
129,2,view
129,217,cart
130,371,view
130,172,purchase
130,152,cart
130,386,view
130,410,cart
130,256,view
130,480,purchase
130,478,view
130,346,purchase
130,427,view
130,241,cart
130,348,purchase
130,362,view
131,284,purchase
131,33,cart
131,472,view
131,98,purchase
131,476,purchase
131,289,cart
131,316,purchase
131,144,cart
131,308,view
131,164,view
131,104,view
131,11,cart
131,182,view
131,474,view
132,268,cart
132,5,cart
132,177,view
132,106,view
132,109,cart
132,45,cart
132,77,cart
132,413,cart
132,330,cart
132,149,cart
132,95,view
132,47,cart
132,105,view
133,326,cart
133,304,cart
133,442,purchase
133,386,view
133,102,purchase
133,209,purchase
133,252,purchase
133,160,view
133,185,view
133,85,view
133,465,view
133,433,cart
133,336,purchase
133,253,cart
133,128,view
133,85,purchase
134,4,purchase
134,31,cart
134,20,cart
134,7,cart
134,141,purchase
134,358,cart
134,65,view
134,492,purchase
134,477,cart
134,386,purchase
134,40,purchase
134,330,cart
134,404,view
134,322,view
134,270,view
134,87,purchase
135,449,view
135,363,purchase
135,62,cart
135,202,cart
135,379,cart
135,296,view
135,32,cart
135,137,view
135,481,purchase
135,314,cart
135,354,purchase
135,472,view
135,25,purchase
136,1,cart
136,483,cart
136,498,cart
136,378,view
136,199,cart
136,390,purchase
136,71,cart
136,49,cart
136,87,purchase
136,281,cart
136,380,view
136,280,cart
137,138,cart
137,478,view
137,395,cart
137,211,view
137,132,cart
137,212,view
137,435,purchase
137,45,cart
137,42,cart
137,223,purchase
137,318,purchase
137,442,view
137,25,view
137,42,cart
138,186,view
138,411,view
138,433,view
138,460,view
138,163,cart
138,164,purchase
138,299,cart
138,174,view
138,180,view
138,245,view
138,310,cart
138,371,purchase
138,55,view
139,455,purchase
139,27,view
139,393,cart
139,411,cart
139,456,purchase
139,72,view
139,56,view
139,379,cart
139,97,view
139,398,purchase
140,471,view
140,450,view
140,238,purchase
140,403,purchase
140,420,purchase
140,154,purchase
140,487,cart
140,258,view
140,300,cart
140,39,cart
140,126,cart
140,424,view
140,260,cart
140,232,cart
140,39,purchase
140,150,purchase
141,209,cart
141,276,view
141,241,cart
141,313,view
141,228,view
141,470,cart
141,217,purchase
141,66,purchase
142,249,view
142,69,purchase
142,432,purchase
142,440,purchase
142,86,cart
142,211,cart
142,268,view
142,407,purchase
142,484,view
142,180,view
142,272,view
142,337,purchase
142,181,cart
142,330,view
142,62,view
143,184,cart
143,93,cart
143,11,view
143,163,purchase
143,418,view
143,395,purchase
143,87,cart
143,290,view
143,138,view
143,276,view
144,251,view
144,255,purchase
144,316,view
144,111,purchase
144,39,view
144,90,purchase
144,400,view
144,83,view
144,277,cart
144,373,view
144,101,cart
144,307,view
144,193,cart
145,67,view
145,269,cart
145,477,purchase
145,22,view
145,425,purchase
145,417,view
145,331,view
145,217,view
145,426,purchase
145,155,purchase
145,344,purchase
145,323,view
145,31,cart
146,482,cart
146,63,cart
146,285,view
146,447,purchase
146,357,purchase
146,45,cart
146,298,cart
146,403,cart
147,64,cart
147,366,cart
147,153,view
147,214,cart
147,378,purchase
148,314,purchase
148,286,view
148,221,view
148,149,cart
148,378,cart
148,156,view
148,291,purchase
148,234,view
149,315,cart
149,353,purchase
149,141,purchase
149,182,purchase
149,449,purchase
149,262,cart
149,142,purchase
149,251,cart
150,152,view
150,237,cart
150,437,cart
150,227,purchase
150,292,view
150,407,cart
150,284,cart
150,183,purchase
150,493,cart
150,5,view
150,444,view
150,82,cart
150,86,cart
150,456,view
150,246,cart
150,146,cart
150,346,view
150,3,cart
150,330,purchase
150,314,purchase
151,114,cart
151,198,purchase
151,228,view
151,96,view
151,73,purchase
151,68,view
151,401,cart
151,395,cart
151,459,purchase
151,244,purchase
151,189,purchase
151,63,view
151,470,purchase
152,483,cart
152,407,cart
152,459,cart
152,157,view
152,328,purchase
152,451,view
153,266,view
153,493,purchase
153,61,view
153,411,view
153,68,purchase
153,39,purchase
153,35,view
153,61,cart
153,402,purchase
153,297,cart
153,467,cart
153,455,view
153,274,view
153,147,purchase
153,342,cart
153,401,purchase
153,65,purchase
153,472,cart
153,496,view
153,216,cart
154,176,cart
154,348,view
154,269,view
154,138,view
154,38,cart
154,139,purchase
154,316,view
154,430,view
154,487,view
154,117,view
154,215,purchase
154,432,purchase
154,342,view
154,14,view
154,436,view
155,344,cart
155,20,view
155,427,view
155,467,cart
155,207,view
155,459,view
155,134,purchase
155,447,purchase
155,450,purchase
155,83,cart
155,439,cart
155,145,cart
155,257,purchase
155,377,view
155,224,view
156,232,purchase
156,46,view
156,149,view
156,426,purchase
156,173,view
156,259,cart
156,86,cart
156,485,purchase
156,74,purchase
156,454,view
156,357,purchase
156,308,cart
156,245,purchase
156,398,purchase
156,328,cart
156,381,view
156,50,purchase
156,496,view
156,220,cart
157,368,cart
157,285,view
157,51,purchase
157,196,cart
157,207,cart
157,286,view
157,209,cart
157,396,cart
157,314,purchase
157,162,view
157,95,purchase
157,486,purchase
157,150,view
157,179,cart
157,368,purchase
158,320,view
158,78,purchase
158,286,cart
158,285,view
158,473,purchase
158,28,cart
159,477,purchase
159,289,cart
159,272,purchase
159,21,view
159,124,view
159,226,view
159,4,view
159,299,purchase
160,7,purchase
160,286,purchase
160,142,view
160,241,view
160,352,purchase
160,91,cart
160,271,purchase
160,309,purchase
160,86,purchase
160,385,view
160,307,purchase
160,14,cart
160,181,cart
161,192,view
161,190,cart
161,314,purchase
161,192,purchase
161,461,view
161,196,cart
161,345,purchase
161,172,purchase
161,333,cart
161,334,view
161,128,cart
161,368,view
161,293,view
161,314,purchase
161,289,purchase
161,195,view
161,99,cart
161,299,view
161,246,purchase
161,35,cart
162,494,cart
162,403,view
162,408,view
162,60,cart
162,167,cart
162,74,purchase
162,17,cart
162,90,cart
162,161,view
162,428,purchase
162,413,cart
162,274,cart
162,263,view
162,221,purchase
162,336,view
162,498,view
163,133,view
163,159,view
163,202,view
163,378,view
163,111,view
163,408,purchase
163,254,view
163,321,purchase
163,323,purchase
163,451,purchase
163,463,purchase
163,374,cart
163,233,cart
163,18,cart
163,269,cart
163,267,cart
163,210,purchase
164,465,cart
164,162,view
164,66,purchase
164,280,cart
164,287,cart
164,334,cart
164,245,cart
164,485,view
164,24,view
164,474,purchase
165,122,view
165,94,purchase
165,258,view
165,287,view
165,270,purchase
165,136,view
165,300,view
165,424,cart
165,257,cart
165,460,view
165,83,purchase
166,48,purchase
166,339,cart
166,450,purchase
166,302,view
166,312,purchase
166,378,cart
166,418,cart
166,356,view
166,463,view
166,257,cart
166,289,purchase
167,496,purchase
167,152,cart
167,56,view
167,433,purchase
167,204,cart
167,130,view
167,414,cart
167,218,cart
167,162,view
167,54,purchase
167,217,cart
167,233,purchase
167,166,view
167,393,cart
167,17,purchase
167,154,view
168,367,cart
168,89,cart
168,453,view
168,221,cart
168,194,view
168,7,cart
168,264,view
168,461,view
168,143,cart
168,254,view
168,189,cart
168,120,cart
168,263,view
168,41,purchase
168,294,purchase
168,56,purchase
168,5,purchase
168,156,purchase
169,272,purchase
169,429,purchase
169,409,purchase
169,199,view
169,395,purchase
169,141,view
169,296,purchase
169,30,view
169,91,purchase
170,209,view
170,240,purchase
170,486,cart
170,78,view
170,289,cart
170,460,purchase
170,100,cart
171,303,purchase
171,413,cart
171,288,cart
171,468,cart
171,413,purchase
171,408,purchase
171,441,cart
171,364,purchase
172,476,view
172,484,cart
172,394,purchase
172,354,view
172,264,view
172,365,cart
172,366,cart
172,108,purchase
172,205,view
172,312,cart
172,22,purchase
172,64,cart
172,5,view
172,22,cart
172,330,view
172,203,purchase
172,194,cart
172,227,cart
172,226,view
173,208,purchase
173,110,view
173,475,cart
173,333,view
173,79,purchase
173,89,view
173,89,cart
173,323,cart
173,167,purchase
173,57,view
174,455,view
174,365,cart
174,268,view
174,33,cart
174,124,view
174,190,cart
174,330,cart
174,467,view
174,282,purchase
174,102,view
174,285,view
174,249,cart
174,410,purchase
174,439,view
174,359,cart
174,137,cart
174,356,cart
174,286,purchase
175,123,purchase
175,431,purchase
175,317,cart
175,308,cart
175,230,purchase
175,432,cart
175,163,view
175,50,purchase
175,201,view
176,23,purchase
176,284,view
176,451,view
176,185,cart
176,478,cart
176,56,purchase
176,358,cart
176,292,cart
176,284,view
177,342,cart
177,270,view
177,84,cart
177,271,view
177,152,cart
177,294,cart
177,171,view
177,267,view
177,468,purchase
177,462,cart
177,482,purchase
177,42,purchase
177,495,purchase
178,308,view
178,331,purchase
178,418,view
178,12,cart
178,169,cart
178,410,view
178,459,cart
178,480,view
179,464,purchase
179,185,purchase
179,486,view
179,174,view
179,123,purchase
179,109,view
179,105,view
179,330,cart
179,290,cart
179,399,purchase
179,101,cart
179,184,cart
179,153,cart
179,171,cart
179,89,view
179,131,cart
179,490,view
179,238,cart
179,193,cart
180,115,view
180,318,purchase
180,16,view
180,132,purchase
180,281,view
180,358,cart
180,288,purchase
180,175,view
180,181,purchase
180,329,purchase
180,166,view
180,23,purchase
180,410,purchase
181,462,cart
181,173,cart
181,175,purchase
181,4,view
181,274,view
181,91,cart
181,413,view
181,244,cart
181,93,view
181,177,purchase
181,162,view
181,24,purchase
181,457,cart
181,40,view
181,285,view
181,269,purchase
181,201,purchase
181,335,cart
182,344,purchase
182,380,purchase
182,341,cart
182,438,view
182,293,cart
182,138,cart
182,408,cart
182,200,cart
182,368,cart
182,404,purchase
182,112,purchase
182,111,cart
182,47,view
182,284,cart
183,295,purchase
183,218,view
183,308,cart
183,287,purchase
183,166,cart
184,100,cart
184,142,view
184,170,view
184,468,cart
184,20,cart
184,410,purchase
184,106,cart
184,292,view
184,370,purchase
184,58,cart
184,464,view
184,243,purchase
185,257,cart
185,435,purchase
185,249,cart
185,232,view
185,380,cart
185,496,purchase
185,184,purchase
185,465,cart
185,233,cart
185,187,view
186,320,view
186,57,view
186,204,purchase
186,178,purchase
186,9,purchase
187,255,cart
187,288,view
187,87,view
187,187,purchase
187,167,cart
187,210,cart
187,449,cart
187,11,view
187,43,purchase
187,4,purchase
188,461,purchase
188,129,view
188,495,purchase
188,413,purchase
188,489,purchase
188,419,view
188,54,view
188,118,view
188,76,view
188,153,view
188,253,cart
189,96,cart
189,219,purchase
189,179,purchase
189,359,cart
189,201,view
189,38,cart
189,281,purchase
189,245,cart
189,257,cart
189,134,purchase
190,76,cart
190,377,purchase
190,69,cart
190,345,purchase
190,267,purchase
190,162,view
190,178,cart
190,20,cart
190,203,purchase
190,404,view
190,53,view
190,312,purchase
190,101,purchase
190,235,cart
190,425,cart
190,35,view
190,484,purchase
190,147,view
190,7,purchase
191,407,purchase
191,108,purchase
191,204,purchase
191,216,view
191,312,cart
191,45,view
191,218,purchase
191,178,purchase
191,172,cart
191,215,cart
191,487,view
191,119,view
191,81,purchase
191,352,cart
191,484,view
191,451,cart
191,75,cart
192,120,purchase
192,309,purchase
192,295,cart
192,397,view
192,185,view
192,257,cart
192,218,view
192,165,cart
193,232,purchase
193,381,cart
193,253,purchase
193,496,purchase
193,451,cart
193,56,purchase
193,60,cart
193,140,view
193,108,cart
193,461,cart
193,50,cart
193,195,view
193,145,view
193,425,view
193,297,purchase
194,290,cart
194,450,purchase
194,192,view
194,207,cart
194,409,purchase
194,70,purchase
194,273,purchase
194,224,view
194,138,purchase
194,202,purchase
195,90,cart
195,437,view
195,490,cart
195,195,view
195,366,view
195,216,cart
195,271,purchase
195,249,view
195,456,purchase
195,398,purchase
195,185,purchase
195,30,purchase
195,249,cart
195,280,cart
195,38,cart
195,324,purchase
195,115,purchase
195,408,view
195,155,cart
196,424,cart
196,423,purchase
196,28,purchase
196,383,cart
196,461,view
196,473,purchase
196,414,cart
196,275,purchase
196,397,cart
196,5,view
197,189,cart
197,133,view
197,143,view
197,162,purchase
197,14,view
197,323,purchase
197,463,cart
197,335,view
197,137,purchase
197,491,cart
198,379,view
198,346,cart
198,463,view
198,256,purchase
198,204,cart
198,263,view
198,325,purchase
198,39,view
198,318,view
198,176,cart
198,464,purchase
198,305,view
198,367,purchase
199,34,view
199,229,view
199,194,cart
199,232,view
199,154,view
199,491,cart
200,418,purchase
200,159,view
200,143,cart
200,293,cart
200,260,cart
200,457,cart
200,246,cart
200,204,purchase
200,83,view
200,9,purchase
200,491,view
200,447,cart
200,323,purchase
200,376,purchase
200,53,view
200,443,cart
201,480,view
201,185,purchase
201,167,cart
201,472,view
201,74,view
201,96,purchase
202,270,view
202,35,purchase
202,114,cart
202,477,view
202,267,view
202,400,view
202,100,view
202,66,view
202,119,cart
202,229,purchase
203,184,purchase
203,271,purchase
203,56,view
203,152,cart
203,412,view
203,214,view
203,231,purchase
203,49,cart
204,494,cart
204,457,cart
204,299,view
204,327,purchase
204,263,cart
204,312,view
204,378,purchase
204,368,cart
204,248,view
204,35,cart
204,101,purchase
204,241,view
204,378,view
204,2,view
204,306,cart
204,220,view
204,320,view
205,328,view
205,187,purchase
205,238,view
205,255,purchase
205,430,cart
205,485,view
205,375,purchase
205,136,purchase
205,29,purchase
205,159,purchase
205,389,purchase
205,434,view
206,28,view
206,20,view
206,456,purchase
206,387,view
206,311,cart
206,476,view
206,274,purchase
206,448,cart
206,397,view
206,68,view
206,217,view
206,206,purchase
207,84,purchase
207,263,view
207,155,cart
207,119,purchase
207,418,view
207,95,view
207,266,purchase
207,166,view
207,487,purchase
207,71,cart
207,442,view
207,280,view
208,24,purchase
208,409,cart
208,58,view
208,229,cart
208,404,cart
208,131,cart
208,322,purchase
208,403,view
208,428,cart
208,26,cart
208,340,cart
208,331,purchase
208,325,view
208,415,purchase
209,298,purchase
209,51,view
209,47,cart
209,222,cart
209,23,view
209,316,view
209,392,purchase
209,482,purchase
209,140,cart
209,326,cart
209,71,purchase
209,121,view
209,99,cart
209,57,cart
209,452,cart
209,101,cart
209,243,cart
209,452,cart
210,130,cart
210,340,purchase
210,24,purchase
210,108,purchase
210,34,view
210,37,cart
210,395,cart
210,259,cart
210,10,purchase
210,355,cart
210,242,cart
210,387,cart
211,437,cart
211,234,view
211,350,cart
211,249,purchase
211,268,cart
211,246,purchase
211,466,view
211,117,cart
211,128,cart
211,452,view
211,149,view
211,377,view
211,279,purchase
211,367,cart
211,183,purchase
211,145,view
211,425,cart
211,35,cart
212,439,view
212,233,view
212,109,cart
212,384,view
212,420,view
212,446,cart
212,353,cart
213,177,cart
213,195,cart
213,35,cart
213,138,purchase
213,159,view
213,346,cart
213,47,cart
213,194,view
213,34,cart
213,278,purchase
213,124,cart
213,468,purchase
214,88,view
214,242,cart
214,70,cart
214,32,view
214,273,cart
214,358,purchase
214,165,purchase
214,334,cart
214,76,purchase
214,206,purchase
214,486,view
214,378,purchase
214,499,purchase
215,372,cart
215,12,view
215,128,cart
215,200,cart
215,134,purchase
216,58,view
216,349,cart
216,394,purchase
216,185,view
216,499,view
216,51,view
216,157,purchase
216,96,purchase
216,318,purchase
216,277,purchase
216,492,view
216,312,view
216,345,cart
216,268,purchase
217,427,purchase
217,383,cart
217,425,view
217,196,view
217,131,view
217,360,purchase
217,57,view
217,417,view
217,355,purchase
217,104,cart
217,289,cart
217,434,purchase
217,478,cart
217,469,purchase
217,466,purchase
217,469,cart
217,104,purchase
217,154,cart
217,10,cart
218,463,view
218,451,cart
218,62,view
218,8,purchase
218,116,view
218,88,purchase
218,330,cart
219,51,purchase
219,351,view
219,457,view
219,428,view
219,105,view
220,281,view
220,323,view
220,95,view
220,110,view
220,467,view
220,447,purchase
220,377,cart
220,262,cart
220,401,purchase
220,17,cart
220,99,cart
220,187,purchase
221,439,cart
221,300,cart
221,485,cart
221,313,cart
221,121,view
221,108,view
221,466,purchase
221,451,view
221,474,cart
221,42,view
221,250,view
221,379,cart
221,293,view
221,94,cart
221,21,view
221,16,view
221,450,cart
222,316,cart
222,383,cart
222,482,purchase
222,179,purchase
222,206,view
222,310,view
222,389,purchase
222,330,view
222,132,purchase
223,410,view
223,119,view
223,405,purchase
223,82,purchase
223,30,purchase
223,263,view
223,484,purchase
223,224,view
223,109,purchase
223,78,purchase
223,322,view
223,99,cart
223,197,purchase
223,140,cart
223,364,cart
223,71,purchase
224,426,cart
224,493,purchase
224,367,purchase
224,50,purchase
224,40,purchase
224,152,purchase
224,73,view
224,356,view
224,129,cart
224,414,purchase
224,122,purchase
224,460,purchase
224,1,view
224,198,view
224,441,view
224,58,view
224,490,view
224,500,cart
224,91,cart
224,323,view
225,126,view
225,250,cart
225,337,purchase
225,353,cart
225,103,cart
225,111,cart
225,389,cart
225,354,cart
225,460,view
225,12,cart
225,179,cart
225,77,cart
226,428,view
226,66,purchase
226,451,view
226,36,cart
226,108,purchase
226,394,purchase
226,135,cart
226,182,view
226,157,cart
226,225,cart
226,383,view
226,454,purchase
226,62,cart
226,434,cart
226,330,cart
226,96,view
226,91,cart
227,156,purchase
227,398,view
227,130,purchase
227,241,cart
227,492,cart
227,330,purchase
227,333,purchase
227,320,purchase
227,59,purchase
227,25,view
227,365,purchase
227,362,cart
228,128,purchase
228,398,purchase
228,176,view
228,119,purchase
228,304,purchase
228,459,cart
228,122,cart
229,196,cart
229,343,cart
229,65,purchase
229,290,purchase
229,56,purchase
229,274,cart
230,123,view
230,140,purchase
230,415,cart
230,158,cart
230,480,cart
230,45,purchase
230,27,view
230,481,purchase
230,193,purchase
230,266,purchase
230,109,cart
230,363,cart
230,333,purchase
230,132,view
230,40,view
230,247,purchase
230,353,purchase
230,125,cart
230,21,purchase
231,290,cart
231,418,view
231,123,view
231,121,cart
231,487,view
231,419,cart
232,184,purchase
232,290,view
232,45,cart
232,101,cart
232,41,cart
232,111,purchase
232,69,view
232,124,purchase
232,414,cart
232,155,purchase
232,268,cart
232,288,view
232,340,view
232,263,view
232,402,cart
232,311,purchase
232,170,cart
232,243,purchase
232,325,view
233,22,view
233,66,purchase
233,30,view
233,197,view
233,415,view
233,190,purchase
233,84,view
233,121,cart
233,61,cart
233,52,cart
234,282,cart
234,274,cart
234,62,view
234,32,cart
234,283,cart
234,30,view
234,401,view
234,361,purchase
234,84,cart
234,121,cart
234,354,purchase
235,86,view
235,383,cart
235,200,purchase
235,311,view
235,142,cart
235,186,purchase
235,435,view
235,438,cart
235,292,view
235,130,purchase
235,41,purchase
235,121,purchase
235,1,cart
235,89,purchase
235,474,purchase
235,59,view
235,302,view
235,427,cart
235,183,cart
235,367,purchase
236,90,view
236,460,view
236,446,view
236,44,purchase
236,112,view
236,263,cart
236,291,cart
236,251,view
236,77,cart
236,428,cart
237,164,view
237,69,view
237,118,purchase
237,483,view
237,181,view
238,181,purchase
238,285,cart
238,394,view
238,475,view
238,280,cart
238,188,cart
238,359,cart
238,317,view
238,485,purchase
238,247,cart
238,361,view
238,117,view
238,285,purchase
238,43,purchase
238,333,view
238,436,cart
238,478,cart
238,104,purchase
238,7,purchase
239,270,view
239,470,cart
239,412,purchase
239,264,view
239,264,cart
239,187,purchase
240,97,view
240,46,view
240,425,cart
240,445,purchase
240,108,cart
240,88,view
240,147,view
240,331,purchase
240,137,purchase
240,351,view
240,39,cart
240,229,purchase
240,317,purchase
240,388,view
240,431,view
240,38,cart
240,187,cart
240,464,cart
240,110,cart
241,421,view
241,446,view
241,80,cart
241,389,view
241,331,view
241,389,purchase
241,477,purchase
242,257,cart
242,19,view
242,65,cart
242,362,view
242,88,view
242,229,view
242,67,view
242,20,purchase
242,304,view
242,41,purchase
242,18,purchase
242,30,purchase
243,272,cart
243,429,cart
243,297,purchase
243,229,purchase
243,89,view
244,369,view
244,419,purchase
244,168,cart
244,320,purchase
244,214,cart
244,295,view
244,58,view
244,301,cart
245,349,purchase
245,63,view
245,170,cart
245,428,purchase
245,243,purchase
245,39,purchase
245,55,purchase
246,98,purchase
246,356,view
246,467,purchase
246,268,view
246,456,cart
246,1,cart
246,328,view
246,206,cart
246,313,view
246,8,cart
246,46,purchase
247,219,purchase
247,444,view
247,457,view
247,69,cart
247,2,cart
247,271,view
247,11,purchase
247,498,view
247,428,cart
247,476,view
247,178,purchase
247,459,cart
247,372,purchase
247,307,purchase
247,341,purchase
247,53,view
247,3,view
247,269,purchase
248,255,purchase
248,374,purchase
248,422,purchase
248,334,view
248,429,cart
248,75,cart
248,95,cart
248,234,purchase
248,460,purchase
248,322,cart
248,432,cart
248,445,view
248,134,purchase
248,194,cart
248,469,purchase
248,490,view
248,290,purchase
248,230,cart
249,375,cart
249,303,cart
249,237,view
249,103,purchase
249,467,view
249,464,cart
249,384,purchase
249,375,view
249,274,purchase
249,27,purchase
249,80,purchase
249,490,purchase
249,343,view
249,308,cart
249,157,view
250,247,view
250,25,view
250,175,purchase
250,311,purchase
250,191,purchase
250,198,view
250,82,view
250,83,cart
250,357,view
250,127,view
250,118,view
250,404,view
250,252,cart
250,140,view
250,295,view
250,391,purchase
251,271,view
251,332,view
251,52,view
251,295,purchase
251,394,purchase
251,179,cart
251,481,cart
251,356,cart
251,122,cart
251,489,cart
251,407,purchase
251,305,cart
251,44,purchase
251,266,purchase
251,437,purchase
252,189,cart
252,492,cart
252,149,view
252,41,purchase
252,161,view
252,355,view
252,350,view
252,329,purchase
252,478,purchase
252,244,purchase
252,318,purchase
252,302,view
252,93,cart
252,10,view
253,146,purchase
253,180,cart
253,495,view
253,467,purchase
253,354,view
253,155,view
253,196,view
253,371,cart
254,168,view
254,422,cart
254,53,purchase
254,345,purchase
254,273,view
254,297,cart
254,270,view
254,470,purchase
254,479,cart
254,58,purchase
254,226,cart
254,214,purchase
254,249,purchase
254,452,purchase
255,176,view
255,432,purchase
255,100,purchase
255,70,view
255,234,cart
255,495,cart
255,203,cart
255,252,view
256,410,cart
256,439,view
256,393,cart
256,137,purchase
256,245,view
256,310,purchase
256,214,view
256,55,view
256,47,view
256,266,view
256,39,view
256,400,cart
256,169,view
256,21,cart
256,52,cart
256,38,purchase
256,158,cart
257,56,cart
257,285,view
257,225,cart
257,3,view
257,294,cart
257,467,purchase
257,436,purchase
257,108,view
257,493,purchase
257,229,cart
257,293,cart
257,14,purchase
257,63,cart
257,438,cart
257,282,cart
257,221,cart
257,457,cart
257,198,purchase
257,418,purchase
257,462,view
258,325,cart
258,249,cart
258,127,cart
258,289,view
258,115,view
258,27,cart
258,105,cart
258,74,view
258,295,view
258,16,cart
259,311,view
259,23,purchase
259,464,view
259,485,view
259,213,purchase
259,186,purchase
259,219,purchase
259,187,view
259,122,view
259,73,purchase
259,196,view
260,364,purchase
260,249,view
260,308,cart
260,372,purchase
260,87,cart
260,203,cart
260,101,cart
260,345,purchase
260,293,cart
260,353,view
260,185,purchase
260,395,cart
260,197,view
260,216,view
260,223,purchase
260,371,cart
261,418,purchase
261,181,view
261,44,view
261,369,purchase
261,157,purchase
261,165,purchase
261,341,view
261,370,purchase
261,385,purchase
261,395,purchase
261,498,purchase
261,99,view
261,173,purchase
261,317,purchase
261,243,purchase
261,100,purchase
261,223,view
261,390,purchase
261,220,view
262,284,cart
262,500,purchase
262,194,purchase
262,397,view
262,162,view
263,385,view
263,416,cart
263,201,view
263,340,cart
263,443,view
263,115,cart
263,29,view
263,377,purchase
263,175,purchase
263,338,view
263,136,view
263,172,view
263,244,cart
264,133,purchase
264,306,view
264,471,cart
264,59,purchase
264,239,cart
264,80,view
264,224,purchase
264,323,purchase
264,178,purchase
265,103,purchase
265,138,purchase
265,293,cart
265,146,purchase
265,163,view
265,349,purchase
265,9,cart
265,117,cart
265,355,purchase
265,424,purchase
265,402,view
265,370,purchase
265,262,purchase
265,148,cart
265,234,purchase
265,326,purchase
265,110,view
266,439,cart
266,491,view
266,102,cart
266,248,view
266,100,cart
266,487,view
266,122,cart
266,44,view
266,263,purchase
266,367,cart
266,302,purchase
266,193,purchase
266,34,cart
266,251,view
266,46,view
266,425,cart
266,244,view
267,365,purchase
267,40,cart
267,123,purchase
267,471,purchase
267,481,purchase
268,424,view
268,91,view
268,422,purchase
268,118,cart
268,399,purchase
268,106,purchase
268,391,purchase
268,414,view
268,350,view
268,99,view
268,395,view
268,160,cart
268,124,view
268,129,purchase
268,108,cart
268,328,cart
269,446,purchase
269,61,cart
269,429,cart
269,103,view
269,96,purchase
269,201,purchase
269,83,cart
269,31,cart
269,399,cart
269,428,view
269,438,purchase
269,131,view
269,17,purchase
269,305,view
270,319,purchase
270,496,view
270,57,purchase
270,152,view
270,496,cart
270,120,view
270,2,purchase
270,233,purchase
270,144,cart
270,171,cart
270,60,purchase
270,332,cart
270,122,view
270,492,view
270,493,purchase
270,199,view
270,343,cart
270,277,cart
270,43,view
270,476,cart
271,201,view
271,31,purchase
271,211,purchase
271,245,purchase
271,62,cart
271,458,purchase
271,460,purchase
271,459,purchase
272,34,cart
272,466,cart
272,449,view
272,43,cart
272,54,cart
272,137,cart
272,491,purchase
272,227,cart
272,444,view
272,146,view
272,466,purchase
272,421,cart
272,323,purchase
273,445,purchase
273,354,view
273,127,view
273,134,purchase
273,125,purchase
273,115,cart
273,164,purchase
273,118,view
273,437,cart
273,96,view
273,104,cart
273,177,purchase
273,451,purchase
273,380,view
273,254,cart
274,228,view
274,10,purchase
274,118,cart
274,36,purchase
274,267,purchase
274,55,purchase
274,182,view
274,300,purchase
274,212,purchase
274,457,cart
274,5,view
274,360,cart
274,377,cart
274,219,view
274,137,cart
275,300,cart
275,57,purchase
275,460,purchase
275,302,cart
275,49,cart
275,421,purchase
275,351,cart
276,397,view
276,329,purchase
276,73,view
276,163,cart
276,310,purchase
276,181,purchase
276,189,cart
276,415,view
276,479,cart
276,126,purchase
276,322,purchase
276,66,purchase
276,378,view
277,149,purchase
277,405,cart
277,309,purchase
277,449,purchase
277,380,cart
277,181,view
277,259,purchase
277,460,view
277,295,cart
277,487,cart
277,405,purchase
277,272,view
277,446,cart
277,427,purchase
277,283,view
277,375,view
277,279,purchase
277,254,view
278,211,cart
278,132,cart
278,243,view
278,29,view
278,86,purchase
279,44,cart
279,291,purchase
279,32,cart
279,117,cart
279,497,purchase
279,190,view
279,450,view
279,375,purchase
279,475,purchase
279,95,view
279,133,cart
279,104,purchase
279,153,cart
280,439,cart
280,2,cart
280,128,cart
280,70,purchase
280,293,cart
280,157,purchase
280,133,view
280,219,view
280,434,cart
280,436,cart
280,117,purchase
280,43,cart
280,426,cart
281,357,purchase
281,187,cart
281,2,purchase
281,10,cart
281,2,view
281,496,purchase
281,210,purchase
281,87,view
281,438,cart
281,90,cart
281,38,purchase
281,220,cart
281,372,purchase
281,216,view
282,443,view
282,22,view
282,15,purchase
282,448,view
282,362,cart
282,254,cart
283,158,cart
283,131,purchase
283,122,cart
283,105,view
283,304,purchase
283,451,purchase
283,265,cart
283,251,purchase
283,462,view
283,371,view
283,124,view
283,390,purchase
283,196,view
283,263,cart
283,455,cart
283,143,cart
283,119,cart
283,279,purchase
283,77,purchase
283,488,view
284,398,cart
284,42,purchase
284,477,cart
284,496,cart
284,232,view
284,437,view
284,2,view
285,459,view
285,430,purchase
285,296,view
285,426,view
285,18,purchase
285,223,view
286,186,purchase
286,401,view
286,268,cart
286,257,cart
286,325,view
286,155,cart
286,254,view
286,245,view
286,150,cart
286,173,cart
286,154,cart
286,80,view
286,259,purchase
286,331,purchase
286,446,view
286,392,view
287,367,view
287,158,view
287,474,view
287,293,purchase
287,426,cart
287,475,purchase
287,201,cart
287,304,purchase
287,52,cart
287,496,cart
287,59,cart
287,195,view
287,390,purchase
287,134,cart
287,140,view
287,497,purchase
287,332,view
287,62,view
287,97,purchase
287,309,cart
288,203,cart
288,323,purchase
288,373,view
288,22,purchase
288,82,view
288,358,purchase
288,235,purchase
288,323,purchase
288,144,purchase
288,95,purchase
288,485,view
289,358,cart
289,124,cart
289,92,cart
289,406,view
289,475,cart
290,173,purchase
290,22,view
290,123,view
290,123,purchase
290,408,cart
290,286,purchase
290,20,purchase
290,190,view
290,55,view
290,346,view
290,29,view
290,80,cart
290,297,cart
290,285,view
290,482,purchase
290,251,view
291,191,cart
291,9,cart
291,193,view
291,461,cart
291,115,cart
291,63,cart
291,1,purchase
292,59,cart
292,449,purchase
292,487,view
292,32,view
292,447,view
292,479,purchase
292,51,cart
292,315,purchase
292,73,view
292,84,purchase
292,452,purchase
292,304,cart
292,236,purchase
292,19,view
292,292,purchase
292,192,cart
292,186,purchase
293,472,view
293,452,cart
293,460,purchase
293,282,cart
293,282,view
293,106,view
293,146,purchase
293,434,purchase
293,236,purchase
293,344,view
293,263,view
293,175,purchase
293,216,cart
294,190,view
294,173,view
294,382,purchase
294,107,cart
294,298,view
294,301,purchase
295,357,purchase
295,92,view
295,389,view
295,389,cart
295,379,view
295,499,view
296,335,view
296,192,cart
296,284,view
296,321,purchase
296,32,view
296,274,purchase
296,1,purchase
296,54,cart
296,292,view
296,290,view
297,491,cart
297,18,purchase
297,371,cart
297,421,purchase
297,421,purchase
297,118,purchase
297,330,purchase
297,453,view
297,412,view
297,115,purchase
297,343,purchase
297,246,view
297,45,cart
297,412,purchase
297,226,cart
297,148,view
297,291,view
297,364,purchase
297,260,cart
298,22,cart
298,167,view
298,264,view
298,275,purchase
298,79,view
298,342,view
298,314,purchase
299,351,purchase
299,447,purchase
299,246,cart
299,34,cart
299,75,view
299,383,purchase
299,136,cart
299,246,view
299,273,cart
299,173,cart
299,383,cart
299,160,cart
299,137,purchase
300,335,purchase
300,445,purchase
300,386,view
300,125,view
300,417,cart
300,57,cart
300,63,cart
300,466,cart
300,326,view
300,481,purchase
301,456,purchase
301,420,view
301,318,cart
301,179,cart
301,495,view
301,156,view
302,369,purchase
302,403,view
302,25,purchase
302,262,view
302,220,cart
302,452,purchase
302,3,purchase
302,288,view
302,463,view
302,247,cart
302,271,cart
302,33,view
302,298,cart
302,487,view
302,103,cart
302,34,view
302,181,view
303,144,purchase
303,457,view
303,290,cart
303,160,view
303,276,view
303,173,cart
304,224,cart
304,51,purchase
304,51,view
304,331,view
304,348,cart
304,88,cart
304,239,view
304,204,view
304,381,purchase
304,144,purchase
304,230,view
304,345,purchase
304,284,purchase
304,109,view
305,263,cart
305,329,purchase
305,337,view
305,355,purchase
305,3,purchase
305,151,cart
305,482,purchase
305,49,cart
305,231,purchase
305,22,cart
305,453,cart
305,65,purchase
305,203,purchase
305,46,purchase
305,385,purchase
305,131,view
305,96,view
305,79,cart
305,403,cart
306,69,view
306,400,purchase
306,494,purchase
306,112,cart
306,179,view
306,12,purchase
306,290,cart
306,73,cart
306,11,view
306,209,view
306,399,purchase
306,301,purchase
307,426,view
307,118,cart
307,466,view
307,146,purchase
307,67,view
307,25,view
307,261,purchase
308,166,cart
308,430,view
308,196,purchase
308,447,purchase
308,362,view
308,256,view
308,336,view
308,500,view
308,437,cart
308,211,purchase
308,237,cart
309,98,cart
309,394,purchase
309,478,cart
309,257,cart
309,192,cart
309,459,view
309,413,cart
309,218,cart
309,260,purchase
309,70,view
309,216,cart
309,222,cart
309,152,cart
309,91,cart
309,80,purchase
309,374,view
309,408,purchase
310,435,view
310,333,cart
310,344,cart
310,397,view
310,181,view
310,178,view
310,162,cart
310,489,view
310,492,purchase
310,333,purchase
310,476,view
310,259,cart
310,371,cart
310,447,view
310,463,cart
311,293,cart
311,200,purchase
311,131,cart
311,24,view
311,9,cart
311,256,view
311,23,cart
311,229,view
311,151,purchase
311,395,view
311,399,cart
311,473,cart
311,413,purchase
311,311,view
311,164,cart
311,494,view
311,470,purchase
312,210,purchase
312,258,view
312,374,purchase
312,54,cart
312,83,purchase
312,225,cart
312,185,view
312,32,cart
312,466,purchase
312,31,purchase
312,147,purchase
312,198,cart
312,240,view
312,454,view
312,152,cart
312,456,purchase
312,383,view
312,37,view
312,85,view
312,143,view
313,353,cart
313,348,view
313,419,view
313,418,view
313,452,cart
314,204,view
314,88,purchase
314,389,purchase
314,163,cart
314,121,purchase
314,481,cart
315,155,view
315,71,view
315,131,view
315,231,purchase
315,84,view
315,82,cart
316,491,purchase
316,11,view
316,123,purchase
316,167,view
316,277,purchase
316,444,cart
316,121,cart
316,172,view
316,67,view
316,494,purchase
316,184,purchase
316,201,view
316,337,view
316,21,purchase
316,436,cart
316,431,purchase
316,445,view
316,183,view
316,31,cart
317,213,purchase
317,426,cart
317,258,purchase
317,435,cart
317,162,view
317,32,view
317,36,cart
317,159,purchase
318,115,cart
318,304,view
318,171,purchase
318,156,cart
318,279,view
319,217,purchase
319,438,cart
319,261,purchase
319,203,view
319,77,purchase
319,498,purchase
319,149,purchase
319,289,purchase
319,306,view
319,398,cart
319,280,purchase
319,451,view
319,393,purchase
319,323,cart
319,188,cart
320,231,cart
320,368,purchase
320,371,view
320,248,view
320,289,cart
320,215,view
320,48,view
320,68,view
320,109,cart
320,149,purchase
320,1,view
320,212,purchase
320,84,view
320,497,view
320,196,purchase
320,72,purchase
320,247,purchase
320,328,purchase
321,119,view
321,170,purchase
321,53,view
321,39,view
321,1,purchase
321,198,cart
321,59,cart
321,237,purchase
321,429,cart
321,472,cart
321,489,view
321,2,purchase
321,351,view
321,260,cart
321,27,purchase
321,484,purchase
321,17,view
321,412,view
321,352,view
321,82,view
322,246,cart
322,121,cart
322,294,purchase
322,278,purchase
322,449,view
322,123,view
322,403,view
322,167,purchase
322,488,cart
322,347,cart
322,409,purchase
322,262,cart
322,261,cart
322,51,purchase
322,243,cart
323,26,view
323,88,purchase
323,80,cart
323,7,purchase
323,161,view
323,186,view
323,142,purchase
323,248,purchase
323,229,purchase
323,495,cart
323,404,purchase
323,115,cart
323,60,purchase
323,390,cart
323,195,purchase
323,42,view
323,177,view
323,358,view
323,15,view
323,125,purchase
324,32,purchase
324,372,cart
324,68,cart
324,373,purchase
324,430,view
324,325,cart
325,325,view
325,198,view
325,35,cart
325,283,view
325,113,purchase
325,312,cart
325,204,cart
325,174,purchase
325,173,purchase
325,361,view
325,285,purchase
325,225,cart
325,472,purchase
326,484,view
326,366,cart
326,432,view
326,134,purchase
326,115,view
326,329,view
326,216,view
326,60,cart
326,1,cart
326,164,purchase
326,468,purchase
326,378,cart
326,290,view
326,178,view
326,6,cart
326,62,cart
327,360,cart
327,35,cart
327,325,view
327,497,view
327,416,cart
327,27,cart
327,438,purchase
327,311,purchase
327,334,view
327,348,purchase
327,360,view
327,277,cart
327,400,cart
328,414,view
328,348,view
328,57,cart
328,232,cart
328,239,cart
328,301,view
328,475,view
328,176,cart
328,176,cart
328,261,view
328,244,purchase
328,494,purchase
328,471,purchase
328,25,purchase
328,500,purchase
328,472,purchase
328,226,purchase
328,306,view
329,203,purchase
329,424,purchase
329,204,cart
329,81,purchase
329,481,cart
329,396,view
329,125,purchase
329,305,view
329,422,view
330,497,purchase
330,4,cart
330,401,cart
330,264,cart
330,167,purchase
330,145,view
330,128,purchase
330,488,view
330,440,purchase
330,314,purchase
330,136,purchase
330,185,cart
331,415,purchase
331,393,cart
331,392,purchase
331,10,cart
331,62,view
331,4,cart
331,111,cart
331,201,purchase
331,352,cart
331,139,purchase
332,340,view
332,84,purchase
332,218,view
332,165,view
332,280,view
332,32,view
332,305,cart
332,245,view
332,397,purchase
333,410,cart
333,21,view
333,483,cart
333,16,view
333,10,cart
333,463,view
333,144,cart
334,345,view
334,388,cart
334,326,view
334,143,cart
334,246,cart
334,212,cart
334,92,view
334,446,view
334,352,view
334,100,purchase
334,498,cart
334,457,purchase
334,179,view
334,417,purchase
334,274,cart
334,401,purchase
334,224,purchase
334,365,cart
334,484,cart
335,70,cart
335,187,cart
335,290,view
335,18,view
335,147,purchase
336,240,view
336,438,cart
336,393,purchase
336,446,purchase
336,200,cart
336,55,cart
336,157,view
336,499,view
336,329,purchase
337,304,view
337,464,view
337,355,purchase
337,414,purchase
337,444,view
337,169,view
337,132,view
337,50,cart
337,304,cart
337,226,purchase
337,13,purchase
337,494,cart
338,274,cart
338,62,purchase
338,333,cart
338,467,cart
338,426,purchase
338,138,cart
338,402,cart
338,276,purchase
339,356,view
339,379,cart
339,162,purchase
339,82,purchase
339,361,view
339,370,purchase
339,458,view
339,66,cart
339,110,cart
339,22,purchase
339,113,view
339,482,cart
340,273,purchase
340,61,cart
340,48,view
340,371,purchase
340,334,cart
340,25,cart
340,444,purchase
341,264,view
341,126,cart
341,226,view
341,125,purchase
341,120,view
341,341,view
341,73,purchase
341,273,cart
341,417,view
341,279,view
341,44,view
342,327,purchase
342,206,view
342,86,cart
342,107,purchase
342,305,cart
343,402,purchase
343,308,cart
343,379,cart
343,480,cart
343,392,cart
343,191,view
343,273,view
343,114,cart
343,431,view
343,129,cart
343,378,view
343,225,view
344,73,cart
344,394,cart
344,170,purchase
344,123,cart
344,45,view
344,145,view
344,105,cart
344,338,cart
344,77,purchase
344,329,view
345,460,view
345,133,purchase
345,25,purchase
345,150,cart
345,4,cart
345,286,cart
345,52,purchase
345,272,view
345,406,purchase
345,333,view
345,500,view
345,51,cart
345,244,view
345,265,cart
345,294,cart
345,343,cart
345,465,cart
345,152,view
346,493,view
346,26,cart
346,65,purchase
346,77,cart
346,374,purchase
346,145,view
346,171,view
346,67,purchase
346,239,cart
346,216,cart
346,382,purchase
346,118,purchase
346,109,purchase
346,45,purchase
346,427,view
346,88,view
347,355,purchase
347,416,cart
347,99,view
347,367,purchase
347,138,cart
347,94,purchase
347,139,view
347,486,cart
347,190,view
347,417,cart
347,149,purchase
347,381,view
347,322,cart
347,80,purchase
348,288,cart
348,315,view
348,237,purchase
348,168,cart
348,125,view
348,432,purchase
348,345,purchase
348,118,purchase
348,427,cart
348,442,cart
348,481,cart
348,323,view
349,23,cart
349,155,view
349,122,view
349,331,cart
349,484,purchase
349,358,view
349,204,cart
350,451,purchase
350,70,cart
350,31,cart
350,302,purchase
350,183,view
350,171,cart
350,133,cart
350,187,view
350,374,purchase
350,331,purchase
350,13,cart
350,325,purchase
350,370,purchase
350,62,view
350,408,cart
350,157,purchase
350,479,view
351,104,purchase
351,412,purchase
351,329,view
351,277,view
351,144,purchase
351,471,view
351,203,purchase
351,290,purchase
351,210,cart
351,178,view
351,326,purchase
351,380,view
352,4,purchase
352,33,view
352,71,view
352,204,cart
352,495,purchase
352,47,purchase
352,68,purchase
352,323,view
352,145,cart
352,232,cart
352,424,cart
352,145,view
352,292,cart
352,437,view
352,187,cart
352,388,purchase
352,357,view
352,150,view
352,392,cart
353,442,cart
353,4,purchase
353,443,purchase
353,153,view
353,429,cart
353,307,cart
354,43,view
354,76,cart
354,41,purchase
354,436,cart
354,379,cart
354,206,cart
354,378,cart
354,13,view
354,51,view
354,405,cart
354,449,cart
355,9,purchase
355,201,purchase
355,115,purchase
355,59,purchase
355,180,view
355,198,cart
355,497,cart
355,161,purchase
355,479,cart
355,399,view
355,396,purchase
356,195,purchase
356,158,cart
356,24,cart
356,319,cart
356,252,purchase
356,488,cart
356,471,cart
356,74,cart
357,51,cart
357,254,view
357,147,view
357,72,cart
357,136,cart
357,351,view
357,111,purchase
357,287,cart
357,492,cart
357,400,purchase
357,372,view
358,57,cart
358,432,view
358,12,view
358,79,cart
358,15,purchase
358,388,purchase
358,47,cart
358,317,purchase
358,380,purchase
358,45,view
359,427,purchase
359,397,cart
359,363,view
359,175,cart
359,367,purchase
359,374,view
359,416,cart
360,94,cart
360,306,view
360,74,cart
360,97,purchase
360,370,cart
360,465,purchase
360,232,purchase
360,147,cart
360,330,purchase
361,395,cart
361,192,purchase
361,151,view
361,304,cart
361,70,purchase
361,148,cart
362,472,purchase
362,181,purchase
362,273,view
362,24,cart
362,437,cart
362,336,cart
362,345,view
362,246,cart
362,412,purchase
362,83,purchase
362,249,purchase
362,215,view
362,407,cart
362,73,cart
362,287,view
362,324,cart
362,458,view
362,137,cart
363,337,cart
363,75,view
363,264,purchase
363,170,cart
363,384,view
363,260,view
363,299,view
363,200,cart
363,297,view
363,119,view
363,56,purchase
363,300,cart
364,273,view
364,13,purchase
364,26,view
364,405,purchase
364,422,view
365,282,cart
365,188,view
365,61,cart
365,488,view
365,165,cart
365,308,view
365,493,cart
365,372,cart
365,14,purchase
365,119,purchase
365,376,cart
365,477,view
365,91,view
365,226,cart
365,94,purchase
365,167,purchase
366,196,cart
366,104,view
366,166,view
366,400,view
366,170,cart
366,158,purchase
366,392,cart
366,299,view
366,144,view
366,438,view
366,475,purchase
366,193,cart
366,56,cart
366,284,cart
366,293,cart
366,390,view
366,115,view
366,451,cart
367,377,cart
367,18,view
367,240,cart
367,63,purchase
367,452,cart
367,376,purchase
367,62,purchase
367,241,view
367,185,view
367,303,view
367,129,purchase
367,16,purchase
367,10,cart
367,87,purchase
367,379,purchase
367,92,purchase
367,134,purchase
368,86,view
368,198,purchase
368,390,view
368,495,cart
368,50,purchase
368,344,purchase
368,500,view
368,458,cart
368,102,view
368,444,purchase
368,418,cart
368,221,cart
368,293,cart
368,327,purchase
368,83,purchase
368,151,purchase
368,362,purchase
368,439,view
368,248,view
369,7,view
369,221,view
369,340,purchase
369,247,purchase
369,379,purchase
369,335,view
369,419,view
369,230,cart
369,155,view
369,428,view
369,463,view
369,121,view
370,222,purchase
370,487,view
370,327,purchase
370,379,cart
370,215,purchase
370,342,cart
370,274,view
370,17,view
370,379,purchase
370,392,view
370,302,view
370,168,cart
370,116,view
370,185,purchase
370,391,view
370,170,view
371,446,cart
371,446,purchase
371,332,cart
371,177,cart
371,234,view
371,242,view
371,492,cart
371,241,view
372,408,cart
372,85,cart
372,425,purchase
372,174,view
372,282,purchase
372,4,view
372,385,cart
372,123,view
372,368,cart
372,84,cart
372,8,view
373,202,cart
373,259,view
373,293,purchase
373,230,view
373,246,purchase
373,279,cart
373,464,view
373,8,view
373,369,cart
373,337,view
373,98,view
373,305,cart
373,6,purchase
373,228,view
373,312,cart
374,3,purchase
374,347,view
374,347,view
374,108,view
374,495,cart
374,58,cart
374,46,view
374,496,cart
374,432,view
374,282,view
374,496,cart
374,399,view
374,230,purchase
374,309,purchase
374,457,view
374,338,view
374,93,cart
374,364,purchase
374,234,cart
375,318,view
375,444,purchase
375,408,cart
375,314,cart
375,118,purchase
375,176,cart
375,407,cart
375,324,purchase
376,251,cart
376,488,purchase
376,260,view
376,300,cart
376,463,cart
376,41,cart
376,134,view
376,240,purchase
376,346,view
376,383,purchase
376,375,purchase
376,93,purchase
376,271,purchase
376,411,purchase
376,173,view
376,487,cart
376,138,cart
377,233,view
377,317,purchase
377,308,cart
377,22,purchase
377,135,view
377,199,purchase
377,285,view
377,398,view
377,335,view
377,364,cart
377,404,view
377,228,cart
377,138,purchase
377,54,purchase
377,204,view
377,283,purchase
378,187,cart
378,338,cart
378,271,purchase
378,460,view
378,239,cart
378,59,purchase
378,237,purchase
378,421,purchase
378,122,cart
378,304,purchase
378,137,cart
379,93,cart
379,7,purchase
379,178,purchase
379,187,cart
379,76,purchase
379,312,purchase
379,355,purchase
380,414,purchase
380,214,view
380,77,purchase
380,407,purchase
380,40,cart
380,217,purchase
380,393,view
380,315,purchase
380,108,cart
380,368,view
380,1,purchase
380,18,view
380,278,cart
380,213,purchase
380,277,cart
380,315,view
380,496,view
381,336,view
381,333,view
381,158,view
381,76,purchase
381,264,cart
381,135,purchase
381,125,purchase
381,117,purchase
381,367,view
381,265,cart
381,463,cart
381,205,purchase
381,180,purchase
381,318,cart
381,243,view
381,115,cart
381,488,cart
381,182,view
381,215,purchase
382,163,view
382,97,view
382,252,purchase
382,345,cart
382,330,purchase
382,155,cart
383,77,cart
383,455,purchase
383,72,view
383,318,purchase
383,459,view
383,219,cart
383,310,view
383,208,purchase
383,18,cart
384,459,purchase
384,186,view
384,211,purchase
384,423,purchase
384,73,cart
384,72,cart
384,213,cart
384,352,cart
384,157,view
384,188,cart
384,416,view
384,396,purchase
384,146,purchase
384,412,view
384,489,cart
384,20,cart
384,409,purchase
385,494,view
385,433,purchase
385,56,purchase
385,164,cart
385,122,cart
385,278,view
385,42,view
385,20,cart
385,147,cart
385,109,view
385,252,purchase
386,17,view
386,227,view
386,171,purchase
386,447,view
386,50,cart
386,187,view
386,55,purchase
386,22,purchase
386,174,cart
386,492,purchase
386,134,purchase
387,7,cart
387,393,view
387,80,purchase
387,362,purchase
387,177,cart
388,128,view
388,290,purchase
388,169,cart
388,410,view
388,266,view
388,493,purchase
388,128,view
388,431,cart
388,270,cart
388,446,purchase
389,37,cart
389,424,purchase
389,260,purchase
389,57,cart
389,51,cart
389,113,view
389,6,purchase
389,85,purchase
389,242,purchase
389,398,view
389,124,cart
389,427,cart
389,124,view
389,418,cart
389,140,cart
389,187,view
389,242,cart
389,475,cart
389,490,cart
389,328,view
390,78,purchase
390,491,view
390,478,view
390,117,cart
390,46,purchase
390,324,purchase
390,75,cart
390,375,view
390,290,cart
390,419,cart
390,339,purchase
390,283,view
390,95,purchase
390,370,cart
390,366,purchase
391,5,view
391,429,cart
391,445,cart
391,217,view
391,305,view
391,8,view
391,162,view
391,111,view
391,402,view
391,262,view
391,441,view
392,100,view
392,229,purchase
392,9,view
392,143,purchase
392,475,cart
392,321,view
392,486,view
392,211,purchase
392,252,view
392,323,cart
393,144,view
393,59,cart
393,462,cart
393,11,view
393,338,purchase
393,284,view
394,469,cart
394,140,cart
394,252,purchase
394,214,purchase
394,55,purchase
394,304,view
394,72,purchase
394,141,cart
394,53,purchase
394,19,cart
394,324,purchase
394,168,purchase
395,348,view
395,339,purchase
395,207,purchase
395,127,cart
395,388,cart
395,176,cart
395,490,purchase
395,464,cart
395,480,view
395,465,purchase
395,195,purchase
395,206,cart
395,412,view
395,158,purchase
395,353,cart
395,470,cart
395,307,cart
395,318,purchase
396,93,view
396,431,purchase
396,299,purchase
396,111,view
396,97,cart
396,465,purchase
396,228,view
397,473,cart
397,495,cart
397,178,view
397,246,cart
397,321,purchase
397,388,purchase
397,144,cart
397,428,purchase
397,252,cart
398,199,cart
398,327,purchase
398,6,cart
398,227,view
398,491,view
398,155,view
398,176,cart
398,172,cart
398,333,view
398,203,cart
398,39,view
398,261,cart
398,423,view
398,76,cart
398,102,cart
398,4,cart
398,411,purchase
399,330,view
399,405,cart
399,197,cart
399,9,view
399,278,cart
399,241,cart
399,305,purchase
399,24,view
399,320,purchase
399,85,cart
399,257,view
399,13,purchase
399,354,cart
399,498,cart
399,9,purchase
399,294,purchase
399,196,purchase
399,341,purchase
399,411,cart
400,66,cart
400,258,view
400,362,cart
400,4,purchase
400,216,cart
400,265,view
400,22,view
400,279,purchase
400,92,cart
400,385,purchase
400,40,purchase
400,241,cart
400,196,view
400,248,view
400,362,cart
400,500,cart
401,389,cart
401,118,cart
401,30,cart
401,164,purchase
401,50,view
401,426,cart
401,63,cart
401,378,cart
401,345,cart
401,290,view
401,303,view
401,372,purchase
401,315,cart
401,89,view
401,250,cart
401,52,view
402,15,cart
402,45,purchase
402,91,view
402,250,cart
402,197,view
402,168,cart
402,237,view
402,209,cart
402,322,cart
402,456,purchase
402,289,cart
402,303,cart
402,419,purchase
402,487,purchase
402,252,view
403,202,view
403,411,cart
403,8,view
403,309,view
403,180,purchase
403,467,purchase
403,383,view
403,344,purchase
403,280,view
403,173,cart
404,161,view
404,198,purchase
404,317,view
404,302,cart
404,84,purchase
404,182,view
404,153,cart
404,431,cart
404,232,purchase
404,307,view
404,88,cart
404,378,view
404,105,cart
404,35,purchase
405,459,cart
405,17,view
405,69,purchase
405,471,purchase
405,405,purchase
405,406,cart
406,276,purchase
406,213,view
406,433,cart
406,13,cart
406,134,cart
406,209,view
407,77,cart
407,400,view
407,271,purchase
407,496,cart
407,218,view
407,142,view
407,198,purchase
407,114,view
407,490,view
407,269,cart
407,304,cart
407,20,purchase
407,207,purchase
408,87,purchase
408,226,purchase
408,372,purchase
408,158,purchase
408,321,purchase
408,14,cart
408,325,purchase
408,135,cart
409,94,purchase
409,280,view
409,142,purchase
409,231,purchase
409,350,cart
409,471,purchase
409,499,view
409,348,cart
409,322,cart
409,187,view
409,207,cart
409,119,cart
409,73,cart
409,53,view
409,299,view
409,65,purchase
410,153,view
410,173,cart
410,352,view
410,462,purchase
410,152,view
410,283,cart
410,99,cart
410,440,cart
410,90,view
410,19,view
410,343,purchase
410,284,view
410,144,cart
411,346,cart
411,453,view
411,462,view
411,71,view
411,408,view
411,422,view
411,156,cart
412,444,view
412,257,view
412,264,cart
412,424,purchase
412,163,view
412,195,view
412,73,view
412,260,purchase
412,349,cart
412,369,cart
412,189,purchase
412,242,purchase
412,361,view
412,11,cart
412,274,view
412,136,view
412,322,cart
412,15,purchase
412,500,view
412,330,cart
413,52,view
413,366,cart
413,423,cart
413,302,purchase
413,189,purchase
413,492,purchase
413,204,cart
413,314,view
413,23,view
413,36,view
414,103,cart
414,14,view
414,152,cart
414,111,purchase
414,408,view
414,404,purchase
415,185,view
415,499,purchase
415,277,view
415,340,purchase
415,218,purchase
415,275,purchase
415,185,purchase
415,18,view
416,88,cart
416,362,view
416,236,cart
416,24,purchase
416,10,cart
416,463,view
416,165,view
416,140,view
416,228,view
416,37,view
416,324,cart
416,433,cart
417,7,purchase
417,231,cart
417,419,cart
417,88,cart
417,430,view
417,450,cart
417,182,cart
417,401,cart
417,88,view
417,112,view
417,475,purchase
417,278,cart
417,449,purchase
417,253,cart
417,452,cart
417,19,cart
417,333,purchase
418,346,view
418,171,purchase
418,266,purchase
418,118,cart
418,341,view
418,223,view
418,14,purchase
418,435,view
418,227,view
418,225,view
419,201,purchase
419,399,cart
419,307,view
419,201,cart
419,475,purchase
419,161,view
419,408,cart
419,429,purchase
419,205,view
419,414,view
419,27,purchase
420,135,cart
420,214,view
420,456,view
420,108,cart
420,380,cart
420,415,view
420,98,purchase
420,187,view
420,117,view
420,131,view
420,115,view
420,304,purchase
420,203,purchase
420,490,cart
420,370,purchase
420,118,view
420,279,view
420,362,cart
421,154,cart
421,354,purchase
421,299,purchase
421,383,view
421,310,purchase
421,492,purchase
421,292,cart
421,271,purchase
421,259,view
421,84,purchase
421,74,cart
421,341,cart
421,284,cart
421,48,view
422,449,view
422,6,cart
422,444,view
422,478,purchase
422,154,purchase
422,172,cart
422,207,cart
422,124,view
422,220,view
422,100,purchase
422,162,purchase
422,156,cart
422,384,view
422,87,cart
423,422,view
423,364,cart
423,305,cart
423,98,cart
423,128,cart
423,371,purchase
423,223,cart
423,290,purchase
423,476,purchase
423,446,purchase
423,137,cart
423,243,view
424,65,view
424,435,view
424,63,purchase
424,472,view
424,16,cart
424,137,purchase
425,32,cart
425,359,purchase
425,340,view
425,5,purchase
425,61,purchase
425,370,purchase
425,3,cart
425,492,view
425,361,view
425,271,view
425,269,cart
426,23,view
426,392,view
426,130,cart
426,470,cart
426,329,purchase
426,28,view
426,357,cart
426,401,cart
426,115,view
426,385,view
426,183,view
426,60,cart
427,321,view
427,143,purchase
427,83,purchase
427,49,purchase
427,371,view
427,427,view
428,177,view
428,293,cart
428,151,purchase
428,55,cart
428,205,cart
428,487,cart
428,472,view
429,185,view
429,361,purchase
429,413,view
429,159,cart
429,21,view
429,400,cart
429,165,purchase
429,466,purchase
429,58,purchase
429,179,cart
429,148,purchase
429,475,cart
429,442,purchase
429,100,purchase
429,395,view
430,26,cart
430,271,view
430,384,view
430,183,view
430,24,view
430,111,cart
430,30,view
430,437,purchase
430,84,cart
430,215,purchase
430,301,view
430,31,view
430,306,cart
430,451,view
431,181,view
431,358,cart
431,226,cart
431,350,cart
431,335,view
431,466,cart
431,7,view
431,244,purchase
432,471,view
432,32,view
432,166,purchase
432,135,cart
432,118,purchase
432,435,cart
432,57,purchase
432,214,view
433,494,view
433,10,view
433,262,purchase
433,357,purchase
433,343,cart
433,370,view
434,404,cart
434,124,view
434,222,cart
434,151,cart
434,219,view
434,327,view
434,487,purchase
435,216,purchase
435,86,view
435,80,cart
435,160,purchase
435,139,cart
435,228,purchase
435,271,cart
435,437,view
435,341,cart
435,352,cart
435,428,cart
435,387,cart
435,21,view
435,341,view
435,22,view
436,205,view
436,171,purchase
436,23,cart
436,474,cart
436,181,cart
436,250,view
437,170,view
437,476,view
437,150,purchase
437,49,view
437,322,view
437,41,purchase
437,226,purchase
437,237,purchase
437,436,cart
438,396,purchase
438,279,view
438,72,cart
438,110,purchase
438,485,purchase
438,190,cart
438,14,cart
438,47,cart
438,198,view
438,182,view
438,443,cart
438,41,cart
438,499,cart
438,39,cart
438,261,purchase
438,207,view
438,178,cart
438,44,view
438,168,purchase
439,276,view
439,289,cart
439,348,purchase
439,195,view
439,464,cart
439,276,purchase
439,475,purchase
439,163,purchase
439,403,view
439,412,view
439,308,cart
439,216,purchase
440,161,view
440,113,purchase
440,146,view
440,476,view
440,367,cart
440,384,purchase
440,219,purchase
440,155,view
440,55,cart
440,452,cart
440,367,view
440,93,cart
440,191,view
440,452,view
440,332,purchase
440,358,view
440,6,cart
440,34,cart
441,36,purchase
441,443,view
441,438,cart
441,131,view
441,438,purchase
441,76,view
441,273,purchase
441,40,cart
441,178,purchase
441,415,cart
441,301,cart
441,100,view
441,140,purchase
441,122,cart
441,476,purchase
441,124,purchase
441,63,view
442,79,view
442,338,cart
442,279,cart
442,499,view
442,134,purchase
442,469,purchase
442,266,cart
442,181,view
442,41,view
442,140,cart
442,434,purchase
442,336,purchase
443,45,purchase
443,265,purchase
443,189,purchase
443,91,purchase
443,309,view
443,99,view
443,328,view
443,302,purchase
443,102,purchase
443,34,view
444,104,purchase
444,473,cart
444,200,cart
444,330,purchase
444,225,cart
444,246,cart
444,203,view
444,371,view
444,99,cart
444,225,purchase
445,279,view
445,244,view
445,147,purchase
445,153,purchase
445,261,purchase
445,124,purchase
445,271,purchase
445,151,view
445,464,cart
445,80,cart
445,40,cart
445,345,view
445,329,cart
446,11,view
446,406,view
446,406,view
446,220,view
446,484,purchase
447,497,purchase
447,400,purchase
447,141,view
447,359,cart
447,368,purchase
447,111,purchase
447,335,view
447,83,cart
447,237,cart
447,454,cart
447,429,view
447,494,view
447,174,purchase
447,304,cart
448,107,view
448,381,cart
448,360,view
448,450,cart
448,387,cart
448,157,view
448,43,cart
448,259,cart
448,69,purchase
448,278,cart
448,457,cart
448,107,cart
448,247,purchase
448,98,view
448,56,purchase
448,30,cart
448,370,cart
448,87,purchase
448,176,cart
448,417,purchase
449,46,cart
449,154,cart
449,129,view
449,92,purchase
449,435,purchase
449,21,purchase
449,263,purchase
449,412,cart
449,259,cart
449,457,view
449,281,purchase
449,358,view
449,394,view
449,400,view
449,148,view
449,480,cart
449,252,cart
450,492,view
450,494,view
450,374,view
450,256,view
450,222,view
450,62,cart
450,245,purchase
451,419,cart
451,252,purchase
451,87,view
451,476,cart
451,451,view
452,465,view
452,409,view
452,105,view
452,318,purchase
452,400,view
452,51,cart
452,272,cart
452,419,view
452,296,cart
452,29,cart
452,499,purchase
452,69,view
453,26,view
453,165,cart
453,257,cart
453,2,view
453,344,cart
453,210,cart
453,472,cart
453,422,cart
453,413,view
453,6,purchase
453,392,view
453,336,cart
453,315,view
453,11,cart
453,420,purchase
453,124,cart
453,42,cart
454,235,cart
454,61,cart
454,458,cart
454,367,purchase
454,49,cart
454,263,cart
454,51,purchase
454,249,purchase
455,47,view
455,223,cart
455,11,purchase
455,453,view
455,424,view
455,461,view
455,101,cart
455,417,cart
455,497,cart
455,402,purchase
455,420,view
455,425,cart
455,333,purchase
455,145,cart
455,399,view
455,63,purchase
456,156,purchase
456,41,cart
456,89,view
456,460,cart
456,118,cart
456,73,purchase
456,444,view
456,299,view
456,87,purchase
456,477,cart
456,263,view
456,97,purchase
456,56,view
456,388,view
456,339,cart
456,244,purchase
456,467,cart
457,142,view
457,117,cart
457,65,purchase
457,233,cart
457,22,cart
457,382,purchase
457,182,view
457,436,purchase
457,188,view
458,427,cart
458,267,purchase
458,51,purchase
458,464,view
458,78,view
458,396,purchase
458,214,cart
458,338,purchase
458,129,cart
458,141,purchase
458,139,purchase
458,341,cart
458,188,view
458,301,view
458,464,cart
458,349,cart
459,368,view
459,466,purchase
459,363,purchase
459,455,purchase
459,408,cart
459,387,purchase
459,405,cart
460,300,view
460,462,purchase
460,193,purchase
460,27,cart
460,221,cart
460,208,view
460,117,purchase
460,139,view
460,426,view
460,407,cart
460,479,view
460,80,cart
460,330,cart
460,362,cart
460,124,cart
460,408,cart
460,201,cart
460,423,purchase
461,328,cart
461,450,cart
461,362,purchase
461,217,view
461,262,view
461,407,cart
462,386,view
462,9,cart
462,350,purchase
462,249,purchase
462,192,purchase
462,435,cart
462,345,view
462,458,cart
462,273,cart
462,31,view
463,261,purchase
463,4,cart
463,338,purchase
463,311,view
463,305,view
463,473,cart
463,38,cart
463,207,view
463,379,purchase
463,159,cart
463,10,purchase
463,159,purchase
463,432,view
463,223,view
464,313,view
464,100,cart
464,134,view
464,219,purchase
464,181,cart
465,72,purchase
465,139,cart
465,39,purchase
465,18,cart
465,464,purchase
465,428,purchase
465,202,view
465,454,view
465,481,view
465,488,view
466,194,view
466,425,view
466,166,view
466,221,view
466,491,cart
466,254,purchase
466,319,view
466,435,cart
466,345,view
466,409,cart
466,377,cart
466,210,view
466,363,purchase
466,347,view
466,101,view
467,94,view
467,465,purchase
467,148,cart
467,11,view
467,20,purchase
467,483,purchase
467,148,view
467,17,view
467,160,cart
467,265,view
467,220,view
467,484,purchase
467,266,cart
467,10,view
468,382,cart
468,195,purchase
468,287,cart
468,133,view
468,232,cart
468,346,purchase
468,46,view
468,389,purchase
468,500,view
468,6,view
468,377,purchase
468,457,view
468,411,cart
469,466,cart
469,480,view
469,43,purchase
469,266,purchase
469,66,view
469,69,purchase
469,426,view
469,32,cart
469,103,view
469,294,purchase
469,373,view
469,37,cart
469,364,purchase
469,268,cart
469,405,cart
469,345,cart
469,237,cart
470,435,purchase
470,416,view
470,292,cart
470,375,purchase
470,462,cart
470,235,purchase
470,195,purchase
470,81,view
470,353,purchase
470,17,purchase
470,430,view
470,345,view
470,254,purchase
471,74,view
471,233,view
471,424,cart
471,434,view
471,72,view
471,225,cart
471,101,purchase
471,210,cart
471,301,cart
471,43,view
472,246,purchase
472,205,view
472,423,view
472,386,view
472,244,view
472,62,view
472,475,purchase
472,426,cart
473,194,purchase
473,471,view
473,339,purchase
473,26,view
473,186,purchase
473,285,cart
473,45,cart
473,34,cart
473,110,view
473,51,purchase
474,396,purchase
474,276,view
474,164,purchase
474,330,view
474,323,purchase
474,446,cart
474,174,cart
474,360,cart
474,316,purchase
474,291,cart
475,406,view
475,125,cart
475,299,cart
475,295,purchase
475,232,view
475,307,view
475,119,view
475,149,cart
475,346,cart
475,162,cart
475,496,purchase
475,46,purchase
475,437,cart
475,364,purchase
475,275,cart
475,494,purchase
475,259,cart
475,467,view
475,275,view
476,307,cart
476,167,purchase
476,349,cart
476,172,cart
476,44,cart
476,130,view
476,190,view
476,307,purchase
476,490,purchase
476,222,purchase
476,15,view
476,216,view
476,315,cart
477,420,purchase
477,212,view
477,296,purchase
477,487,view
477,184,purchase
477,141,view
477,328,purchase
477,12,cart
477,358,purchase
477,56,cart
477,384,purchase
477,230,view
477,386,view
477,328,cart
477,231,cart
477,328,cart
477,205,cart
478,369,cart
478,277,purchase
478,68,view
478,108,view
478,83,cart
478,59,purchase
478,379,view
479,324,purchase
479,257,view
479,319,view
479,316,cart
479,317,cart
479,282,view
479,206,purchase
479,469,purchase
479,264,view
479,1,purchase
479,491,purchase
479,173,purchase
479,123,purchase
479,283,purchase
479,290,cart
479,16,view
479,498,purchase
479,81,cart
480,9,purchase
480,495,view
480,271,view
480,497,purchase
480,494,view
480,1,purchase
480,497,cart
480,211,cart
480,57,purchase
480,412,view
480,358,cart
480,407,cart
481,480,cart
481,145,cart
481,363,view
481,464,view
481,409,purchase
481,422,view
481,37,purchase
481,201,view
481,50,view
481,311,view
481,180,cart
481,365,view
482,85,cart
482,218,purchase
482,333,cart
482,452,cart
482,405,purchase
482,437,view
482,382,view
482,188,cart
482,457,cart
482,166,purchase
482,402,view
482,375,view
482,10,view
483,442,purchase
483,465,purchase
483,286,purchase
483,447,view
483,215,cart
483,243,purchase
483,59,cart
483,89,purchase
483,292,view
483,500,cart
483,298,purchase
483,81,cart
483,164,purchase
483,214,view
483,316,purchase
483,156,cart
484,459,view
484,355,purchase
484,217,purchase
484,233,view
484,21,view
484,458,cart
484,91,purchase
484,96,cart
484,40,view
484,179,view
484,370,cart
484,411,purchase
485,240,purchase
485,303,purchase
485,70,cart
485,407,view
485,133,view
485,498,purchase
485,449,cart
485,180,view
485,443,purchase
486,422,purchase
486,354,cart
486,149,cart
486,10,view
486,366,cart
486,321,purchase
487,201,purchase
487,363,view
487,182,purchase
487,180,purchase
487,1,cart
487,191,view
487,406,view
487,410,view
487,332,cart
487,172,cart
487,29,view
487,138,cart
487,202,cart
487,202,purchase
488,479,cart
488,144,purchase
488,79,purchase
488,351,cart
488,245,view
488,357,cart
488,83,purchase
488,95,cart
488,62,cart
488,207,view
488,440,view
488,49,purchase
488,167,view
488,392,cart
488,62,cart
488,249,purchase
488,423,view
489,382,purchase
489,311,purchase
489,169,view
489,249,cart
489,185,cart
489,227,cart
489,369,view
489,267,cart
489,277,cart
489,120,purchase
489,138,view
489,110,view
489,485,purchase
489,110,purchase
489,295,purchase
489,457,view
489,103,cart
489,9,cart
490,12,cart
490,39,view
490,347,purchase
490,467,purchase
490,195,view
490,147,cart
490,237,view
490,243,cart
490,107,purchase
490,481,cart
490,91,cart
490,21,cart
490,259,view
490,253,purchase
490,224,purchase
490,242,cart
490,412,purchase
490,422,purchase
490,363,cart
490,500,cart
491,409,view
491,316,view
491,478,purchase
491,374,view
491,453,cart
491,83,cart
492,417,view
492,41,view
492,272,cart
492,136,purchase
492,6,purchase
492,101,purchase
493,184,purchase
493,64,view
493,154,cart
493,225,cart
493,99,cart
493,281,cart
493,178,cart
493,80,cart
493,219,purchase
493,232,view
493,159,cart
493,302,purchase
493,5,view
493,195,cart
493,62,purchase
493,282,purchase
493,180,view
493,169,view
493,472,cart
493,308,view
494,172,cart
494,477,purchase
494,265,cart
494,399,cart
494,338,cart
495,327,cart
495,244,view
495,173,view
495,61,purchase
495,213,view
495,449,cart
495,1,cart
495,165,purchase
495,210,purchase
496,192,cart
496,76,purchase
496,129,view
496,296,purchase
496,9,purchase
496,35,purchase
496,417,cart
496,288,purchase
496,122,view
496,162,cart
496,150,cart
496,109,cart
496,420,view
496,276,purchase
496,30,purchase
496,93,view
496,382,cart
497,107,view
497,101,purchase
497,10,view
497,416,view
497,288,cart
497,217,cart
498,91,purchase
498,456,view
498,399,view
498,347,purchase
498,337,view
498,484,purchase
498,98,view
498,107,purchase
498,114,view
498,360,purchase
498,278,purchase
498,390,view
498,26,cart
498,38,view
498,76,view
499,172,purchase
499,359,purchase
499,322,purchase
499,453,purchase
499,245,cart
499,447,view
499,197,view
500,375,cart
500,350,cart
500,45,cart
500,387,cart
500,4,purchase
500,463,purchase
500,438,view
500,263,purchase
500,170,purchase
500,214,purchase
500,218,view
500,369,view
500,138,view
500,288,cart
500,334,purchase
500,307,cart
500,276,cart
500,1,view
500,4,cart
500,470,view
501,203,cart
501,144,view
501,256,purchase
501,496,view
501,308,view
501,372,view
501,174,view
501,274,purchase
501,63,view
501,389,purchase
501,431,cart
501,464,purchase
501,374,view
501,171,purchase
501,72,cart
501,493,view
502,398,purchase
502,146,purchase
502,17,cart
502,37,purchase
502,144,purchase
503,454,view
503,78,purchase
503,408,purchase
503,150,cart
503,365,view
503,361,cart
504,189,purchase
504,479,cart
504,126,view
504,127,view
504,12,view
505,113,cart
505,214,purchase
505,374,cart
505,312,view
505,206,purchase
505,148,purchase
505,309,purchase
505,448,purchase
505,93,view
505,6,view
505,419,purchase
505,269,purchase
505,476,cart
505,323,purchase
506,216,cart
506,84,view
506,39,view
506,477,purchase
506,111,purchase
506,126,cart
506,364,cart
506,393,purchase
506,417,purchase
506,458,purchase
506,93,cart
506,58,purchase
507,262,purchase
507,268,view
507,278,view
507,500,cart
507,473,view
507,211,view
507,4,view
507,265,view
507,324,cart
507,68,cart
508,366,cart
508,109,purchase
508,204,view
508,461,cart
508,19,view
508,288,cart
508,238,purchase
508,402,purchase
508,229,cart
508,97,view
508,191,cart
508,391,view
508,458,cart
508,40,purchase
508,382,view
508,45,purchase
508,354,purchase
508,151,view
508,333,purchase
508,205,cart
509,408,cart
509,124,cart
509,416,cart
509,241,view
509,456,cart
509,202,view
509,331,view
509,54,view
509,420,view
509,7,cart
509,123,cart
510,299,purchase
510,229,purchase
510,493,cart
510,260,view
510,80,purchase
510,197,view
510,469,view
510,500,cart
510,497,view
511,331,cart
511,314,cart
511,78,purchase
511,113,purchase
511,259,cart
511,336,view
512,479,cart
512,320,view
512,417,purchase
512,101,purchase
512,111,view
512,239,cart
512,65,cart
512,124,cart
512,28,view
513,280,purchase
513,451,purchase
513,293,purchase
513,95,cart
513,87,cart
513,340,cart
513,140,purchase
513,292,cart
513,423,purchase
514,307,purchase
514,360,cart
514,385,view
514,77,view
514,415,purchase
514,153,view
514,430,cart
514,187,cart
514,355,cart
514,91,view
514,284,cart
514,269,cart
515,385,cart
515,348,view
515,135,cart
515,375,cart
515,75,cart
515,279,purchase
515,161,cart
515,120,cart
515,377,view
515,92,view
515,402,view
516,317,purchase
516,57,cart
516,77,view
516,298,purchase
516,45,purchase
516,285,view
516,286,view
517,370,purchase
517,123,purchase
517,360,view
517,459,cart
517,94,purchase
517,89,cart
517,235,purchase
517,264,purchase
517,249,view
517,126,view
517,428,view
517,406,cart
517,26,view
517,476,cart
517,113,view
517,426,view
517,342,purchase
517,214,cart
517,343,purchase
517,108,cart
518,197,purchase
518,115,cart
518,257,cart
518,178,cart
518,286,view
518,73,cart
518,381,cart
518,230,cart
518,6,purchase
518,141,cart
518,236,cart
518,291,view
518,260,purchase
518,461,cart
518,247,purchase
518,336,purchase
518,141,view
518,225,purchase
518,371,view
518,344,view
519,4,purchase
519,119,purchase
519,271,purchase
519,240,purchase
519,348,purchase
519,379,view
520,382,view
520,186,view
520,210,view
520,419,purchase
520,277,purchase
520,313,purchase
520,367,cart
520,450,view
520,248,cart
520,239,purchase
520,149,purchase
520,361,cart
521,28,cart
521,64,purchase
521,263,cart
521,16,purchase
521,302,view
521,286,view
521,121,purchase
521,256,cart
521,116,purchase
521,331,view
521,123,cart
521,423,view
521,13,view
521,400,purchase
521,374,purchase
521,229,view
521,36,cart
522,113,cart
522,428,purchase
522,116,view
522,141,view
522,423,purchase
522,378,cart
522,54,view
523,406,cart
523,206,view
523,419,view
523,68,view
523,426,view
523,297,view
523,324,purchase
523,166,purchase
523,28,view
523,225,view
523,201,purchase
523,65,cart
523,427,purchase
523,48,purchase
523,405,view
523,199,cart
523,101,view
523,417,purchase
524,443,purchase
524,476,purchase
524,198,cart
524,417,view
524,254,purchase
524,499,view
524,349,cart
524,400,view
524,347,purchase
525,213,cart
525,420,view
525,439,purchase
525,429,cart
525,469,cart
525,283,cart
526,57,cart
526,343,view
526,126,cart
526,170,cart
526,337,cart
526,308,cart
526,360,purchase
526,425,purchase
526,83,purchase
526,492,cart
526,322,purchase
527,476,view
527,50,purchase
527,352,cart
527,395,view
527,314,purchase
527,55,purchase
527,216,view
527,92,cart
527,173,cart
528,122,purchase
528,300,purchase
528,163,purchase
528,52,purchase
528,237,cart
528,388,purchase
528,34,view
528,418,cart
528,279,cart
528,139,purchase
528,283,cart
528,159,cart
528,451,purchase
528,290,view
528,83,purchase
528,22,cart
528,483,purchase
528,430,view
528,398,cart
529,370,purchase
529,341,view
529,286,view
529,154,view
529,330,cart
529,163,cart
529,326,view
529,69,purchase
529,18,purchase
529,318,cart
529,491,purchase
530,449,purchase
530,324,purchase
530,173,purchase
530,280,cart
530,103,view
530,41,purchase
530,451,purchase
530,57,cart
530,298,purchase
530,354,cart
530,216,view
530,435,view
530,207,purchase
530,121,purchase
530,229,purchase
530,226,cart
530,87,view
530,345,view
531,235,purchase
531,161,purchase
531,268,purchase
531,233,purchase
531,484,purchase
531,339,purchase
531,495,purchase
531,491,cart
531,172,cart
531,104,view
531,404,purchase
531,149,cart
532,95,view
532,38,cart
532,293,view
532,177,view
532,444,view
532,360,view
532,212,view
532,164,purchase
532,233,purchase
532,304,purchase
532,295,cart
532,463,view
532,422,cart
532,278,cart
532,118,view
533,351,view
533,412,purchase
533,273,cart
533,459,cart
533,484,view
533,315,view
533,338,purchase
533,320,view
533,439,view
533,340,cart
533,193,cart
533,352,cart
533,418,cart
533,231,purchase
533,347,purchase
534,157,view
534,118,purchase
534,232,view
534,126,view
534,379,cart
534,360,cart
534,95,cart
534,69,view
534,44,cart
534,300,cart
534,287,cart
534,227,cart
534,253,cart
534,85,cart
534,130,purchase
534,393,view
534,447,view
534,344,purchase
534,305,purchase
534,407,purchase
535,186,view
535,417,purchase
535,27,purchase
535,360,view
535,185,view
535,53,cart
535,252,cart
535,190,purchase
535,484,purchase
535,496,view
535,279,view
535,137,purchase
535,19,view
535,147,purchase
535,404,cart
535,28,purchase
536,379,purchase
536,190,cart
536,17,purchase
536,385,purchase
536,92,view
536,84,cart
536,276,cart
536,387,view
536,149,purchase
536,171,view
536,334,purchase
536,294,purchase
536,365,view
537,257,view
537,321,cart
537,155,view
537,420,cart
537,162,cart
537,152,purchase
537,201,cart
537,329,cart
537,108,cart
537,376,purchase
537,148,purchase
537,1,view
537,62,view
537,189,cart
537,239,purchase
537,148,purchase
537,216,view
537,211,cart
538,298,cart
538,132,view
538,314,purchase
538,218,view
538,314,cart
538,132,purchase
538,316,cart
539,257,purchase
539,34,view
539,182,cart
539,153,purchase
539,52,purchase
539,330,cart
539,319,view
539,225,purchase
539,36,view
539,214,view
539,119,view
539,72,cart
540,29,view
540,76,view
540,499,view
540,16,cart
540,100,purchase
540,24,view
540,355,cart
540,235,view
540,135,purchase
540,474,view
540,132,purchase
540,453,view
540,13,view
540,417,purchase
540,228,view
540,60,view
540,415,cart
540,303,view
540,381,cart
540,400,view
541,229,cart
541,413,view
541,20,cart
541,362,view
541,359,cart
541,203,view
541,354,purchase
542,163,cart
542,419,view
542,58,cart
542,426,cart
542,475,purchase
542,120,view
542,168,view
542,177,view
542,103,view
542,36,cart
542,200,purchase
543,274,cart
543,408,cart
543,197,purchase
543,413,purchase
543,213,view
543,4,view
543,312,cart
543,353,purchase
544,364,cart
544,486,cart
544,183,cart
544,167,cart
544,409,purchase
544,123,cart
544,83,purchase
544,52,view
544,74,purchase
544,50,cart
545,103,purchase
545,382,purchase
545,264,cart
545,389,view
545,337,cart
545,494,view
545,385,cart
546,238,purchase
546,96,purchase
546,267,cart
546,188,view
546,349,cart
546,434,cart
546,390,purchase
546,252,cart
546,59,cart
546,2,purchase
546,340,purchase
546,262,cart
546,235,view
546,108,purchase
547,369,purchase
547,93,purchase
547,140,cart
547,21,purchase
547,445,cart
547,30,purchase
547,225,view
547,142,cart
547,203,purchase
548,371,cart
548,62,cart
548,155,purchase
548,285,cart
548,492,view
548,378,view
548,258,cart
548,209,purchase
549,39,cart
549,463,purchase
549,86,cart
549,245,view
549,388,cart
549,363,cart
549,188,view
549,377,purchase
549,34,cart
549,226,purchase
549,280,view
549,390,cart
549,148,cart
549,146,cart
549,307,purchase
549,240,cart
549,241,cart
549,42,cart
549,141,purchase
549,117,purchase
550,404,view
550,457,purchase
550,88,view
550,65,purchase
550,486,purchase
550,24,purchase
551,143,cart
551,236,cart
551,199,cart
551,264,view
551,376,cart
551,228,view
551,139,cart
551,262,view
552,403,purchase
552,120,view
552,188,cart
552,233,cart
552,8,cart
553,230,purchase
553,418,view
553,42,cart
553,137,view
553,365,view
553,147,cart
554,432,purchase
554,250,purchase
554,330,view
554,114,purchase
554,464,view
554,479,cart
554,183,cart
554,58,purchase
554,62,cart
554,255,purchase
554,57,cart
554,35,purchase
554,384,purchase
554,476,purchase
554,132,view
554,353,view
555,68,cart
555,498,view
555,27,view
555,261,cart
555,360,view
555,159,view
555,436,cart
555,101,purchase
556,343,cart
556,269,view
556,187,cart
556,259,cart
556,399,view
556,425,purchase
557,308,view
557,99,cart
557,8,purchase
557,435,view
557,318,purchase
557,412,cart
557,68,view
558,108,purchase
558,329,purchase
558,265,purchase
558,178,cart
558,425,purchase
558,44,cart
558,415,cart
558,210,cart
558,87,view
558,488,view
558,234,cart
558,248,purchase
558,288,cart
558,260,cart
558,386,cart
558,479,purchase
558,262,cart
558,56,purchase
558,281,purchase
559,40,cart
559,334,purchase
559,467,cart
559,466,cart
559,312,cart
560,200,purchase
560,486,cart
560,103,view
560,444,purchase
560,55,view
560,467,purchase
560,487,cart
560,40,view
560,198,purchase
560,187,purchase
560,111,view
561,107,view
561,181,view
561,229,cart
561,154,purchase
561,430,cart
561,31,cart
561,151,purchase
561,367,view
561,84,cart
561,435,view
561,255,cart
562,56,cart
562,303,purchase
562,251,purchase
562,19,view
562,205,cart
562,190,cart
562,268,view
562,255,purchase
563,166,purchase
563,414,view
563,351,view
563,454,view
563,79,cart
563,337,view
563,486,purchase
563,353,purchase
563,471,cart
563,183,view
563,54,purchase
563,171,purchase
563,446,cart
564,126,view
564,151,cart
564,365,cart
564,193,purchase
564,115,cart
564,330,view
564,406,purchase
564,209,view
564,126,cart
564,247,view
564,183,purchase
564,166,purchase
564,393,purchase
564,408,purchase
564,467,cart
564,411,cart
564,303,cart
564,273,cart
565,23,view
565,219,view
565,177,cart
565,436,purchase
565,290,purchase
565,462,view
565,11,purchase
565,221,view
565,143,purchase
565,289,cart
565,468,cart
565,206,purchase
565,151,purchase
565,295,view
565,367,purchase
565,390,purchase
565,322,cart
565,234,view
565,278,cart
565,78,cart
566,117,cart
566,317,cart
566,162,cart
566,452,view
566,341,cart
567,358,cart
567,478,purchase
567,260,view
567,126,view
567,381,cart
567,206,cart
567,109,cart
567,166,purchase
567,339,cart
567,355,purchase
567,306,cart
567,461,view
567,329,cart
567,156,cart
567,36,view
567,360,purchase
567,163,view
567,387,purchase
567,476,view
568,94,cart
568,355,cart
568,227,cart
568,206,view
568,71,view
568,225,purchase
568,44,purchase
568,336,view
569,317,view
569,167,view
569,459,purchase
569,231,cart
569,110,cart
569,198,purchase
569,87,view
569,387,cart
569,435,purchase
569,391,cart
569,452,cart
570,45,purchase
570,422,cart
570,213,cart
570,459,cart
570,1,purchase
570,213,cart
570,150,view
570,495,cart
570,383,cart
570,279,cart
570,122,purchase
570,163,cart
570,407,purchase
571,1,view
571,40,cart
571,500,purchase
571,137,cart
571,15,purchase
572,16,view
572,230,cart
572,26,view
572,180,view
572,343,view
572,53,view
572,277,purchase
572,408,purchase
572,356,purchase
572,255,purchase
572,384,purchase
572,32,cart
572,115,cart
572,212,cart
572,171,purchase
572,443,purchase
572,220,view
572,218,purchase
573,445,cart
573,424,cart
573,143,view
573,370,purchase
573,466,cart
573,172,view
573,2,purchase
573,80,view
573,178,cart
573,20,purchase
573,128,purchase
573,159,view
573,140,view
573,488,view
573,349,view
574,240,purchase
574,426,view
574,346,view
574,409,view
574,141,view
574,414,purchase
574,209,view
574,277,cart
574,219,view
574,56,purchase
574,231,cart
574,345,cart
574,285,view
574,319,view
574,459,view
574,442,view
574,278,purchase
574,178,purchase
574,128,purchase
574,401,purchase
575,123,purchase
575,343,purchase
575,131,purchase
575,91,purchase
575,26,purchase
575,83,view
575,360,purchase
575,422,view
575,419,purchase
575,268,purchase
575,54,purchase
575,473,cart
576,289,cart
576,425,view
576,71,cart
576,259,cart
576,310,view
577,82,purchase
577,157,purchase
577,298,purchase
577,127,cart
577,304,cart
578,23,purchase
578,297,purchase
578,270,purchase
578,173,purchase
578,226,cart
579,392,view
579,246,view
579,74,purchase
579,216,view
579,75,view
579,219,view
579,149,view
579,61,view
579,270,cart
579,260,view
580,62,view
580,306,cart
580,146,purchase
580,24,purchase
580,270,view
580,63,purchase
581,16,cart
581,18,purchase
581,379,purchase
581,403,purchase
581,11,view
581,86,purchase
581,49,cart
581,338,view
581,461,cart
581,498,cart
581,331,cart
582,261,view
582,372,view
582,454,purchase
582,483,cart
582,240,purchase
582,336,purchase
583,394,purchase
583,400,view
583,315,cart
583,323,purchase
583,358,view
583,388,cart
583,347,view
583,253,cart
583,377,view
584,304,cart
584,448,purchase
584,44,cart
584,65,view
584,270,purchase
585,445,view
585,2,cart
585,241,cart
585,249,view
585,165,view
585,361,purchase
585,245,cart
585,330,purchase
585,353,purchase
585,190,cart
585,404,purchase
585,256,view
585,61,purchase
585,32,purchase
586,134,purchase
586,105,cart
586,228,view
586,48,purchase
586,177,view
586,474,purchase
586,334,cart
586,468,purchase
586,411,cart
586,365,purchase
586,138,view
586,213,cart
586,123,view
586,257,cart
586,2,purchase
586,187,purchase
586,322,cart
586,448,purchase
586,85,view
587,464,view
587,414,purchase
587,395,view
587,226,view
587,71,purchase
587,448,cart
587,181,view
587,394,view
587,373,cart
587,456,purchase
587,207,cart
587,10,cart
587,377,purchase
588,82,view
588,301,view
588,112,view
588,434,cart
588,390,cart
588,366,view
588,253,view
588,136,view
588,33,view
588,238,purchase
588,477,cart
588,340,purchase
588,500,cart
588,71,cart
588,264,purchase
588,156,cart
589,278,purchase
589,456,view
589,191,cart
589,260,cart
589,72,view
589,134,cart
589,467,purchase
589,334,purchase
590,149,purchase
590,75,purchase
590,467,cart
590,362,cart
590,374,view
590,483,purchase
590,134,cart
590,77,purchase
590,143,cart
591,410,cart
591,156,cart
591,195,purchase
591,315,cart
591,266,cart
591,344,view
591,169,view
591,400,cart
591,69,view
591,261,view
591,467,purchase
592,336,view
592,466,view
592,2,purchase
592,47,cart
592,339,cart
592,373,view
592,111,cart
592,417,cart
592,125,cart
592,395,cart
592,494,purchase
592,41,view
592,371,cart
592,28,purchase
592,4,cart
593,44,view
593,321,view
593,239,purchase
593,447,cart
593,196,view
593,336,cart
593,483,view
593,58,cart
593,119,view
593,265,purchase
593,452,cart
593,84,purchase
593,200,purchase
593,256,cart
593,408,purchase
593,407,purchase
593,414,purchase
593,151,purchase
593,267,cart
594,453,purchase
594,7,view
594,263,view
594,371,cart
594,49,view
594,416,purchase
594,397,cart
594,177,purchase
594,297,cart
594,381,purchase
594,34,view
594,249,cart
594,172,purchase
594,212,purchase
594,55,purchase
594,322,cart
594,135,cart
594,247,cart
594,58,view
594,291,view
595,477,view
595,26,purchase
595,322,purchase
595,155,purchase
595,188,purchase
595,220,view
595,274,purchase
595,430,purchase
595,257,purchase
595,402,view
595,496,purchase
595,244,purchase
595,35,cart
595,92,cart
595,259,cart
595,421,purchase
595,352,purchase
595,457,cart
595,408,cart
595,280,cart
596,328,purchase
596,320,view
596,294,purchase
596,499,view
596,155,purchase
596,209,purchase
597,376,purchase
597,355,purchase
597,211,view
597,18,view
597,414,cart
597,171,view
598,500,purchase
598,135,cart
598,465,purchase
598,451,purchase
598,470,view
598,34,cart
598,203,view
598,335,cart
598,270,view
598,6,purchase
598,270,purchase
598,335,purchase
598,74,purchase
598,259,cart
598,284,purchase
599,228,view
599,186,cart
599,102,cart
599,317,cart
599,379,view
599,488,cart
599,350,purchase
599,259,view
599,206,view
599,7,purchase
599,261,purchase
599,148,cart
599,226,view
599,154,view
599,338,purchase
599,227,cart
599,37,view
599,91,cart
600,433,purchase
600,109,view
600,93,cart
600,399,purchase
600,396,view
600,58,cart
600,55,cart
600,123,purchase
600,104,purchase
600,334,cart
600,54,cart
600,177,cart
600,102,purchase
600,299,purchase
600,140,cart
600,375,purchase
600,264,cart
600,221,purchase
600,1,cart
600,146,cart
601,33,view
601,219,cart
601,407,purchase
601,56,cart
601,91,purchase
601,296,purchase
601,51,cart
601,456,view
601,328,purchase
601,407,cart
601,261,view
601,361,view
601,269,cart
601,182,cart
601,392,cart
601,460,view
601,69,cart
601,267,view
601,87,purchase
602,51,cart
602,97,cart
602,35,purchase
602,312,view
602,435,view
602,23,cart
602,68,view
602,294,view
602,5,cart
602,241,purchase
602,278,cart
602,395,view
602,407,purchase
602,35,cart
603,67,purchase
603,231,cart
603,324,cart
603,494,purchase
603,48,purchase
604,353,view
604,176,view
604,400,purchase
604,281,view
604,196,cart
604,332,purchase
604,414,view
604,437,view
604,191,cart
604,382,view
604,346,view
604,482,purchase
604,358,purchase
604,146,cart
604,11,purchase
604,164,purchase
604,151,cart
604,121,view
605,242,view
605,295,view
605,256,cart
605,193,purchase
605,10,cart
605,243,purchase
605,324,view
605,44,view
605,303,view
605,123,purchase
605,220,cart
605,388,purchase
605,215,view
606,88,purchase
606,494,cart
606,497,cart
606,86,purchase
606,296,cart
606,1,cart
606,339,view
606,320,purchase
606,111,purchase
606,173,purchase
606,20,cart
606,448,cart
606,73,cart
606,409,cart
606,29,purchase
606,233,view
606,45,view
607,356,view
607,315,purchase
607,273,cart
607,387,purchase
607,316,view
607,439,purchase
607,360,purchase
607,320,purchase
607,128,view
607,41,cart
607,465,view
607,233,purchase
607,105,view
607,300,view
607,48,view
608,78,purchase
608,304,purchase
608,359,cart
608,102,cart
608,294,cart
608,125,view
608,123,cart
608,412,cart
608,175,view
608,240,purchase
608,173,purchase
608,323,view
608,131,cart
608,36,view
608,11,view
608,50,view
608,454,view
608,52,view
608,280,view
608,380,cart
609,496,cart
609,190,purchase
609,237,view
609,185,cart
609,72,view
609,491,view
609,356,cart
609,488,purchase
609,401,view
609,376,purchase
610,63,purchase
610,62,cart
610,29,cart
610,297,cart
610,294,view
610,159,view
610,162,cart
610,487,purchase
611,262,purchase
611,140,view
611,387,view
611,397,view
611,33,view
611,79,cart
611,28,cart
611,261,cart
611,194,view
611,137,cart
611,240,cart
611,484,purchase
611,418,cart
611,472,view
611,488,view
612,373,purchase
612,385,purchase
612,234,cart
612,266,view
612,323,purchase
612,39,view
612,195,purchase
612,360,cart
612,156,view
612,296,view
612,282,view
613,78,view
613,291,view
613,224,purchase
613,54,purchase
613,108,purchase
613,179,purchase
613,341,cart
613,262,cart
613,12,purchase
613,24,purchase
613,406,purchase
613,366,view
614,499,purchase
614,397,view
614,476,cart
614,467,view
614,415,view
614,439,view
614,180,view
614,241,view
615,45,view
615,259,cart
615,125,cart
615,197,view
615,302,cart
615,214,cart
615,45,purchase
615,421,view
615,99,cart
615,215,purchase
615,147,purchase
615,479,view
615,481,view
615,38,purchase
615,261,purchase
615,155,cart
615,320,cart
615,186,cart
616,80,purchase
616,369,purchase
616,422,view
616,55,view
616,25,purchase
616,48,purchase
616,422,purchase
616,238,view
616,33,purchase
616,10,cart
616,120,cart
616,77,cart
616,233,purchase
617,481,purchase
617,51,cart
617,170,view
617,49,purchase
617,296,view
617,339,view
618,238,cart
618,28,cart
618,70,purchase
618,492,view
618,80,view
618,479,purchase
618,405,view
618,332,view
618,343,cart
618,137,view
618,335,purchase
618,51,purchase
618,495,view
618,390,view
618,56,view
618,33,view
618,199,cart
618,330,purchase
618,133,purchase
619,100,view
619,475,cart
619,362,purchase
619,83,cart
619,488,cart
619,228,view
619,371,purchase
619,345,cart
620,484,view
620,199,purchase
620,208,cart
620,283,view
620,438,purchase
620,422,purchase
620,284,cart
620,84,purchase
620,258,purchase
620,338,view
620,496,view
620,482,purchase
621,149,purchase
621,366,purchase
621,24,cart
621,197,purchase
621,48,view
621,82,view
621,395,view
621,371,view
621,168,purchase
621,80,view
621,411,cart
621,274,cart
621,95,purchase
621,64,purchase
621,177,view
621,394,purchase
622,413,cart
622,262,cart
622,15,view
622,255,purchase
622,234,cart
622,337,view
622,204,cart
622,48,purchase
622,338,cart
622,372,view
622,344,cart
622,135,view
622,169,purchase
622,7,cart
622,273,purchase
622,458,view
622,55,cart
622,177,purchase
623,34,purchase
623,314,view
623,49,cart
623,366,purchase
623,330,view
623,391,cart
623,40,view
623,425,cart
623,404,purchase
623,153,cart
623,43,purchase
623,244,cart
623,479,purchase
623,400,view
623,169,purchase
623,299,view
623,37,cart
623,169,cart
623,232,cart
623,445,view
624,158,view
624,109,cart
624,378,purchase
624,70,purchase
624,383,view
624,471,cart
624,143,purchase
624,305,purchase
624,14,view
624,313,purchase
624,173,purchase
624,234,view
624,243,cart
624,356,view
624,420,cart
624,365,cart
624,214,view
625,456,cart
625,148,cart
625,173,cart
625,285,view
625,276,view
625,22,purchase
625,35,view
625,194,view
625,264,purchase
625,421,purchase
625,479,view
625,232,purchase
625,345,cart
625,404,purchase
626,81,purchase
626,263,purchase
626,324,purchase
626,17,view
626,336,view
626,263,purchase
626,256,view
626,477,cart
627,75,view
627,62,view
627,480,purchase
627,38,cart
627,448,purchase
627,401,view
627,345,purchase
627,49,purchase
627,284,cart
627,338,view
627,414,cart
628,479,cart
628,168,cart
628,189,purchase
628,206,purchase
628,80,cart
628,375,cart
628,181,cart
628,478,view
628,432,view
628,142,view
628,111,purchase
628,147,cart
629,17,cart
629,145,view
629,27,cart
629,171,cart
629,357,view
629,410,purchase
629,286,purchase
629,71,cart
629,227,view
629,442,purchase
629,167,view
629,180,cart
630,88,cart
630,128,cart
630,202,cart
630,418,purchase
630,161,cart
630,261,cart
630,267,view
630,490,view
631,157,cart
631,112,cart
631,18,view
631,322,cart
631,426,purchase
631,55,view
631,107,purchase
631,216,cart
631,381,purchase
631,267,view
631,382,purchase
631,435,view
631,148,purchase
631,423,purchase
632,11,view
632,129,cart
632,73,cart
632,132,view
632,412,view
632,36,cart
632,494,view
632,37,purchase
632,489,cart
632,401,purchase
632,68,view
632,61,purchase
632,106,cart
633,36,purchase
633,318,view
633,153,view
633,138,view
633,392,view
633,297,cart
633,298,cart
633,489,purchase
633,450,cart
633,387,purchase
633,362,view
633,448,purchase
633,40,cart
633,219,cart
633,135,purchase
633,293,view
633,267,cart
633,87,view
633,361,cart
633,258,cart
634,175,view
634,87,cart
634,161,cart
634,318,cart
634,235,view
634,466,purchase
634,456,cart
634,391,purchase
634,127,view
635,22,view
635,55,view
635,449,purchase
635,265,cart
635,128,purchase
635,174,view
635,330,purchase
635,263,cart
635,195,cart
635,202,purchase
635,274,cart
635,116,purchase
635,41,cart
635,463,purchase
635,277,cart
635,87,cart
635,99,cart
635,452,view
635,46,view
636,189,view
636,119,view
636,205,view
636,236,cart
636,349,cart
636,279,view
636,484,cart
636,87,cart
636,313,view
636,437,purchase
636,258,purchase
636,114,view
636,429,cart
636,475,view
636,33,cart
636,132,view
636,429,purchase
637,173,purchase
637,420,view
637,137,cart
637,470,cart
637,294,purchase
637,425,purchase
637,399,view
637,286,purchase
638,140,view
638,196,purchase
638,83,cart
638,267,purchase
638,78,view
638,427,view
638,215,purchase
638,372,purchase
638,400,cart
638,375,cart
638,150,view
638,191,view
638,194,view
638,68,view
638,461,view
638,61,purchase
638,191,view
638,264,view
638,305,view
638,326,cart
639,139,view
639,155,cart
639,495,purchase
639,429,purchase
639,84,view
639,288,view
639,175,cart
639,145,cart
639,382,purchase
639,74,purchase
639,250,purchase
639,11,purchase
639,308,cart
640,144,purchase
640,246,cart
640,32,view
640,255,purchase
640,380,view
640,326,cart
640,135,view
640,134,view
640,313,view
640,274,view
640,164,purchase
640,166,view
640,221,view
640,212,view
640,265,view
640,131,cart
640,220,cart
640,375,cart
640,431,purchase
640,230,view
641,406,view
641,202,purchase
641,295,purchase
641,223,purchase
641,54,purchase
641,95,view
641,429,view
641,8,purchase
641,256,purchase
641,386,cart
641,50,purchase
641,280,view
641,85,view
641,312,cart
641,327,view
641,436,view
641,55,cart
641,260,cart
641,212,view
642,86,purchase
642,339,cart
642,39,view
642,442,purchase
642,309,purchase
643,396,cart
643,295,view
643,67,purchase
643,489,view
643,141,view
643,181,cart
643,384,view
643,385,purchase
643,342,purchase
643,325,purchase
643,110,purchase
644,329,cart
644,16,view
644,82,cart
644,33,purchase
644,109,purchase
644,340,cart
645,468,purchase
645,471,view
645,225,view
645,4,cart
645,316,view
645,198,cart
645,208,purchase
645,195,cart
645,231,view
646,285,view
646,218,view
646,318,cart
646,57,purchase
646,170,purchase
646,448,view
646,272,purchase
646,308,cart
647,33,view
647,427,cart
647,249,view
647,127,view
647,196,cart
647,480,cart
647,396,purchase
647,434,view
648,280,cart
648,193,purchase
648,464,purchase
648,459,purchase
648,371,cart
648,339,cart
649,364,purchase
649,198,view
649,298,cart
649,49,purchase
649,9,cart
649,190,view
649,144,purchase
649,50,cart
649,431,purchase
649,329,view
649,244,purchase
649,378,view
649,27,cart
649,263,purchase
649,423,purchase
649,185,view
649,41,purchase
649,132,view
650,169,view
650,311,purchase
650,77,purchase
650,165,purchase
650,168,view
650,223,purchase
650,421,view
650,365,purchase
650,68,view
650,87,purchase
650,149,view
651,349,view
651,432,purchase
651,16,cart
651,137,cart
651,281,purchase
651,306,cart
651,104,cart
651,70,cart
651,32,cart
651,226,purchase
651,488,purchase
651,294,view
651,304,cart
651,324,purchase
652,284,purchase
652,37,view
652,278,view
652,303,cart
652,476,purchase
652,105,cart
653,103,cart
653,406,view
653,411,cart
653,1,cart
653,235,view
653,160,view
653,76,cart
653,9,cart
653,376,view
653,460,purchase
653,406,cart
653,415,purchase
653,167,purchase
653,98,purchase
653,50,purchase
653,415,cart
653,302,cart
653,375,view
653,405,view
654,100,cart
654,98,view
654,263,view
654,229,cart
654,264,view
654,83,cart
654,281,cart
654,362,purchase
654,128,cart
654,86,purchase
654,76,view
654,374,view
654,272,view
654,225,purchase
654,329,view
654,257,purchase
654,135,purchase
654,122,purchase
654,122,cart
655,158,cart
655,325,purchase
655,10,view
655,77,view
655,1,cart
655,205,purchase
655,269,view
655,188,purchase
656,329,view
656,146,cart
656,293,purchase
656,282,cart
656,44,cart
656,489,purchase
656,413,view
656,307,cart
656,406,view
656,56,view
657,466,purchase
657,245,view
657,371,cart
657,4,cart
657,107,cart
657,239,view
657,483,view
657,427,view
657,268,cart
657,172,purchase
657,123,purchase
657,409,cart
657,128,purchase
657,21,view
657,205,cart
658,381,cart
658,182,cart
658,492,cart
658,323,purchase
658,152,view
658,11,view
658,232,cart
658,104,view
658,388,cart
658,367,view
658,371,purchase
658,219,purchase
659,85,cart
659,183,cart
659,12,cart
659,139,view
659,9,view
659,88,cart
660,462,view
660,499,purchase
660,139,view
660,414,view
660,53,view
660,250,view
660,349,cart
661,461,cart
661,331,purchase
661,242,view
661,281,view
661,387,purchase
661,430,cart
661,230,view
661,177,purchase
661,393,cart
661,151,purchase
661,120,cart
661,341,purchase
661,203,cart
661,200,cart
661,68,purchase
661,183,purchase
661,231,view
661,23,purchase
661,489,cart
661,487,view
662,366,cart
662,304,view
662,46,purchase
662,376,cart
662,361,purchase
662,159,view
662,425,purchase
662,285,purchase
662,471,purchase
662,495,cart
662,73,cart
662,335,view
662,482,view
662,301,cart
662,77,view
662,110,purchase
662,379,purchase
662,485,view
663,22,view
663,485,cart
663,418,purchase
663,92,cart
663,195,view
663,180,view
663,286,cart
663,353,view
663,46,purchase
663,163,view
663,145,cart
663,157,cart
663,118,view
663,427,view
663,210,view
664,338,purchase
664,346,cart
664,381,purchase
664,413,view
664,180,cart
664,123,cart
664,20,view
664,254,view
664,61,purchase
664,497,cart
664,424,purchase
664,141,cart
664,225,purchase
664,449,purchase
664,361,purchase
665,345,view
665,185,purchase
665,214,cart
665,117,view
665,229,purchase
665,453,cart
665,290,cart
665,66,cart
665,109,view
665,73,purchase
666,174,cart
666,486,cart
666,139,purchase
666,22,purchase
666,15,purchase
666,246,cart
666,382,cart
666,481,purchase
667,255,view
667,198,view
667,406,purchase
667,67,cart
667,60,view
668,197,purchase
668,371,view
668,163,cart
668,61,purchase
668,491,cart
668,348,view
668,219,cart
668,296,cart
668,465,view
668,75,purchase
668,402,view
668,436,view
669,175,cart
669,110,purchase
669,131,cart
669,110,cart
669,282,purchase
669,367,view
669,440,view
669,472,cart
669,296,purchase
669,245,view
669,229,cart
669,210,cart
669,145,purchase
669,297,cart
669,359,view
669,246,cart
669,183,view
669,29,purchase
670,429,purchase
670,145,view
670,399,cart
670,245,cart
670,145,cart
670,150,purchase
670,349,purchase
670,167,view
670,422,view
670,136,view
670,311,purchase
670,366,purchase
670,477,cart
670,345,cart
670,334,purchase
670,391,purchase
670,197,cart
670,228,purchase
670,277,cart
671,454,view
671,340,view
671,161,purchase
671,277,cart
671,144,purchase
671,192,purchase
671,150,purchase
671,12,purchase
671,54,view
671,3,cart
671,455,view
671,498,purchase
671,490,cart
671,35,purchase
671,65,view
672,51,cart
672,230,cart
672,446,view
672,235,purchase
672,409,purchase
672,268,cart
672,5,cart
672,117,view
672,470,purchase
672,27,cart
672,2,purchase
672,304,purchase
672,62,view
672,20,cart
672,390,cart
672,401,view
672,379,cart
672,298,cart
673,238,view
673,32,purchase
673,98,purchase
673,79,view
673,418,purchase
673,478,purchase
673,249,cart
673,360,view
673,460,cart
674,274,cart
674,371,cart
674,445,purchase
674,193,cart
674,35,purchase
674,157,view
674,412,view
674,232,cart
674,151,purchase
674,142,view
674,169,purchase
674,47,view
674,68,purchase
674,181,purchase
675,125,view
675,339,view
675,137,cart
675,38,purchase
675,211,view
675,125,view
675,251,purchase
675,86,purchase
675,141,purchase
675,192,cart
675,212,view
675,330,view
675,293,view
676,131,view
676,199,cart
676,450,cart
676,70,purchase
676,176,purchase
676,363,view
676,109,view
676,88,view
676,221,purchase
676,228,view
676,214,purchase
676,19,cart
676,341,cart
676,257,view
676,463,cart
676,382,cart
676,20,view
676,399,cart
676,460,view
677,71,view
677,245,cart
677,378,cart
677,492,purchase
677,362,cart
677,206,purchase
677,255,view
677,210,view
677,483,view
677,283,view
677,369,view
677,266,purchase
677,96,purchase
677,309,view
677,9,purchase
677,226,cart
677,200,purchase
677,168,cart
678,116,view
678,67,cart
678,61,cart
678,462,view
678,244,view
678,300,purchase
678,391,view
679,163,view
679,430,purchase
679,261,view
679,87,view
679,109,purchase
680,126,cart
680,320,cart
680,242,purchase
680,450,view
680,298,cart
680,179,purchase
680,203,cart
680,486,cart
680,53,view
680,473,cart
680,424,cart
680,19,purchase
680,223,view
681,420,purchase
681,478,cart
681,410,purchase
681,201,cart
681,88,purchase
681,21,purchase
681,406,view
681,380,view
681,166,cart
681,3,cart
681,413,purchase
681,189,purchase
681,244,purchase
681,235,purchase
681,500,cart
682,14,view
682,321,purchase
682,314,cart
682,486,cart
682,279,cart
682,121,purchase
682,465,purchase
682,337,view
682,306,view
682,310,cart
682,285,purchase
682,363,view
682,316,cart
682,299,view
682,113,cart
682,375,purchase
682,302,cart
682,450,purchase
682,287,cart
683,109,purchase
683,453,view
683,500,cart
683,173,cart
683,75,view
684,148,purchase
684,14,cart
684,479,purchase
684,257,purchase
684,487,purchase
684,245,purchase
684,310,cart
684,255,view
684,498,view
684,235,view
684,80,purchase
684,99,purchase
684,390,purchase
685,125,view
685,79,view
685,394,view
685,74,view
685,417,cart
685,100,cart
685,6,purchase
685,325,purchase
685,199,view
685,336,purchase
685,58,purchase
685,48,purchase
685,294,view
685,263,cart
685,412,view
685,148,view
685,99,view
685,156,view
685,486,view
685,116,cart
686,51,view
686,366,cart
686,189,cart
686,421,cart
686,403,view
686,416,cart
686,500,purchase
686,209,purchase
686,10,view
686,492,cart
686,181,cart
686,34,cart
686,385,purchase
687,96,purchase
687,402,view
687,339,purchase
687,146,view
687,206,cart
687,225,view
687,190,purchase
687,36,purchase
687,197,view
687,332,cart
687,139,purchase
687,371,purchase
687,248,purchase
687,135,purchase
687,322,purchase
687,460,purchase
687,432,purchase
687,181,cart
687,431,cart
687,237,cart
688,173,view
688,30,purchase
688,455,cart
688,105,cart
688,447,view
688,344,cart
688,107,cart
689,167,cart
689,128,purchase
689,96,purchase
689,104,purchase
689,228,purchase
689,75,cart
689,468,cart
689,495,cart
689,51,cart
689,248,view
689,494,cart
689,240,cart
689,170,purchase
689,24,cart
689,344,cart
689,225,purchase
689,144,purchase
689,36,cart
690,491,purchase
690,254,cart
690,363,purchase
690,129,cart
690,434,purchase
690,111,view
690,49,purchase
690,82,purchase
690,44,cart
691,58,cart
691,417,cart
691,148,cart
691,339,cart
691,131,view
691,469,view
691,286,cart
691,421,purchase
691,268,cart
692,157,purchase
692,254,cart
692,100,purchase
692,3,view
692,98,purchase
692,474,purchase
692,141,cart
692,488,cart
692,330,view
692,442,view
693,62,purchase
693,9,view
693,313,purchase
693,480,purchase
693,23,purchase
693,287,purchase
693,168,purchase
693,417,view
693,317,cart
693,473,cart
693,243,view
693,438,view
693,242,view
693,302,cart
693,482,purchase
694,255,view
694,308,purchase
694,458,view
694,326,purchase
694,121,view
694,102,purchase
694,348,purchase
694,58,purchase
694,370,cart
694,111,view
694,384,view
694,388,purchase
694,172,cart
694,288,cart
694,468,purchase
694,261,view
695,173,purchase
695,301,view
695,423,cart
695,346,purchase
695,237,view
695,116,cart
695,62,cart
695,365,view
695,209,view
695,172,view
695,146,cart
696,343,cart
696,47,view
696,208,purchase
696,99,view
696,26,cart
696,68,purchase
696,441,cart
696,231,purchase
696,489,cart
696,115,cart
696,395,purchase
696,331,view
696,398,purchase
697,437,cart
697,169,purchase
697,197,purchase
697,217,purchase
697,433,view
697,287,view
697,252,cart
697,475,cart
697,181,purchase
697,148,purchase
697,263,purchase
697,218,view
697,415,view
697,293,view
697,96,view
697,382,cart
697,122,view
697,388,view
698,140,purchase
698,36,view
698,377,view
698,497,purchase
698,383,view
698,364,cart
698,155,cart
698,371,purchase
698,435,view
698,481,purchase
698,385,purchase
698,483,view
698,131,cart
699,162,view
699,234,purchase
699,186,purchase
699,285,view
699,95,view
699,238,cart
699,63,view
699,162,cart
699,481,cart
699,125,purchase
700,128,purchase
700,180,cart
700,397,cart
700,145,cart
700,180,purchase
700,44,cart
700,388,view
700,13,purchase
700,119,purchase
700,223,view
700,173,view
700,468,purchase
700,356,cart
700,256,purchase
700,149,view
700,458,purchase
700,398,view
700,219,cart
700,206,view
701,362,view
701,435,view
701,26,view
701,238,cart
701,373,view
701,240,cart
701,111,purchase
701,13,view
701,215,purchase
701,387,cart
701,437,view
701,317,purchase
701,379,cart
701,104,view
701,247,cart
702,243,purchase
702,57,purchase
702,128,purchase
702,454,view
702,3,view
702,234,cart
702,405,purchase
702,476,purchase
702,219,view
702,365,purchase
702,118,view
702,335,view
702,393,purchase
702,419,purchase
702,477,cart
702,103,purchase
702,215,cart
702,494,cart
703,19,purchase
703,471,cart
703,235,cart
703,12,cart
703,144,view
703,36,purchase
703,405,purchase
703,387,view
703,414,purchase
703,35,view
703,259,purchase
703,314,purchase
703,197,cart
703,459,cart
703,467,purchase
703,322,purchase
703,208,purchase
704,89,purchase
704,11,cart
704,271,view
704,138,cart
704,76,view
704,396,cart
704,279,purchase
704,87,cart
705,482,cart
705,74,cart
705,305,purchase
705,171,cart
705,143,cart
705,150,view
705,258,cart
705,96,view
705,183,view
705,256,cart
705,383,cart
705,186,cart
705,374,purchase
705,40,view
705,258,purchase
705,295,cart
705,324,cart
706,72,purchase
706,483,cart
706,247,view
706,129,purchase
706,391,cart
706,144,cart
706,323,view
707,64,purchase
707,288,cart
707,342,cart
707,346,purchase
707,72,view
707,326,purchase
707,38,purchase
707,270,view
707,399,cart
707,395,view
707,239,purchase
707,444,cart
707,160,cart
707,218,view
707,137,purchase
707,127,cart
707,224,cart
707,413,view
708,497,cart
708,264,view
708,147,cart
708,88,purchase
708,481,view
709,20,cart
709,395,view
709,128,cart
709,471,view
709,274,view
709,468,view
709,279,view
709,279,purchase
709,431,cart
709,94,purchase
709,243,cart
709,401,purchase
709,311,purchase
710,18,view
710,452,cart
710,168,cart
710,166,view
710,10,cart
710,263,view
710,167,cart
710,347,cart
710,190,view
710,62,cart
710,121,cart
710,309,view
710,45,cart
710,474,cart
710,78,cart
710,342,purchase
710,383,purchase
710,275,purchase
710,433,view
710,246,view
711,228,cart
711,78,view
711,246,purchase
711,42,purchase
711,256,cart
711,386,cart
712,373,purchase
712,30,view
712,302,purchase
712,46,view
712,358,view
712,441,purchase
712,8,purchase
712,456,cart
712,2,cart
713,275,cart
713,367,purchase
713,491,view
713,284,purchase
713,221,cart
713,367,cart
713,97,view
713,356,cart
713,408,view
713,19,view
713,336,view
713,249,purchase
713,143,purchase
713,102,view
714,293,purchase
714,461,cart
714,426,view
714,21,purchase
714,399,purchase
714,140,cart
714,120,view
714,300,view
714,369,view
715,161,purchase
715,483,purchase
715,417,cart
715,107,purchase
715,422,view
715,185,view
715,476,cart
715,150,view
715,438,purchase
715,366,cart
715,244,cart
715,195,view
715,93,view
716,451,purchase
716,74,view
716,414,view
716,295,view
716,162,view
716,384,view
716,328,purchase
716,108,purchase
716,392,view
717,212,cart
717,245,cart
717,143,purchase
717,287,view
717,422,cart
717,151,view
717,376,cart
717,424,cart
717,218,purchase
717,50,cart
717,268,purchase
717,475,view
717,147,purchase
717,255,cart
717,428,purchase
717,112,cart
718,327,cart
718,211,cart
718,438,cart
718,106,cart
718,286,view
718,76,cart
719,109,purchase
719,115,view
719,28,cart
719,194,cart
719,417,cart
719,60,cart
719,426,cart
719,214,purchase
719,471,purchase
719,48,view
719,453,cart
719,216,cart
719,34,view
719,246,cart
719,120,cart
719,218,purchase
719,293,view
719,417,purchase
720,278,purchase
720,388,view
720,443,cart
720,329,purchase
720,174,cart
720,33,cart
720,30,cart
720,212,view
720,495,cart
721,185,purchase
721,386,purchase
721,302,cart
721,306,view
721,476,view
721,384,cart
721,68,view
721,248,view
722,164,cart
722,354,view
722,30,cart
722,189,view
722,35,cart
722,471,view
722,290,cart
722,76,cart
722,158,cart
722,232,view
722,123,cart
722,366,purchase
722,49,cart
722,500,cart
722,228,view
722,270,purchase
722,210,view
722,259,cart
722,48,cart
722,496,view
723,175,purchase
723,28,view
723,196,view
723,116,cart
723,164,cart
723,331,view
723,374,view
723,22,purchase
723,239,view
724,462,purchase
724,99,view
724,349,cart
724,180,view
724,20,view
724,26,purchase
724,437,cart
724,52,purchase
724,371,cart
724,354,view
724,358,view
724,152,view
724,481,view
724,121,view
724,98,view
724,372,purchase
724,456,purchase
724,244,cart
724,304,cart
724,210,purchase
725,68,cart
725,277,view
725,456,purchase
725,332,purchase
725,61,cart
725,209,purchase
725,153,purchase
725,246,purchase
725,416,purchase
725,101,view
725,34,cart
725,310,view
725,141,cart
725,422,cart
725,268,cart
725,356,purchase
725,419,view
726,240,view
726,187,purchase
726,334,view
726,301,purchase
726,317,cart
726,67,purchase
726,123,purchase
726,243,purchase
726,35,view
726,385,purchase
727,470,cart
727,175,purchase
727,268,view
727,466,view
727,236,purchase
727,112,view
727,146,cart
727,51,view
727,206,purchase
728,414,purchase
728,209,purchase
728,42,view
728,197,purchase
728,491,cart
728,106,view
728,83,cart
728,227,purchase
729,9,view
729,114,purchase
729,19,cart
729,114,view
729,121,purchase
729,51,view
729,42,purchase
729,213,cart
729,131,view
729,150,cart
729,200,view
729,126,cart
729,313,purchase
729,180,cart
729,202,view
729,97,view
729,265,cart
729,366,purchase
729,374,view
729,84,view
730,338,purchase
730,126,purchase
730,335,view
730,148,view
730,86,cart
730,195,purchase
730,50,view
730,414,cart
730,405,view
730,263,view
730,216,view
730,475,view
730,25,cart
730,183,view
730,295,cart
730,91,view
730,497,cart
730,301,view
730,51,cart
731,174,view
731,152,purchase
731,73,purchase
731,379,cart
731,298,cart
731,23,purchase
731,248,purchase
731,461,cart
731,123,cart
731,60,cart
731,320,cart
731,362,view
732,201,cart
732,332,purchase
732,311,view
732,344,cart
732,133,purchase
732,441,purchase
732,41,cart
732,457,view
732,94,purchase
732,332,view
732,185,purchase
732,65,cart
732,96,view
732,71,purchase
733,173,cart
733,433,purchase
733,233,view
733,80,purchase
733,367,view
733,62,cart
734,466,purchase
734,254,view
734,355,purchase
734,144,purchase
734,479,view
734,149,cart
735,64,view
735,62,cart
735,50,view
735,350,view
735,221,cart
735,3,cart
735,17,cart
735,232,purchase
735,94,cart
735,371,purchase
735,263,view
735,228,view
735,81,cart
735,160,view
735,439,view
735,225,view
735,310,view
736,434,cart
736,366,purchase
736,109,cart
736,172,view
736,199,cart
736,474,purchase
736,269,cart
736,278,view
736,294,cart
736,468,purchase
736,8,purchase
736,254,cart
736,152,cart
736,2,view
737,416,cart
737,118,view
737,342,cart
737,296,purchase
737,397,view
737,493,purchase
737,441,purchase
737,33,cart
737,430,purchase
737,108,view
737,129,purchase
737,157,purchase
737,165,purchase
737,190,view
737,195,purchase
737,193,view
737,111,cart
737,44,purchase
737,121,cart
737,308,purchase
738,273,view
738,231,view
738,384,purchase
738,367,view
738,172,view
738,37,view
738,485,view
738,142,purchase
738,281,purchase
738,381,purchase
738,471,view
738,454,view
738,371,cart
738,386,purchase
738,259,view
738,268,purchase
738,187,view
738,6,purchase
738,433,cart
739,109,cart
739,447,purchase
739,268,cart
739,58,purchase
739,136,cart
739,403,view
740,298,purchase
740,183,cart
740,439,cart
740,262,view
740,117,view
740,212,cart
740,101,cart
740,391,cart
740,344,cart
740,123,view
740,136,view
740,235,purchase
740,42,purchase
740,428,view
740,238,view
741,327,purchase
741,64,view
741,304,purchase
741,42,purchase
741,105,view
741,23,purchase
741,81,cart
741,191,view
742,483,view
742,317,cart
742,289,cart
742,91,cart
742,210,purchase
742,176,purchase
742,431,cart
742,175,purchase
742,301,view
742,438,cart
742,49,cart
742,162,purchase
742,33,view
742,257,purchase
743,284,view
743,187,purchase
743,188,cart
743,139,purchase
743,198,cart
743,447,purchase
744,331,view
744,141,view
744,271,purchase
744,27,cart
744,312,purchase
744,91,purchase
744,39,cart
744,145,cart
744,56,cart
744,162,cart
744,137,purchase
744,420,cart
745,72,cart
745,18,cart
745,72,view
745,200,cart
745,20,view
746,452,purchase
746,176,cart
746,251,view
746,255,view
746,464,purchase
747,183,cart
747,149,cart
747,206,purchase
747,229,cart
747,343,view
747,38,view
747,461,purchase
747,219,purchase
747,222,purchase
747,135,view
747,86,purchase
747,112,purchase
747,375,purchase
747,199,cart
747,35,purchase
747,171,view
748,383,cart
748,80,cart
748,335,cart
748,385,cart
748,121,view
748,178,purchase
749,434,purchase
749,117,cart
749,172,purchase
749,392,cart
749,212,view
749,325,view
749,67,view
749,355,cart
749,184,purchase
749,246,cart
749,306,purchase
749,471,cart
749,135,cart
750,191,purchase
750,336,purchase
750,154,purchase
750,50,cart
750,53,view
750,344,view
751,423,view
751,195,cart
751,257,cart
751,468,purchase
751,98,view
751,402,view
751,392,purchase
751,44,purchase
752,69,purchase
752,402,view
752,204,view
752,246,purchase
752,202,purchase
752,403,view
752,270,view
752,323,view
752,422,cart
752,264,view
752,460,purchase
752,364,purchase
752,373,purchase
752,289,cart
752,134,cart
752,440,purchase
753,403,cart
753,48,cart
753,359,view
753,395,purchase
753,69,view
753,383,view
753,498,purchase
753,33,view
754,349,cart
754,250,cart
754,214,purchase
754,460,view
754,406,view
754,161,cart
754,495,cart
754,383,view
754,399,view
754,156,purchase
754,128,purchase
754,349,purchase
755,216,view
755,118,purchase
755,268,cart
755,33,purchase
755,432,view
755,244,purchase
756,88,purchase
756,75,purchase
756,204,purchase
756,182,view
756,229,cart
756,74,view
756,217,view
756,351,view
757,272,view
757,294,purchase
757,87,purchase
757,401,view
757,108,view
757,361,cart
757,302,purchase
757,399,view
757,376,purchase
757,216,purchase
757,451,view
757,56,view
757,379,view
757,383,purchase
757,16,view
757,406,view
757,369,view
757,482,cart
757,53,cart
758,290,cart
758,312,view
758,48,view
758,289,purchase
758,57,cart
758,259,cart
758,145,cart
758,312,purchase
758,34,purchase
759,418,purchase
759,151,purchase
759,124,cart
759,293,purchase
759,234,view
759,273,purchase
759,380,cart
759,356,cart
759,485,cart
759,402,cart
759,422,cart
759,470,cart
759,345,view
759,333,cart
759,130,view
759,153,cart
759,177,cart
759,162,purchase
759,238,purchase
759,427,purchase
760,277,view
760,167,cart
760,257,cart
760,131,cart
760,340,view
760,181,view
760,435,purchase
760,252,view
760,138,purchase
760,275,cart
760,150,view
760,154,cart
761,334,view
761,277,view
761,63,purchase
761,458,purchase
761,22,cart
761,295,cart
761,95,purchase
761,223,view
761,157,cart
761,359,cart
761,31,view
761,82,purchase
761,96,cart
761,40,purchase
761,73,purchase
761,441,purchase
761,113,cart
762,175,view
762,104,purchase
762,289,cart
762,307,cart
762,285,purchase
762,3,purchase
762,5,purchase
763,494,purchase
763,455,cart
763,223,view
763,227,view
763,373,cart
763,251,purchase
763,155,view
763,330,cart
763,363,cart
763,112,purchase
764,86,purchase
764,359,purchase
764,238,view
764,147,view
764,348,purchase
764,136,purchase
764,10,view
764,34,cart
764,137,cart
764,1,view
764,87,purchase
764,309,purchase
764,293,cart
764,74,purchase
764,255,cart
764,477,cart
764,12,view
764,42,purchase
765,220,purchase
765,125,view
765,279,purchase
765,373,cart
765,426,cart
765,50,cart
765,270,cart
765,251,cart
765,218,cart
765,290,cart
765,160,cart
765,316,purchase
765,481,view
765,313,cart
765,205,view
765,148,purchase
765,318,purchase
765,440,purchase
765,184,purchase
765,426,purchase
766,481,purchase
766,219,view
766,80,purchase
766,336,purchase
766,465,cart
766,446,view
766,35,purchase
766,238,purchase
766,493,cart
766,237,purchase
766,488,purchase
766,390,purchase
767,91,purchase
767,269,cart
767,264,cart
767,255,cart
767,275,purchase
767,454,purchase
767,104,purchase
767,340,purchase
767,298,view
767,178,purchase
768,334,view
768,28,view
768,486,purchase
768,152,purchase
768,265,cart
768,395,purchase
768,311,purchase
768,82,view
768,5,purchase
768,365,view
768,225,cart
768,333,purchase
768,323,cart
768,84,view
768,207,view
768,4,view
768,403,view
768,248,view
768,208,cart
769,358,purchase
769,418,cart
769,160,cart
769,407,view
769,65,purchase
770,270,cart
770,420,view
770,306,cart
770,198,purchase
770,449,cart
770,356,view
770,110,view
770,26,purchase
771,70,purchase
771,81,purchase
771,357,view
771,289,view
771,166,view
771,401,cart
772,470,view
772,120,cart
772,495,purchase
772,196,cart
772,246,purchase
772,56,view
772,214,purchase
772,222,purchase
772,114,view
772,89,cart
772,74,cart
772,186,cart
772,30,purchase
772,458,cart
772,145,purchase
772,316,purchase
773,70,purchase
773,160,view
773,342,purchase
773,148,purchase
773,326,view
773,286,purchase
773,316,cart
773,386,purchase
773,163,purchase
773,232,view
773,338,purchase
773,438,view
773,471,purchase
774,99,view
774,76,cart
774,148,purchase
774,250,view
774,165,view
774,114,cart
774,401,view
774,291,purchase
774,12,view
774,129,cart
774,268,cart
774,311,cart
774,161,view
774,466,cart
774,422,purchase
774,115,cart
774,123,cart
775,417,view
775,269,view
775,313,purchase
775,110,purchase
775,436,cart
775,128,purchase
775,468,purchase
776,36,view
776,81,purchase
776,500,view
776,303,cart
776,438,cart
776,265,cart
776,82,cart
776,299,cart
776,85,cart
776,93,cart
776,408,cart
776,238,cart
776,407,view
776,352,purchase
777,224,view
777,2,cart
777,228,view
777,277,purchase
777,52,purchase
777,432,cart
778,231,view
778,261,view
778,43,cart
778,33,purchase
778,81,view
778,262,purchase
778,86,purchase
778,219,purchase
778,220,view
778,381,cart
779,391,view
779,468,purchase
779,144,purchase
779,208,cart
779,432,view
780,327,purchase
780,63,purchase
780,392,view
780,376,view
780,398,view
780,274,cart
780,77,cart
780,166,purchase
780,405,view
780,315,view
781,338,cart
781,352,cart
781,216,view
781,394,purchase
781,60,cart
781,330,cart
781,436,cart
781,434,view
781,187,purchase
781,304,purchase
781,179,cart
781,265,cart
781,320,view
781,444,cart
781,222,view
781,354,view
781,423,view
781,140,view
781,448,cart
781,436,purchase
782,358,purchase
782,458,view
782,202,view
782,92,purchase
782,301,cart
782,49,purchase
782,43,purchase
783,94,view
783,331,cart
783,472,view
783,286,view
783,462,view
783,56,view
783,104,purchase
783,129,purchase
783,44,cart
783,200,cart
783,429,purchase
783,235,purchase
783,98,purchase
783,132,cart
783,360,cart
783,18,purchase
783,200,purchase
783,296,cart
784,310,cart
784,418,cart
784,365,cart
784,27,purchase
784,470,view
784,441,purchase
784,367,view
784,360,cart
784,63,view
784,201,view
785,496,cart
785,164,view
785,71,view
785,292,purchase
785,94,purchase
785,236,cart
785,160,view
785,236,view
785,91,cart
785,23,view
785,23,purchase
785,388,cart
785,394,purchase
785,400,purchase
785,435,purchase
786,240,purchase
786,353,purchase
786,191,purchase
786,109,cart
786,451,view
786,178,purchase
786,160,cart
786,272,purchase
786,133,view
786,275,view
786,483,view
786,55,view
786,135,cart
787,481,purchase
787,43,view
787,229,purchase
787,304,view
787,484,purchase
787,398,cart
787,450,cart
787,50,purchase
787,100,cart
788,401,purchase
788,194,purchase
788,272,cart
788,128,purchase
788,95,cart
788,160,cart
788,91,cart
788,358,view
788,187,purchase
788,39,purchase
788,405,cart
788,153,cart
788,138,cart
788,422,cart
788,276,view
789,16,cart
789,240,view
789,103,cart
789,285,purchase
789,221,cart
789,243,purchase
789,370,purchase
790,36,cart
790,7,purchase
790,182,purchase
790,404,purchase
790,213,purchase
790,128,view
790,457,cart
790,307,view
790,316,purchase
790,39,purchase
790,329,view
791,11,purchase
791,232,purchase
791,138,view
791,424,view
791,470,purchase
792,146,cart
792,144,purchase
792,6,cart
792,168,cart
792,455,view
792,125,view
792,396,view
792,35,cart
792,337,cart
792,469,view
792,97,cart
792,219,purchase
792,296,cart
792,67,cart
792,181,purchase
792,75,view
793,15,purchase
793,90,cart
793,110,cart
793,146,view
793,25,purchase
793,284,purchase
793,207,purchase
793,339,view
793,195,view
793,385,purchase
793,207,view
793,426,purchase
793,335,purchase
793,457,view
793,125,purchase
793,248,view
793,99,cart
793,231,view
793,220,cart
794,370,purchase
794,135,cart
794,191,view
794,16,view
794,363,cart
794,13,purchase
794,151,view
794,445,view
794,269,purchase
794,435,cart
794,490,cart
794,101,cart
794,43,purchase
794,349,purchase
795,488,cart
795,186,cart
795,24,cart
795,324,view
795,406,purchase
795,294,cart
795,11,purchase
795,133,purchase
795,181,purchase
795,384,view
795,171,view
795,226,cart
796,189,cart
796,390,cart
796,30,cart
796,136,purchase
796,463,view
796,228,purchase
796,433,cart
796,63,purchase
796,253,view
796,75,view
796,461,purchase
796,441,cart
796,65,cart
796,429,cart
796,17,purchase
797,330,purchase
797,269,cart
797,316,view
797,367,view
797,227,view
797,279,view
797,157,purchase
797,477,view
797,484,view
797,205,purchase
797,76,view
797,149,purchase
797,323,cart
797,233,purchase
797,59,cart
797,464,view
798,71,cart
798,327,cart
798,425,view
798,490,view
798,43,cart
798,95,purchase
798,133,view
798,397,cart
798,338,purchase
798,380,cart
798,484,purchase
798,296,view
798,273,purchase
798,84,cart
798,354,purchase
798,378,purchase
798,95,view
798,411,view
798,308,view
799,164,purchase
799,49,cart
799,137,purchase
799,164,purchase
799,458,cart
799,261,cart
799,44,view
799,241,view
799,72,cart
799,280,purchase
800,106,purchase
800,421,cart
800,340,purchase
800,11,view
800,435,purchase
800,304,view
800,306,view
800,488,cart
800,11,purchase
800,345,cart
800,24,purchase
800,391,purchase
800,20,view
800,164,cart
800,460,cart
800,491,cart
801,202,cart
801,414,view
801,187,purchase
801,13,cart
801,317,view
801,428,cart
801,239,view
801,85,purchase
801,14,cart
801,286,cart
801,242,cart
801,285,cart
801,485,cart
801,373,purchase
801,343,purchase
801,235,cart
801,164,view
801,176,view
802,243,view
802,404,purchase
802,220,cart
802,449,purchase
802,185,view
802,307,purchase
802,38,view
802,145,cart
802,286,cart
803,26,view
803,42,cart
803,436,cart
803,162,purchase
803,339,purchase
803,86,purchase
803,262,cart
803,49,cart
803,284,view
804,137,view
804,251,purchase
804,439,purchase
804,249,purchase
804,259,cart
804,382,view
804,404,view
804,310,view
804,51,purchase
804,389,purchase
804,10,purchase
804,143,view
804,325,view
804,347,cart
804,44,cart
804,468,cart
804,269,purchase
805,394,view
805,12,purchase
805,50,purchase
805,403,purchase
805,351,cart
805,184,cart
805,333,purchase
805,356,cart
805,30,view
805,464,cart
805,4,purchase
806,394,cart
806,76,view
806,176,cart
806,270,cart
806,76,cart
806,397,purchase
806,395,view
806,395,purchase
807,126,view
807,85,cart
807,341,purchase
807,410,purchase
807,12,purchase
807,199,purchase
807,397,view
807,479,cart
807,68,cart
807,262,purchase
807,145,cart
808,58,purchase
808,74,cart
808,38,purchase
808,28,cart
808,187,purchase
808,450,purchase
808,187,cart
808,383,view
808,347,purchase
808,118,view
808,499,view
808,187,purchase
808,284,purchase
808,162,cart
808,471,purchase
808,460,cart
808,261,view
809,242,cart
809,108,cart
809,176,cart
809,236,view
809,72,purchase
809,316,purchase
809,26,view
809,93,purchase
810,306,purchase
810,273,cart
810,160,cart
810,274,view
810,388,purchase
810,400,purchase
810,228,cart
810,350,purchase
810,190,cart
810,479,view
810,162,cart
810,94,view
810,212,purchase
810,202,view
811,441,purchase
811,114,purchase
811,393,purchase
811,16,purchase
811,242,view
811,33,cart
811,195,purchase
811,27,view
811,58,view
811,36,purchase
811,222,cart
811,101,view
811,176,purchase
811,11,view
811,112,purchase
811,395,purchase
811,365,view
811,490,view
811,468,purchase
811,444,purchase
812,113,cart
812,333,cart
812,301,cart
812,22,view
812,497,view
812,449,purchase
812,55,cart
812,379,cart
813,438,view
813,111,cart
813,254,cart
813,464,view
813,245,view
813,16,purchase
813,472,view
813,394,purchase
813,494,purchase
813,289,view
813,264,cart
813,400,view
813,151,view
813,18,purchase
813,461,view
814,47,view
814,142,view
814,431,view
814,35,view
814,325,view
814,229,purchase
814,18,purchase
814,40,view
814,310,cart
814,184,view
814,3,cart
814,90,purchase
814,387,view
815,490,view
815,474,cart
815,334,view
815,176,cart
815,429,cart
815,280,cart
815,409,purchase
815,232,purchase
815,145,view
815,396,purchase
815,386,cart
816,45,purchase
816,403,cart
816,61,view
816,13,purchase
816,172,view
816,299,purchase
816,343,view
816,478,purchase
816,397,cart
816,272,cart
816,28,purchase
816,62,purchase
816,55,view
817,142,view
817,355,view
817,87,cart
817,235,cart
817,293,view
817,304,purchase
817,495,view
817,489,view
817,441,cart
818,110,purchase
818,4,view
818,147,cart
818,21,view
818,310,cart
818,262,view
818,17,cart
818,489,cart
818,500,view
818,349,purchase
818,149,purchase
819,397,purchase
819,220,view
819,347,cart
819,212,cart
819,10,view
819,466,view
819,487,purchase
819,174,purchase
819,475,cart
819,209,purchase
819,488,purchase
820,10,cart
820,493,purchase
820,160,view
820,109,purchase
820,343,purchase
820,294,cart
820,343,cart
820,460,cart
820,424,purchase
821,111,view
821,187,purchase
821,416,view
821,244,view
821,143,view
821,139,purchase
821,77,cart
821,33,cart
821,466,view
821,92,purchase
821,405,view
821,138,cart
821,465,purchase
821,180,purchase
821,322,view
821,403,purchase
821,62,purchase
821,132,purchase
822,77,cart
822,134,view
822,295,cart
822,166,view
822,461,purchase
822,317,purchase
822,471,view
822,217,cart
822,116,view
822,270,purchase
822,45,view
822,136,cart
822,487,purchase
822,418,purchase
823,152,cart
823,261,purchase
823,5,view
823,32,view
823,210,view
823,49,view
823,243,cart
823,329,cart
823,12,cart
824,294,view
824,58,cart
824,189,cart
824,111,view
824,21,purchase
824,431,view
824,338,purchase
824,346,view
824,453,view
824,114,cart
824,100,purchase
825,287,purchase
825,109,view
825,412,view
825,412,view
825,132,purchase
825,116,view
825,34,cart
825,239,cart
825,274,purchase
825,27,view
825,121,view
825,412,cart
825,132,view
825,262,view
826,23,view
826,55,view
826,164,view
826,378,cart
826,241,purchase
826,480,view
826,71,cart
826,111,view
826,461,view
826,384,view
826,33,view
826,280,purchase
826,454,cart
826,253,purchase
826,190,purchase
826,23,cart
826,474,view
826,109,cart
826,295,view
827,390,view
827,312,purchase
827,430,purchase
827,119,purchase
827,7,view
827,136,view
827,142,cart
827,243,view
827,412,view
827,249,purchase
828,183,view
828,176,view
828,145,purchase
828,409,view
828,327,view
828,30,view
828,49,view
828,385,view
828,164,view
828,30,cart
828,144,cart
828,78,view
829,40,cart
829,442,cart
829,75,purchase
829,13,view
829,478,purchase
829,492,purchase
829,394,view
829,194,view
829,240,view
829,87,purchase
829,6,cart
829,70,cart
830,443,cart
830,44,purchase
830,248,cart
830,181,cart
830,347,purchase
830,218,purchase
830,17,view
830,225,cart
830,185,view
830,78,purchase
831,399,cart
831,261,view
831,170,purchase
831,152,view
831,364,cart
831,429,view
831,64,purchase
831,312,cart
831,303,cart
831,265,purchase
831,483,cart
831,290,purchase
831,494,cart
831,477,cart
831,409,cart
831,105,cart
831,17,cart
831,168,purchase
831,381,view
832,455,purchase
832,214,cart
832,427,view
832,49,purchase
832,174,cart
832,160,cart
832,121,view
832,425,cart
832,31,cart
832,39,view
832,149,cart
832,89,purchase
832,14,view
832,300,purchase
832,351,cart
832,466,cart
832,301,cart
832,368,cart
833,95,view
833,95,purchase
833,409,view
833,299,purchase
833,481,cart
833,6,cart
833,17,cart
833,428,view
833,454,view
833,7,cart
833,253,purchase
833,464,cart
833,407,purchase
833,430,purchase
833,246,cart
833,162,view
834,419,cart
834,83,view
834,164,purchase
834,43,purchase
834,290,cart
834,187,purchase
834,14,purchase
834,181,cart
834,483,view
834,199,view
835,85,cart
835,294,cart
835,3,cart
835,327,purchase
835,318,view
835,167,purchase
835,308,cart
835,56,purchase
836,317,purchase
836,309,view
836,106,cart
836,355,view
836,165,cart
836,43,view
836,354,view
836,398,cart
836,455,purchase
836,72,view
836,338,view
836,7,cart
836,390,cart
836,446,view
836,103,purchase
836,18,purchase
836,60,cart
836,210,purchase
836,429,purchase
836,77,view
837,241,cart
837,7,cart
837,248,view
837,132,purchase
837,190,view
838,450,cart
838,133,purchase
838,59,purchase
838,351,cart
838,311,view
838,231,view
838,361,purchase
838,262,cart
838,298,purchase
838,422,cart
838,215,view
838,264,purchase
838,479,view
838,309,cart
838,16,cart
838,495,view
838,363,view
838,174,purchase
838,386,cart
839,204,purchase
839,352,purchase
839,405,view
839,228,purchase
839,458,purchase
839,144,purchase
839,142,purchase
839,237,purchase
839,385,view
839,246,cart
839,315,purchase
840,90,view
840,469,cart
840,389,cart
840,204,view
840,15,view
840,383,cart
840,68,purchase
840,456,view
840,35,purchase
840,203,view
840,486,purchase
840,414,view
841,141,purchase
841,305,cart
841,227,cart
841,52,cart
841,479,purchase
841,480,purchase
841,197,purchase
841,112,purchase
841,283,cart
841,385,cart
841,150,view
841,183,purchase
841,411,cart
842,116,cart
842,473,view
842,7,view
842,253,cart
842,466,view
842,204,view
842,287,cart
842,458,view
842,89,cart
842,82,cart
842,189,purchase
842,287,purchase
842,45,purchase
842,371,cart
842,145,purchase
842,342,view
842,147,cart
842,208,view
842,341,view
843,143,purchase
843,409,cart
843,184,purchase
843,319,view
843,4,cart
843,83,cart
843,322,cart
843,15,view
843,306,purchase
843,431,purchase
843,200,cart
843,397,purchase
843,132,view
843,25,cart
843,216,view
843,62,purchase
843,57,cart
843,387,view
843,209,cart
843,85,view
844,323,cart
844,75,cart
844,348,cart
844,61,cart
844,442,cart
844,64,purchase
844,387,purchase
844,28,purchase
844,439,cart
844,455,purchase
844,202,view
845,168,view
845,282,cart
845,145,cart
845,263,cart
845,233,cart
845,228,view
845,432,view
845,379,purchase
845,141,view
845,319,cart
845,194,view
845,128,view
846,500,cart
846,138,cart
846,223,purchase
846,275,cart
846,237,cart
846,413,purchase
846,399,view
846,96,view
846,92,cart
846,404,cart
846,232,cart
846,222,cart
846,58,cart
846,369,cart
847,58,view
847,430,purchase
847,471,view
847,441,purchase
847,178,view
847,373,cart
847,439,purchase
847,485,cart
847,187,purchase
847,178,view
847,439,cart
847,38,view
848,416,purchase
848,35,view
848,486,purchase
848,162,view
848,470,view
848,95,cart
848,160,purchase
848,241,purchase
848,63,purchase
848,123,view
848,294,purchase
848,377,cart
848,44,view
848,435,cart
849,258,cart
849,145,cart
849,476,cart
849,60,view
849,192,purchase
849,474,cart
849,193,purchase
849,35,view
849,408,purchase
850,28,cart
850,138,cart
850,112,view
850,274,view
850,270,purchase
851,255,purchase
851,482,view
851,450,cart
851,165,cart
851,180,cart
851,251,cart
851,335,view
851,132,view
851,71,purchase
852,325,view
852,346,view
852,279,cart
852,316,purchase
852,466,view
852,447,cart
852,402,view
852,146,view
852,312,purchase
852,121,cart
852,151,cart
852,187,purchase
852,149,view
852,215,view
852,213,view
852,62,purchase
852,17,view
852,104,purchase
853,384,purchase
853,1,view
853,311,cart
853,147,purchase
853,252,cart
853,334,view
853,319,view
853,328,cart
853,373,purchase
853,461,view
853,28,cart
853,119,cart
853,71,view
853,290,purchase
853,421,purchase
853,433,cart
854,476,view
854,342,purchase
854,63,cart
854,357,cart
854,71,cart
854,324,cart
854,24,cart
854,427,purchase
854,125,cart
854,418,cart
854,405,view
854,394,purchase
854,2,purchase
855,315,purchase
855,410,purchase
855,382,view
855,47,cart
855,308,purchase
855,252,purchase
855,14,purchase
855,206,view
855,258,purchase
855,114,cart
855,398,cart
855,465,view
855,362,purchase
855,310,view
856,320,view
856,397,purchase
856,57,purchase
856,327,view
856,96,cart
856,479,cart
856,44,view
856,243,cart
856,294,purchase
856,7,purchase
856,234,purchase
856,80,purchase
856,340,view
856,200,cart
856,257,cart
856,296,cart
857,360,cart
857,347,purchase
857,478,cart
857,322,cart
857,270,purchase
857,168,cart
857,109,cart
857,65,view
857,29,view
858,192,purchase
858,437,cart
858,62,view
858,251,purchase
858,403,purchase
858,482,purchase
858,287,view
859,272,view
859,24,cart
859,395,view
859,312,purchase
859,383,view
859,423,purchase
859,101,purchase
859,321,cart
859,383,purchase
859,376,purchase
859,380,purchase
859,222,purchase
859,469,purchase
859,293,view
859,4,purchase
859,283,cart
859,328,cart
859,172,purchase
860,378,cart
860,189,purchase
860,284,view
860,358,view
860,403,cart
860,324,view
860,395,view
860,500,purchase
860,41,cart
861,492,view
861,178,cart
861,8,view
861,102,cart
861,307,view
861,205,view
861,463,cart
861,108,view
861,255,cart
861,25,view
861,33,purchase
861,155,purchase
861,104,purchase
861,476,purchase
861,486,cart
861,111,view
861,295,purchase
861,36,view
862,220,purchase
862,117,view
862,14,view
862,372,view
862,26,purchase
862,384,cart
862,6,purchase
862,106,view
862,123,cart
862,52,view
862,83,purchase
862,197,view
863,33,purchase
863,241,view
863,212,view
863,10,cart
863,429,view
863,406,view
863,378,purchase
863,112,cart
863,493,purchase
863,177,cart
864,27,view
864,363,purchase
864,26,purchase
864,40,purchase
864,301,purchase
864,305,cart
864,479,purchase
864,150,view
864,199,view
865,78,view
865,435,view
865,66,cart
865,467,cart
865,54,cart
865,146,purchase
865,5,cart
865,211,view
865,411,view
865,45,purchase
865,271,view
865,120,view
865,341,view
865,139,view
865,467,view
865,115,view
866,61,cart
866,302,purchase
866,8,cart
866,271,purchase
866,332,purchase
866,494,cart
866,46,purchase
866,483,purchase
866,192,cart
866,231,view
866,428,cart
866,141,cart
867,478,cart
867,302,view
867,448,purchase
867,446,view
867,291,purchase
867,294,purchase
867,181,cart
867,408,purchase
868,356,view
868,28,purchase
868,39,purchase
868,266,purchase
868,350,purchase
868,444,view
868,251,view
869,29,cart
869,299,cart
869,132,view
869,446,cart
869,14,purchase
869,336,purchase
869,6,purchase
869,244,purchase
869,475,view
870,166,view
870,392,cart
870,282,view
870,156,purchase
870,171,view
870,219,view
870,462,purchase
871,80,purchase
871,61,view
871,357,cart
871,427,cart
871,76,purchase
871,397,purchase
871,230,view
871,398,purchase
871,70,view
871,46,cart
871,43,view
871,80,view
871,249,cart
871,455,purchase
871,361,view
871,305,view
871,230,view
871,371,purchase
871,1,purchase
872,84,purchase
872,372,purchase
872,247,cart
872,193,view
872,443,cart
872,487,purchase
872,254,view
872,464,purchase
872,269,purchase
872,240,cart
872,350,view
873,168,view
873,414,cart
873,422,cart
873,500,view
873,325,cart
873,75,view
873,143,view
873,158,cart
873,492,view
873,223,view
873,237,purchase
873,304,purchase
874,142,cart
874,420,purchase
874,45,cart
874,88,purchase
874,101,cart
874,262,purchase
874,171,view
874,410,cart
874,270,view
874,149,purchase
874,34,view
874,450,view
874,308,cart
874,87,purchase
874,212,view
874,255,purchase
874,21,purchase
874,309,view
875,135,view
875,156,cart
875,204,purchase
875,108,purchase
875,430,cart
875,444,purchase
875,440,cart
875,416,purchase
875,239,purchase
875,162,view
875,166,view
875,378,cart
875,189,purchase
875,468,cart
876,405,view
876,149,cart
876,31,view
876,403,view
876,441,cart
876,392,view
876,114,view
876,119,purchase
876,15,purchase
876,370,view
876,285,view
876,322,cart
876,486,view
876,434,purchase
877,62,view
877,419,cart
877,109,purchase
877,258,view
877,157,view
877,344,view
877,154,cart
877,107,view
877,441,purchase
877,128,view
877,25,purchase
877,259,cart
877,30,view
877,409,view
878,127,cart
878,142,view
878,268,view
878,95,purchase
878,450,purchase
878,130,purchase
878,459,cart
878,35,view
878,120,cart
878,106,view
878,193,view
878,147,view
878,219,cart
879,389,purchase
879,481,purchase
879,91,view
879,386,cart
879,326,purchase
879,138,cart
880,274,purchase
880,213,purchase
880,63,cart
880,45,cart
880,54,cart
880,491,view
880,308,view
880,139,view
880,218,view
880,172,purchase
881,77,cart
881,466,purchase
881,282,view
881,216,purchase
881,11,view
881,57,view
881,445,purchase
881,34,cart
881,435,cart
881,110,view
881,76,purchase
881,394,cart
881,269,purchase
881,193,cart
881,251,purchase
881,334,purchase
881,390,purchase
881,405,cart
881,64,view
882,81,cart
882,9,cart
882,289,view
882,23,purchase
882,153,purchase
882,376,view
882,391,view
883,162,view
883,183,cart
883,213,purchase
883,397,cart
883,193,cart
883,382,cart
883,157,purchase
883,130,view
884,110,cart
884,332,purchase
884,422,cart
884,56,purchase
884,439,view
884,474,purchase
884,89,view
885,104,purchase
885,353,cart
885,274,purchase
885,448,cart
885,433,cart
885,434,purchase
885,332,cart
885,36,purchase
886,500,purchase
886,127,cart
886,53,view
886,390,view
886,265,cart
886,262,purchase
886,4,cart
886,272,purchase
886,226,cart
886,389,purchase
886,396,view
886,35,view
886,371,purchase
886,299,cart
887,32,cart
887,391,view
887,4,cart
887,124,view
887,245,purchase
887,81,cart
887,148,cart
887,69,view
887,298,purchase
887,300,purchase
887,222,cart
888,327,cart
888,87,purchase
888,109,cart
888,327,view
888,122,purchase
888,228,cart
888,45,cart
888,65,view
889,321,cart
889,233,purchase
889,159,purchase
889,356,view
889,470,cart
889,95,view
889,163,purchase
890,420,purchase
890,317,cart
890,441,purchase
890,376,cart
890,444,cart
890,154,view
891,3,cart
891,86,view
891,495,cart
891,80,purchase
891,490,purchase
891,68,view
891,129,purchase
891,139,view
891,127,cart
891,109,purchase
891,192,cart
891,230,cart
891,287,purchase
891,441,cart
891,269,cart
892,127,purchase
892,11,cart
892,408,purchase
892,111,purchase
892,408,purchase
892,419,view
892,278,purchase
892,185,purchase
892,464,cart
892,53,purchase
892,433,view
892,35,view
892,34,cart
892,307,purchase
892,71,purchase
892,440,cart
892,67,view
893,488,purchase
893,138,view
893,314,view
893,177,cart
893,118,cart
893,223,view
893,487,view
893,65,view
893,56,purchase
893,451,cart
893,272,purchase
893,164,view
893,125,view
893,88,view
893,54,purchase
893,105,purchase
894,174,purchase
894,163,purchase
894,260,purchase
894,385,view
894,203,cart
895,477,purchase
895,344,cart
895,203,view
895,438,view
895,173,cart
895,35,view
895,403,purchase
895,10,purchase
896,248,view
896,264,view
896,112,view
896,28,purchase
896,195,cart
896,495,view
896,459,view
896,29,purchase
896,498,purchase
896,435,purchase
896,437,purchase
896,473,purchase
896,226,purchase
896,189,purchase
896,277,purchase
896,6,cart
896,51,purchase
896,168,purchase
896,110,view
897,353,view
897,487,purchase
897,211,purchase
897,308,cart
897,273,cart
897,59,cart
897,342,purchase
897,299,cart
897,469,cart
897,256,purchase
897,442,view
897,155,view
898,276,purchase
898,80,cart
898,301,purchase
898,8,purchase
898,374,view
898,331,view
898,139,view
898,303,cart
898,237,purchase
898,22,cart
898,433,view
899,404,view
899,340,cart
899,134,cart
899,488,purchase
899,436,view
899,215,view
899,430,cart
899,146,view
899,20,view
899,389,view
899,441,purchase
899,282,purchase
899,414,cart
899,284,cart
899,246,view
900,131,cart
900,462,purchase
900,485,cart
900,425,purchase
900,229,purchase
900,284,cart
900,41,purchase
900,78,view
900,215,purchase
900,179,cart
900,499,cart
900,148,purchase
900,153,purchase
900,435,cart
900,392,cart
901,155,view
901,147,view
901,238,purchase
901,446,view
901,379,cart
901,94,view
901,383,purchase
901,28,view
901,246,view
901,458,purchase
901,277,purchase
901,290,purchase
901,477,cart
902,226,view
902,232,purchase
902,332,cart
902,397,view
902,361,purchase
902,32,purchase
902,58,view
902,297,purchase
902,468,view
903,343,view
903,69,cart
903,99,view
903,11,cart
903,498,view
903,134,purchase
903,399,purchase
903,489,purchase
903,393,view
903,438,purchase
903,233,view
903,118,cart
903,469,view
903,418,view
903,254,purchase
903,413,purchase
904,352,cart
904,220,view
904,175,cart
904,312,purchase
904,15,purchase
904,390,cart
904,88,cart
904,57,purchase
904,204,purchase
904,361,cart
904,251,purchase
904,337,purchase
904,278,view
904,331,purchase
904,82,cart
905,417,view
905,246,purchase
905,172,view
905,21,purchase
905,148,cart
905,332,cart
905,363,purchase
905,213,purchase
905,438,cart
905,458,purchase
905,192,view
905,365,view
905,378,purchase
905,113,purchase
906,102,purchase
906,104,view
906,88,view
906,385,cart
906,140,purchase
906,31,cart
906,141,view
906,164,purchase
906,33,cart
906,216,purchase
906,17,cart
906,292,cart
906,270,view
906,366,cart
906,299,view
906,117,purchase
906,406,purchase
906,388,cart
906,236,purchase
907,66,cart
907,427,cart
907,422,cart
907,285,cart
907,365,purchase
907,473,view
907,242,purchase
907,331,purchase
907,149,cart
907,119,view
907,281,view
907,354,cart
908,89,view
908,74,cart
908,2,cart
908,453,view
908,302,purchase
908,98,cart
908,289,purchase
908,251,cart
908,459,view
908,395,cart
908,323,view
908,137,view
909,20,purchase
909,349,view
909,419,cart
909,420,cart
909,73,cart
909,210,purchase
909,80,view
909,250,view
909,368,purchase
909,458,view
910,316,cart
910,423,purchase
910,70,view
910,147,purchase
910,288,view
910,20,view
910,424,cart
910,424,cart
910,359,cart
910,225,cart
910,480,view
910,51,purchase
910,477,purchase
911,165,cart
911,123,view
911,449,cart
911,160,cart
911,465,cart
911,233,cart
911,191,view
911,347,view
912,165,view
912,248,view
912,120,purchase
912,40,purchase
912,120,view
912,212,purchase
912,62,cart
913,402,view
913,1,cart
913,299,cart
913,151,view
913,350,view
913,462,view
913,351,view
913,190,view
913,298,cart
913,469,view
913,280,view
914,62,purchase
914,396,view
914,3,cart
914,461,cart
914,441,view
914,368,purchase
914,36,purchase
915,416,cart
915,268,purchase
915,45,view
915,495,view
915,160,purchase
915,105,view
915,170,view
915,29,cart
915,424,cart
915,222,cart
915,391,cart
915,268,cart
915,214,view
915,350,purchase
915,261,purchase
915,61,purchase
916,438,view
916,92,cart
916,470,cart
916,338,view
916,213,cart
916,365,cart
916,347,purchase
916,272,view
916,58,cart
916,357,purchase
916,58,purchase
916,370,view
916,108,view
916,301,cart
916,251,purchase
916,26,cart
916,217,purchase
916,52,purchase
917,366,cart
917,1,purchase
917,161,purchase
917,25,view
917,146,view
918,97,view
918,274,view
918,367,view
918,245,purchase
918,345,view
918,161,view
918,167,cart
918,467,view
918,172,cart
918,378,view
918,476,cart
919,91,cart
919,48,cart
919,424,view
919,300,purchase
919,309,cart
919,40,purchase
919,73,cart
919,75,cart
919,300,view
919,106,view
919,294,purchase
919,149,cart
919,345,cart
919,86,purchase
919,265,cart
920,127,cart
920,333,view
920,381,purchase
920,123,cart
920,344,view
920,414,purchase
920,453,cart
920,179,purchase
920,239,view
920,325,cart
920,111,purchase
920,246,cart
920,343,view
920,388,purchase
921,396,purchase
921,119,view
921,464,cart
921,38,purchase
921,359,cart
921,146,view
921,487,purchase
921,463,purchase
921,188,cart
921,417,purchase
921,286,view
921,52,purchase
921,274,view
921,464,view
921,457,cart
921,145,cart
921,413,purchase
922,486,view
922,380,cart
922,227,cart
922,423,purchase
922,119,purchase
922,498,cart
922,375,purchase
922,401,purchase
922,127,purchase
922,257,purchase
922,296,cart
922,106,cart
922,468,cart
922,206,view
922,136,cart
923,294,cart
923,348,view
923,375,purchase
923,339,cart
923,320,purchase
923,426,cart
923,455,view
923,456,cart
923,118,view
924,348,purchase
924,490,purchase
924,421,purchase
924,215,purchase
924,445,purchase
924,357,cart
924,165,purchase
924,86,view
924,329,cart
924,155,view
924,99,purchase
924,165,view
924,139,view
925,448,purchase
925,203,cart
925,323,cart
925,16,view
925,430,view
925,455,purchase
925,323,cart
925,234,cart
925,436,cart
926,450,cart
926,266,view
926,127,purchase
926,348,view
926,281,purchase
926,163,purchase
927,102,cart
927,24,purchase
927,73,view
927,269,cart
927,124,purchase
927,65,purchase
927,58,cart
927,278,purchase
927,395,view
927,185,cart
927,454,cart
927,459,view
927,161,cart
928,327,view
928,86,purchase
928,468,cart
928,23,view
928,70,cart
928,307,view
928,380,purchase
928,34,purchase
928,449,purchase
928,172,purchase
928,392,cart
929,251,cart
929,213,purchase
929,130,cart
929,360,purchase
929,332,cart
929,389,purchase
929,295,view
929,29,cart
929,378,cart
929,495,cart
929,433,purchase
929,142,cart
930,360,purchase
930,116,view
930,292,view
930,107,cart
930,495,cart
930,196,cart
930,201,view
930,199,cart
930,219,purchase
930,70,purchase
930,415,view
930,354,view
930,402,cart
930,72,view
930,437,purchase
930,177,purchase
930,195,purchase
930,299,cart
930,270,purchase
930,236,purchase
931,158,cart
931,75,view
931,227,purchase
931,114,purchase
931,58,view
931,161,view
931,362,purchase
931,38,purchase
931,383,purchase
932,149,cart
932,152,purchase
932,447,cart
932,220,view
932,259,purchase
932,144,purchase
932,321,cart
932,155,view
932,415,purchase
932,429,purchase
932,117,purchase
932,497,cart
932,138,purchase
932,457,cart
932,134,cart
932,406,cart
932,360,cart
933,100,cart
933,374,view
933,108,purchase
933,314,view
933,190,cart
933,463,cart
933,339,purchase
933,347,purchase
933,160,purchase
933,147,view
933,442,view
933,196,purchase
933,5,purchase
933,111,cart
933,326,cart
933,200,cart
933,68,cart
934,245,purchase
934,490,purchase
934,113,purchase
934,106,view
934,53,purchase
934,19,purchase
934,91,cart
934,214,view
934,341,purchase
934,334,purchase
934,83,view
934,443,purchase
934,186,cart
934,267,cart
935,269,cart
935,80,purchase
935,131,view
935,36,purchase
935,332,view
935,92,cart
935,115,purchase
935,212,view
935,36,view
935,438,view
935,131,cart
935,347,view
935,309,view
935,392,view
936,414,purchase
936,253,purchase
936,223,view
936,289,view
936,59,purchase
936,320,view
936,349,view
936,382,cart
936,275,purchase
936,214,view
936,289,cart
936,366,purchase
936,327,cart
937,230,view
937,455,view
937,246,purchase
937,12,purchase
937,116,cart
937,500,purchase
937,3,cart
937,456,cart
937,266,purchase
937,192,cart
937,441,purchase
937,147,view
937,445,view
937,140,cart
937,55,cart
937,321,view
937,266,view
937,98,cart
938,400,purchase
938,435,cart
938,467,purchase
938,46,cart
938,108,view
938,4,cart
938,171,purchase
938,450,purchase
939,134,purchase
939,229,view
939,34,purchase
939,99,cart
939,87,view
939,177,purchase
939,329,cart
939,390,purchase
939,332,purchase
939,344,cart
939,463,view
939,209,purchase
939,359,purchase
939,62,view
939,35,cart
939,89,purchase
940,181,cart
940,350,purchase
940,338,view
940,478,view
940,48,view
940,460,cart
940,465,cart
940,291,purchase
940,211,purchase
940,297,view
940,446,view
940,271,view
940,90,view
940,58,cart
940,32,purchase
940,471,purchase
940,284,view
940,260,cart
940,49,view
940,418,purchase
941,438,cart
941,388,purchase
941,4,view
941,430,view
941,256,cart
941,334,view
941,104,purchase
941,168,cart
941,75,cart
941,269,purchase
941,396,purchase
941,159,cart
941,228,purchase
941,437,purchase
941,163,purchase
942,175,view
942,235,view
942,244,purchase
942,423,purchase
942,429,cart
942,264,view
942,304,cart
942,72,purchase
942,118,purchase
943,81,view
943,390,cart
943,497,purchase
943,324,purchase
943,146,cart
943,484,view
943,229,cart
944,176,cart
944,264,purchase
944,213,purchase
944,417,view
944,364,purchase
944,62,view
944,451,purchase
944,332,purchase
944,381,purchase
944,127,view
944,434,purchase
944,54,cart
944,163,purchase
944,107,cart
944,268,view
944,80,cart
944,204,cart
945,291,cart
945,374,purchase
945,431,view
945,495,purchase
945,397,purchase
945,46,purchase
945,339,cart
945,63,purchase
945,350,view
946,313,cart
946,151,view
946,366,view
946,38,view
946,256,purchase
946,465,cart
946,161,view
946,142,view
946,338,view
946,315,purchase
946,383,cart
947,244,purchase
947,215,purchase
947,213,cart
947,251,view
947,49,purchase
947,266,cart
947,31,purchase
947,123,purchase
948,44,cart
948,314,view
948,96,view
948,331,view
948,336,cart
948,68,view
948,349,view
948,9,view
948,285,view
948,4,view
948,156,cart
948,324,purchase
948,223,view
948,375,cart
948,443,view
949,464,purchase
949,391,purchase
949,232,view
949,2,purchase
949,351,cart
949,432,cart
949,453,purchase
949,200,view
950,78,view
950,135,cart
950,196,view
950,145,cart
950,476,purchase
950,122,cart
950,283,view
950,58,purchase
950,351,view
950,63,view
950,51,purchase
950,195,cart
950,432,purchase
950,111,purchase
951,357,view
951,492,cart
951,38,purchase
951,312,view
951,93,view
951,407,view
951,328,cart
951,164,view
951,3,view
951,141,cart
952,219,purchase
952,37,purchase
952,405,view
952,117,view
952,367,purchase
952,344,purchase
952,178,view
952,66,cart
952,482,purchase
952,87,cart
953,380,purchase
953,198,cart
953,475,cart
953,102,cart
953,121,view
953,451,cart
953,473,cart
953,149,purchase
953,91,cart
953,421,view
953,98,cart
953,274,cart
953,137,view
954,19,purchase
954,66,cart
954,239,view
954,10,cart
954,184,cart
954,49,purchase
954,208,purchase
954,393,view
954,353,view
954,462,cart
954,94,view
954,468,purchase
954,210,purchase
954,435,purchase
954,337,view
954,279,purchase
954,222,purchase
954,387,cart
954,121,purchase
955,230,cart
955,499,purchase
955,40,view
955,416,purchase
955,441,purchase
955,215,cart
955,433,cart
955,441,purchase
955,348,purchase
955,127,view
955,124,view
955,3,view
955,255,cart
955,363,view
955,302,view
955,221,purchase
955,367,view
956,28,purchase
956,19,view
956,237,purchase
956,151,cart
956,230,view
956,169,purchase
956,207,view
956,273,cart
956,76,view
956,179,view
956,251,view
956,246,purchase
956,391,view
956,65,view
956,431,purchase
956,364,cart
956,222,cart
957,271,view
957,15,view
957,448,view
957,55,cart
957,136,view
957,146,purchase
957,427,purchase
958,35,purchase
958,262,purchase
958,319,cart
958,9,cart
958,277,cart
958,213,view
958,60,purchase
958,385,purchase
958,337,purchase
958,431,view
958,397,cart
958,53,cart
958,189,purchase
958,320,purchase
958,296,purchase
958,371,purchase
959,496,cart
959,374,purchase
959,124,view
959,486,view
959,57,view
959,77,purchase
959,126,cart
959,271,cart
959,425,view
959,498,cart
959,126,purchase
959,316,view
959,153,cart
959,182,view
959,8,cart
960,268,purchase
960,415,view
960,40,cart
960,273,purchase
960,460,view
960,86,purchase
960,154,cart
960,430,purchase
960,299,view
960,76,purchase
960,130,cart
960,469,purchase
960,250,view
960,397,purchase
960,137,view
961,16,view
961,101,cart
961,482,view
961,171,cart
961,163,purchase
961,271,purchase
961,99,purchase
961,165,purchase
962,154,purchase
962,291,purchase
962,471,view
962,282,purchase
962,126,cart
962,451,purchase
962,336,purchase
962,479,cart
962,117,view
962,316,view
963,334,purchase
963,79,purchase
963,203,purchase
963,11,purchase
963,216,view
963,383,view
964,90,view
964,423,purchase
964,155,purchase
964,44,purchase
964,134,cart
964,414,purchase
965,488,view
965,346,cart
965,260,purchase
965,343,view
965,495,purchase
965,257,view
965,144,cart
965,5,cart
965,310,cart
965,346,cart
965,439,purchase
965,50,purchase
965,375,purchase
966,104,purchase
966,459,cart
966,330,view
966,180,purchase
966,23,cart
966,377,cart
966,313,view
966,423,cart
966,484,purchase
966,270,view
966,27,view
966,46,cart
966,351,purchase
966,150,cart
966,142,view
967,84,view
967,335,view
967,203,view
967,59,cart
967,354,view
967,8,purchase
967,84,purchase
967,147,purchase
967,44,view
967,100,purchase
967,151,purchase
968,271,view
968,448,view
968,238,purchase
968,455,purchase
968,280,view
968,43,view
968,452,view
968,306,view
968,492,view
968,342,view
968,211,cart
968,433,cart
968,464,view
968,468,view
968,345,view
968,428,cart
969,106,view
969,420,cart
969,297,purchase
969,331,purchase
969,446,view
970,87,view
970,114,cart
970,65,purchase
970,400,purchase
970,474,cart
970,335,cart
970,95,view
970,174,purchase
970,95,cart
970,50,cart
971,219,view
971,216,cart
971,41,purchase
971,394,purchase
971,51,cart
971,277,view
971,298,view
972,246,cart
972,490,cart
972,8,purchase
972,64,purchase
972,287,purchase
972,240,cart
972,487,purchase
972,132,cart
972,24,view
973,324,cart
973,114,cart
973,252,view
973,179,cart
973,412,purchase
973,326,view
973,150,view
973,393,purchase
973,154,view
973,386,purchase
973,114,view
973,113,cart
973,146,cart
973,99,purchase
974,274,purchase
974,325,purchase
974,335,view
974,172,cart
974,308,cart
974,434,view
974,333,view
974,34,cart
974,64,purchase
975,336,purchase
975,288,view
975,213,view
975,251,cart
975,417,view
975,399,view
975,433,purchase
975,267,cart
975,138,cart
975,455,cart
975,428,view
975,495,cart
975,351,cart
975,12,view
976,43,cart
976,332,purchase
976,44,purchase
976,341,purchase
976,477,purchase
976,104,cart
977,38,purchase
977,440,cart
977,92,cart
977,295,cart
977,235,view
977,352,purchase
977,387,view
977,256,cart
977,485,view
977,183,purchase
977,170,cart
977,384,view
977,74,view
977,137,cart
977,71,purchase
977,292,cart
978,490,view
978,375,view
978,56,cart
978,155,cart
978,207,view
978,134,view
978,65,view
978,412,cart
978,467,purchase
978,51,cart
978,233,purchase
979,384,cart
979,427,cart
979,64,purchase
979,162,cart
979,357,cart
979,193,cart
979,412,cart
979,354,view
979,422,purchase
979,240,view
979,437,view
979,16,view
979,303,cart
979,226,view
979,195,purchase
979,28,view
979,235,cart
979,297,purchase
979,495,purchase
979,132,purchase
980,404,purchase
980,91,view
980,485,purchase
980,297,cart
980,393,purchase
980,79,purchase
980,170,cart
980,116,cart
980,151,view
980,302,view
980,386,cart
980,150,purchase
980,410,purchase
980,427,purchase
981,309,cart
981,218,purchase
981,444,cart
981,178,purchase
981,186,purchase
981,433,purchase
981,447,view
981,390,view
981,216,view
981,60,view
981,443,purchase
981,158,cart
981,335,cart
981,184,view
981,49,view
981,207,cart
981,138,purchase
981,486,view
981,393,purchase
981,136,cart
982,309,cart
982,460,cart
982,92,purchase
982,235,cart
982,256,cart
982,368,cart
982,319,purchase
982,381,cart
982,223,purchase
982,11,purchase
982,87,view
982,247,cart
983,401,purchase
983,135,view
983,309,purchase
983,367,cart
983,48,purchase
983,344,cart
983,226,purchase
983,340,view
983,14,view
983,66,purchase
983,172,view
983,272,view
983,100,view
984,399,view
984,202,purchase
984,169,view
984,182,purchase
984,446,view
984,318,view
984,128,purchase
984,53,cart
984,54,cart
984,190,cart
984,57,cart
984,93,view
984,138,purchase
984,117,view
984,296,view
984,223,cart
984,255,cart
984,27,purchase
984,211,purchase
985,123,cart
985,203,purchase
985,152,purchase
985,244,purchase
985,269,cart
986,192,cart
986,32,cart
986,401,view
986,350,purchase
986,7,cart
986,388,cart
986,144,cart
986,40,cart
986,14,cart
986,7,cart
986,292,purchase
986,397,purchase
986,411,view
986,488,cart
986,159,cart
986,303,purchase
986,140,view
986,152,purchase
986,358,purchase
986,177,cart
987,236,cart
987,78,view
987,92,cart
987,31,purchase
987,283,purchase
988,306,purchase
988,373,cart
988,347,purchase
988,349,cart
988,4,purchase
988,359,view
988,328,cart
988,136,cart
988,69,purchase
988,492,view
988,112,cart
988,208,view
988,216,cart
988,312,view
988,258,purchase
988,289,view
988,21,purchase
988,278,purchase
989,336,view
989,331,purchase
989,122,view
989,479,cart
989,224,view
989,70,purchase
990,61,cart
990,447,cart
990,4,view
990,71,view
990,267,purchase
990,17,purchase
990,329,view
991,91,cart
991,254,cart
991,309,cart
991,25,cart
991,399,cart
992,432,view
992,227,purchase
992,335,cart
992,285,view
992,368,cart
992,475,purchase
992,363,purchase
992,465,purchase
992,322,cart
993,397,purchase
993,387,view
993,458,cart
993,384,purchase
993,263,cart
993,165,view
993,157,cart
993,457,view
993,206,view
993,173,cart
993,195,purchase
993,403,cart
993,491,purchase
993,330,purchase
993,418,purchase
994,175,view
994,25,view
994,250,cart
994,196,cart
994,326,purchase
994,146,cart
994,70,purchase
994,364,view
994,476,view
994,487,cart
994,61,view
994,221,view
994,96,view
994,344,purchase
994,453,view
995,445,cart
995,349,purchase
995,477,cart
995,115,view
995,398,purchase
995,336,view
995,191,view
995,75,purchase
995,488,cart
995,486,view
995,63,purchase
995,221,purchase
995,395,cart
995,469,view
995,412,view
995,187,purchase
995,394,purchase
995,117,view
995,381,cart
996,101,purchase
996,50,cart
996,45,view
996,94,cart
996,343,view
996,152,view
996,216,cart
996,46,purchase
996,157,view
996,16,view
996,5,cart
996,17,cart
996,407,view
997,59,cart
997,161,purchase
997,310,view
997,251,cart
997,115,cart
997,77,view
997,196,purchase
997,168,purchase
998,144,view
998,408,purchase
998,246,view
998,477,purchase
998,138,purchase
998,353,view
998,134,cart
998,108,view
998,421,purchase
998,14,purchase
998,94,view
998,299,purchase
998,289,purchase
998,230,view
998,350,cart
998,377,cart
998,104,view
999,389,purchase
999,464,view
999,309,view
999,237,view
999,204,cart
999,267,cart
999,407,view
999,120,view
999,258,view
999,254,cart
999,406,purchase
999,217,view
999,65,purchase
999,262,purchase
999,265,view
999,310,view
999,178,cart
1000,244,purchase
1000,20,view
1000,378,cart
1000,163,cart
1000,114,view
1001,483,view
1001,373,purchase
1001,359,cart
1001,312,view
1001,127,cart
1001,346,cart
1001,487,cart
1001,426,view
1001,55,cart
1001,161,purchase
1001,119,purchase
1001,489,view
1001,348,view
1001,198,purchase
1001,203,cart
1002,256,cart
1002,275,purchase
1002,362,view
1002,401,cart
1002,173,view
1002,80,view
1002,429,cart
1002,367,cart
1002,381,cart
1002,415,cart
1002,315,purchase
1002,385,cart
1002,143,view
1002,292,view
1003,346,cart
1003,381,view
1003,144,cart
1003,110,view
1003,73,view
1003,279,cart
1003,105,purchase
1003,456,view
1003,464,purchase
1003,66,cart
1004,371,view
1004,445,cart
1004,29,cart
1004,220,cart
1004,426,purchase
1004,274,view
1004,223,cart
1004,267,purchase
1004,444,purchase
1004,253,cart
1004,305,purchase
1004,360,view
1004,332,cart
1004,131,purchase
1005,161,purchase
1005,353,view
1005,259,purchase
1005,124,view
1005,467,cart
1005,378,view
1005,42,purchase
1005,70,cart
1005,467,purchase
1005,303,view
1005,175,cart
1005,40,view
1005,324,purchase
1005,483,purchase
1005,333,view
1005,411,purchase
1005,193,view
1006,297,purchase
1006,395,view
1006,304,view
1006,130,cart
1006,32,purchase
1006,149,purchase
1006,187,purchase
1006,293,purchase
1006,173,purchase
1006,242,cart
1006,97,purchase
1006,299,cart
1006,384,purchase
1006,50,purchase
1006,114,cart
1006,12,purchase
1006,305,view
1006,463,purchase
1006,152,view
1007,429,cart
1007,229,purchase
1007,302,purchase
1007,421,cart
1007,474,purchase
1007,276,purchase
1007,431,view
1007,168,view
1007,334,purchase
1007,445,purchase
1007,482,view
1007,298,view
1007,471,cart
1007,69,purchase
1007,379,cart
1007,446,view
1008,310,view
1008,225,view
1008,320,view
1008,287,purchase
1008,456,cart
1008,240,cart
1008,440,view
1008,252,purchase
1008,273,cart
1008,70,cart
1008,340,view
1008,405,purchase
1008,252,cart
1008,256,view
1008,360,purchase
1008,436,view
1008,487,purchase
1009,463,purchase
1009,40,cart
1009,202,cart
1009,488,purchase
1009,269,purchase
1010,337,cart
1010,330,cart
1010,109,cart
1010,372,view
1010,76,view
1010,238,cart
1010,271,cart
1010,450,purchase
1010,245,view
1010,218,purchase
1010,256,purchase
1010,391,cart
1010,4,view
1010,327,purchase
1010,344,view
1010,198,view
1010,358,cart
1011,239,purchase
1011,279,cart
1011,99,cart
1011,417,purchase
1011,32,cart
1011,200,purchase
1011,213,cart
1011,233,purchase
1011,207,cart
1011,229,cart
1011,289,cart
1012,245,view
1012,91,purchase
1012,331,cart
1012,167,view
1012,228,cart
1012,329,purchase
1012,165,purchase
1012,494,view
1012,122,cart
1012,368,purchase
1012,255,view
1012,55,cart
1012,341,view
1012,195,cart
1012,338,purchase
1012,83,cart
1013,459,cart
1013,239,cart
1013,77,view
1013,94,view
1013,94,view
1013,270,cart
1013,498,purchase
1013,73,view
1013,388,view
1013,344,cart
1013,165,purchase
1013,9,view
1013,107,purchase
1013,266,purchase
1013,248,purchase
1013,63,view
1013,491,purchase
1013,24,cart
1014,352,purchase
1014,215,purchase
1014,34,view
1014,3,purchase
1014,430,view
1014,346,view
1014,132,purchase
1015,151,cart
1015,350,purchase
1015,445,purchase
1015,281,cart
1015,441,cart
1015,179,cart
1015,176,cart
1015,90,cart
1015,204,cart
1015,286,purchase
1016,288,purchase
1016,69,purchase
1016,116,cart
1016,403,cart
1016,433,purchase
1016,34,view
1017,326,view
1017,87,view
1017,240,cart
1017,61,view
1017,270,view
1017,458,purchase
1017,222,purchase
1017,432,view
1017,105,cart
1017,58,purchase
1017,183,view
1017,172,cart
1017,266,view
1017,169,purchase
1017,469,purchase
1018,465,purchase
1018,213,purchase
1018,404,view
1018,334,purchase
1018,81,purchase
1018,122,view
1018,26,cart
1018,494,purchase
1018,308,cart
1018,85,cart
1018,369,purchase
1018,287,cart
1018,233,view
1018,290,view
1018,77,cart
1018,469,view
1018,51,cart
1018,213,cart
1018,474,view
1018,46,purchase
1019,289,purchase
1019,41,purchase
1019,391,view
1019,36,view
1019,97,purchase
1019,395,cart
1019,339,purchase
1019,437,purchase
1019,302,cart
1019,420,view
1019,87,view
1019,94,purchase
1019,456,purchase
1019,39,view
1019,96,view
1019,191,view
1019,327,purchase
1020,47,view
1020,381,cart
1020,367,view
1020,2,cart
1020,272,view
1020,445,purchase
1020,314,view
1020,346,purchase
1020,267,cart
1020,250,view
1021,495,cart
1021,199,view
1021,436,cart
1021,292,view
1021,292,purchase
1021,325,purchase
1021,257,view
1021,260,view
1021,197,purchase
1021,43,view
1021,294,view
1021,69,purchase
1021,80,view
1021,105,view
1021,101,purchase
1021,136,cart
1021,421,view
1022,344,view
1022,235,cart
1022,455,purchase
1022,449,purchase
1022,466,view
1022,452,purchase
1022,367,cart
1022,101,view
1022,76,cart
1022,336,view
1022,252,cart
1022,282,view
1022,359,purchase
1023,79,cart
1023,165,purchase
1023,180,view
1023,7,cart
1023,16,view
1023,414,view
1023,324,purchase
1023,429,view
1023,246,view
1023,61,view
1023,291,view
1023,339,cart
1023,18,view
1023,482,purchase
1023,457,purchase
1023,468,purchase
1023,259,cart
1024,318,cart
1024,399,purchase
1024,270,purchase
1024,50,cart
1024,418,purchase
1024,473,view
1024,406,cart
1024,410,view
1024,371,view
1024,130,cart
1024,491,purchase
1024,247,cart
1024,452,view
1024,429,cart
1024,87,purchase
1024,90,cart
1024,44,cart
1024,464,purchase
1024,147,view
1025,92,purchase
1025,297,view
1025,417,purchase
1025,485,cart
1025,248,purchase
1025,84,purchase
1025,388,cart
1025,433,cart
1025,131,cart
1025,160,purchase
1025,378,cart
1025,469,cart
1025,179,view
1025,157,cart
1025,9,purchase
1026,311,purchase
1026,470,purchase
1026,221,purchase
1026,29,purchase
1026,425,view
1026,64,cart
1026,470,view
1026,384,view
1026,313,view
1026,366,cart
1026,342,purchase
1026,46,purchase
1026,206,view
1026,337,purchase
1026,325,purchase
1026,399,purchase
1026,93,view
1026,364,view
1026,282,cart
1027,296,view
1027,7,view
1027,173,purchase
1027,466,view
1027,166,cart
1027,113,purchase
1027,123,cart
1027,497,cart
1027,146,cart
1027,207,cart
1027,141,cart
1027,477,cart
1027,87,view
1027,257,purchase
1027,292,purchase
1027,453,purchase
1027,52,purchase
1027,462,purchase
1027,462,purchase
1027,332,purchase
1028,298,cart
1028,471,purchase
1028,354,cart
1028,298,cart
1028,140,purchase
1028,297,cart
1028,119,view
1028,500,purchase
1028,320,cart
1028,295,purchase
1028,261,view
1028,290,view
1028,144,purchase
1029,21,view
1029,175,purchase
1029,271,purchase
1029,89,purchase
1029,156,view
1029,450,purchase
1029,45,view
1029,134,view
1029,335,cart
1029,6,purchase
1029,158,cart
1029,226,view
1030,21,cart
1030,408,cart
1030,256,cart
1030,357,purchase
1030,334,view
1030,397,view
1030,298,view
1031,22,purchase
1031,340,cart
1031,389,cart
1031,491,cart
1031,197,purchase
1031,458,purchase
1031,241,cart
1031,215,purchase
1031,358,purchase
1031,103,cart
1031,295,cart
1031,88,view
1031,8,view
1031,448,cart
1031,458,view
1031,171,view
1031,350,purchase
1031,85,view
1031,249,cart
1031,324,purchase
1032,449,view
1032,370,cart
1032,150,view
1032,486,purchase
1032,258,cart
1032,1,purchase
1032,312,purchase
1032,215,purchase
1032,214,cart
1032,324,view
1033,278,view
1033,453,purchase
1033,110,purchase
1033,151,cart
1033,37,cart
1033,136,view
1033,101,view
1034,225,purchase
1034,265,cart
1034,122,view
1034,149,cart
1034,58,purchase
1034,329,cart
1034,67,view
1034,116,view
1034,455,view
1035,169,cart
1035,145,cart
1035,104,cart
1035,272,cart
1035,458,cart
1035,201,purchase
1035,197,purchase
1035,344,view
1035,139,view
1035,106,view
1035,443,cart
1035,236,view
1035,470,purchase
1035,437,view
1035,334,cart
1035,77,cart
1035,495,cart
1035,4,purchase
1035,455,cart
1035,290,purchase
1036,114,cart
1036,243,view
1036,456,purchase
1036,14,purchase
1036,85,cart
1036,229,purchase
1036,379,cart
1037,497,purchase
1037,64,view
1037,333,cart
1037,424,purchase
1037,309,view
1037,441,view
1037,222,view
1037,100,purchase
1037,299,cart
1037,349,purchase
1037,462,view
1037,464,purchase
1037,261,cart
1037,17,purchase
1037,310,cart
1037,15,cart
1037,365,cart
1037,333,view
1037,289,purchase
1037,181,cart
1038,327,view
1038,235,view
1038,138,purchase
1038,25,cart
1038,193,view
1038,384,purchase
1038,73,view
1038,398,cart
1038,87,cart
1038,318,purchase
1038,7,purchase
1038,376,cart
1038,244,purchase
1038,146,view
1039,388,purchase
1039,217,purchase
1039,403,view
1039,137,purchase
1039,123,view
1039,256,purchase
1039,244,purchase
1039,60,cart
1039,498,cart
1039,169,view
1039,95,cart
1039,306,cart
1039,324,purchase
1039,11,cart
1039,347,cart
1039,367,cart
1039,270,cart
1040,492,purchase
1040,332,view
1040,186,purchase
1040,304,view
1040,486,view
1040,106,cart
1040,367,purchase
1041,243,cart
1041,161,view
1041,125,cart
1041,427,cart
1041,316,view
1041,248,view
1041,331,view
1041,396,purchase
1041,484,view
1041,403,cart
1041,286,cart
1041,261,purchase
1041,201,view
1041,9,cart
1041,227,view
1042,160,view
1042,490,view
1042,463,purchase
1042,413,view
1042,250,view
1042,471,purchase
1042,114,cart
1042,328,purchase
1042,154,purchase
1042,138,cart
1042,53,purchase
1042,276,view
1042,451,view
1042,192,purchase
1042,485,cart
1043,246,purchase
1043,64,cart
1043,203,view
1043,221,cart
1043,164,view
1043,27,cart
1043,309,purchase
1043,21,view
1043,422,cart
1043,244,cart
1043,246,view
1044,174,view
1044,34,purchase
1044,352,view
1044,150,purchase
1044,209,cart
1044,480,purchase
1044,251,purchase
1044,75,view
1045,449,view
1045,183,purchase
1045,22,purchase
1045,104,cart
1045,403,view
1045,196,cart
1046,293,view
1046,254,purchase
1046,443,view
1046,350,cart
1046,175,view
1046,296,purchase
1046,480,cart
1046,352,purchase
1046,435,cart
1046,93,cart
1046,435,cart
1046,143,view
1046,492,cart
1046,275,view
1046,2,cart
1046,44,purchase
1046,345,purchase
1047,218,view
1047,476,cart
1047,299,view
1047,162,purchase
1047,200,view
1047,479,cart
1047,382,view
1047,140,view
1047,295,purchase
1047,59,purchase
1047,371,view
1047,398,purchase
1048,465,view
1048,355,purchase
1048,455,purchase
1048,158,view
1048,212,view
1048,314,view
1048,418,cart
1048,17,purchase
1048,235,purchase
1048,260,cart
1048,285,purchase
1048,456,view
1048,203,view
1048,494,view
1048,170,purchase
1048,377,purchase
1048,269,view
1048,40,view
1048,2,purchase
1048,351,view
1049,460,cart
1049,401,cart
1049,362,purchase
1049,20,cart
1049,486,purchase
1049,339,view
1049,462,purchase
1049,302,purchase
1049,286,view
1049,448,purchase
1049,282,cart
1049,96,purchase
1050,333,cart
1050,68,cart
1050,96,purchase
1050,169,purchase
1050,97,cart
1050,418,view
1050,472,cart
1050,195,purchase
1050,227,view
1050,468,view
1050,459,view
1050,409,cart
1050,372,purchase
1050,286,purchase
1050,450,view
1050,191,purchase
1050,156,cart
1050,210,view
1050,189,view
1051,381,purchase
1051,29,purchase
1051,360,view
1051,383,view
1051,315,cart
1051,20,view
1051,196,view
1051,242,purchase
1051,304,cart
1052,112,cart
1052,319,purchase
1052,154,purchase
1052,416,cart
1052,110,view
1052,18,purchase
1052,228,view
1052,400,cart
1052,367,purchase
1052,230,cart
1052,402,purchase
1052,92,view
1052,85,cart
1053,418,view
1053,470,purchase
1053,134,view
1053,231,cart
1053,298,purchase
1053,207,cart
1053,461,cart
1054,85,view
1054,292,view
1054,340,view
1054,452,view
1054,290,view
1054,496,cart
1054,309,purchase
1054,392,view
1054,380,view
1054,127,purchase
1054,198,cart
1054,333,cart
1054,463,cart
1054,346,purchase
1054,188,cart
1054,29,purchase
1054,359,cart
1054,43,cart
1054,229,view
1055,26,purchase
1055,477,cart
1055,191,cart
1055,333,cart
1055,86,purchase
1055,183,purchase
1055,355,purchase
1055,81,purchase
1055,408,view
1055,28,cart
1055,317,purchase
1055,173,purchase
1055,172,view
1055,44,purchase
1055,124,cart
1055,211,view
1055,265,purchase
1055,44,purchase
1055,407,purchase
1055,182,purchase
1056,450,purchase
1056,467,cart
1056,366,cart
1056,105,cart
1056,192,purchase
1056,329,cart
1056,238,view
1056,55,purchase
1056,301,view
1056,427,cart
1056,84,cart
1056,323,cart
1056,259,cart
1056,482,view
1056,391,cart
1056,225,cart
1057,192,purchase
1057,240,cart
1057,232,purchase
1057,121,purchase
1057,114,purchase
1057,173,cart
1057,350,purchase
1057,64,purchase
1057,379,view
1057,136,cart
1057,349,view
1057,278,purchase
1057,208,cart
1057,162,cart
1057,494,view
1057,387,view
1057,244,view
1057,174,view
1057,453,view
1058,326,view
1058,256,purchase
1058,192,purchase
1058,458,cart
1058,461,view
1058,119,purchase
1058,180,purchase
1058,245,purchase
1058,251,view
1058,342,purchase
1058,390,purchase
1058,37,view
1058,220,view
1058,486,cart
1059,429,view
1059,45,cart
1059,271,cart
1059,466,purchase
1059,292,cart
1059,217,view
1059,313,view
1059,98,view
1059,405,purchase
1059,354,purchase
1059,480,cart
1059,463,purchase
1060,113,cart
1060,418,purchase
1060,221,purchase
1060,405,cart
1060,204,cart
1060,307,cart
1061,216,purchase
1061,22,purchase
1061,434,purchase
1061,296,purchase
1061,130,purchase
1061,171,cart
1061,280,cart
1061,412,cart
1061,130,purchase
1061,191,view
1061,66,cart
1062,311,purchase
1062,34,view
1062,161,view
1062,34,cart
1062,40,view
1062,304,view
1063,290,view
1063,77,purchase
1063,275,purchase
1063,68,cart
1063,226,purchase
1063,385,view
1063,203,purchase
1063,477,cart
1063,61,view
1063,28,cart
1063,471,purchase
1063,385,cart
1064,361,cart
1064,135,purchase
1064,484,cart
1064,157,purchase
1064,360,purchase
1064,160,cart
1064,164,purchase
1064,150,view
1064,147,view
1064,339,cart
1064,91,purchase
1064,469,view
1065,352,view
1065,103,view
1065,102,view
1065,366,view
1065,452,purchase
1065,461,view
1065,413,cart
1065,398,purchase
1065,445,view
1066,138,purchase
1066,68,view
1066,330,purchase
1066,455,cart
1066,239,view
1066,236,view
1066,137,purchase
1066,215,cart
1066,335,cart
1066,462,view
1066,245,cart
1066,236,cart
1066,185,cart
1067,61,purchase
1067,244,purchase
1067,284,view
1067,292,purchase
1067,81,purchase
1067,295,cart
1067,390,purchase
1067,185,cart
1067,263,purchase
1067,423,purchase
1067,252,purchase
1067,436,purchase
1067,84,purchase
1067,366,view
1067,468,cart
1068,483,view
1068,10,cart
1068,440,purchase
1068,158,cart
1068,446,purchase
1068,108,view
1068,386,view
1068,421,view
1069,267,cart
1069,478,purchase
1069,413,cart
1069,297,view
1069,240,view
1069,364,view
1069,208,view
1069,461,view
1069,237,view
1069,364,purchase
1069,441,view
1069,456,purchase
1069,164,view
1069,258,view
1069,289,view
1069,78,cart
1069,13,purchase
1069,75,purchase
1069,334,purchase
1070,411,cart
1070,187,cart
1070,253,cart
1070,57,cart
1070,78,purchase
1070,438,view
1070,376,view
1070,167,purchase
1070,18,view
1070,319,purchase
1070,304,purchase
1070,152,view
1071,152,purchase
1071,2,view
1071,203,cart
1071,129,purchase
1071,481,view
1071,464,view
1071,176,purchase
1071,87,cart
1071,279,cart
1072,241,cart
1072,47,view
1072,305,view
1072,199,view
1072,401,purchase
1072,404,cart
1072,409,view
1072,413,view
1072,409,purchase
1072,78,purchase
1072,478,purchase
1072,139,purchase
1072,194,view
1072,2,view
1072,419,purchase
1072,477,cart
1072,441,purchase
1072,132,cart
1072,67,view
1073,56,purchase
1073,139,purchase
1073,231,purchase
1073,348,cart
1073,425,purchase
1073,229,view
1073,433,view
1073,465,purchase
1073,118,purchase
1074,445,cart
1074,443,view
1074,447,view
1074,304,cart
1074,490,purchase
1074,135,view
1074,182,purchase
1074,290,cart
1074,240,view
1074,182,view
1074,128,view
1074,196,view
1074,213,view
1074,94,view
1074,479,cart
1074,497,view
1074,401,view
1074,109,cart
1074,152,view
1074,13,cart
1075,401,view
1075,296,purchase
1075,31,cart
1075,211,purchase
1075,413,purchase
1075,86,purchase
1075,30,view
1075,422,cart
1075,251,purchase
1075,225,cart
1075,110,cart
1075,248,purchase
1075,391,purchase
1075,82,view
1075,361,purchase
1075,86,cart
1075,307,cart
1075,413,cart
1075,274,view
1076,188,view
1076,133,view
1076,95,view
1076,231,view
1076,40,view
1076,421,view
1076,265,purchase
1076,18,purchase
1076,499,cart
1076,203,view
1076,190,purchase
1076,42,cart
1076,223,purchase
1076,143,purchase
1076,376,cart
1076,116,view
1076,463,purchase
1077,210,cart
1077,462,purchase
1077,461,purchase
1077,104,purchase
1077,23,purchase
1077,195,view
1077,421,purchase
1077,274,view
1077,471,cart
1078,339,purchase
1078,6,purchase
1078,445,view
1078,212,purchase
1078,440,purchase
1078,284,cart
1078,161,cart
1078,140,purchase
1078,29,cart
1078,217,view
1078,11,cart
1079,437,purchase
1079,74,purchase
1079,58,purchase
1079,363,purchase
1079,203,view
1079,254,purchase
1079,111,cart
1079,350,view
1079,108,view
1079,155,view
1079,432,view
1079,198,purchase
1079,395,view
1079,374,view
1079,99,cart
1080,119,purchase
1080,403,cart
1080,327,cart
1080,312,cart
1080,352,view
1080,436,purchase
1080,472,purchase
1081,297,cart
1081,80,view
1081,497,cart
1081,499,cart
1081,471,purchase
1081,2,view
1081,123,purchase
1082,124,purchase
1082,11,cart
1082,181,cart
1082,139,view
1082,156,view
1082,287,view
1082,67,view
1082,446,purchase
1082,383,view
1082,345,view
1082,48,cart
1082,253,purchase
1082,137,purchase
1082,214,cart
1082,477,cart
1083,340,view
1083,328,purchase
1083,307,purchase
1083,247,view
1083,207,view
1083,322,view
1084,340,purchase
1084,82,cart
1084,231,purchase
1084,326,cart
1084,106,purchase
1084,165,purchase
1084,82,view
1084,368,view
1084,374,cart
1084,65,cart
1084,71,view
1084,87,purchase
1085,106,purchase
1085,155,purchase
1085,310,view
1085,270,view
1085,58,view
1085,56,view
1085,220,purchase
1085,44,view
1086,45,purchase
1086,93,purchase
1086,270,view
1086,337,purchase
1086,446,purchase
1087,249,purchase
1087,324,cart
1087,496,purchase
1087,447,cart
1087,192,cart
1087,453,purchase
1087,372,view
1087,217,cart
1087,266,cart
1087,318,cart
1087,280,cart
1087,265,cart
1087,155,view
1087,287,view
1087,281,view
1087,115,view
1087,334,cart
1087,8,cart
1088,289,view
1088,13,purchase
1088,70,cart
1088,410,view
1088,419,view
1088,241,cart
1088,489,view
1088,140,purchase
1088,99,view
1089,337,purchase
1089,276,cart
1089,243,purchase
1089,378,view
1089,150,view
1089,47,cart
1089,165,view
1089,398,cart
1089,56,purchase
1089,100,purchase
1089,208,purchase
1089,212,purchase
1089,115,cart
1089,235,view
1090,438,cart
1090,329,view
1090,405,cart
1090,387,cart
1090,226,purchase
1090,148,cart
1091,131,view
1091,206,cart
1091,3,cart
1091,129,purchase
1091,462,purchase
1091,403,cart
1091,44,purchase
1091,233,cart
1091,487,cart
1091,385,cart
1091,294,view
1091,151,cart
1091,217,cart
1092,163,view
1092,256,cart
1092,377,cart
1092,3,cart
1092,196,cart
1092,406,view
1093,314,purchase
1093,81,view
1093,326,cart
1093,195,view
1093,454,view
1093,125,purchase
1093,374,purchase
1094,99,view
1094,358,view
1094,110,purchase
1094,242,purchase
1094,265,purchase
1094,427,view
1094,317,cart
1094,240,view
1094,462,view
1094,455,purchase
1094,208,view
1094,110,cart
1094,492,view
1095,199,view
1095,280,view
1095,397,cart
1095,464,purchase
1095,267,purchase
1095,274,purchase
1095,421,purchase
1095,45,cart
1095,195,purchase
1095,477,cart
1095,172,cart
1095,390,purchase
1095,259,purchase
1095,223,cart
1095,36,cart
1095,355,purchase
1095,61,cart
1096,135,purchase
1096,329,view
1096,17,view
1096,371,purchase
1096,229,view
1096,146,purchase
1096,266,cart
1096,470,view
1096,60,view
1097,138,purchase
1097,408,purchase
1097,190,purchase
1097,237,cart
1097,38,view
1097,178,cart
1097,273,cart
1097,198,purchase
1097,112,cart
1097,335,view
1097,78,view
1097,205,purchase
1097,288,view
1097,363,view
1097,279,view
1097,428,cart
1097,243,cart
1097,286,view
1097,193,purchase
1097,374,cart
1098,109,view
1098,173,view
1098,207,view
1098,102,view
1098,47,view
1098,118,cart
1098,45,view
1098,8,view
1098,498,view
1098,40,purchase
1098,10,purchase
1098,90,purchase
1098,261,cart
1099,248,view
1099,36,view
1099,422,cart
1099,309,cart
1099,69,cart
1099,68,cart
1099,473,purchase
1099,156,purchase
1099,243,purchase
1099,404,purchase
1100,60,purchase
1100,479,cart
1100,208,purchase
1100,30,cart
1100,350,cart
1100,416,cart
1100,444,cart
1100,291,purchase
1100,404,view
1100,450,purchase
1100,244,cart
1100,438,cart
1100,324,cart
1100,202,purchase
1100,296,cart
1100,68,purchase
1101,212,cart
1101,131,view
1101,115,view
1101,202,purchase
1101,497,view
1101,295,purchase
1101,135,view
1101,5,purchase
1101,55,view
1101,33,cart
1101,315,cart
1101,101,purchase
1101,468,purchase
1101,178,view
1101,39,view
1101,87,cart
1101,259,purchase
1101,29,cart
1101,351,view
1102,150,view
1102,334,purchase
1102,30,view
1102,324,cart
1102,85,cart
1102,421,purchase
1102,316,cart
1102,17,cart
1102,462,view
1102,105,view
1102,396,view
1102,184,view
1102,158,view
1103,327,cart
1103,208,cart
1103,263,cart
1103,462,view
1103,361,view
1103,89,view
1103,111,view
1103,363,cart
1103,56,cart
1103,428,cart
1103,368,purchase
1103,381,purchase
1103,7,purchase
1103,293,view
1103,111,cart
1103,414,view
1103,167,cart
1103,365,purchase
1103,467,purchase
1104,10,view
1104,460,view
1104,56,cart
1104,141,purchase
1104,246,cart
1104,17,purchase
1104,332,purchase
1104,19,purchase
1104,431,view
1104,389,cart
1105,278,purchase
1105,481,purchase
1105,487,cart
1105,338,view
1105,234,purchase
1105,292,view
1105,118,cart
1105,6,purchase
1105,255,view
1105,132,view
1105,9,view
1105,237,view
1105,181,purchase
1105,66,purchase
1105,455,purchase
1105,29,cart
1105,448,cart
1105,420,cart
1105,256,view
1106,241,view
1106,97,purchase
1106,158,view
1106,301,purchase
1106,146,view
1106,198,view
1106,58,purchase
1106,20,purchase
1106,361,purchase
1106,19,view
1106,328,cart
1106,173,view
1106,482,purchase
1106,393,view
1106,234,cart
1106,106,cart
1107,159,cart
1107,228,purchase
1107,130,purchase
1107,220,purchase
1107,200,view
1107,456,view
1107,433,view
1107,84,view
1107,188,cart
1107,289,purchase
1107,249,cart
1107,455,cart
1107,465,purchase
1107,186,view
1107,17,purchase
1107,397,cart
1107,155,cart
1107,457,cart
1108,80,view
1108,203,purchase
1108,56,cart
1108,392,purchase
1108,187,cart
1108,332,purchase
1108,150,cart
1108,374,cart
1108,317,cart
1108,84,view
1108,405,purchase
1108,486,view
1108,26,cart
1108,418,cart
1108,343,cart
1108,67,cart
1109,405,cart
1109,154,cart
1109,309,view
1109,239,cart
1109,438,purchase
1109,462,view
1109,418,view
1109,382,cart
1109,496,view
1109,154,purchase
1109,106,view
1109,136,cart
1109,119,cart
1109,367,purchase
1110,365,cart
1110,15,purchase
1110,127,view
1110,470,cart
1110,110,cart
1110,125,cart
1110,241,purchase
1110,147,purchase
1110,79,purchase
1110,251,cart
1110,268,purchase
1110,475,purchase
1110,201,purchase
1110,420,view
1110,281,cart
1110,216,purchase
1110,266,cart
1111,481,cart
1111,307,cart
1111,160,cart
1111,124,view
1111,62,view
1111,375,view
1111,499,purchase
1111,397,view
1111,412,cart
1111,124,purchase
1112,431,cart
1112,345,purchase
1112,322,view
1112,40,view
1112,340,view
1112,387,cart
1112,200,cart
1112,103,purchase
1113,69,view
1113,414,cart
1113,462,view
1113,24,view
1113,322,purchase
1113,280,view
1113,500,view
1113,107,view
1113,118,purchase
1113,319,cart
1113,1,cart
1113,105,purchase
1113,76,cart
1113,100,view
1113,411,purchase
1113,441,view
1113,470,cart
1113,120,purchase
1113,129,purchase
1113,352,view
1114,370,cart
1114,47,view
1114,362,view
1114,66,purchase
1114,242,cart
1114,428,view
1115,420,view
1115,246,cart
1115,65,view
1115,377,view
1115,203,cart
1115,370,purchase
1115,426,view
1115,90,view
1116,90,cart
1116,373,view
1116,51,cart
1116,11,cart
1116,104,cart
1116,47,cart
1116,29,view
1116,397,purchase
1116,125,cart
1116,321,cart
1116,406,purchase
1116,233,view
1116,378,cart
1116,358,view
1116,8,purchase
1116,82,cart
1116,209,view
1116,416,purchase
1117,142,purchase
1117,156,cart
1117,181,purchase
1117,314,purchase
1117,470,purchase
1117,181,view
1117,81,purchase
1117,5,view
1118,465,purchase
1118,191,purchase
1118,349,cart
1118,249,cart
1118,329,purchase
1118,164,cart
1118,258,cart
1118,7,view
1118,300,cart
1118,396,purchase
1118,289,purchase
1118,109,purchase
1118,416,purchase
1118,325,cart
1118,24,view
1118,158,purchase
1118,421,view
1119,3,view
1119,158,cart
1119,80,view
1119,391,cart
1119,277,purchase
1119,155,view
1119,133,view
1119,167,cart
1119,5,cart
1119,37,cart
1119,321,purchase
1119,424,cart
1119,144,cart
1119,303,purchase
1119,105,cart
1119,244,view
1119,280,cart
1119,145,view
1119,55,view
1119,455,view
1120,454,view
1120,398,purchase
1120,439,view
1120,405,cart
1120,236,purchase
1120,174,cart
1120,58,view
1120,43,view
1120,215,cart
1120,225,cart
1120,420,purchase
1120,168,view
1120,336,cart
1121,22,cart
1121,456,cart
1121,406,cart
1121,322,view
1121,165,cart
1122,111,cart
1122,98,view
1122,107,view
1122,236,purchase
1122,364,purchase
1122,417,cart
1122,175,cart
1123,229,cart
1123,368,purchase
1123,198,cart
1123,145,purchase
1123,302,purchase
1123,243,cart
1123,117,cart
1123,191,purchase
1123,178,view
1124,467,cart
1124,194,cart
1124,153,purchase
1124,138,view
1124,24,cart
1124,168,cart
1124,126,view
1124,166,cart
1124,360,purchase
1124,320,cart
1124,415,purchase
1124,20,view
1124,74,cart
1124,444,purchase
1124,346,purchase
1124,260,purchase
1124,50,cart
1125,482,purchase
1125,407,cart
1125,388,purchase
1125,362,view
1125,230,cart
1125,117,view
1125,278,view
1125,473,view
1125,121,cart
1125,353,cart
1125,198,purchase
1125,292,cart
1125,102,purchase
1125,104,view
1125,327,cart
1125,443,purchase
1125,69,purchase
1125,379,purchase
1125,426,cart
1126,169,view
1126,458,cart
1126,161,purchase
1126,205,purchase
1126,314,purchase
1126,243,view
1126,452,view
1126,12,cart
1126,472,view
1126,79,view
1127,381,cart
1127,463,view
1127,120,cart
1127,43,view
1127,206,purchase
1127,104,cart
1127,436,cart
1127,293,view
1127,19,cart
1127,43,view
1127,121,purchase
1127,382,view
1127,30,view
1127,38,view
1127,490,purchase
1127,305,purchase
1127,230,purchase
1127,188,view
1127,406,view
1128,156,cart
1128,71,view
1128,203,purchase
1128,192,view
1128,339,purchase
1128,421,cart
1128,339,cart
1128,345,cart
1128,275,cart
1129,459,cart
1129,165,cart
1129,212,purchase
1129,131,view
1129,43,cart
1129,380,view
1129,197,cart
1129,187,purchase
1129,176,purchase
1129,306,cart
1129,454,purchase
1129,7,cart
1129,500,view
1129,471,purchase
1129,43,cart
1129,252,view
1129,219,cart
1129,125,cart
1129,205,view
1130,195,cart
1130,91,cart
1130,480,view
1130,192,cart
1130,277,purchase
1130,212,purchase
1130,427,view
1130,395,purchase
1130,449,purchase
1130,214,purchase
1130,17,view
1130,450,cart
1130,194,purchase
1131,188,purchase
1131,459,cart
1131,495,purchase
1131,437,cart
1131,437,purchase
1131,413,purchase
1131,60,view
1131,290,purchase
1131,313,view
1131,491,view
1131,377,cart
1131,466,purchase
1131,308,cart
1131,365,cart
1131,325,purchase
1132,431,cart
1132,183,cart
1132,384,cart
1132,369,cart
1132,439,cart
1132,69,cart
1133,49,cart
1133,342,cart
1133,301,view
1133,331,purchase
1133,434,cart
1133,186,cart
1133,427,cart
1133,333,view
1133,368,purchase
1133,68,cart
1133,255,view
1133,186,purchase
1133,285,view
1133,127,cart
1133,470,purchase
1133,447,view
1133,493,cart
1133,314,view
1133,231,purchase
1133,431,cart
1134,126,purchase
1134,205,view
1134,31,view
1134,282,purchase
1134,137,view
1134,300,cart
1135,266,purchase
1135,466,cart
1135,212,cart
1135,149,cart
1135,355,view
1135,49,purchase
1135,34,purchase
1135,468,purchase
1135,97,view
1135,328,view
1135,32,cart
1135,9,purchase
1136,210,purchase
1136,152,view
1136,10,cart
1136,245,purchase
1136,379,purchase
1136,497,cart
1136,57,cart
1136,469,view
1136,251,purchase
1136,102,purchase
1136,183,purchase
1136,489,view
1136,176,view
1136,373,purchase
1136,280,view
1136,173,view
1136,31,purchase
1136,432,cart
1137,127,cart
1137,399,cart
1137,462,view
1137,165,view
1137,410,purchase
1137,262,purchase
1137,294,view
1137,238,view
1137,487,view
1137,43,view
1137,36,cart
1137,162,purchase
1137,6,cart
1137,29,cart
1137,110,view
1137,430,cart
1137,354,purchase
1137,235,cart
1137,396,view
1138,132,cart
1138,481,cart
1138,316,view
1138,332,view
1138,174,view
1138,430,purchase
1138,476,cart
1138,491,view
1138,467,cart
1138,77,view
1138,216,cart
1138,68,purchase
1138,33,view
1138,18,cart
1139,227,cart
1139,462,view
1139,321,view
1139,302,purchase
1139,443,view
1139,310,purchase
1139,275,view
1139,300,cart
1139,431,view
1139,361,purchase
1139,138,cart
1139,157,purchase
1139,432,view
1140,372,purchase
1140,22,view
1140,149,view
1140,448,purchase
1140,58,purchase
1140,62,purchase
1140,234,cart
1140,67,view
1140,373,cart
1140,464,purchase
1140,442,view
1140,208,purchase
1140,301,view
1140,418,purchase
1141,421,cart
1141,187,purchase
1141,150,cart
1141,39,purchase
1141,260,cart
1141,337,cart
1142,306,purchase
1142,165,cart
1142,169,view
1142,317,purchase
1142,122,purchase
1142,45,view
1142,319,view
1142,500,cart
1142,173,cart
1142,495,purchase
1142,467,view
1142,247,cart
1142,101,view
1143,264,purchase
1143,322,purchase
1143,453,purchase
1143,420,cart
1143,466,view
1143,67,purchase
1144,354,cart
1144,74,view
1144,137,purchase
1144,66,cart
1144,265,cart
1144,321,view
1145,336,cart
1145,10,purchase
1145,208,purchase
1145,139,view
1145,442,cart
1145,145,purchase
1145,334,view
1145,217,view
1145,204,purchase
1145,96,view
1145,159,purchase
1145,184,purchase
1145,158,cart
1145,417,purchase
1145,453,cart
1145,26,cart
1145,361,cart
1145,412,view
1145,125,purchase
1145,100,cart
1146,424,purchase
1146,320,cart
1146,57,view
1146,172,cart
1146,9,cart
1146,142,purchase
1146,422,cart
1146,160,cart
1146,220,cart
1146,160,view
1146,283,cart
1146,43,view
1146,484,cart
1146,23,view
1146,201,purchase
1146,234,view
1146,290,purchase
1146,76,view
1147,102,purchase
1147,246,purchase
1147,474,cart
1147,173,view
1147,414,purchase
1147,67,cart
1147,173,view
1148,15,cart
1148,122,cart
1148,488,purchase
1148,7,view
1148,476,cart
1148,319,purchase
1148,468,cart
1148,328,cart
1148,178,cart
1148,463,view
1148,81,view
1148,128,view
1149,179,purchase
1149,276,cart
1149,280,cart
1149,15,cart
1149,396,view
1150,174,view
1150,43,cart
1150,458,cart
1150,122,purchase
1150,363,purchase
1150,23,view
1150,411,cart
1150,375,purchase
1150,233,view
1150,429,view
1150,293,purchase
1151,336,view
1151,105,cart
1151,274,view
1151,193,cart
1151,163,view
1151,482,cart
1151,194,purchase
1151,194,purchase
1151,479,cart
1151,239,purchase
1151,299,view
1151,301,cart
1151,422,view
1151,445,purchase
1151,27,purchase
1151,12,cart
1152,322,cart
1152,80,purchase
1152,302,purchase
1152,343,view
1152,110,purchase
1152,132,view
1152,51,cart
1152,193,purchase
1152,138,cart
1152,469,purchase
1152,290,purchase
1152,104,cart
1152,424,view
1152,475,view
1153,345,cart
1153,297,cart
1153,200,purchase
1153,368,purchase
1153,260,purchase
1153,236,view
1153,374,cart
1153,406,purchase
1153,366,cart
1153,68,cart
1153,126,view
1153,134,cart
1154,202,purchase
1154,325,view
1154,142,purchase
1154,246,cart
1154,486,cart
1154,409,purchase
1154,327,cart
1154,382,cart
1154,287,cart
1154,402,purchase
1154,174,purchase
1154,169,purchase
1154,332,cart
1155,114,purchase
1155,117,view
1155,488,cart
1155,351,purchase
1155,68,cart
1155,466,cart
1155,347,cart
1155,289,purchase
1155,412,purchase
1155,132,cart
1155,377,cart
1155,230,cart
1155,339,purchase
1155,65,purchase
1155,493,cart
1155,418,view
1156,439,cart
1156,211,view
1156,465,cart
1156,267,purchase
1156,281,purchase
1156,456,cart
1156,458,view
1157,483,cart
1157,65,view
1157,20,view
1157,55,cart
1157,389,purchase
1157,385,purchase
1157,52,view
1157,255,view
1157,281,cart
1157,151,view
1157,413,cart
1157,414,cart
1157,413,cart
1158,58,view
1158,353,purchase
1158,4,view
1158,441,cart
1158,15,purchase
1158,68,view
1158,233,purchase
1158,394,purchase
1158,172,cart
1158,283,purchase
1158,336,purchase
1158,467,purchase
1158,465,purchase
1158,98,cart
1158,308,purchase
1158,30,view
1158,21,cart
1159,306,cart
1159,283,purchase
1159,455,purchase
1159,68,view
1159,279,view
1159,407,purchase
1159,64,purchase
1159,140,purchase
1159,271,purchase
1160,132,purchase
1160,82,view
1160,56,purchase
1160,41,purchase
1160,343,view
1160,15,purchase
1160,383,purchase
1160,167,purchase
1160,5,cart
1160,97,view
1160,212,purchase
1160,217,purchase
1160,290,purchase
1160,383,cart
1160,398,cart
1160,378,cart
1160,103,view
1160,357,view
1161,294,view
1161,324,cart
1161,462,cart
1161,305,purchase
1161,252,view
1161,253,purchase
1161,462,purchase
1161,81,purchase
1161,110,view
1161,84,cart
1161,56,cart
1161,412,cart
1161,15,view
1161,294,view
1161,223,purchase
1161,288,view
1161,487,view
1161,405,view
1162,71,purchase
1162,10,view
1162,320,purchase
1162,474,view
1162,188,cart
1162,109,view
1162,291,view
1162,83,view
1162,379,cart
1162,4,cart
1162,190,cart
1162,184,cart
1162,414,cart
1163,415,cart
1163,154,purchase
1163,337,cart
1163,475,purchase
1163,448,view
1163,358,view
1163,325,view
1163,430,purchase
1164,99,view
1164,220,purchase
1164,114,cart
1164,427,view
1164,382,cart
1164,108,cart
1164,156,cart
1164,314,cart
1164,158,view
1164,269,purchase
1165,426,view
1165,393,cart
1165,423,purchase
1165,154,purchase
1165,433,cart
1166,50,cart
1166,419,view
1166,450,purchase
1166,3,purchase
1166,163,purchase
1167,373,purchase
1167,257,cart
1167,247,cart
1167,373,view
1167,16,view
1167,186,purchase
1167,157,view
1167,165,cart
1167,139,view
1167,357,cart
1167,284,purchase
1167,279,view
1167,274,cart
1168,10,purchase
1168,121,purchase
1168,122,cart
1168,321,purchase
1168,70,cart
1169,339,view
1169,119,purchase
1169,457,purchase
1169,162,purchase
1169,65,cart
1170,73,view
1170,434,view
1170,25,cart
1170,454,cart
1170,333,cart
1170,278,view
1170,157,purchase
1170,200,view
1170,240,view
1170,90,purchase
1170,354,cart
1170,173,cart
1170,454,purchase
1170,64,view
1170,321,view
1170,107,cart
1170,90,purchase
1170,100,view
1170,93,purchase
1171,216,cart
1171,193,view
1171,429,cart
1171,429,purchase
1171,342,view
1171,137,cart
1171,285,cart
1171,21,purchase
1171,144,view
1171,329,purchase
1171,266,view
1171,481,cart
1172,124,view
1172,389,view
1172,345,cart
1172,271,cart
1172,374,view
1172,240,view
1172,482,cart
1172,65,cart
1172,227,purchase
1172,187,view
1172,60,view
1172,419,cart
1172,24,view
1172,469,view
1172,67,view
1172,410,cart
1172,338,cart
1173,144,view
1173,49,cart
1173,334,view
1173,319,purchase
1173,169,cart
1173,500,purchase
1173,395,purchase
1173,198,purchase
1173,328,purchase
1173,142,cart
1173,372,purchase
1173,424,purchase
1173,67,view
1173,153,view
1173,40,purchase
1173,461,cart
1173,250,purchase
1173,247,purchase
1173,308,cart
1174,372,view
1174,262,cart
1174,55,view
1174,82,purchase
1174,124,cart
1174,391,purchase
1174,65,view
1174,25,view
1174,324,purchase
1174,209,purchase
1174,263,cart
1174,278,purchase
1175,410,cart
1175,395,view
1175,351,view
1175,410,purchase
1175,215,cart
1175,188,view
1175,192,cart
1175,16,view
1175,163,purchase
1175,81,cart
1175,457,view
1175,323,cart
1175,181,cart
1175,340,view
1176,10,view
1176,295,purchase
1176,452,cart
1176,376,cart
1176,168,purchase
1176,284,view
1176,250,view
1176,176,cart
1176,159,cart
1176,76,view
1176,70,purchase
1176,464,view
1176,449,purchase
1176,218,purchase
1176,362,view
1176,344,view
1176,121,view
1176,416,cart
1176,58,view
1177,113,purchase
1177,146,cart
1177,100,view
1177,444,cart
1177,387,purchase
1177,493,cart
1177,453,purchase
1177,219,cart
1178,293,cart
1178,56,cart
1178,87,purchase
1178,191,cart
1178,77,view
1178,301,cart
1178,175,view
1178,8,purchase
1178,500,cart
1178,30,purchase
1178,259,purchase
1179,114,view
1179,289,view
1179,265,purchase
1179,269,purchase
1179,131,purchase
1179,150,purchase
1179,78,view
1180,453,purchase
1180,228,view
1180,398,purchase
1180,497,purchase
1180,271,purchase
1180,264,cart
1180,467,purchase
1180,269,view
1180,8,purchase
1180,262,cart
1180,290,view
1180,179,purchase
1180,484,cart
1180,72,cart
1180,310,cart
1181,188,view
1181,283,view
1181,284,purchase
1181,395,purchase
1181,214,purchase
1181,162,purchase
1181,406,view
1181,93,purchase
1181,69,view
1181,59,cart
1181,134,cart
1181,132,view
1181,465,purchase
1181,80,purchase
1181,119,purchase
1181,300,purchase
1181,131,cart
1181,265,cart
1182,383,cart
1182,412,view
1182,480,view
1182,394,view
1182,94,cart
1182,415,cart
1182,372,purchase
1182,78,cart
1182,270,view
1182,362,purchase
1182,203,purchase
1182,322,cart
1182,187,cart
1182,375,purchase
1182,445,purchase
1182,39,view
1182,182,purchase
1182,303,view
1182,361,cart
1183,432,purchase
1183,390,purchase
1183,342,view
1183,474,view
1183,100,view
1183,133,cart
1183,212,purchase
1183,205,purchase
1183,451,purchase
1183,122,view
1183,131,purchase
1183,163,purchase
1183,199,view
1183,386,cart
1183,99,cart
1183,162,view
1183,442,view
1184,299,cart
1184,423,purchase
1184,309,view
1184,233,purchase
1184,347,cart
1184,419,purchase
1184,231,purchase
1184,125,cart
1185,72,view
1185,147,cart
1185,222,cart
1185,396,cart
1185,451,purchase
1185,366,view
1185,221,cart
1185,304,purchase
1185,55,view
1185,294,cart
1185,224,purchase
1185,113,purchase
1185,12,cart
1185,363,purchase
1185,173,purchase
1185,476,view
1185,371,cart
1185,59,purchase
1186,481,cart
1186,330,purchase
1186,341,view
1186,454,cart
1186,267,purchase
1187,491,view
1187,433,view
1187,274,view
1187,189,purchase
1187,475,view
1187,196,cart
1187,133,view
1187,97,view
1187,255,view
1187,111,purchase
1187,410,view
1187,194,view
1187,470,purchase
1187,97,cart
1187,461,view
1187,413,view
1187,285,cart
1187,411,view
1188,171,view
1188,390,purchase
1188,172,purchase
1188,425,purchase
1188,17,cart
1188,227,cart
1188,26,cart
1188,135,view
1188,343,cart
1189,371,cart
1189,453,view
1189,429,view
1189,45,cart
1189,195,view
1189,458,view
1189,454,cart
1189,65,view
1189,235,purchase
1189,74,purchase
1189,321,cart
1189,283,cart
1189,383,cart
1189,402,purchase
1189,265,cart
1189,242,purchase
1189,424,view
1189,284,view
1189,254,purchase
1190,247,purchase
1190,243,view
1190,116,purchase
1190,115,view
1190,350,purchase
1190,394,cart
1190,383,view
1190,134,cart
1190,325,purchase
1190,423,view
1190,173,view
1190,168,cart
1190,347,view
1190,257,cart
1190,204,cart
1190,348,purchase
1191,362,view
1191,87,cart
1191,388,view
1191,259,purchase
1191,259,purchase
1191,218,cart
1191,51,cart
1191,83,purchase
1191,399,view
1191,10,view
1191,162,purchase
1191,203,view
1191,126,cart
1192,50,view
1192,466,cart
1192,410,view
1192,254,view
1192,56,view
1192,420,purchase
1192,197,cart
1193,461,view
1193,118,view
1193,7,view
1193,213,view
1193,113,purchase
1194,129,view
1194,122,view
1194,314,cart
1194,342,view
1194,245,purchase
1195,49,view
1195,403,view
1195,386,purchase
1195,79,view
1195,407,purchase
1195,485,view
1195,74,cart
1195,271,view
1195,452,view
1195,191,view
1195,404,view
1196,245,cart
1196,450,view
1196,253,purchase
1196,231,view
1196,484,view
1196,450,view
1196,288,cart
1196,291,purchase
1196,247,purchase
1196,222,cart
1196,280,purchase
1196,151,cart
1197,377,view
1197,379,view
1197,218,view
1197,371,purchase
1197,416,cart
1197,97,cart
1197,354,view
1197,235,purchase
1197,381,cart
1197,68,view
1197,138,purchase
1197,200,cart
1197,109,purchase
1197,60,cart
1197,338,view
1197,139,purchase
1198,10,view
1198,45,view
1198,493,purchase
1198,158,view
1198,299,cart
1198,118,purchase
1198,96,purchase
1198,194,view
1198,291,cart
1198,498,cart
1199,402,view
1199,377,view
1199,109,cart
1199,374,cart
1199,13,cart
1199,147,cart
1199,62,cart
1199,243,view
1199,191,view
1200,375,cart
1200,289,purchase
1200,451,cart
1200,286,cart
1200,482,view
1200,425,purchase
1200,249,cart
1200,318,view
1200,165,purchase
1200,82,view
1200,41,cart
1200,379,purchase
1200,292,view
1200,380,view
1200,129,cart
1200,241,view
1200,319,view
1200,331,cart
1200,422,view
1201,458,view
1201,36,view
1201,79,view
1201,322,purchase
1201,410,view
1201,275,view
1201,313,cart
1201,190,purchase
1201,127,cart
1201,33,purchase
1201,456,view
1201,416,cart
1201,325,purchase
1201,118,cart
1201,114,view
1201,355,purchase
1201,59,view
1201,376,purchase
1201,160,view
1202,86,view
1202,458,view
1202,391,view
1202,448,view
1202,334,cart
1203,241,purchase
1203,240,purchase
1203,448,view
1203,423,cart
1203,56,purchase
1204,284,cart
1204,313,view
1204,430,view
1204,220,purchase
1204,65,view
1204,443,view
1204,414,purchase
1204,47,cart
1204,481,view
1204,297,cart
1204,262,view
1204,487,view
1204,95,view
1204,250,view
1204,311,purchase
1204,478,cart
1204,61,view
1204,269,view
1204,126,purchase
1205,7,view
1205,323,purchase
1205,487,view
1205,228,view
1205,287,purchase
1205,312,view
1205,343,cart
1205,198,cart
1205,416,purchase
1206,180,purchase
1206,310,cart
1206,403,view
1206,195,view
1206,242,purchase
1206,359,cart
1206,24,purchase
1206,277,view
1206,247,view
1206,192,cart
1206,421,cart
1206,213,cart
1206,158,view
1207,291,view
1207,11,cart
1207,349,cart
1207,61,purchase
1207,280,cart
1207,362,purchase
1207,12,purchase
1207,99,purchase
1207,357,purchase
1207,89,view
1207,56,cart
1207,51,purchase
1207,431,cart
1207,324,cart
1207,433,purchase
1208,58,purchase
1208,415,purchase
1208,54,view
1208,345,cart
1208,251,view
1208,47,cart
1208,360,cart
1208,340,view
1208,324,cart
1208,161,view
1208,39,purchase
1208,493,purchase
1208,433,view
1209,266,cart
1209,448,view
1209,472,view
1209,177,purchase
1209,468,purchase
1209,186,purchase
1209,244,cart
1209,173,cart
1209,493,cart
1209,361,view
1209,434,cart
1209,415,view
1209,489,view
1209,444,view
1209,440,cart
1209,64,cart
1209,458,view
1209,185,view
1209,378,purchase
1209,198,purchase
1210,103,purchase
1210,151,purchase
1210,238,cart
1210,139,purchase
1210,281,purchase
1210,455,view
1210,185,cart
1211,2,view
1211,258,cart
1211,352,cart
1211,44,view
1211,168,cart
1211,115,cart
1211,378,purchase
1212,311,view
1212,350,cart
1212,352,purchase
1212,46,cart
1212,79,view
1212,250,purchase
1212,498,purchase
1212,325,purchase
1212,247,cart
1212,484,cart
1212,461,cart
1212,146,view
1212,428,view
1212,489,view
1212,130,view
1212,480,view
1213,170,view
1213,448,cart
1213,2,cart
1213,496,purchase
1213,298,purchase
1213,410,purchase
1213,113,view
1213,55,cart
1213,271,view
1213,223,purchase
1214,422,purchase
1214,500,cart
1214,198,cart
1214,397,purchase
1214,347,purchase
1214,358,view
1214,433,purchase
1214,183,purchase
1214,85,purchase
1214,14,cart
1215,27,view
1215,24,cart
1215,391,view
1215,116,purchase
1215,34,view
1215,3,purchase
1215,438,view
1215,194,view
1215,20,view
1215,360,cart
1215,213,view
1215,139,purchase
1215,468,view
1215,326,view
1215,159,view
1215,78,view
1216,418,cart
1216,167,purchase
1216,410,view
1216,465,view
1216,263,purchase
1216,34,purchase
1216,240,cart
1216,415,purchase
1216,151,purchase
1216,275,cart
1217,359,cart
1217,147,cart
1217,438,purchase
1217,384,view
1217,112,cart
1217,179,purchase
1218,19,view
1218,77,purchase
1218,312,view
1218,22,cart
1218,202,purchase
1219,334,view
1219,78,purchase
1219,16,purchase
1219,212,cart
1219,450,purchase
1219,343,cart
1219,124,view
1219,256,cart
1219,458,view
1220,295,cart
1220,305,cart
1220,223,view
1220,408,view
1220,177,purchase
1220,248,cart
1220,79,cart
1220,260,cart
1220,472,cart
1220,470,cart
1220,161,purchase
1220,267,view
1220,118,view
1220,257,purchase
1220,440,view
1220,492,view
1220,383,cart
1221,290,purchase
1221,77,purchase
1221,480,purchase
1221,299,view
1221,414,view
1221,242,purchase
1221,192,purchase
1221,237,cart
1221,165,cart
1221,418,cart
1221,119,cart
1221,195,cart
1221,138,purchase
1222,6,cart
1222,461,view
1222,389,view
1222,100,view
1222,282,cart
1222,362,cart
1222,252,purchase
1223,337,cart
1223,16,cart
1223,8,view
1223,246,purchase
1223,496,purchase
1223,208,view
1223,416,cart
1223,122,cart
1223,310,purchase
1224,482,view
1224,54,purchase
1224,8,purchase
1224,436,purchase
1224,494,view
1224,5,cart
1224,253,view
1224,367,purchase
1224,64,cart
1224,327,cart
1224,25,view
1224,226,view
1224,82,purchase
1224,317,purchase
1224,388,cart
1224,64,view
1224,493,view
1224,185,purchase
1224,339,cart
1224,40,view
1225,68,view
1225,108,cart
1225,39,cart
1225,130,cart
1225,213,purchase
1225,495,purchase
1225,149,purchase
1225,229,cart
1226,88,cart
1226,71,view
1226,498,view
1226,473,cart
1226,69,cart
1226,366,purchase
1226,246,view
1226,424,cart
1226,154,purchase
1226,172,view
1226,167,cart
1226,205,purchase
1226,100,cart
1226,296,view
1227,143,cart
1227,315,purchase
1227,238,cart
1227,151,cart
1227,18,cart
1227,113,purchase
1227,409,cart
1227,71,cart
1228,246,cart
1228,443,purchase
1228,130,cart
1228,86,cart
1228,394,purchase
1228,132,purchase
1228,206,view
1228,257,purchase
1228,227,purchase
1228,174,view
1228,220,cart
1228,229,view
1228,299,view
1228,347,view
1228,375,cart
1228,426,view
1228,250,cart
1228,333,purchase
1229,364,cart
1229,3,purchase
1229,482,cart
1229,440,cart
1229,262,cart
1229,3,purchase
1229,409,view
1229,356,view
1229,142,view
1229,386,view
1229,221,purchase
1229,346,view
1229,436,purchase
1229,141,view
1229,390,view
1229,488,cart
1229,469,cart
1230,402,cart
1230,86,cart
1230,339,view
1230,247,purchase
1230,404,purchase
1230,240,cart
1230,228,cart
1230,426,view
1230,229,purchase
1230,139,view
1230,350,cart
1230,383,cart
1230,163,cart
1230,278,purchase
1230,64,purchase
1230,463,view
1230,185,view
1231,216,cart
1231,351,purchase
1231,319,purchase
1231,92,view
1231,39,view
1231,208,purchase
1232,200,cart
1232,160,cart
1232,317,view
1232,442,view
1232,354,purchase
1232,126,cart
1232,349,view
1232,269,cart
1232,206,cart
1232,249,view
1232,99,view
1232,462,view
1232,43,purchase
1232,72,purchase
1232,435,cart
1232,197,cart
1232,483,purchase
1232,220,view
1232,281,view
1232,156,cart
1233,383,purchase
1233,434,view
1233,286,purchase
1233,109,purchase
1233,305,cart
1233,143,purchase
1233,147,purchase
1233,435,view
1233,80,view
1233,292,cart
1233,25,purchase
1233,73,purchase
1234,481,purchase
1234,166,cart
1234,440,view
1234,373,cart
1234,469,cart
1234,93,purchase
1234,192,view
1234,152,view
1234,118,view
1234,389,view
1234,478,cart
1234,159,view
1235,265,cart
1235,228,view
1235,268,purchase
1235,166,cart
1235,470,view
1235,45,cart
1235,372,view
1235,5,cart
1235,329,view
1235,376,cart
1235,74,cart
1235,489,view
1235,375,view
1235,369,view
1235,418,view
1235,362,view
1236,278,purchase
1236,199,cart
1236,417,view
1236,66,cart
1236,287,purchase
1236,375,cart
1236,421,view
1236,487,view
1236,295,cart
1236,349,cart
1236,465,view
1236,264,view
1236,26,purchase
1237,10,view
1237,362,purchase
1237,167,cart
1237,11,purchase
1237,262,purchase
1237,218,view
1237,214,view
1237,487,cart
1237,101,view
1237,470,purchase
1237,338,purchase
1237,34,cart
1237,207,cart
1237,182,cart
1237,368,view
1237,329,view
1237,176,view
1238,99,purchase
1238,428,cart
1238,249,cart
1238,106,cart
1238,37,purchase
1238,44,cart
1239,369,purchase
1239,461,view
1239,327,view
1239,167,cart
1239,104,purchase
1239,137,purchase
1239,407,view
1239,309,cart
1239,427,view
1239,325,cart
1239,256,purchase
1239,217,cart
1239,311,cart
1239,257,view
1239,216,view
1239,410,view
1239,107,cart
1240,381,cart
1240,87,cart
1240,208,view
1240,308,view
1240,129,cart
1240,336,cart
1240,45,cart
1240,226,cart
1240,318,cart
1240,91,purchase
1240,307,view
1240,465,purchase
1240,102,purchase
1240,385,cart
1240,129,purchase
1240,250,view
1240,446,cart
1241,175,purchase
1241,101,purchase
1241,234,purchase
1241,483,view
1241,495,purchase
1241,225,view
1241,376,view
1241,143,cart
1241,9,view
1242,228,purchase
1242,206,view
1242,183,purchase
1242,400,cart
1242,166,cart
1243,133,view
1243,40,cart
1243,399,view
1243,206,cart
1243,95,view
1243,111,view
1243,70,cart
1243,217,view
1243,178,cart
1243,87,cart
1243,37,cart
1243,286,purchase
1243,403,view
1243,499,purchase
1243,58,cart
1243,183,purchase
1244,101,cart
1244,79,view
1244,285,cart
1244,97,purchase
1244,277,cart
1244,500,purchase
1244,89,view
1244,486,cart
1245,25,view
1245,340,view
1245,202,cart
1245,233,purchase
1245,156,cart
1245,326,cart
1245,140,view
1245,149,view
1245,481,cart
1245,406,purchase
1245,135,purchase
1245,215,purchase
1245,427,view
1245,15,purchase
1245,406,purchase
1245,474,purchase
1245,434,view
1245,498,purchase
1245,108,view
1245,282,purchase
1246,162,cart
1246,407,purchase
1246,130,purchase
1246,360,view
1246,301,cart
1246,60,cart
1246,433,cart
1246,157,view
1246,31,view
1246,138,view
1246,485,view
1246,372,purchase
1246,270,view
1246,280,purchase
1246,55,cart
1246,360,purchase
1247,487,cart
1247,358,cart
1247,58,cart
1247,475,purchase
1247,448,view
1247,53,cart
1247,75,purchase
1247,301,view
1247,72,cart
1247,175,cart
1248,250,cart
1248,457,purchase
1248,450,view
1248,422,cart
1248,334,purchase
1248,414,cart
1249,87,view
1249,186,purchase
1249,280,view
1249,157,purchase
1249,335,cart
1249,89,cart
1249,339,purchase
1249,4,purchase
1249,410,view
1249,334,cart
1249,483,cart
1249,351,cart
1249,129,cart
1249,165,view
1249,327,purchase
1249,372,purchase
1249,256,cart
1249,82,purchase
1249,471,cart
1249,499,purchase
1250,144,cart
1250,458,purchase
1250,491,purchase
1250,282,view
1250,127,view
1250,425,view
1250,58,purchase
1251,97,view
1251,251,cart
1251,125,purchase
1251,311,cart
1251,205,purchase
1251,48,purchase
1251,473,purchase
1252,309,view
1252,175,view
1252,33,view
1252,413,cart
1252,452,purchase
1252,120,cart
1252,114,purchase
1252,289,purchase
1252,390,view
1252,87,cart
1252,126,purchase
1252,249,view
1252,289,view
1252,381,cart
1252,374,purchase
1253,83,view
1253,159,cart
1253,155,view
1253,139,view
1253,470,cart
1253,455,cart
1253,327,cart
1253,424,purchase
1253,229,cart
1253,242,view
1253,232,view
1253,213,cart
1253,175,view
1253,182,purchase
1253,413,purchase
1253,290,view
1253,5,cart
1253,73,view
1253,327,purchase
1253,64,view
1254,422,purchase
1254,452,cart
1254,393,cart
1254,416,purchase
1254,40,purchase
1255,190,purchase
1255,152,cart
1255,327,view
1255,283,view
1255,121,purchase
1255,361,cart
1255,393,cart
1255,280,view
1255,419,cart
1255,290,view
1255,126,purchase
1255,26,purchase
1256,393,cart
1256,116,view
1256,9,view
1256,314,purchase
1256,249,view
1256,310,cart
1256,407,purchase
1256,474,cart
1256,145,cart
1256,145,purchase
1256,182,purchase
1256,295,view
1256,266,cart
1256,441,purchase
1257,447,view
1257,422,cart
1257,229,view
1257,161,view
1257,262,cart
1257,224,cart
1257,259,view
1258,276,cart
1258,226,purchase
1258,57,purchase
1258,188,cart
1258,104,cart
1258,206,view
1258,465,purchase
1258,474,cart
1258,88,view
1258,169,purchase
1258,19,purchase
1258,92,view
1258,243,view
1258,361,view
1259,252,purchase
1259,386,cart
1259,486,cart
1259,203,purchase
1259,416,purchase
1259,459,cart
1259,11,cart
1259,136,view
1259,291,cart
1259,181,view
1259,3,purchase
1260,306,purchase
1260,44,cart
1260,377,view
1260,215,view
1260,82,purchase
1260,45,view
1260,457,view
1260,134,purchase
1260,458,view
1260,411,cart
1260,113,cart
1260,371,view
1260,357,cart
1260,358,cart
1260,33,view
1260,3,purchase
1260,41,cart
1260,274,cart
1260,255,cart
1260,473,cart
1261,465,view
1261,426,view
1261,163,view
1261,357,purchase
1261,475,view
1261,340,cart
1261,402,purchase
1261,319,purchase
1261,86,view
1261,23,view
1261,43,purchase
1261,311,view
1261,18,view
1261,408,view
1262,186,cart
1262,391,view
1262,395,view
1262,452,view
1262,7,cart
1262,66,purchase
1262,205,view
1262,259,view
1262,200,purchase
1262,29,cart
1262,337,cart
1263,167,purchase
1263,288,purchase
1263,441,purchase
1263,288,view
1263,159,view
1263,196,cart
1263,29,purchase
1263,319,cart
1263,296,view
1263,73,view
1263,21,view
1263,242,cart
1263,118,purchase
1263,117,purchase
1263,51,cart
1263,2,cart
1263,428,purchase
1263,25,view
1263,473,purchase
1264,173,cart
1264,186,view
1264,289,view
1264,51,view
1264,94,purchase
1264,287,purchase
1264,390,cart
1264,113,purchase
1264,440,cart
1264,358,cart
1264,157,view
1264,287,cart
1264,40,cart
1265,462,view
1265,271,cart
1265,417,cart
1265,172,purchase
1265,194,view
1265,271,purchase
1265,239,purchase
1265,211,purchase
1265,324,cart
1265,268,purchase
1265,155,cart
1265,340,purchase
1265,11,cart
1265,470,purchase
1265,48,purchase
1265,424,purchase
1266,36,cart
1266,99,view
1266,328,cart
1266,366,view
1266,188,cart
1266,371,purchase
1266,266,view
1266,477,cart
1266,476,cart
1266,61,view
1266,81,cart
1266,170,view
1266,356,cart
1266,313,purchase
1266,442,view
1266,414,cart
1266,50,cart
1266,281,view
1266,203,purchase
1266,435,cart
1267,22,cart
1267,213,cart
1267,144,purchase
1267,223,purchase
1267,72,view
1267,95,purchase
1267,197,view
1267,97,cart
1267,348,cart
1267,392,view
1267,132,purchase
1267,73,view
1268,395,purchase
1268,303,purchase
1268,425,view
1268,381,purchase
1268,89,purchase
1268,167,cart
1268,91,view
1268,83,view
1268,420,view
1268,142,purchase
1268,228,view
1268,74,cart
1268,9,purchase
1268,212,purchase
1269,383,purchase
1269,450,view
1269,346,view
1269,214,purchase
1269,268,purchase
1269,487,view
1269,495,purchase
1270,222,view
1270,32,purchase
1270,1,cart
1270,486,purchase
1270,372,cart
1270,444,cart
1270,410,view
1270,26,cart
1270,413,purchase
1270,155,cart
1270,395,view
1270,379,view
1270,469,purchase
1270,359,view
1270,21,view
1270,427,cart
1271,425,purchase
1271,347,cart
1271,15,cart
1271,209,view
1271,13,cart
1272,384,purchase
1272,414,cart
1272,53,view
1272,211,purchase
1272,137,view
1272,194,purchase
1272,146,cart
1272,306,cart
1272,58,view
1272,397,purchase
1273,103,view
1273,69,view
1273,49,purchase
1273,109,purchase
1273,187,cart
1273,317,cart
1273,19,purchase
1273,499,cart
1273,396,cart
1273,35,view
1273,74,view
1273,322,purchase
1273,350,cart
1273,435,view
1273,362,view
1273,69,cart
1273,478,view
1273,345,cart
1273,409,cart
1273,362,cart
1274,344,view
1274,121,cart
1274,270,cart
1274,390,purchase
1274,185,purchase
1274,128,purchase
1274,475,view
1274,288,view
1274,38,cart
1274,472,cart
1274,456,view
1274,34,view
1274,58,cart
1274,35,purchase
1274,379,view
1274,196,view
1274,321,cart
1275,331,purchase
1275,416,cart
1275,58,cart
1275,163,purchase
1275,3,cart
1275,69,cart
1275,399,cart
1275,490,view
1275,73,purchase
1275,111,purchase
1276,481,purchase
1276,265,purchase
1276,238,view
1276,179,purchase
1276,379,purchase
1276,179,view
1276,33,cart
1276,407,purchase
1276,111,cart
1276,393,purchase
1277,426,cart
1277,163,cart
1277,95,view
1277,229,purchase
1277,211,purchase
1277,364,view
1277,421,purchase
1277,295,cart
1277,357,view
1277,161,view
1277,355,view
1277,236,view
1277,443,purchase
1277,243,cart
1277,432,view
1277,162,purchase
1278,44,view
1278,257,purchase
1278,464,cart
1278,383,purchase
1278,327,cart
1278,484,view
1278,436,purchase
1278,48,cart
1278,146,view
1278,233,view
1279,86,view
1279,57,cart
1279,16,purchase
1279,206,purchase
1279,466,cart
1279,153,purchase
1279,363,purchase
1279,370,cart
1280,266,view
1280,235,purchase
1280,486,cart
1280,457,view
1280,352,purchase
1280,307,view
1280,492,view
1280,75,cart
1280,164,purchase
1280,71,view
1280,391,cart
1280,406,view
1280,80,view
1280,244,cart
1281,411,purchase
1281,61,view
1281,393,view
1281,63,view
1281,402,view
1281,331,view
1281,87,view
1281,95,purchase
1281,127,view
1281,418,cart
1281,34,view
1281,156,cart
1281,444,cart
1281,498,cart
1281,185,cart
1281,94,purchase
1281,93,purchase
1281,121,view
1281,196,view
1282,244,view
1282,419,view
1282,480,cart
1282,59,cart
1282,197,cart
1282,370,cart
1282,379,cart
1282,450,view
1282,227,purchase
1282,434,cart
1283,113,cart
1283,139,view
1283,277,view
1283,415,view
1283,277,purchase
1283,400,purchase
1283,137,purchase
1283,467,cart
1283,429,cart
1283,317,cart
1283,394,view
1283,22,cart
1283,261,cart
1283,311,view
1283,364,cart
1283,182,purchase
1283,378,cart
1284,266,purchase
1284,210,purchase
1284,416,purchase
1284,210,cart
1284,227,cart
1284,230,cart
1285,222,view
1285,389,cart
1285,152,cart
1285,154,view
1285,293,purchase
1285,477,cart
1285,225,purchase
1285,35,view
1285,267,cart
1285,142,view
1286,135,cart
1286,30,purchase
1286,238,cart
1286,138,cart
1286,13,purchase
1287,427,view
1287,62,purchase
1287,93,cart
1287,327,purchase
1287,175,cart
1287,322,cart
1287,175,view
1287,232,view
1287,142,view
1287,243,cart
1287,232,view
1287,229,cart
1287,6,cart
1287,227,cart
1287,454,view
1287,356,view
1287,129,view
1287,130,purchase
1288,156,view
1288,465,view
1288,131,purchase
1288,249,cart
1288,11,view
1288,377,purchase
1288,6,purchase
1288,405,view
1288,367,view
1288,12,view
1288,34,view
1288,361,purchase
1288,9,view
1289,469,cart
1289,356,view
1289,476,purchase
1289,40,purchase
1289,184,view
1289,284,purchase
1289,478,cart
1289,117,view
1289,358,purchase
1289,418,cart
1289,154,purchase
1289,217,cart
1289,325,view
1289,467,cart
1289,55,purchase
1290,455,cart
1290,427,cart
1290,260,purchase
1290,457,cart
1290,417,purchase
1290,296,purchase
1290,480,purchase
1290,237,purchase
1290,482,view
1290,224,cart
1290,268,view
1290,262,view
1290,141,view
1290,135,view
1290,203,purchase
1291,278,view
1291,456,view
1291,292,view
1291,106,purchase
1291,105,cart
1291,275,cart
1291,212,purchase
1291,423,purchase
1291,472,cart
1291,223,purchase
1291,414,purchase
1291,163,purchase
1291,449,purchase
1291,106,cart
1291,288,cart
1291,331,purchase
1291,240,purchase
1291,452,view
1292,334,view
1292,94,cart
1292,78,view
1292,150,cart
1292,24,purchase
1292,111,view
1292,56,purchase
1292,426,view
1292,249,view
1292,363,view
1292,182,purchase
1292,257,cart
1292,360,view
1292,103,cart
1292,117,purchase
1292,11,view
1292,394,purchase
1292,428,purchase
1293,363,view
1293,159,purchase
1293,495,cart
1293,106,cart
1293,216,purchase
1294,212,purchase
1294,130,purchase
1294,33,purchase
1294,226,view
1294,288,cart
1294,103,view
1294,212,cart
1294,250,purchase
1295,468,cart
1295,278,purchase
1295,110,view
1295,33,purchase
1295,406,cart
1295,430,purchase
1296,26,purchase
1296,289,cart
1296,112,purchase
1296,138,purchase
1296,471,cart
1296,412,view
1296,313,view
1296,162,purchase
1296,493,purchase
1296,498,view
1296,68,purchase
1296,93,view
1296,167,cart
1296,433,purchase
1296,366,view
1297,92,cart
1297,60,view
1297,172,view
1297,43,cart
1297,414,cart
1297,66,cart
1297,387,view
1297,180,cart
1297,240,purchase
1297,178,cart
1297,60,purchase
1297,411,cart
1297,148,cart
1297,144,cart
1298,57,cart
1298,111,purchase
1298,476,purchase
1298,453,cart
1298,495,view
1298,390,view
1299,54,cart
1299,397,cart
1299,469,view
1299,63,purchase
1299,347,purchase
1299,73,cart
1299,329,cart
1299,417,purchase
1299,337,cart
1299,120,cart
1299,445,purchase
1299,362,view
1299,406,view
1299,453,purchase
1299,13,cart
1299,122,cart
1299,415,view
1299,477,cart
1300,295,view
1300,180,cart
1300,249,purchase
1300,266,cart
1300,206,purchase
1300,261,view
1300,154,view
1300,103,cart
1300,39,view
1300,201,purchase
1300,264,view
1301,277,cart
1301,147,purchase
1301,437,purchase
1301,116,view
1301,7,cart
1301,16,purchase
1301,202,cart
1301,467,view
1301,200,view
1302,47,purchase
1302,59,purchase
1302,32,view
1302,426,view
1302,272,purchase
1302,299,purchase
1302,158,cart
1302,73,cart
1302,167,cart
1302,52,view
1302,245,cart
1302,365,purchase
1302,302,view
1302,434,view
1302,242,purchase
1302,14,purchase
1303,131,purchase
1303,399,view
1303,173,purchase
1303,238,purchase
1303,62,cart
1303,322,cart
1303,335,cart
1303,452,cart
1304,174,purchase
1304,25,view
1304,21,cart
1304,132,purchase
1304,136,cart
1304,479,purchase
1304,28,cart
1304,445,purchase
1304,194,cart
1304,462,view
1305,481,view
1305,427,view
1305,460,purchase
1305,360,view
1305,149,purchase
1305,229,view
1305,283,view
1305,173,purchase
1305,143,view
1305,391,cart
1305,498,purchase
1305,388,view
1305,210,purchase
1305,214,view
1305,170,cart
1306,414,view
1306,387,cart
1306,106,purchase
1306,74,cart
1306,104,view
1306,491,view
1306,177,view
1306,57,view
1306,210,cart
1306,189,view
1306,169,purchase
1306,381,cart
1306,187,view
1307,14,cart
1307,405,purchase
1307,456,cart
1307,378,purchase
1307,217,cart
1307,498,view
1307,12,view
1307,194,purchase
1307,385,purchase
1307,237,purchase
1307,445,view
1307,314,cart
1308,266,view
1308,323,cart
1308,477,view
1308,203,cart
1308,34,view
1308,101,cart
1308,90,cart
1308,339,purchase
1308,71,view
1308,331,cart
1308,332,purchase
1308,149,purchase
1308,490,purchase
1308,88,view
1308,472,cart
1308,355,cart
1308,481,view
1309,49,purchase
1309,148,purchase
1309,353,purchase
1309,397,purchase
1309,87,purchase
1309,80,view
1309,203,cart
1309,425,view
1309,167,view
1309,281,cart
1309,445,purchase
1309,300,purchase
1309,411,cart
1309,268,cart
1309,298,view
1309,27,purchase
1309,409,view
1310,347,purchase
1310,176,purchase
1310,492,cart
1310,62,view
1310,272,view
1310,252,view
1311,28,view
1311,181,purchase
1311,75,purchase
1311,423,purchase
1311,333,view
1311,28,view
1311,377,cart
1311,300,purchase
1311,1,purchase
1311,47,cart
1311,481,cart
1311,106,cart
1311,277,purchase
1311,220,cart
1311,309,cart
1311,351,purchase
1311,427,cart
1311,486,cart
1311,155,purchase
1311,435,purchase
1312,355,purchase
1312,39,purchase
1312,213,view
1312,21,view
1312,171,cart
1312,313,cart
1312,451,cart
1312,98,purchase
1312,21,cart
1312,426,cart
1312,488,purchase
1312,125,cart
1312,270,cart
1312,55,view
1312,449,purchase
1312,196,view
1312,307,cart
1312,167,cart
1312,172,purchase
1313,96,cart
1313,235,view
1313,393,cart
1313,254,cart
1313,305,view
1313,471,view
1313,463,cart
1314,379,purchase
1314,171,cart
1314,411,purchase
1314,71,view
1314,29,purchase
1314,226,purchase
1314,183,view
1314,71,view
1314,223,cart
1315,13,cart
1315,123,cart
1315,201,view
1315,175,cart
1315,438,purchase
1315,297,purchase
1315,275,purchase
1316,71,view
1316,233,cart
1316,215,view
1316,129,cart
1316,500,view
1316,70,cart
1316,136,purchase
1316,325,view
1316,381,cart
1316,288,cart
1316,166,cart
1316,353,view
1316,331,cart
1316,434,purchase
1316,12,cart
1316,263,purchase
1316,49,purchase
1316,341,cart
1316,473,cart
1316,242,view
1317,208,cart
1317,364,view
1317,358,purchase
1317,32,purchase
1317,220,cart
1317,202,cart
1317,381,purchase
1317,124,view
1317,209,purchase
1317,390,view
1317,174,purchase
1317,433,cart
1317,202,cart
1317,195,cart
1318,342,cart
1318,275,purchase
1318,7,view
1318,225,purchase
1318,443,purchase
1318,186,cart
1318,51,view
1318,183,view
1318,188,cart
1318,436,view
1318,219,purchase
1318,200,purchase
1318,318,view
1318,302,purchase
1318,117,purchase
1318,176,purchase
1318,172,view
1318,292,cart
1318,481,purchase
1318,230,cart
1319,376,purchase
1319,60,view
1319,74,purchase
1319,152,cart
1319,328,view
1319,333,view
1319,404,cart
1319,178,cart
1319,381,purchase
1319,427,view
1319,276,view
1319,61,cart
1319,360,view
1319,5,purchase
1319,62,cart
1320,281,view
1320,459,purchase
1320,212,view
1320,457,cart
1320,21,view
1320,166,purchase
1320,430,purchase
1320,494,cart
1320,437,view
1320,468,purchase
1320,57,view
1320,87,purchase
1320,268,view
1320,412,view
1320,373,purchase
1320,14,cart
1320,365,view
1321,145,cart
1321,154,view
1321,170,cart
1321,339,cart
1321,21,cart
1322,424,purchase
1322,198,view
1322,68,view
1322,259,purchase
1322,188,view
1322,116,purchase
1322,141,view
1322,473,cart
1322,40,cart
1322,433,cart
1322,18,view
1322,426,view
1322,467,purchase
1322,160,cart
1322,25,purchase
1322,322,view
1322,88,view
1322,197,cart
1322,29,cart
1323,184,purchase
1323,366,cart
1323,241,view
1323,433,cart
1323,54,cart
1323,231,view
1323,46,purchase
1323,185,purchase
1323,488,purchase
1323,490,cart
1323,222,purchase
1323,410,cart
1323,495,cart
1323,41,view
1323,249,view
1324,343,cart
1324,245,view
1324,181,cart
1324,309,purchase
1324,189,cart
1324,338,purchase
1324,19,cart
1324,277,cart
1324,389,view
1324,142,view
1324,138,cart
1324,158,cart
1324,219,purchase
1324,206,cart
1324,222,purchase
1325,53,cart
1325,161,cart
1325,149,purchase
1325,324,purchase
1325,11,cart
1325,77,cart
1325,27,cart
1325,210,purchase
1325,172,view
1326,191,purchase
1326,176,purchase
1326,400,purchase
1326,18,purchase
1326,110,purchase
1326,83,purchase
1326,398,cart
1327,343,view
1327,233,view
1327,191,purchase
1327,482,cart
1327,154,purchase
1327,336,purchase
1327,384,cart
1327,163,purchase
1327,100,cart
1328,197,view
1328,16,view
1328,278,view
1328,335,view
1328,102,purchase
1328,326,view
1328,88,cart
1328,422,view
1328,202,view
1328,131,purchase
1328,369,view
1328,115,view
1328,427,cart
1328,119,purchase
1328,433,purchase
1328,310,purchase
1328,392,view
1328,99,cart
1328,384,cart
1329,48,cart
1329,414,view
1329,427,view
1329,456,cart
1329,259,purchase
1329,125,purchase
1329,471,view
1329,122,cart
1329,414,purchase
1330,56,view
1330,236,cart
1330,333,purchase
1330,407,view
1330,367,cart
1330,286,cart
1330,412,purchase
1330,93,view
1330,371,cart
1330,29,purchase
1330,295,view
1330,297,purchase
1330,420,purchase
1330,343,purchase
1330,98,view
1330,248,purchase
1330,1,cart
1330,405,purchase
1331,273,purchase
1331,217,view
1331,11,view
1331,300,cart
1331,82,purchase
1331,261,view
1332,343,purchase
1332,46,cart
1332,113,view
1332,221,purchase
1332,39,view
1332,296,view
1332,313,purchase
1332,378,view
1332,77,purchase
1332,5,cart
1332,277,cart
1332,364,cart
1332,396,view
1332,446,cart
1332,222,view
1332,282,cart
1332,204,cart
1332,422,purchase
1333,275,cart
1333,268,cart
1333,41,purchase
1333,398,view
1333,291,purchase
1333,441,purchase
1333,40,purchase
1333,479,cart
1333,10,cart
1333,68,purchase
1333,96,purchase
1333,39,purchase
1333,405,cart
1333,178,purchase
1333,195,cart
1333,276,view
1333,456,cart
1333,262,view
1334,328,cart
1334,485,view
1334,298,cart
1334,22,view
1334,391,view
1334,81,view
1334,255,view
1334,80,view
1334,33,purchase
1334,214,purchase
1335,394,purchase
1335,278,purchase
1335,281,cart
1335,382,purchase
1335,6,cart
1335,463,cart
1335,492,purchase
1335,450,purchase
1335,52,cart
1335,163,cart
1335,485,cart
1336,370,purchase
1336,441,purchase
1336,85,view
1336,129,purchase
1336,31,cart
1337,108,cart
1337,123,cart
1337,271,view
1337,102,purchase
1337,422,view
1337,15,view
1337,287,cart
1337,338,purchase
1337,165,purchase
1337,116,purchase
1337,476,cart
1337,125,cart
1337,142,purchase
1337,332,purchase
1338,264,view
1338,462,cart
1338,327,purchase
1338,275,view
1338,275,cart
1338,248,cart
1338,134,cart
1338,45,cart
1339,279,view
1339,416,view
1339,235,view
1339,249,view
1339,93,purchase
1339,266,purchase
1339,193,cart
1339,484,cart
1339,106,purchase
1339,216,view
1339,156,purchase
1340,372,cart
1340,303,purchase
1340,33,view
1340,110,cart
1340,8,purchase
1340,28,cart
1340,344,cart
1340,222,purchase
1340,432,purchase
1340,350,purchase
1340,206,view
1340,172,view
1341,290,cart
1341,145,cart
1341,191,cart
1341,138,view
1341,404,purchase
1341,431,purchase
1341,255,cart
1341,371,purchase
1342,255,view
1342,144,cart
1342,425,purchase
1342,458,cart
1342,125,cart
1342,405,cart
1342,78,cart
1342,328,view
1342,115,view
1342,306,cart
1343,152,view
1343,197,cart
1343,354,view
1343,472,purchase
1343,327,view
1343,302,purchase
1343,445,view
1343,290,view
1343,498,purchase
1343,277,purchase
1343,313,purchase
1343,208,purchase
1343,195,cart
1343,439,cart
1343,404,view
1343,143,cart
1344,196,purchase
1344,68,view
1344,101,purchase
1344,477,cart
1344,494,view
1344,421,cart
1344,434,cart
1344,454,view
1344,79,purchase
1344,267,purchase
1344,133,purchase
1344,59,cart
1344,22,view
1345,192,view
1345,378,cart
1345,388,cart
1345,198,purchase
1345,303,purchase
1345,438,cart
1345,117,purchase
1345,172,purchase
1345,135,cart
1345,343,purchase
1345,229,cart
1346,454,cart
1346,347,purchase
1346,259,purchase
1346,215,cart
1346,164,purchase
1346,255,cart
1346,479,view
1346,258,purchase
1346,3,cart
1346,192,purchase
1346,75,cart
1346,65,cart
1346,388,purchase
1346,258,cart
1346,258,cart
1346,309,purchase
1347,172,purchase
1347,26,view
1347,382,purchase
1347,371,view
1347,248,purchase
1347,339,purchase
1347,230,purchase
1347,494,view
1347,286,view
1347,330,view
1347,145,purchase
1347,212,view
1347,74,cart
1347,46,purchase
1347,389,view
1347,23,purchase
1348,265,view
1348,362,cart
1348,367,cart
1348,376,cart
1348,246,cart
1348,421,cart
1348,165,cart
1348,327,cart
1348,492,cart
1348,81,purchase
1348,167,purchase
1348,247,cart
1348,105,view
1348,185,view
1348,197,view
1348,339,view
1348,62,view
1348,259,cart
1348,431,purchase
1349,241,purchase
1349,264,view
1349,188,cart
1349,342,cart
1349,115,view
1349,373,view
1349,454,cart
1349,224,cart
1350,40,view
1350,100,view
1350,146,purchase
1350,342,cart
1350,416,cart
1351,404,view
1351,77,purchase
1351,381,view
1351,166,purchase
1351,57,cart
1351,130,purchase
1351,353,cart
1352,74,purchase
1352,497,cart
1352,153,cart
1352,34,cart
1352,370,purchase
1352,251,view
1352,64,view
1353,424,view
1353,429,view
1353,470,purchase
1353,198,cart
1353,418,purchase
1353,332,cart
1353,322,view
1353,152,cart
1353,178,purchase
1353,475,purchase
1353,455,purchase
1353,465,cart
1354,283,view
1354,147,purchase
1354,289,cart
1354,134,view
1354,19,cart
1354,240,cart
1354,432,purchase
1354,395,cart
1354,245,view
1354,309,purchase
1354,9,purchase
1354,412,cart
1354,231,view
1354,308,view
1354,495,purchase
1354,368,purchase
1354,87,cart
1355,369,purchase
1355,89,purchase
1355,202,view
1355,398,purchase
1355,7,purchase
1355,338,purchase
1355,91,purchase
1355,398,cart
1355,313,cart
1355,493,cart
1355,300,view
1355,30,cart
1355,457,view
1355,490,purchase
1355,67,view
1355,386,purchase
1356,148,view
1356,238,purchase
1356,171,cart
1356,92,purchase
1356,276,cart
1356,363,cart
1356,334,cart
1356,270,cart
1356,197,cart
1356,452,purchase
1356,433,view
1356,35,purchase
1356,31,view
1356,484,view
1357,141,purchase
1357,288,view
1357,497,view
1357,417,cart
1357,331,purchase
1358,24,purchase
1358,88,view
1358,169,cart
1358,31,purchase
1358,421,cart
1358,451,view
1358,371,view
1358,454,purchase
1358,204,cart
1358,244,purchase
1358,344,view
1358,250,purchase
1358,249,cart
1358,350,cart
1359,309,cart
1359,252,cart
1359,299,view
1359,215,cart
1359,431,cart
1359,237,view
1359,352,cart
1359,72,purchase
1359,210,purchase
1359,286,cart
1359,251,view
1359,90,purchase
1359,447,cart
1360,443,cart
1360,338,cart
1360,219,view
1360,255,purchase
1360,4,cart
1360,306,purchase
1360,200,purchase
1360,23,purchase
1360,122,purchase
1361,384,purchase
1361,461,view
1361,137,view
1361,399,view
1361,162,view
1361,464,view
1361,168,purchase
1361,292,cart
1361,123,view
1361,370,view
1361,335,view
1361,281,purchase
1361,430,cart
1361,153,cart
1361,479,purchase
1361,102,view
1361,149,purchase
1362,459,purchase
1362,431,cart
1362,63,cart
1362,109,view
1362,431,view
1362,157,cart
1362,481,purchase
1362,330,cart
1362,193,purchase
1362,283,purchase
1362,100,purchase
1362,316,purchase
1362,258,cart
1362,185,purchase
1362,64,view
1362,409,cart
1363,30,cart
1363,342,view
1363,349,cart
1363,16,view
1363,257,purchase
1363,349,view
1363,214,purchase
1363,96,purchase
1363,471,cart
1363,480,view
1363,205,cart
1363,336,purchase
1364,125,cart
1364,256,purchase
1364,260,purchase
1364,45,cart
1364,62,cart
1364,394,purchase
1364,210,view
1364,369,purchase
1364,386,purchase
1365,478,purchase
1365,441,cart
1365,18,view
1365,474,view
1365,269,view
1365,102,cart
1365,473,cart
1365,445,view
1365,376,cart
1365,419,view
1365,173,cart
1366,78,cart
1366,136,purchase
1366,399,cart
1366,192,view
1366,385,view
1366,438,purchase
1366,45,cart
1366,133,purchase
1366,270,purchase
1366,499,purchase
1366,238,cart
1366,364,cart
1366,259,view
1366,177,cart
1366,10,cart
1366,10,purchase
1366,427,purchase
1366,139,view
1366,99,purchase
1366,395,cart
1367,244,cart
1367,349,cart
1367,254,view
1367,45,purchase
1367,302,purchase
1367,160,purchase
1367,189,view
1368,489,view
1368,102,purchase
1368,74,cart
1368,97,purchase
1368,77,cart
1368,327,purchase
1368,270,purchase
1369,447,view
1369,21,cart
1369,321,cart
1369,398,purchase
1369,492,cart
1369,251,purchase
1369,1,cart
1369,50,cart
1369,169,view
1369,272,purchase
1369,242,cart
1369,413,view
1370,498,view
1370,7,view
1370,291,view
1370,142,view
1370,75,purchase
1371,121,view
1371,253,cart
1371,34,cart
1371,27,cart
1371,366,purchase
1371,101,purchase
1371,84,purchase
1371,243,cart
1371,342,view
1371,246,purchase
1371,436,cart
1372,432,view
1372,50,view
1372,107,view
1372,476,view
1372,434,cart
1372,36,cart
1372,497,cart
1372,389,cart
1372,228,purchase
1372,282,cart
1372,277,purchase
1372,419,view
1372,425,view
1372,335,view
1372,106,purchase
1372,476,view
1372,241,purchase
1372,389,cart
1373,237,cart
1373,122,purchase
1373,22,cart
1373,464,purchase
1373,343,cart
1373,168,view
1373,148,cart
1373,158,purchase
1373,448,cart
1373,228,purchase
1373,476,cart
1373,180,cart
1373,125,cart
1373,178,cart
1374,425,purchase
1374,363,view
1374,301,view
1374,26,view
1374,418,view
1374,122,cart
1374,485,purchase
1374,14,cart
1374,436,view
1374,13,purchase
1374,442,purchase
1374,273,purchase
1374,261,cart
1375,217,purchase
1375,294,cart
1375,106,view
1375,291,purchase
1375,151,purchase
1375,8,view
1375,409,purchase
1375,15,purchase
1375,233,purchase
1375,93,view
1375,311,purchase
1375,263,view
1376,168,view
1376,121,view
1376,26,cart
1376,247,cart
1376,270,cart
1376,119,view
1376,334,purchase
1376,264,purchase
1376,284,purchase
1376,160,view
1376,305,purchase
1376,3,view
1377,264,view
1377,174,view
1377,167,view
1377,215,purchase
1377,177,cart
1377,43,cart
1377,450,cart
1377,164,cart
1377,443,purchase
1377,284,view
1377,79,cart
1377,114,view
1377,411,cart
1377,311,purchase
1377,133,purchase
1377,189,purchase
1377,109,view
1377,151,purchase
1378,349,purchase
1378,369,cart
1378,5,view
1378,48,cart
1378,244,cart
1378,351,purchase
1378,138,purchase
1379,146,purchase
1379,18,cart
1379,454,purchase
1379,152,purchase
1379,125,view
1379,497,purchase
1379,68,view
1379,16,cart
1379,52,cart
1379,136,view
1380,479,cart
1380,72,cart
1380,406,view
1380,189,view
1380,2,cart
1381,464,purchase
1381,125,purchase
1381,486,view
1381,259,purchase
1381,111,cart
1381,59,cart
1381,24,purchase
1381,35,purchase
1381,384,cart
1381,375,view
1381,72,view
1381,302,cart
1381,24,view
1381,282,cart
1381,62,view
1381,246,view
1381,144,purchase
1381,393,purchase
1381,17,purchase
1382,145,cart
1382,13,purchase
1382,308,view
1382,284,purchase
1382,278,cart
1382,491,cart
1382,233,view
1382,262,cart
1382,67,view
1382,326,cart
1382,429,view
1382,248,cart
1383,476,view
1383,110,view
1383,228,view
1383,226,cart
1383,303,view
1383,93,view
1383,238,cart
1383,395,cart
1383,454,purchase
1384,284,cart
1384,235,cart
1384,26,view
1384,122,purchase
1384,476,view
1384,40,purchase
1384,62,purchase
1384,487,purchase
1384,224,cart
1384,143,purchase
1384,92,purchase
1384,148,cart
1384,55,view
1385,254,cart
1385,374,view
1385,429,purchase
1385,105,view
1385,311,purchase
1385,201,cart
1385,78,cart
1385,156,purchase
1385,64,purchase
1385,126,view
1385,486,cart
1385,221,cart
1385,191,view
1385,229,cart
1385,8,view
1385,128,cart
1385,359,view
1386,298,cart
1386,388,view
1386,252,view
1386,249,view
1386,388,view
1386,53,cart
1386,322,purchase
1387,66,cart
1387,152,purchase
1387,403,purchase
1387,277,view
1387,254,view
1387,465,purchase
1387,331,view
1387,175,purchase
1387,294,view
1387,144,purchase
1387,493,purchase
1387,109,cart
1387,233,view
1387,298,purchase
1387,110,cart
1387,7,view
1388,468,cart
1388,238,view
1388,256,purchase
1388,491,view
1388,448,cart
1388,305,purchase
1388,300,cart
1388,55,cart
1388,95,view
1388,448,cart
1389,169,cart
1389,199,view
1389,255,purchase
1389,62,cart
1389,337,cart
1389,359,cart
1389,377,cart
1389,35,purchase
1389,258,cart
1389,267,view
1389,68,view
1389,286,purchase
1389,180,purchase
1390,415,view
1390,381,view
1390,38,purchase
1390,424,view
1390,199,cart
1390,63,purchase
1390,485,view
1390,208,purchase
1390,231,cart
1390,334,purchase
1390,297,purchase
1390,382,cart
1390,133,purchase
1390,197,view
1390,149,purchase
1390,318,purchase
1390,152,view
1390,350,purchase
1391,83,cart
1391,334,purchase
1391,255,cart
1391,291,view
1391,55,purchase
1391,497,purchase
1391,421,cart
1391,66,cart
1391,218,cart
1391,175,view
1391,60,cart
1391,196,purchase
1391,179,purchase
1391,89,cart
1391,272,cart
1391,345,purchase
1391,69,view
1391,478,view
1391,204,purchase
1392,439,purchase
1392,279,view
1392,390,purchase
1392,220,cart
1392,341,cart
1392,9,purchase
1392,341,purchase
1392,135,view
1392,178,view
1392,209,view
1393,23,view
1393,160,cart
1393,438,purchase
1393,131,cart
1393,26,view
1393,157,view
1393,380,purchase
1393,277,cart
1393,394,view
1393,67,view
1393,40,cart
1393,375,cart
1393,245,view
1393,275,view
1393,394,view
1393,252,purchase
1393,74,purchase
1393,238,purchase
1394,368,purchase
1394,446,purchase
1394,123,cart
1394,306,purchase
1394,230,purchase
1394,360,cart
1394,376,purchase
1394,237,cart
1394,49,cart
1394,486,purchase
1394,469,cart
1394,92,purchase
1394,230,view
1394,331,purchase
1394,479,view
1395,26,cart
1395,58,view
1395,343,cart
1395,18,purchase
1395,339,purchase
1395,380,purchase
1395,367,cart
1395,310,purchase
1395,199,view
1395,11,cart
1395,17,view
1395,331,cart
1395,307,cart
1395,60,purchase
1396,167,purchase
1396,226,cart
1396,123,purchase
1396,372,purchase
1396,102,view
1396,34,view
1396,408,view
1396,426,purchase
1396,431,cart
1396,225,purchase
1396,166,cart
1396,370,cart
1396,49,view
1396,342,cart
1396,137,purchase
1397,463,view
1397,18,view
1397,264,view
1397,19,purchase
1397,122,view
1397,381,cart
1397,227,purchase
1397,316,purchase
1397,337,purchase
1397,76,purchase
1397,42,view
1397,57,cart
1397,316,purchase
1397,485,purchase
1397,426,cart
1397,73,purchase
1397,419,cart
1397,354,purchase
1397,314,purchase
1398,14,cart
1398,361,purchase
1398,269,cart
1398,428,view
1398,285,view
1398,20,cart
1398,291,cart
1398,282,purchase
1398,313,purchase
1399,249,purchase
1399,345,purchase
1399,224,cart
1399,181,view
1399,210,purchase
1399,70,view
1399,250,cart
1399,17,cart
1399,211,cart
1399,235,cart
1399,224,cart
1399,235,cart
1399,56,view
1399,201,purchase
1399,237,view
1399,252,cart
1399,158,purchase
1399,322,cart
1399,70,cart
1399,500,cart
1400,164,purchase
1400,304,view
1400,282,view
1400,385,cart
1400,322,view
1400,88,cart
1400,237,cart
1401,398,cart
1401,352,purchase
1401,285,purchase
1401,449,cart
1401,213,purchase
1401,194,purchase
1401,54,view
1401,66,purchase
1401,84,purchase
1402,261,purchase
1402,1,view
1402,10,view
1402,131,view
1402,58,view
1402,235,purchase
1403,148,view
1403,165,purchase
1403,448,view
1403,363,cart
1403,160,view
1403,104,cart
1403,234,cart
1403,108,cart
1403,377,purchase
1403,71,purchase
1404,180,view
1404,450,view
1404,133,cart
1404,493,purchase
1404,30,cart
1404,288,view
1404,442,view
1404,442,purchase
1404,246,cart
1404,191,view
1404,55,view
1404,483,cart
1404,37,cart
1404,81,view
1405,77,view
1405,359,cart
1405,220,view
1405,231,cart
1405,81,view
1405,428,purchase
1405,411,purchase
1405,311,view
1405,50,view
1405,378,view
1406,28,purchase
1406,57,purchase
1406,142,view
1406,192,view
1406,443,cart
1406,480,view
1406,49,purchase
1406,494,cart
1406,45,view
1406,439,cart
1406,88,view
1406,463,view
1406,97,purchase
1406,73,purchase
1406,487,view
1406,400,purchase
1406,311,cart
1406,141,purchase
1407,313,cart
1407,86,view
1407,184,view
1407,478,cart
1407,225,cart
1407,384,cart
1407,321,view
1407,232,purchase
1407,316,view
1407,102,purchase
1407,74,view
1407,61,purchase
1407,268,cart
1407,211,purchase
1407,132,purchase
1407,378,cart
1407,130,view
1407,154,view
1408,417,purchase
1408,293,purchase
1408,77,view
1408,452,cart
1408,265,cart
1408,317,purchase
1408,324,purchase
1408,478,view
1408,364,cart
1408,53,view
1408,349,view
1408,13,cart
1408,111,view
1408,218,view
1408,488,cart
1409,88,cart
1409,117,purchase
1409,191,purchase
1409,282,purchase
1409,20,purchase
1409,334,view
1409,484,view
1409,306,purchase
1409,147,purchase
1409,2,cart
1409,168,view
1409,62,purchase
1409,52,view
1409,140,view
1409,4,purchase
1409,230,cart
1409,253,purchase
1409,365,purchase
1409,433,view
1410,358,cart
1410,200,view
1410,100,purchase
1410,417,purchase
1410,109,cart
1410,359,view
1410,64,purchase
1410,245,cart
1410,28,cart
1410,498,purchase
1410,446,view
1410,363,purchase
1410,331,purchase
1410,239,view
1410,18,cart
1410,375,cart
1410,209,view
1410,176,cart
1410,224,view
1410,472,view
1411,424,view
1411,222,view
1411,127,cart
1411,484,purchase
1411,195,cart
1411,64,cart
1411,368,cart
1411,464,view
1411,292,cart
1411,202,purchase
1411,138,view
1411,392,purchase
1412,410,view
1412,403,view
1412,116,purchase
1412,278,cart
1412,216,purchase
1412,392,view
1412,86,view
1412,55,cart
1412,245,view
1412,491,cart
1413,176,cart
1413,419,cart
1413,308,view
1413,13,view
1413,232,purchase
1413,349,view
1413,277,view
1413,97,cart
1413,328,view
1414,499,purchase
1414,282,cart
1414,299,cart
1414,135,cart
1414,333,cart
1414,392,view
1414,213,purchase
1414,484,view
1414,39,purchase
1414,314,cart
1414,218,purchase
1414,432,purchase
1414,484,purchase
1414,17,view
1414,60,view
1415,152,view
1415,175,purchase
1415,69,purchase
1415,123,view
1415,167,cart
1415,24,view
1415,45,cart
1415,135,view
1415,157,view
1415,466,purchase
1415,388,purchase
1415,124,purchase
1415,62,cart
1415,439,purchase
1415,378,view
1415,72,view
1415,276,view
1416,384,purchase
1416,463,view
1416,320,view
1416,393,view
1416,340,purchase
1416,338,view
1416,489,purchase
1416,45,cart
1416,211,purchase
1416,193,view
1417,222,view
1417,88,purchase
1417,172,view
1417,271,cart
1417,369,view
1417,479,cart
1417,285,purchase
1417,134,purchase
1417,267,cart
1417,342,cart
1417,147,purchase
1417,346,cart
1418,75,view
1418,99,view
1418,41,purchase
1418,160,purchase
1418,42,purchase
1418,244,view
1418,309,cart
1418,209,view
1418,226,purchase
1418,406,cart
1418,205,purchase
1418,425,purchase
1418,96,view
1418,351,purchase
1418,357,purchase
1419,215,purchase
1419,105,cart
1419,7,cart
1419,267,cart
1419,414,view
1419,272,view
1419,426,view
1419,459,cart
1419,384,cart
1419,434,cart
1419,309,purchase
1419,60,purchase
1419,20,view
1419,78,cart
1419,88,purchase
1419,18,cart
1420,450,cart
1420,30,cart
1420,121,purchase
1420,342,view
1420,3,view
1420,246,view
1420,343,cart
1420,62,purchase
1420,96,view
1420,435,view
1421,397,purchase
1421,282,cart
1421,330,cart
1421,243,purchase
1421,138,view
1421,313,view
1421,12,purchase
1421,32,view
1421,170,purchase
1421,211,view
1421,271,cart
1421,143,cart
1421,429,view
1421,335,view
1421,484,purchase
1421,235,view
1421,9,view
1421,105,purchase
1421,338,view
1421,88,view
1422,375,cart
1422,94,cart
1422,463,view
1422,102,view
1422,453,view
1422,472,view
1422,205,view
1422,55,purchase
1422,205,view
1422,16,view
1422,288,cart
1422,318,purchase
1423,330,cart
1423,2,cart
1423,30,cart
1423,122,cart
1423,324,purchase
1423,46,view
1423,437,cart
1424,338,view
1424,229,cart
1424,81,purchase
1424,51,cart
1424,22,view
1424,232,view
1424,443,purchase
1424,335,view
1424,208,view
1424,484,cart
1424,326,purchase
1424,183,view
1424,230,view
1424,151,purchase
1424,265,cart
1424,430,purchase
1425,153,purchase
1425,360,purchase
1425,217,cart
1425,156,cart
1425,5,view
1425,351,view
1425,236,purchase
1425,372,view
1425,415,view
1425,500,cart
1425,362,view
1425,447,view
1425,196,cart
1425,486,cart
1425,175,cart
1425,408,cart
1425,312,purchase
1425,95,purchase
1426,194,cart
1426,121,cart
1426,128,cart
1426,295,purchase
1426,137,purchase
1426,111,view
1426,367,view
1426,99,cart
1426,178,purchase
1426,242,cart
1426,319,view
1426,140,view
1426,62,view
1426,99,purchase
1426,41,cart
1427,85,cart
1427,372,cart
1427,275,cart
1427,313,view
1427,286,purchase
1427,324,purchase
1428,438,view
1428,199,purchase
1428,1,cart
1428,119,purchase
1428,176,purchase
1428,303,view
1428,168,purchase
1428,336,view
1428,481,view
1428,173,view
1428,6,purchase
1428,224,view
1428,6,view
1428,418,cart
1428,249,purchase
1428,253,view
1429,187,view
1429,90,cart
1429,444,view
1429,312,purchase
1429,110,purchase
1430,72,purchase
1430,177,purchase
1430,84,cart
1430,289,view
1430,159,cart
1430,359,cart
1431,227,cart
1431,328,cart
1431,316,purchase
1431,256,purchase
1431,207,purchase
1431,344,purchase
1431,307,purchase
1431,322,view
1431,181,purchase
1431,499,purchase
1431,401,view
1431,90,cart
1432,436,cart
1432,203,view
1432,444,purchase
1432,193,cart
1432,377,cart
1432,76,purchase
1432,456,purchase
1432,216,view
1432,495,purchase
1432,263,purchase
1432,359,cart
1432,123,view
1432,10,purchase
1432,210,cart
1432,219,purchase
1432,224,purchase
1432,477,purchase
1432,34,purchase
1432,396,purchase
1432,241,view
1433,401,cart
1433,323,purchase
1433,255,view
1433,19,view
1433,485,cart
1434,275,view
1434,135,cart
1434,492,cart
1434,241,cart
1434,400,view
1434,106,purchase
1434,418,purchase
1434,209,cart
1434,383,purchase
1434,264,cart
1434,281,cart
1434,245,view
1434,288,view
1434,115,view
1434,10,purchase
1434,389,cart
1434,68,cart
1434,181,cart
1435,218,cart
1435,118,view
1435,177,view
1435,51,cart
1435,346,view
1435,28,view
1435,259,purchase
1436,341,purchase
1436,182,cart
1436,11,view
1436,184,purchase
1436,418,view
1436,369,purchase
1437,123,view
1437,360,purchase
1437,410,purchase
1437,361,cart
1437,154,view
1437,169,purchase
1437,365,cart
1437,474,view
1437,342,purchase
1437,248,view
1437,123,purchase
1437,354,purchase
1437,309,view
1437,404,view
1438,365,cart
1438,28,cart
1438,202,purchase
1438,28,purchase
1438,420,purchase
1439,192,purchase
1439,146,purchase
1439,221,cart
1439,432,cart
1439,141,view
1439,181,purchase
1439,6,cart
1439,361,cart
1439,95,view
1439,238,view
1439,69,purchase
1439,300,view
1439,310,view
1439,122,view
1439,86,purchase
1439,368,purchase
1440,129,view
1440,192,view
1440,142,cart
1440,402,purchase
1440,283,cart
1440,46,cart
1440,243,view
1440,241,purchase
1441,288,cart
1441,424,view
1441,330,purchase
1441,190,cart
1441,49,purchase
1441,375,view
1441,359,purchase
1441,109,cart
1441,293,cart
1442,300,view
1442,393,cart
1442,74,cart
1442,402,view
1442,45,purchase
1443,410,view
1443,214,view
1443,382,cart
1443,245,cart
1443,359,view
1443,472,purchase
1443,414,purchase
1443,406,purchase
1443,163,purchase
1443,384,view
1443,223,cart
1443,493,view
1443,112,view
1443,386,cart
1443,225,purchase
1443,11,view
1444,176,view
1444,470,purchase
1444,410,purchase
1444,152,cart
1444,400,purchase
1444,454,view
1444,448,view
1444,138,view
1445,160,purchase
1445,52,view
1445,384,cart
1445,6,cart
1445,23,purchase
1445,60,purchase
1445,500,view
1445,305,cart
1446,333,view
1446,451,view
1446,418,view
1446,108,purchase
1446,77,cart
1446,402,view
1446,147,view
1446,345,cart
1446,385,purchase
1446,8,view
1446,302,cart
1446,450,purchase
1446,223,purchase
1447,225,view
1447,422,view
1447,196,view
1447,295,view
1447,248,view
1447,392,purchase
1447,155,purchase
1447,173,view
1447,297,cart
1447,322,purchase
1447,277,purchase
1447,84,cart
1447,63,cart
1447,37,purchase
1447,441,cart
1447,480,purchase
1447,300,purchase
1447,294,cart
1447,253,view
1447,332,view
1448,354,purchase
1448,315,view
1448,307,cart
1448,152,purchase
1448,3,view
1448,96,cart
1448,130,view
1448,97,cart
1448,197,view
1448,225,cart
1448,283,purchase
1449,472,purchase
1449,264,purchase
1449,343,cart
1449,402,purchase
1449,499,view
1449,466,cart
1449,353,purchase
1450,244,cart
1450,417,purchase
1450,399,purchase
1450,449,cart
1450,203,view
1450,183,view
1450,285,cart
1450,360,cart
1450,34,view
1450,303,cart
1450,136,purchase
1450,480,cart
1451,486,view
1451,29,purchase
1451,74,view
1451,60,cart
1451,224,view
1451,346,cart
1451,8,cart
1451,295,purchase
1451,238,cart
1451,119,view
1451,346,view
1451,358,cart
1451,449,cart
1451,497,cart
1451,113,view
1451,388,view
1451,155,purchase
1451,112,cart
1451,281,view
1452,288,purchase
1452,293,cart
1452,378,cart
1452,52,cart
1452,91,view
1452,14,purchase
1453,327,purchase
1453,295,purchase
1453,490,cart
1453,337,view
1453,492,cart
1453,156,cart
1453,344,purchase
1453,27,purchase
1453,172,cart
1453,302,cart
1453,274,purchase
1453,84,cart
1454,328,view
1454,372,purchase
1454,156,purchase
1454,352,cart
1454,485,view
1454,492,purchase
1454,106,cart
1454,456,view
1454,466,view
1454,75,cart
1454,49,cart
1454,59,purchase
1454,274,purchase
1454,159,view
1455,264,view
1455,390,view
1455,331,purchase
1455,40,cart
1455,322,view
1456,45,cart
1456,7,view
1456,83,purchase
1456,430,purchase
1456,73,purchase
1456,87,purchase
1456,332,cart
1456,256,cart
1456,25,cart
1456,445,purchase
1456,307,cart
1456,137,purchase
1456,421,cart
1456,245,cart
1456,130,cart
1456,285,view
1456,68,view
1457,429,purchase
1457,482,view
1457,91,view
1457,376,cart
1457,390,cart
1457,432,view
1457,192,purchase
1457,91,purchase
1458,61,cart
1458,352,view
1458,118,view
1458,219,cart
1458,86,cart
1458,392,purchase
1458,85,purchase
1458,169,cart
1458,49,purchase
1458,303,purchase
1459,24,cart
1459,292,view
1459,338,view
1459,39,cart
1459,165,cart
1459,49,view
1459,291,view
1459,222,cart
1459,53,purchase
1459,23,purchase
1459,430,purchase
1460,419,purchase
1460,151,cart
1460,271,purchase
1460,26,purchase
1460,350,view
1460,352,cart
1460,215,cart
1460,272,cart
1461,111,view
1461,127,purchase
1461,242,view
1461,37,purchase
1461,358,view
1461,238,purchase
1461,20,cart
1461,174,cart
1461,296,view
1461,333,view
1461,9,view
1461,115,view
1461,66,cart
1462,1,cart
1462,387,purchase
1462,337,view
1462,147,cart
1462,380,cart
1462,153,cart
1462,486,purchase
1462,297,view
1463,345,purchase
1463,372,purchase
1463,115,cart
1463,254,purchase
1463,443,cart
1463,415,cart
1463,320,purchase
1463,163,view
1463,236,cart
1463,264,cart
1463,40,cart
1464,169,cart
1464,106,cart
1464,160,view
1464,150,view
1464,414,view
1464,421,cart
1464,211,purchase
1464,435,view
1464,454,view
1464,142,cart
1464,351,purchase
1464,446,view
1464,470,purchase
1464,94,purchase
1464,368,cart
1464,345,purchase
1464,408,view
1464,96,view
1464,18,view
1464,243,view
1465,454,view
1465,185,cart
1465,262,cart
1465,21,purchase
1465,479,purchase
1466,229,cart
1466,232,view
1466,457,view
1466,266,purchase
1466,285,cart
1466,353,cart
1466,268,cart
1466,114,view
1466,311,purchase
1466,126,purchase
1466,495,purchase
1466,281,view
1466,38,cart
1467,411,purchase
1467,378,purchase
1467,177,purchase
1467,174,view
1467,61,view
1467,105,view
1467,11,cart
1467,293,purchase
1467,121,view
1467,149,view
1467,379,view
1467,190,view
1467,202,cart
1467,172,purchase
1467,44,cart
1467,290,purchase
1468,183,purchase
1468,24,view
1468,452,cart
1468,133,purchase
1468,389,purchase
1468,29,cart
1469,436,cart
1469,37,purchase
1469,489,view
1469,355,view
1469,128,purchase
1469,308,purchase
1469,99,purchase
1469,342,cart
1469,254,cart
1469,328,view
1469,40,cart
1469,382,purchase
1469,396,view
1469,90,view
1469,49,cart
1470,72,cart
1470,394,purchase
1470,122,cart
1470,292,view
1470,237,purchase
1470,253,purchase
1470,10,view
1470,297,purchase
1470,106,purchase
1470,16,view
1470,436,purchase
1470,159,view
1470,340,view
1471,456,purchase
1471,6,view
1471,240,purchase
1471,315,view
1471,109,cart
1471,223,purchase
1471,440,cart
1472,296,cart
1472,335,purchase
1472,65,view
1472,459,cart
1472,202,purchase
1472,12,purchase
1473,259,cart
1473,475,cart
1473,315,purchase
1473,438,purchase
1473,421,cart
1473,486,purchase
1473,394,view
1473,344,purchase
1473,468,cart
1473,491,cart
1473,230,cart
1473,484,purchase
1473,346,purchase
1473,389,cart
1474,386,view
1474,60,view
1474,44,cart
1474,98,purchase
1474,266,cart
1474,409,cart
1474,172,purchase
1474,182,purchase
1474,205,cart
1474,321,purchase
1474,117,purchase
1475,361,cart
1475,83,view
1475,468,purchase
1475,454,purchase
1475,190,view
1475,417,cart
1475,302,cart
1475,83,cart
1475,378,purchase
1475,350,purchase
1475,216,purchase
1475,494,view
1475,291,cart
1475,324,cart
1475,161,cart
1475,345,purchase
1476,405,purchase
1476,231,view
1476,470,purchase
1476,15,view
1476,261,cart
1476,32,cart
1476,299,view
1476,471,cart
1476,77,view
1476,29,view
1476,113,view
1476,164,view
1476,432,purchase
1476,310,purchase
1476,33,view
1476,301,cart
1476,212,purchase
1476,207,view
1477,403,view
1477,23,cart
1477,189,purchase
1477,96,view
1477,30,cart
1477,267,purchase
1477,149,purchase
1477,315,cart
1477,56,purchase
1477,495,view
1477,68,cart
1477,70,cart
1477,46,purchase
1477,195,purchase
1477,485,purchase
1477,437,view
1477,210,purchase
1477,234,cart
1477,455,purchase
1478,353,purchase
1478,59,purchase
1478,242,view
1478,97,cart
1478,326,cart
1478,36,purchase
1478,20,cart
1478,245,view
1478,452,view
1478,306,purchase
1478,270,cart
1478,212,view
1478,479,view
1478,225,view
1478,163,purchase
1478,14,view
1478,433,view
1478,410,view
1478,125,cart
1479,477,view
1479,492,view
1479,371,cart
1479,309,cart
1479,386,cart
1479,182,view
1479,307,view
1479,112,purchase
1479,169,purchase
1479,446,cart
1479,419,purchase
1480,56,purchase
1480,282,cart
1480,10,cart
1480,245,cart
1480,246,purchase
1480,211,purchase
1480,117,cart
1480,277,cart
1480,401,view
1480,497,view
1480,227,purchase
1480,50,view
1480,313,purchase
1480,418,purchase
1480,290,purchase
1480,139,cart
1481,92,cart
1481,175,view
1481,495,purchase
1481,158,view
1481,299,cart
1481,445,purchase
1481,32,purchase
1481,283,purchase
1481,80,cart
1481,244,cart
1482,456,purchase
1482,370,view
1482,103,purchase
1482,54,purchase
1482,287,view
1482,210,cart
1482,265,view
1482,392,purchase
1482,26,view
1482,172,view
1482,310,purchase
1482,342,cart
1482,130,purchase
1482,215,cart
1482,147,purchase
1482,90,view
1482,199,view
1482,271,cart
1482,95,view
1482,398,cart
1483,318,view
1483,192,view
1483,191,cart
1483,338,purchase
1483,191,cart
1483,88,view
1484,100,purchase
1484,1,purchase
1484,42,cart
1484,436,view
1484,490,cart
1484,193,purchase
1484,269,view
1484,187,purchase
1484,339,cart
1484,96,purchase
1484,325,purchase
1485,391,purchase
1485,125,purchase
1485,411,purchase
1485,489,view
1485,351,purchase
1485,139,purchase
1485,234,view
1485,255,view
1485,245,view
1485,163,cart
1485,407,view
1485,440,purchase
1485,43,cart
1485,277,view
1485,181,purchase
1486,406,view
1486,173,view
1486,287,purchase
1486,75,view
1486,225,cart
1486,393,view
1487,64,cart
1487,76,view
1487,138,cart
1487,113,view
1487,394,view
1487,319,purchase
1487,185,purchase
1487,234,purchase
1487,332,purchase
1487,412,purchase
1487,144,view
1488,71,purchase
1488,205,cart
1488,493,cart
1488,233,purchase
1488,273,cart
1488,163,purchase
1488,112,purchase
1488,210,cart
1488,73,cart
1488,159,view
1488,443,view
1488,182,cart
1488,114,purchase
1488,86,view
1489,109,purchase
1489,335,view
1489,90,view
1489,232,purchase
1489,164,cart
1489,85,view
1489,283,purchase
1489,348,view
1489,425,view
1490,114,cart
1490,497,purchase
1490,332,purchase
1490,267,view
1490,430,cart
1490,465,purchase
1490,430,view
1490,63,view
1490,341,purchase
1490,422,purchase
1490,90,purchase
1490,395,view
1490,404,purchase
1490,25,view
1491,278,purchase
1491,215,view
1491,11,view
1491,266,cart
1491,469,view
1491,216,view
1491,56,cart
1492,307,purchase
1492,361,purchase
1492,268,view
1492,106,purchase
1492,330,purchase
1492,495,purchase
1492,82,view
1492,485,purchase
1492,314,view
1492,70,view
1492,419,purchase
1492,305,purchase
1492,44,view
1492,214,purchase
1493,172,purchase
1493,1,purchase
1493,154,cart
1493,490,cart
1493,220,cart
1493,235,cart
1493,407,purchase
1493,309,cart
1493,156,view
1493,431,purchase
1493,44,view
1493,22,cart
1493,409,view
1493,94,purchase
1493,178,purchase
1493,498,cart
1493,441,cart
1493,405,view
1493,152,view
1493,6,purchase
1494,373,view
1494,272,purchase
1494,309,purchase
1494,157,purchase
1494,3,cart
1494,93,cart
1494,257,view
1494,362,view
1494,157,view
1494,360,purchase
1494,326,purchase
1494,282,cart
1494,18,cart
1494,62,view
1494,220,cart
1495,131,view
1495,39,cart
1495,59,cart
1495,62,cart
1495,479,cart
1495,268,purchase
1495,317,view
1495,5,cart
1495,368,cart
1495,390,cart
1495,332,purchase
1495,272,purchase
1495,260,view
1495,273,purchase
1495,77,view
1496,251,purchase
1496,481,cart
1496,117,cart
1496,185,view
1496,351,view
1496,324,cart
1497,327,view
1497,30,cart
1497,429,view
1497,187,purchase
1497,474,purchase
1497,257,purchase
1497,226,purchase
1497,10,purchase
1498,271,view
1498,281,purchase
1498,80,purchase
1498,329,view
1498,277,view
1498,232,view
1498,147,cart
1498,77,view
1498,468,view
1498,334,view
1499,329,view
1499,233,purchase
1499,143,cart
1499,497,cart
1499,233,cart
1499,49,view
1499,438,cart
1499,147,view
1499,158,view
1499,16,view
1499,192,cart
1500,239,cart
1500,280,view
1500,49,purchase
1500,412,purchase
1500,449,view
1500,497,view
1500,399,cart
1500,278,view
1500,219,view
1500,185,purchase
1501,382,purchase
1501,125,purchase
1501,473,view
1501,106,cart
1501,35,purchase
1501,42,cart
1501,202,purchase
1501,284,purchase
1501,497,purchase
1501,425,view
1501,263,view
1501,58,purchase
1501,182,view
1501,285,purchase
1502,389,view
1502,177,cart
1502,35,view
1502,416,cart
1502,126,purchase
1502,162,purchase
1502,214,view
1502,379,view
1502,264,view
1502,360,view
1502,401,view
1502,200,purchase
1502,490,cart
1502,494,cart
1502,318,cart
1503,418,cart
1503,10,cart
1503,312,view
1503,209,view
1503,313,cart
1503,80,cart
1503,71,cart
1503,231,view
1503,211,view
1503,101,view
1503,321,cart
1503,232,purchase
1503,343,cart
1504,101,view
1504,460,cart
1504,45,view
1504,493,view
1504,420,purchase
1504,189,view
1504,226,cart
1504,15,purchase
1504,230,cart
1504,35,view
1504,134,cart
1504,161,view
1504,219,purchase
1504,336,purchase
1504,184,cart
1504,128,cart
1504,127,cart
1504,286,view
1505,120,cart
1505,379,cart
1505,385,view
1505,441,purchase
1505,304,view
1505,223,view
1505,44,purchase
1505,202,view
1505,98,cart
1505,393,view
1505,45,view
1505,126,cart
1506,138,cart
1506,189,view
1506,139,purchase
1506,324,cart
1506,439,purchase
1506,89,purchase
1506,463,view
1506,378,cart
1506,94,purchase
1506,173,view
1506,381,cart
1506,118,view
1506,227,cart
1506,336,cart
1506,42,purchase
1506,340,cart
1506,110,view
1507,457,cart
1507,85,purchase
1507,50,purchase
1507,21,purchase
1507,373,purchase
1507,192,cart
1507,461,view
1507,374,purchase
1507,486,cart
1507,35,view
1507,88,purchase
1507,124,cart
1507,328,cart
1507,159,cart
1508,53,view
1508,347,cart
1508,118,cart
1508,73,cart
1508,70,purchase
1508,314,purchase
1508,50,view
1508,291,view
1508,43,purchase
1508,9,view
1508,106,cart
1508,287,cart
1508,368,purchase
1508,262,view
1508,486,cart
1508,275,purchase
1508,182,view
1508,282,cart
1509,177,view
1509,223,view
1509,128,cart
1509,241,cart
1509,273,purchase
1509,110,cart
1509,114,cart
1510,386,cart
1510,165,purchase
1510,438,cart
1510,222,purchase
1510,293,purchase
1510,70,cart
1510,93,cart
1510,429,cart
1510,303,purchase
1510,15,view
1510,230,view
1510,196,view
1510,331,cart
1510,389,cart
1511,429,view
1511,411,view
1511,23,view
1511,96,view
1511,307,purchase
1511,33,view
1511,370,view
1511,261,purchase
1511,469,purchase
1511,499,purchase
1511,397,view
1511,387,cart
1512,169,view
1512,482,cart
1512,147,purchase
1512,171,purchase
1512,110,purchase
1513,106,view
1513,304,cart
1513,76,cart
1513,9,purchase
1513,48,cart
1513,115,view
1513,140,purchase
1513,213,cart
1513,189,view
1513,314,view
1513,210,purchase
1513,48,cart
1513,53,view
1513,441,view
1513,417,purchase
1514,466,purchase
1514,470,cart
1514,177,view
1514,1,cart
1514,82,cart
1515,124,cart
1515,148,view
1515,418,cart
1515,393,purchase
1515,445,cart
1515,129,cart
1515,356,view
1515,240,cart
1515,496,cart
1515,101,view
1515,112,view
1515,421,cart
1515,441,cart
1515,5,cart
1515,415,purchase
1515,406,purchase
1515,123,cart
1515,387,purchase
1516,189,cart
1516,1,view
1516,350,cart
1516,141,purchase
1516,429,view
1516,224,cart
1516,495,view
1516,445,cart
1516,294,view
1516,478,cart
1516,287,cart
1516,143,cart
1516,149,cart
1516,331,cart
1516,486,view
1517,119,purchase
1517,428,cart
1517,421,cart
1517,383,view
1517,480,cart
1517,367,cart
1517,391,view
1517,43,cart
1517,491,cart
1517,296,cart
1517,427,view
1517,239,cart
1517,389,view
1517,243,view
1517,456,cart
1517,144,purchase
1517,420,view
1517,334,cart
1518,30,cart
1518,282,view
1518,458,purchase
1518,355,purchase
1518,489,view
1518,354,view
1518,499,view
1518,295,cart
1518,47,view
1518,162,view
1518,165,view
1518,356,purchase
1518,293,view
1519,57,purchase
1519,492,cart
1519,160,cart
1519,476,purchase
1519,105,cart
1519,267,cart
1519,245,view
1519,345,cart
1519,244,purchase
1519,105,cart
1519,132,view
1519,289,purchase
1519,400,purchase
1519,209,view
1519,161,cart
1519,113,view
1519,391,purchase
1520,344,purchase
1520,428,cart
1520,208,purchase
1520,73,view
1520,128,view
1520,137,purchase
1520,364,purchase
1520,271,view
1520,376,cart
1520,254,view
1520,396,cart
1520,374,view
1520,2,purchase
1520,29,cart
1520,209,purchase
1520,348,cart
1520,499,purchase
1520,486,purchase
1520,422,view
1521,343,purchase
1521,80,cart
1521,403,view
1521,211,cart
1521,209,purchase
1521,434,cart
1521,13,view
1521,287,view
1522,385,purchase
1522,298,cart
1522,431,cart
1522,393,cart
1522,161,purchase
1522,156,purchase
1522,107,view
1522,86,purchase
1522,118,cart
1522,188,cart
1522,213,purchase
1522,69,cart
1522,85,cart
1522,339,cart
1522,155,cart
1522,423,cart
1522,294,cart
1522,184,purchase
1522,78,purchase
1523,3,cart
1523,448,view
1523,278,cart
1523,367,cart
1523,138,cart
1523,151,purchase
1523,415,view
1523,332,purchase
1523,470,cart
1523,260,purchase
1523,366,purchase
1524,489,purchase
1524,54,cart
1524,116,cart
1524,261,purchase
1524,397,cart
1524,439,cart
1524,16,view
1524,299,cart
1524,120,purchase
1524,293,cart
1524,375,cart
1524,5,view
1524,63,purchase
1525,286,cart
1525,105,cart
1525,11,view
1525,451,view
1525,452,cart
1526,482,purchase
1526,360,purchase
1526,188,view
1526,140,purchase
1526,310,purchase
1526,9,purchase
1526,101,view
1526,309,cart
1526,458,view
1527,203,cart
1527,130,purchase
1527,334,view
1527,406,view
1527,348,view
1527,384,purchase
1527,308,purchase
1528,172,view
1528,409,cart
1528,182,purchase
1528,41,purchase
1528,123,view
1528,341,cart
1528,498,view
1528,371,purchase
1528,148,purchase
1528,235,purchase
1529,235,view
1529,366,view
1529,455,purchase
1529,197,cart
1529,290,cart
1529,111,purchase
1529,349,cart
1529,245,cart
1529,310,view
1529,280,view
1529,231,view
1529,220,purchase
1529,328,view
1529,360,cart
1529,298,view
1529,129,view
1529,283,purchase
1530,407,view
1530,309,cart
1530,75,cart
1530,63,view
1530,364,view
1530,438,cart
1530,383,purchase
1530,306,purchase
1530,86,cart
1530,14,cart
1530,226,cart
1530,73,view
1530,276,cart
1531,376,purchase
1531,105,view
1531,457,purchase
1531,389,view
1531,125,cart
1531,313,view
1531,308,purchase
1531,79,cart
1531,476,purchase
1532,366,cart
1532,292,view
1532,450,cart
1532,444,purchase
1532,422,cart
1532,373,view
1532,483,cart
1532,139,purchase
1532,55,cart
1532,276,purchase
1532,85,cart
1532,72,purchase
1532,91,purchase
1532,423,cart
1532,87,cart
1532,71,cart
1532,454,view
1532,258,view
1533,132,purchase
1533,448,view
1533,189,purchase
1533,261,view
1533,464,view
1533,453,cart
1533,347,cart
1534,416,view
1534,332,cart
1534,45,cart
1534,47,purchase
1534,497,cart
1535,223,purchase
1535,16,view
1535,276,purchase
1535,25,view
1535,415,purchase
1535,231,view
1535,103,cart
1535,454,view
1535,208,cart
1535,211,cart
1535,179,cart
1535,469,cart
1536,255,purchase
1536,300,view
1536,24,view
1536,243,cart
1536,443,cart
1536,12,view
1536,216,view
1536,479,purchase
1537,452,cart
1537,210,purchase
1537,402,cart
1537,10,cart
1537,139,purchase
1537,334,view
1537,485,view
1537,474,view
1537,446,purchase
1537,366,purchase
1537,377,view
1538,121,view
1538,178,cart
1538,177,cart
1538,236,view
1538,169,cart
1538,16,purchase
1538,338,purchase
1538,148,view
1539,272,view
1539,218,view
1539,286,view
1539,38,purchase
1539,314,view
1539,148,view
1539,424,view
1539,39,cart
1539,445,cart
1539,251,view
1539,262,cart
1539,166,purchase
1539,20,purchase
1539,177,view
1539,311,cart
1540,313,cart
1540,201,purchase
1540,497,view
1540,300,purchase
1540,394,cart
1540,105,purchase
1540,80,cart
1541,454,cart
1541,209,purchase
1541,140,purchase
1541,297,cart
1541,176,view
1541,142,cart
1541,358,cart
1541,444,purchase
1541,9,view
1541,153,view
1541,9,view
1541,61,purchase
1541,132,cart
1541,121,purchase
1541,174,cart
1541,194,view
1541,303,cart
1541,235,view
1542,417,cart
1542,216,purchase
1542,263,view
1542,207,purchase
1542,210,view
1542,21,purchase
1542,52,purchase
1542,231,purchase
1543,82,cart
1543,453,view
1543,352,cart
1543,233,view
1543,100,cart
1544,338,view
1544,455,view
1544,444,cart
1544,290,view
1544,417,view
1544,173,view
1544,226,view
1544,158,cart
1544,262,purchase
1544,227,view
1544,490,purchase
1544,434,view
1544,392,view
1544,191,cart
1544,20,cart
1544,275,view
1544,54,view
1545,420,cart
1545,155,view
1545,462,cart
1545,138,cart
1545,499,cart
1545,327,view
1545,57,cart
1545,475,purchase
1545,287,view
1546,240,purchase
1546,471,view
1546,13,view
1546,471,cart
1546,118,view
1546,189,cart
1546,167,cart
1546,148,purchase
1546,318,cart
1547,107,view
1547,416,view
1547,69,view
1547,230,view
1547,182,purchase
1547,41,cart
1547,70,cart
1547,230,purchase
1547,445,cart
1547,161,purchase
1547,399,view
1547,359,cart
1547,369,view
1547,279,purchase
1547,189,cart
1548,52,purchase
1548,391,cart
1548,260,purchase
1548,72,cart
1548,178,purchase
1548,287,view
1548,21,cart
1548,153,view
1548,166,cart
1549,156,cart
1549,264,view
1549,10,view
1549,227,view
1549,130,cart
1550,45,cart
1550,459,cart
1550,168,purchase
1550,184,cart
1550,105,purchase
1550,365,purchase
1550,215,view
1550,134,purchase
1550,464,cart
1550,338,purchase
1550,69,view
1550,105,purchase
1550,138,cart
1551,149,view
1551,405,cart
1551,411,cart
1551,29,view
1551,451,cart
1551,72,cart
1551,451,view
1551,362,cart
1551,364,view
1551,196,purchase
1551,484,purchase
1551,339,purchase
1551,380,purchase
1551,170,purchase
1551,358,cart
1551,396,cart
1552,437,purchase
1552,412,cart
1552,78,cart
1552,67,view
1552,348,cart
1552,307,view
1553,440,view
1553,431,cart
1553,179,view
1553,70,purchase
1553,150,view
1553,218,cart
1553,18,view
1554,225,view
1554,141,purchase
1554,282,cart
1554,212,view
1554,142,purchase
1554,241,purchase
1554,256,cart
1554,58,cart
1554,260,purchase
1555,272,cart
1555,490,view
1555,47,purchase
1555,341,cart
1555,393,cart
1555,50,cart
1555,41,purchase
1555,277,cart
1555,303,cart
1555,258,cart
1555,113,cart
1555,60,cart
1555,381,cart
1555,34,purchase
1556,328,cart
1556,374,view
1556,478,view
1556,236,purchase
1556,353,view
1556,455,view
1556,412,view
1556,68,cart
1556,253,cart
1557,388,cart
1557,164,purchase
1557,144,purchase
1557,61,view
1557,104,cart
1557,4,view
1557,60,view
1557,75,purchase
1557,426,view
1557,295,view
1557,128,view
1557,73,purchase
1557,4,cart
1557,412,view
1557,43,cart
1557,100,cart
1557,68,cart
1557,321,purchase
1557,445,view
1558,175,cart
1558,431,purchase
1558,25,cart
1558,9,cart
1558,101,view
1558,270,view
1558,70,cart
1558,398,cart
1558,372,purchase
1558,494,cart
1559,455,cart
1559,333,view
1559,415,view
1559,422,cart
1559,237,purchase
1559,15,cart
1559,165,view
1559,401,view
1559,33,purchase
1559,60,purchase
1559,155,view
1559,95,cart
1559,367,purchase
1559,109,purchase
1559,268,view
1559,117,view
1559,142,view
1559,217,cart
1559,232,view
1560,268,cart
1560,102,view
1560,476,view
1560,189,purchase
1560,357,cart
1560,479,cart
1560,177,cart
1560,417,cart
1560,348,purchase
1561,110,purchase
1561,376,purchase
1561,433,purchase
1561,197,view
1561,355,purchase
1561,273,cart
1561,86,view
1561,470,view
1561,441,purchase
1561,156,purchase
1561,28,purchase
1561,326,cart
1561,154,view
1562,296,cart
1562,323,cart
1562,199,cart
1562,141,purchase
1562,473,purchase
1562,298,purchase
1562,7,cart
1562,474,cart
1562,133,view
1562,355,cart
1562,265,view
1562,223,view
1562,112,cart
1562,274,purchase
1563,429,cart
1563,116,purchase
1563,481,purchase
1563,66,purchase
1563,444,view
1563,135,purchase
1563,286,view
1563,274,purchase
1564,381,purchase
1564,439,view
1564,239,cart
1564,294,purchase
1564,289,cart
1564,248,purchase
1564,265,purchase
1564,497,view
1564,379,cart
1564,474,purchase
1564,374,view
1565,43,purchase
1565,46,view
1565,487,cart
1565,361,cart
1565,167,view
1565,281,cart
1566,135,purchase
1566,326,purchase
1566,340,cart
1566,114,cart
1566,206,view
1566,354,cart
1566,274,view
1566,102,purchase
1567,364,view
1567,16,cart
1567,325,purchase
1567,87,purchase
1567,44,purchase
1567,492,view
1567,127,view
1567,122,cart
1567,415,view
1567,220,cart
1567,69,purchase
1567,230,cart
1567,46,view
1568,216,purchase
1568,491,cart
1568,418,purchase
1568,444,cart
1568,455,view
1568,32,cart
1568,481,cart
1568,225,cart
1568,419,view
1568,363,purchase
1568,261,view
1568,326,cart
1568,220,view
1568,136,view
1568,424,purchase
1568,415,view
1568,288,purchase
1569,33,view
1569,187,purchase
1569,143,cart
1569,374,cart
1569,179,purchase
1569,33,view
1569,465,view
1569,276,cart
1569,340,purchase
1569,219,view
1569,125,view
1569,175,view
1569,158,view
1569,132,view
1569,133,view
1569,376,cart
1570,188,purchase
1570,371,cart
1570,190,purchase
1570,408,cart
1570,257,view
1570,293,purchase
1570,212,view
1570,241,view
1570,244,purchase
1570,382,purchase
1570,321,view
1570,142,view
1570,61,cart
1571,245,view
1571,277,cart
1571,490,purchase
1571,78,purchase
1571,340,purchase
1571,264,cart
1571,314,view
1571,439,cart
1571,337,view
1571,196,cart
1571,330,cart
1572,494,view
1572,10,purchase
1572,306,view
1572,37,purchase
1572,26,purchase
1572,496,view
1572,185,cart
1572,83,purchase
1572,81,cart
1572,343,purchase
1572,181,cart
1572,397,purchase
1572,84,cart
1572,216,view
1572,453,purchase
1572,236,purchase
1573,380,cart
1573,202,purchase
1573,391,view
1573,116,view
1573,136,purchase
1573,332,view
1573,477,purchase
1573,165,view
1573,75,view
1573,423,purchase
1573,359,view
1573,146,purchase
1573,142,cart
1573,201,view
1573,490,view
1573,285,view
1573,116,cart
1573,110,cart
1574,269,cart
1574,394,view
1574,134,purchase
1574,260,purchase
1574,265,view
1574,361,purchase
1574,106,purchase
1574,95,purchase
1574,339,cart
1574,289,view
1574,232,cart
1574,302,purchase
1574,6,purchase
1574,446,view
1575,231,cart
1575,183,view
1575,320,cart
1575,13,view
1575,93,cart
1575,10,view
1576,262,cart
1576,359,view
1576,100,purchase
1576,80,cart
1576,207,purchase
1576,50,cart
1576,21,purchase
1576,345,view
1576,80,cart
1576,32,view
1576,350,view
1576,360,cart
1576,353,cart
1576,238,view
1577,395,purchase
1577,357,cart
1577,456,view
1577,372,purchase
1577,70,cart
1578,337,view
1578,473,purchase
1578,283,purchase
1578,389,purchase
1578,10,view
1578,186,cart
1578,458,purchase
1578,305,view
1578,139,cart
1578,281,cart
1578,10,purchase
1578,316,view
1578,129,purchase
1578,138,purchase
1578,213,cart
1578,6,view
1579,369,view
1579,369,purchase
1579,403,view
1579,125,view
1579,320,view
1579,224,cart
1579,44,cart
1579,189,view
1579,331,view
1579,224,view
1580,384,cart
1580,413,purchase
1580,236,cart
1580,184,view
1580,200,view
1580,155,purchase
1580,326,purchase
1580,169,purchase
1580,340,view
1580,232,purchase
1580,175,purchase
1581,215,view
1581,478,cart
1581,292,view
1581,83,purchase
1581,305,cart
1581,45,view
1581,151,cart
1581,108,purchase
1581,411,view
1581,124,purchase
1581,322,view
1581,392,view
1581,500,purchase
1582,32,purchase
1582,30,purchase
1582,15,view
1582,110,cart
1582,17,view
1582,253,cart
1582,387,purchase
1582,127,cart
1582,189,purchase
1582,92,purchase
1582,349,cart
1582,323,purchase
1582,204,purchase
1582,209,view
1582,434,purchase
1583,68,view
1583,35,purchase
1583,86,purchase
1583,365,view
1583,212,view
1583,177,cart
1583,235,cart
1583,240,cart
1583,74,view
1583,138,purchase
1583,83,purchase
1583,360,purchase
1583,149,cart
1583,159,purchase
1583,125,cart
1583,272,view
1583,73,purchase
1583,98,view
1584,165,cart
1584,137,purchase
1584,476,view
1584,440,view
1584,325,purchase
1584,103,cart
1584,272,purchase
1584,148,purchase
1584,261,purchase
1584,305,cart
1584,403,cart
1584,52,purchase
1584,429,view
1584,396,cart
1584,5,purchase
1584,247,purchase
1585,144,cart
1585,336,view
1585,414,cart
1585,377,view
1585,316,view
1585,374,cart
1585,368,view
1585,134,cart
1585,366,purchase
1585,396,purchase
1585,209,cart
1585,480,cart
1585,296,cart
1585,362,view
1585,285,purchase
1585,309,view
1585,333,view
1585,173,view
1585,392,purchase
1585,149,view
1586,397,cart
1586,398,purchase
1586,312,view
1586,115,cart
1586,73,view
1586,96,cart
1586,145,purchase
1586,322,cart
1586,396,view
1586,30,cart
1587,304,purchase
1587,391,cart
1587,314,cart
1587,150,view
1587,158,cart
1587,257,cart
1587,79,view
1587,214,cart
1587,175,view
1587,471,view
1587,278,cart
1587,359,view
1587,315,purchase
1587,110,cart
1587,113,view
1587,396,view
1587,316,view
1587,177,purchase
1587,464,purchase
1588,398,purchase
1588,55,view
1588,476,view
1588,363,purchase
1588,344,cart
1588,271,view
1588,173,purchase
1588,152,cart
1588,349,view
1588,38,cart
1588,37,purchase
1588,285,cart
1588,288,view
1588,65,purchase
1589,9,view
1589,75,cart
1589,324,cart
1589,125,cart
1589,207,cart
1589,430,purchase
1589,463,cart
1589,465,cart
1589,464,purchase
1589,127,purchase
1589,374,purchase
1589,281,cart
1589,226,purchase
1589,91,cart
1589,483,view
1589,140,cart
1589,1,cart
1589,356,cart
1590,255,cart
1590,393,cart
1590,311,purchase
1590,268,cart
1590,273,cart
1590,242,view
1590,494,cart
1590,257,view
1590,159,view
1590,122,purchase
1590,156,purchase
1590,118,view
1590,416,purchase
1590,391,purchase
1591,352,cart
1591,398,purchase
1591,425,purchase
1591,433,purchase
1591,137,purchase
1591,438,purchase
1591,271,view
1591,445,view
1591,120,cart
1591,216,view
1592,102,cart
1592,312,purchase
1592,284,cart
1592,463,cart
1592,202,cart
1592,438,purchase
1592,96,purchase
1592,296,cart
1592,27,cart
1592,344,purchase
1592,331,view
1592,430,purchase
1592,378,view
1593,224,purchase
1593,168,cart
1593,94,cart
1593,225,view
1593,252,purchase
1593,392,view
1593,416,cart
1593,329,purchase
1594,174,view
1594,213,view
1594,240,purchase
1594,436,purchase
1594,325,purchase
1594,424,view
1595,202,view
1595,92,cart
1595,25,cart
1595,183,view
1595,335,purchase
1595,426,purchase
1595,38,cart
1595,288,purchase
1595,423,view
1595,304,view
1595,321,cart
1595,261,view
1595,355,purchase
1595,38,view
1596,254,purchase
1596,385,purchase
1596,453,purchase
1596,35,view
1596,49,view
1596,287,view
1596,227,cart
1596,46,purchase
1596,371,purchase
1597,145,purchase
1597,33,cart
1597,300,view
1597,432,view
1597,382,view
1597,406,purchase
1597,290,cart
1597,379,cart
1598,158,view
1598,111,view
1598,448,view
1598,244,view
1598,13,cart
1598,234,cart
1598,64,purchase
1598,144,cart
1598,243,purchase
1598,448,view
1599,217,purchase
1599,448,cart
1599,472,view
1599,90,purchase
1599,91,view
1599,20,view
1599,393,purchase
1599,91,view
1599,285,view
1599,207,cart
1599,178,view
1599,262,cart
1599,398,cart
1599,211,cart
1599,496,view
1599,102,view
1599,168,view
1599,95,cart
1599,424,purchase
1600,202,purchase
1600,473,cart
1600,367,cart
1600,242,view
1600,71,view
1601,437,view
1601,50,cart
1601,145,purchase
1601,152,cart
1601,494,purchase
1601,95,purchase
1601,324,view
1601,432,cart
1601,354,cart
1601,471,view
1601,432,view
1601,324,view
1601,305,purchase
1601,462,purchase
1601,67,purchase
1601,248,purchase
1601,440,purchase
1601,469,cart
1601,487,purchase
1601,279,purchase
1602,456,purchase
1602,245,cart
1602,356,cart
1602,114,purchase
1602,180,purchase
1602,139,view
1602,328,cart
1602,181,cart
1602,391,view
1602,181,cart
1602,212,view
1602,149,cart
1602,477,purchase
1603,456,cart
1603,460,cart
1603,230,purchase
1603,202,purchase
1603,148,purchase
1604,476,cart
1604,487,cart
1604,81,view
1604,113,cart
1604,176,view
1604,441,cart
1604,288,purchase
1604,6,purchase
1604,307,cart
1604,230,purchase
1604,249,purchase
1604,336,purchase
1604,301,cart
1604,137,purchase
1604,156,cart
1605,321,purchase
1605,307,cart
1605,419,purchase
1605,345,cart
1605,77,purchase
1605,429,cart
1605,120,view
1605,33,cart
1605,93,view
1605,214,view
1605,292,cart
1605,436,view
1605,242,purchase
1605,325,view
1605,51,purchase
1605,225,cart
1606,173,view
1606,396,view
1606,330,purchase
1606,114,purchase
1606,249,purchase
1606,134,purchase
1606,301,cart
1606,95,cart
1606,184,purchase
1606,153,cart
1606,296,view
1606,120,purchase
1606,489,purchase
1606,60,purchase
1606,95,view
1606,425,view
1606,84,view
1607,384,view
1607,301,view
1607,449,view
1607,306,cart
1607,482,view
1607,124,purchase
1607,456,view
1607,194,view
1607,419,purchase
1607,345,view
1607,382,cart
1607,110,view
1607,323,view
1607,299,view
1607,354,cart
1607,370,view
1607,81,view
1608,238,view
1608,269,cart
1608,76,view
1608,2,view
1608,375,view
1608,153,cart
1608,116,view
1608,372,cart
1608,492,view
1608,132,cart
1608,343,cart
1608,402,purchase
1608,161,purchase
1608,249,view
1608,335,cart
1608,403,purchase
1608,90,purchase
1609,269,view
1609,349,cart
1609,412,view
1609,487,cart
1609,152,cart
1609,451,cart
1609,29,cart
1609,459,purchase
1609,84,purchase
1610,7,purchase
1610,83,purchase
1610,488,view
1610,321,view
1610,305,purchase
1610,357,cart
1610,121,purchase
1610,471,cart
1610,489,cart
1610,190,cart
1611,37,purchase
1611,495,purchase
1611,294,cart
1611,156,view
1611,445,cart
1611,200,cart
1611,110,view
1611,320,cart
1611,106,cart
1611,90,view
1611,239,cart
1611,261,cart
1611,271,view
1611,162,view
1611,103,purchase
1611,138,purchase
1612,317,view
1612,368,view
1612,434,view
1612,411,cart
1612,145,cart
1612,57,cart
1612,341,cart
1612,171,view
1612,498,view
1612,104,view
1612,387,view
1612,200,cart
1612,229,cart
1612,292,view
1612,228,cart
1612,143,view
1612,104,view
1613,175,cart
1613,140,view
1613,289,cart
1613,43,purchase
1613,150,view
1613,195,purchase
1613,393,view
1613,202,view
1613,278,cart
1613,303,purchase
1613,416,purchase
1613,453,cart
1613,242,purchase
1613,468,view
1613,222,cart
1614,306,cart
1614,203,view
1614,337,view
1614,73,purchase
1614,485,view
1614,269,cart
1615,12,purchase
1615,499,cart
1615,401,purchase
1615,301,purchase
1615,340,purchase
1615,355,view
1615,164,cart
1615,450,cart
1616,494,view
1616,185,purchase
1616,113,purchase
1616,146,purchase
1616,329,view
1616,173,purchase
1616,291,purchase
1616,270,purchase
1616,188,purchase
1616,50,cart
1616,374,purchase
1616,140,cart
1616,11,view
1616,479,view
1616,103,cart
1616,217,purchase
1616,413,purchase
1617,75,cart
1617,274,view
1617,11,purchase
1617,207,purchase
1617,407,purchase
1617,235,view
1617,380,purchase
1617,315,cart
1617,317,cart
1617,444,purchase
1617,338,purchase
1617,296,cart
1617,403,cart
1617,70,view
1617,237,purchase
1618,477,purchase
1618,304,cart
1618,196,purchase
1618,390,cart
1618,373,purchase
1618,75,view
1618,37,view
1618,203,view
1618,369,purchase
1618,260,purchase
1618,390,cart
1618,227,cart
1618,63,view
1619,375,cart
1619,108,view
1619,428,purchase
1619,374,cart
1619,335,view
1619,74,cart
1619,396,purchase
1619,116,view
1619,106,purchase
1619,45,purchase
1619,337,cart
1619,176,view
1620,51,cart
1620,108,view
1620,498,cart
1620,75,view
1620,187,purchase
1621,87,view
1621,30,cart
1621,189,purchase
1621,191,purchase
1621,153,cart
1621,143,view
1621,400,cart
1622,357,view
1622,88,view
1622,273,view
1622,118,purchase
1622,279,view
1622,16,view
1622,455,cart
1622,186,cart
1622,225,purchase
1622,264,cart
1622,239,purchase
1622,219,purchase
1622,270,purchase
1622,209,view
1622,84,cart
1622,91,cart
1623,309,view
1623,348,cart
1623,196,purchase
1623,15,view
1623,49,view
1623,238,view
1623,180,view
1623,193,purchase
1623,213,purchase
1623,162,purchase
1624,141,purchase
1624,352,view
1624,257,view
1624,32,purchase
1624,68,purchase
1624,147,purchase
1624,181,view
1624,228,purchase
1624,47,view
1624,81,view
1624,405,view
1624,409,cart
1624,26,purchase
1624,374,cart
1624,436,cart
1624,464,purchase
1624,148,view
1624,126,cart
1624,486,purchase
1625,251,purchase
1625,316,purchase
1625,247,cart
1625,48,purchase
1625,226,cart
1625,167,purchase
1625,333,purchase
1625,288,cart
1625,38,cart
1625,22,view
1625,471,cart
1626,286,view
1626,267,purchase
1626,153,purchase
1626,111,cart
1626,203,purchase
1626,94,cart
1626,310,purchase
1626,72,view
1626,347,cart
1626,336,purchase
1626,294,view
1626,332,cart
1626,107,purchase
1626,121,view
1626,495,purchase
1626,105,purchase
1626,366,cart
1626,188,purchase
1626,377,purchase
1626,275,cart
1627,268,cart
1627,325,cart
1627,271,view
1627,70,purchase
1627,65,view
1627,220,view
1628,24,view
1628,378,cart
1628,328,purchase
1628,351,cart
1628,322,cart
1628,207,view
1628,177,purchase
1628,460,cart
1629,413,cart
1629,435,purchase
1629,375,cart
1629,481,cart
1629,253,view
1629,470,purchase
1629,428,purchase
1629,489,purchase
1629,69,view
1629,426,purchase
1629,4,view
1629,356,cart
1629,473,purchase
1630,274,view
1630,389,cart
1630,121,purchase
1630,253,purchase
1630,200,cart
1630,366,cart
1630,165,cart
1630,27,view
1630,279,purchase
1630,256,purchase
1630,500,cart
1630,93,cart
1630,299,purchase
1630,171,cart
1630,310,view
1630,106,purchase
1630,276,purchase
1630,440,cart
1630,35,view
1631,129,view
1631,335,purchase
1631,139,view
1631,148,view
1631,270,view
1631,97,purchase
1631,86,purchase
1631,357,view
1631,348,purchase
1631,149,purchase
1632,198,view
1632,440,view
1632,385,view
1632,49,view
1632,211,purchase
1633,110,cart
1633,344,cart
1633,155,view
1633,57,cart
1633,6,purchase
1633,266,view
1633,229,view
1633,462,view
1633,233,view
1633,126,purchase
1633,31,view
1633,459,cart
1633,454,purchase
1633,12,cart
1633,37,view
1633,245,cart
1633,205,cart
1633,500,cart
1633,379,cart
1634,356,cart
1634,255,cart
1634,375,cart
1634,250,purchase
1634,72,cart
1634,220,cart
1634,181,view
1634,428,view
1635,60,cart
1635,366,purchase
1635,400,purchase
1635,473,purchase
1635,53,cart
1635,309,view
1636,320,cart
1636,445,cart
1636,219,view
1636,8,cart
1636,301,cart
1636,64,cart
1637,171,cart
1637,404,purchase
1637,441,view
1637,286,view
1637,439,purchase
1637,25,purchase
1637,398,purchase
1637,101,cart
1638,432,purchase
1638,220,view
1638,89,view
1638,386,purchase
1638,182,view
1638,248,cart
1638,108,view
1638,348,purchase
1638,490,cart
1638,492,cart
1639,465,cart
1639,341,purchase
1639,63,purchase
1639,116,cart
1639,481,purchase
1639,323,view
1640,273,purchase
1640,171,purchase
1640,282,cart
1640,498,cart
1640,142,purchase
1640,214,cart
1640,252,purchase
1641,218,cart
1641,387,purchase
1641,364,view
1641,265,cart
1641,40,view
1641,128,view
1641,367,cart
1641,202,view
1641,495,view
1641,51,purchase
1641,372,cart
1641,166,cart
1641,4,cart
1641,244,view
1641,270,view
1641,214,view
1642,98,purchase
1642,400,purchase
1642,325,view
1642,65,view
1642,206,view
1643,359,purchase
1643,318,purchase
1643,188,purchase
1643,48,purchase
1643,393,purchase
1643,248,cart
1644,457,purchase
1644,399,cart
1644,115,cart
1644,39,view
1644,389,view
1645,406,view
1645,185,view
1645,416,view
1645,306,view
1645,173,purchase
1645,450,view
1645,261,view
1645,123,view
1645,33,purchase
1645,63,cart
1645,12,view
1645,150,purchase
1645,233,view
1645,78,view
1645,94,view
1646,5,view
1646,334,view
1646,205,purchase
1646,139,cart
1646,237,purchase
1646,321,cart
1646,297,purchase
1646,493,view
1646,190,view
1646,189,purchase
1646,423,view
1646,25,cart
1646,168,cart
1646,289,cart
1646,358,purchase
1646,376,view
1647,158,cart
1647,360,view
1647,408,purchase
1647,437,cart
1647,410,view
1647,109,view
1647,254,purchase
1647,274,view
1647,251,view
1647,383,view
1647,437,cart
1647,362,cart
1647,146,purchase
1647,198,purchase
1647,118,view
1647,268,view
1647,147,cart
1647,283,view
1647,234,cart
1647,262,cart
1648,156,cart
1648,84,cart
1648,364,cart
1648,437,view
1648,83,purchase
1648,299,purchase
1649,492,cart
1649,93,view
1649,258,purchase
1649,61,view
1649,308,cart
1649,324,purchase
1649,115,purchase
1649,6,cart
1649,149,purchase
1649,140,cart
1649,225,view
1649,362,purchase
1649,372,view
1650,211,view
1650,276,purchase
1650,223,purchase
1650,421,view
1650,291,cart
1650,363,view
1650,104,cart
1650,183,view
1650,147,view
1650,111,cart
1650,449,purchase
1650,142,view
1650,180,view
1650,245,purchase
1650,388,view
1650,380,view
1650,484,view
1650,141,view
1650,190,purchase
1651,259,view
1651,146,cart
1651,57,purchase
1651,432,purchase
1651,129,purchase
1652,436,view
1652,63,view
1652,397,cart
1652,490,cart
1652,135,purchase
1652,122,purchase
1652,388,view
1652,228,cart
1652,110,cart
1652,137,purchase
1652,493,view
1652,22,purchase
1652,295,view
1653,16,view
1653,244,cart
1653,297,purchase
1653,102,cart
1653,116,cart
1653,138,purchase
1653,70,cart
1654,398,view
1654,293,cart
1654,427,cart
1654,370,cart
1654,122,cart
1654,452,purchase
1654,443,view
1655,2,cart
1655,13,view
1655,60,purchase
1655,36,purchase
1655,485,cart
1655,341,cart
1655,176,purchase
1655,210,view
1655,222,view
1655,349,view
1655,108,view
1655,363,view
1656,192,cart
1656,100,cart
1656,468,view
1656,384,cart
1656,349,view
1656,164,purchase
1656,320,cart
1656,458,purchase
1656,261,purchase
1656,490,purchase
1656,321,view
1656,174,view
1656,138,purchase
1656,116,cart
1656,35,view
1656,33,purchase
1657,470,view
1657,162,purchase
1657,426,purchase
1657,168,view
1657,467,purchase
1657,239,cart
1658,237,view
1658,162,purchase
1658,335,purchase
1658,280,purchase
1658,235,view
1658,497,purchase
1658,345,cart
1658,450,cart
1658,370,cart
1658,282,cart
1658,366,view
1658,299,view
1658,439,view
1658,134,view
1658,295,view
1658,490,cart
1658,218,purchase
1658,396,view
1659,98,cart
1659,159,cart
1659,241,cart
1659,255,purchase
1659,145,purchase
1659,32,cart
1659,285,cart
1659,393,purchase
1659,43,purchase
1659,421,cart
1659,328,cart
1659,157,purchase
1659,279,cart
1659,155,cart
1659,115,view
1659,325,view
1659,174,purchase
1659,351,cart
1659,252,view
1660,76,view
1660,46,view
1660,399,cart
1660,148,purchase
1660,220,view
1660,197,view
1660,482,cart
1660,155,purchase
1660,469,view
1661,88,view
1661,129,view
1661,278,cart
1661,105,view
1661,345,cart
1661,315,cart
1661,377,view
1661,260,cart
1661,187,cart
1661,149,view
1661,56,view
1661,257,view
1661,307,purchase
1661,379,view
1661,377,purchase
1662,22,cart
1662,147,cart
1662,312,purchase
1662,377,purchase
1662,438,purchase
1662,148,purchase
1662,250,purchase
1662,36,cart
1662,471,purchase
1662,152,purchase
1662,360,view
1662,85,purchase
1662,314,view
1663,352,view
1663,111,cart
1663,221,cart
1663,330,purchase
1663,315,purchase
1663,71,view
1663,406,purchase
1663,218,purchase
1663,366,cart
1663,53,view
1663,491,cart
1663,226,purchase
1663,465,view
1663,242,view
1663,170,purchase
1663,415,view
1663,364,cart
1664,124,cart
1664,465,cart
1664,286,purchase
1664,27,cart
1664,404,view
1664,449,cart
1664,258,cart
1664,389,cart
1664,362,purchase
1664,305,cart
1664,156,view
1664,454,view
1664,84,purchase
1664,426,purchase
1664,455,purchase
1664,245,view
1665,224,cart
1665,251,view
1665,232,purchase
1665,74,purchase
1665,387,purchase
1665,396,view
1665,134,cart
1665,334,view
1665,140,cart
1665,19,view
1666,480,purchase
1666,278,view
1666,259,cart
1666,211,cart
1666,154,cart
1666,273,purchase
1666,353,purchase
1666,255,purchase
1666,290,purchase
1666,28,view
1666,117,cart
1666,179,cart
1666,204,view
1667,155,view
1667,353,view
1667,228,purchase
1667,346,view
1667,90,purchase
1667,76,cart
1667,195,view
1667,23,cart
1667,489,purchase
1667,436,purchase
1667,62,view
1667,294,cart
1667,6,cart
1667,490,purchase
1667,352,purchase
1667,176,view
1668,64,purchase
1668,309,cart
1668,262,purchase
1668,449,view
1668,429,view
1669,123,cart
1669,350,view
1669,320,view
1669,129,cart
1669,232,purchase
1669,65,purchase
1669,73,cart
1669,318,cart
1669,409,view
1669,246,view
1670,390,cart
1670,13,view
1670,325,purchase
1670,82,view
1670,44,view
1670,353,purchase
1671,447,cart
1671,302,cart
1671,291,view
1671,89,purchase
1671,388,view
1672,160,view
1672,268,view
1672,92,view
1672,253,view
1672,107,view
1672,50,cart
1672,8,cart
1672,258,cart
1672,146,cart
1672,313,purchase
1672,481,view
1672,18,purchase
1672,429,view
1673,368,view
1673,395,cart
1673,122,purchase
1673,175,purchase
1673,5,purchase
1673,344,view
1673,195,purchase
1673,22,cart
1673,223,cart
1673,148,view
1673,124,view
1673,310,purchase
1673,58,view
1674,339,purchase
1674,280,view
1674,95,cart
1674,43,purchase
1674,143,view
1674,329,view
1674,174,purchase
1674,213,purchase
1675,285,view
1675,109,cart
1675,219,view
1675,333,cart
1675,193,purchase
1675,186,view
1675,156,purchase
1675,184,purchase
1675,448,cart
1675,471,cart
1675,480,purchase
1675,156,view
1676,322,cart
1676,186,cart
1676,319,cart
1676,143,view
1676,295,view
1676,330,view
1676,219,cart
1676,460,purchase
1676,277,view
1676,335,view
1676,35,view
1676,206,purchase
1676,426,purchase
1676,137,cart
1676,408,purchase
1677,256,cart
1677,249,cart
1677,113,cart
1677,77,purchase
1677,76,view
1677,311,cart
1677,282,cart
1677,460,view
1677,435,purchase
1677,186,view
1677,471,view
1677,81,view
1677,429,view
1677,159,view
1677,420,view
1677,126,view
1678,61,purchase
1678,276,purchase
1678,118,cart
1678,448,purchase
1678,108,view
1679,392,view
1679,393,purchase
1679,44,purchase
1679,422,cart
1679,123,cart
1679,497,view
1679,88,view
1679,61,cart
1680,454,purchase
1680,236,cart
1680,277,cart
1680,370,purchase
1680,317,cart
1680,159,cart
1680,495,cart
1681,393,purchase
1681,63,purchase
1681,160,view
1681,369,view
1681,391,view
1681,245,purchase
1681,368,view
1681,251,purchase
1681,385,purchase
1681,85,purchase
1681,291,purchase
1681,342,cart
1681,401,cart
1681,321,purchase
1682,40,cart
1682,231,cart
1682,38,purchase
1682,380,cart
1682,345,purchase
1682,457,purchase
1682,485,cart
1682,45,purchase
1682,403,view
1682,48,cart
1682,129,view
1682,379,view
1683,500,cart
1683,255,cart
1683,301,cart
1683,192,purchase
1683,477,view
1683,231,purchase
1683,182,purchase
1683,227,view
1683,426,view
1683,327,purchase
1683,282,purchase
1683,24,purchase
1684,470,cart
1684,298,purchase
1684,307,view
1684,77,view
1684,112,view
1685,392,cart
1685,400,view
1685,212,view
1685,334,view
1685,185,cart
1685,116,cart
1685,446,view
1685,248,view
1685,35,view
1685,239,purchase
1685,463,view
1685,188,view
1685,492,cart
1685,142,view
1685,233,purchase
1686,312,purchase
1686,17,purchase
1686,230,purchase
1686,257,view
1686,158,cart
1686,454,cart
1686,341,purchase
1686,462,purchase
1686,73,cart
1686,380,purchase
1686,46,purchase
1686,219,view
1686,52,cart
1686,272,purchase
1686,253,purchase
1686,136,cart
1686,451,cart
1686,308,view
1687,73,view
1687,64,view
1687,222,cart
1687,98,view
1687,36,purchase
1687,135,cart
1687,105,cart
1687,399,cart
1687,348,purchase
1687,141,purchase
1687,404,cart
1687,274,purchase
1687,119,purchase
1687,271,cart
1687,363,purchase
1688,14,purchase
1688,245,cart
1688,81,view
1688,52,purchase
1688,190,cart
1688,27,cart
1688,408,view
1688,211,view
1688,483,purchase
1688,435,view
1688,469,purchase
1688,28,purchase
1688,154,purchase
1688,472,purchase
1688,281,cart
1688,28,cart
1688,392,view
1689,96,purchase
1689,408,cart
1689,446,purchase
1689,270,cart
1689,111,cart
1689,66,cart
1689,434,cart
1689,41,view
1689,167,purchase
1689,68,cart
1689,335,view
1689,30,purchase
1690,72,cart
1690,242,view
1690,440,view
1690,363,purchase
1690,162,view
1690,79,view
1691,28,purchase
1691,181,purchase
1691,118,purchase
1691,354,view
1691,29,view
1692,290,cart
1692,217,view
1692,113,view
1692,192,cart
1692,500,purchase
1692,164,cart
1692,230,cart
1692,349,cart
1692,252,view
1692,351,cart
1692,59,cart
1692,151,purchase
1692,208,purchase
1692,388,view
1692,185,purchase
1692,344,purchase
1692,84,cart
1692,331,purchase
1692,76,view
1692,20,view
1693,84,purchase
1693,329,purchase
1693,471,view
1693,235,cart
1693,322,purchase
1693,178,view
1693,381,view
1693,62,cart
1693,331,cart
1693,118,cart
1693,260,cart
1693,443,purchase
1694,486,view
1694,5,view
1694,269,cart
1694,175,purchase
1694,326,cart
1694,277,view
1694,102,cart
1694,399,cart
1694,273,cart
1694,469,cart
1694,194,purchase
1694,473,view
1694,244,cart
1694,383,purchase
1694,474,cart
1694,203,view
1695,83,view
1695,482,cart
1695,365,view
1695,320,purchase
1695,419,cart
1695,479,purchase
1695,269,cart
1695,346,view
1695,19,view
1695,222,purchase
1695,437,cart
1695,364,view
1695,248,cart
1695,316,view
1696,336,purchase
1696,439,view
1696,245,view
1696,347,view
1696,10,cart
1696,289,view
1696,197,view
1696,492,view
1696,323,cart
1696,366,cart
1696,421,view
1697,432,view
1697,104,purchase
1697,168,cart
1697,30,purchase
1697,341,purchase
1697,351,purchase
1698,302,view
1698,20,view
1698,232,purchase
1698,221,purchase
1698,454,cart
1698,432,purchase
1698,180,purchase
1698,407,cart
1699,54,cart
1699,278,cart
1699,23,purchase
1699,425,purchase
1699,448,purchase
1699,157,view
1699,449,cart
1699,293,cart
1699,121,cart
1699,79,view
1699,91,purchase
1699,368,cart
1699,250,purchase
1699,39,view
1699,272,purchase
1699,482,cart
1699,59,view
1699,481,purchase
1699,221,cart
1699,490,purchase
1700,274,cart
1700,77,purchase
1700,447,view
1700,494,cart
1700,338,view
1700,36,cart
1700,227,cart
1700,274,view
1700,284,view
1700,65,cart
1700,184,purchase
1700,392,purchase
1700,352,cart
1700,363,purchase
1700,179,purchase
1700,324,view
1700,53,view
1700,134,cart
1701,429,view
1701,15,purchase
1701,96,cart
1701,435,cart
1701,57,purchase
1701,392,view
1701,477,view
1701,85,view
1701,376,cart
1701,348,purchase
1701,117,purchase
1702,6,view
1702,176,purchase
1702,110,view
1702,322,cart
1702,218,purchase
1702,148,purchase
1702,176,purchase
1703,133,cart
1703,81,view
1703,94,purchase
1703,367,cart
1703,28,cart
1703,478,cart
1703,91,purchase
1703,392,purchase
1703,209,view
1704,385,view
1704,485,purchase
1704,424,view
1704,183,cart
1704,437,purchase
1704,187,cart
1704,404,cart
1704,347,purchase
1704,305,purchase
1704,439,view
1704,411,purchase
1704,132,view
1704,101,cart
1705,107,view
1705,438,purchase
1705,257,cart
1705,328,view
1705,332,cart
1705,260,view
1705,210,purchase
1706,53,purchase
1706,316,cart
1706,277,purchase
1706,325,view
1706,42,purchase
1706,217,view
1706,60,purchase
1706,411,cart
1707,93,cart
1707,196,purchase
1707,490,view
1707,394,purchase
1707,8,purchase
1707,14,purchase
1707,66,purchase
1707,333,view
1707,66,view
1707,401,view
1707,175,cart
1707,474,cart
1707,271,purchase
1707,313,purchase
1707,488,view
1707,68,cart
1707,438,view
1707,12,purchase
1708,268,view
1708,494,view
1708,437,purchase
1708,264,view
1708,352,purchase
1708,372,view
1708,156,view
1708,33,cart
1708,154,view
1708,229,cart
1708,224,view
1709,50,cart
1709,4,cart
1709,17,purchase
1709,342,view
1709,376,purchase
1709,351,purchase
1709,176,purchase
1709,65,purchase
1709,85,purchase
1709,209,cart
1709,331,purchase
1709,350,view
1709,132,view
1709,80,purchase
1709,387,purchase
1710,167,view
1710,310,view
1710,431,purchase
1710,56,view
1710,407,purchase
1710,305,view
1710,27,cart
1710,131,cart
1710,446,view
1711,52,purchase
1711,207,view
1711,467,purchase
1711,333,purchase
1711,183,purchase
1711,236,purchase
1711,442,view
1711,256,purchase
1711,96,cart
1711,213,cart
1711,488,purchase
1711,262,purchase
1711,475,view
1711,393,view
1712,424,view
1712,61,view
1712,194,purchase
1712,149,cart
1712,345,view
1712,3,view
1712,438,view
1712,272,cart
1712,47,purchase
1712,259,view
1712,385,cart
1712,278,view
1712,387,cart
1713,5,view
1713,205,view
1713,481,purchase
1713,127,view
1713,403,purchase
1713,359,purchase
1713,213,view
1713,480,purchase
1713,34,cart
1713,240,view
1713,398,view
1713,360,purchase
1713,78,view
1713,490,cart
1713,445,view
1713,298,purchase
1714,275,cart
1714,42,cart
1714,421,cart
1714,272,cart
1714,266,cart
1714,190,purchase
1714,255,cart
1714,105,view
1714,194,cart
1714,196,cart
1714,12,purchase
1714,488,cart
1714,85,view
1714,94,cart
1714,147,purchase
1714,331,cart
1714,489,view
1714,303,purchase
1714,457,cart
1715,116,view
1715,50,cart
1715,325,view
1715,110,view
1715,303,purchase
1715,167,view
1715,348,view
1715,373,view
1715,406,cart
1715,316,purchase
1716,285,view
1716,74,purchase
1716,58,cart
1716,397,cart
1716,483,view
1716,387,purchase
1716,154,purchase
1716,272,view
1716,372,cart
1716,468,view
1716,279,view
1716,304,view
1716,110,view
1716,396,cart
1716,318,purchase
1716,147,purchase
1716,210,view
1716,487,cart
1716,374,purchase
1717,418,view
1717,346,purchase
1717,304,cart
1717,469,purchase
1717,333,cart
1717,258,purchase
1717,209,cart
1717,408,purchase
1717,328,cart
1717,494,purchase
1717,306,cart
1718,27,purchase
1718,134,cart
1718,120,cart
1718,60,cart
1718,457,view
1718,185,purchase
1718,101,view
1719,273,cart
1719,50,purchase
1719,173,cart
1719,37,purchase
1719,254,cart
1719,338,cart
1719,219,view
1719,446,cart
1719,118,purchase
1719,83,purchase
1719,303,cart
1719,109,view
1720,490,view
1720,403,cart
1720,102,cart
1720,309,view
1720,43,cart
1720,270,cart
1720,346,view
1720,345,cart
1720,401,cart
1720,320,view
1720,52,cart
1720,486,purchase
1720,424,purchase
1720,472,cart
1720,131,purchase
1720,463,purchase
1720,361,purchase
1720,411,cart
1720,484,cart
1720,208,view
1721,2,cart
1721,490,purchase
1721,121,cart
1721,209,purchase
1721,62,view
1721,153,view
1721,26,purchase
1721,62,cart
1721,336,purchase
1721,483,cart
1721,420,view
1721,499,purchase
1721,127,cart
1721,265,purchase
1722,411,cart
1722,492,cart
1722,245,cart
1722,290,purchase
1722,279,cart
1722,395,purchase
1722,63,view
1722,61,view
1722,70,purchase
1722,421,purchase
1722,187,view
1722,436,cart
1722,101,view
1722,330,view
1722,210,view
1722,186,view
1722,204,purchase
1722,451,view
1722,35,purchase
1722,5,view
1723,50,cart
1723,215,view
1723,208,view
1723,444,view
1723,469,purchase
1724,335,view
1724,187,cart
1724,477,cart
1724,261,view
1724,474,view
1724,301,purchase
1724,166,purchase
1724,6,cart
1724,210,view
1724,457,purchase
1724,136,purchase
1724,221,cart
1724,137,view
1724,141,purchase
1724,351,cart
1725,199,view
1725,216,purchase
1725,104,purchase
1725,346,purchase
1725,60,view
1725,229,cart
1725,294,view
1725,47,view
1725,332,view
1725,493,purchase
1725,387,purchase
1725,450,cart
1725,454,view
1725,391,cart
1725,63,cart
1725,478,view
1725,158,purchase
1726,332,purchase
1726,477,view
1726,234,cart
1726,200,purchase
1726,385,view
1726,20,view
1726,339,view
1727,322,cart
1727,319,purchase
1727,299,view
1727,417,view
1727,268,purchase
1727,153,cart
1728,37,purchase
1728,370,purchase
1728,387,cart
1728,177,view
1728,403,cart
1729,160,cart
1729,107,purchase
1729,254,view
1729,68,view
1729,286,cart
1730,182,cart
1730,59,purchase
1730,292,view
1730,447,cart
1730,10,view
1730,260,cart
1730,254,purchase
1730,140,view
1730,208,cart
1730,327,view
1730,439,view
1730,210,cart
1730,84,cart
1730,476,view
1730,26,purchase
1731,290,purchase
1731,287,cart
1731,298,purchase
1731,111,purchase
1731,406,view
1731,112,purchase
1731,270,cart
1731,419,view
1731,305,view
1731,344,purchase
1731,395,view
1731,308,view
1732,339,view
1732,82,cart
1732,207,cart
1732,139,cart
1732,130,purchase
1732,352,view
1732,71,cart
1732,344,view
1732,117,cart
1732,309,purchase
1732,101,cart
1732,185,purchase
1732,106,cart
1732,323,view
1733,325,cart
1733,184,view
1733,407,view
1733,240,cart
1733,52,cart
1733,132,cart
1733,312,purchase
1734,292,cart
1734,358,view
1734,442,cart
1734,56,view
1734,169,view
1734,99,view
1734,439,cart
1734,75,cart
1734,265,purchase
1734,471,view
1734,107,view
1735,349,view
1735,62,purchase
1735,216,cart
1735,239,view
1735,87,purchase
1736,68,purchase
1736,221,purchase
1736,499,purchase
1736,38,view
1736,474,cart
1736,273,purchase
1736,363,cart
1736,78,purchase
1736,154,purchase
1736,218,purchase
1736,386,purchase
1736,409,view
1736,354,purchase
1736,362,view
1736,76,cart
1736,204,cart
1736,409,cart
1736,253,cart
1736,465,view
1737,181,purchase
1737,73,purchase
1737,265,cart
1737,498,purchase
1737,146,view
1737,205,view
1738,13,purchase
1738,184,view
1738,435,cart
1738,233,cart
1738,369,purchase
1738,431,purchase
1738,78,purchase
1738,367,purchase
1739,138,cart
1739,405,purchase
1739,413,view
1739,309,view
1739,253,purchase
1739,295,view
1739,375,cart
1739,473,purchase
1739,364,cart
1739,382,cart
1740,59,cart
1740,316,cart
1740,300,cart
1740,254,cart
1740,69,purchase
1741,5,purchase
1741,137,view
1741,482,view
1741,500,view
1741,72,view
1741,418,view
1741,499,cart
1741,204,cart
1741,61,cart
1741,326,view
1741,205,cart
1741,382,cart
1741,413,purchase
1741,472,purchase
1741,31,view
1741,55,cart
1742,244,view
1742,269,purchase
1742,392,view
1742,408,purchase
1742,152,cart
1742,47,cart
1742,46,view
1742,34,cart
1742,4,view
1742,359,view
1742,414,purchase
1742,166,cart
1742,395,view
1742,182,view
1743,408,purchase
1743,274,cart
1743,10,cart
1743,420,view
1743,110,view
1743,295,view
1743,195,cart
1743,135,purchase
1744,46,cart
1744,170,cart
1744,132,view
1744,230,cart
1744,368,cart
1744,490,cart
1744,299,purchase
1744,227,cart
1744,294,cart
1744,311,view
1745,329,cart
1745,442,cart
1745,247,cart
1745,297,view
1745,8,view
1745,455,view
1745,423,view
1745,40,view
1745,334,view
1745,186,cart
1745,44,purchase
1745,41,cart
1745,499,cart
1745,304,view
1745,119,view
1745,169,purchase
1746,381,view
1746,286,cart
1746,478,view
1746,226,view
1746,107,cart
1746,120,view
1746,115,purchase
1746,204,view
1746,455,view
1746,487,view
1746,365,purchase
1746,113,purchase
1746,152,purchase
1746,437,cart
1746,24,cart
1746,148,cart
1746,372,view
1746,449,view
1747,264,view
1747,364,view
1747,43,cart
1747,406,view
1747,372,purchase
1747,40,purchase
1747,56,cart
1747,298,view
1747,6,view
1747,358,view
1747,412,cart
1747,33,view
1747,28,view
1747,8,cart
1747,280,view
1747,448,view
1747,379,cart
1748,492,cart
1748,316,view
1748,52,cart
1748,196,purchase
1748,69,view
1748,415,cart
1749,378,cart
1749,121,cart
1749,257,purchase
1749,491,cart
1749,459,purchase
1749,60,cart
1749,47,cart
1749,46,view
1749,59,purchase
1749,180,view
1749,193,view
1749,175,cart
1749,420,cart
1749,69,view
1749,10,cart
1749,271,cart
1750,271,cart
1750,335,purchase
1750,155,cart
1750,69,cart
1750,500,cart
1750,219,view
1750,136,view
1750,342,view
1751,310,cart
1751,408,view
1751,60,cart
1751,439,view
1751,251,purchase
1751,449,cart
1751,258,view
1752,414,cart
1752,25,cart
1752,157,view
1752,173,cart
1752,435,view
1752,67,cart
1752,115,view
1752,500,cart
1752,138,purchase
1752,123,view
1752,133,view
1752,88,purchase
1752,111,view
1753,419,purchase
1753,322,cart
1753,229,purchase
1753,194,purchase
1753,256,purchase
1753,210,purchase
1753,96,view
1753,484,view
1753,361,cart
1753,260,purchase
1753,470,purchase
1754,345,cart
1754,104,cart
1754,405,cart
1754,60,view
1754,331,view
1754,231,purchase
1754,186,cart
1754,136,cart
1754,94,purchase
1754,180,purchase
1754,294,view
1754,452,purchase
1754,362,purchase
1754,474,purchase
1754,192,cart
1754,408,view
1754,427,cart
1754,41,cart
1754,85,cart
1754,381,purchase
1755,312,purchase
1755,327,view
1755,455,purchase
1755,137,purchase
1755,265,view
1755,490,cart
1755,315,purchase
1755,93,view
1755,333,cart
1755,476,view
1755,70,view
1755,149,view
1755,35,purchase
1756,156,cart
1756,490,cart
1756,10,view
1756,200,cart
1756,171,cart
1756,202,purchase
1756,448,view
1757,241,cart
1757,6,cart
1757,98,purchase
1757,295,cart
1757,347,cart
1757,252,cart
1757,442,view
1757,483,purchase
1757,472,purchase
1757,291,cart
1757,130,cart
1757,320,purchase
1757,239,view
1757,208,cart
1757,352,cart
1757,112,purchase
1757,99,cart
1757,44,view
1757,60,purchase
1757,184,view
1758,11,purchase
1758,393,view
1758,166,purchase
1758,156,cart
1758,416,view
1758,302,purchase
1758,183,cart
1758,282,purchase
1758,109,purchase
1758,100,view
1758,336,cart
1758,422,purchase
1758,301,view
1758,416,purchase
1758,224,cart
1758,351,cart
1758,95,purchase
1758,50,view
1758,176,view
1758,403,view
1759,23,purchase
1759,414,purchase
1759,427,cart
1759,455,purchase
1759,40,view
1759,267,purchase
1759,56,purchase
1759,276,purchase
1759,131,view
1759,309,view
1759,359,view
1759,92,view
1759,328,cart
1759,131,view
1759,216,view
1759,147,cart
1759,212,view
1759,208,cart
1759,350,view
1759,256,view
1760,55,purchase
1760,381,purchase
1760,349,cart
1760,142,view
1760,178,cart
1760,109,view
1760,460,view
1760,45,cart
1761,434,cart
1761,335,view
1761,218,cart
1761,133,cart
1761,451,purchase
1761,497,view
1761,486,purchase
1761,36,cart
1761,236,purchase
1761,314,view
1761,281,view
1761,146,view
1761,173,view
1761,3,cart
1761,439,purchase
1761,262,cart
1761,224,cart
1761,163,purchase
1762,445,cart
1762,147,view
1762,124,view
1762,375,view
1762,145,view
1762,365,purchase
1762,323,cart
1762,216,view
1763,388,view
1763,479,purchase
1763,383,view
1763,440,purchase
1763,302,view
1763,219,cart
1763,28,purchase
1764,176,purchase
1764,267,purchase
1764,123,purchase
1764,198,view
1764,46,purchase
1764,291,view
1765,169,purchase
1765,55,view
1765,409,cart
1765,179,cart
1765,482,purchase
1765,139,cart
1765,201,purchase
1765,318,view
1765,8,purchase
1765,2,purchase
1765,275,view
1765,12,purchase
1765,385,view
1765,469,purchase
1765,349,view
1765,468,cart
1765,440,cart
1765,343,purchase
1765,74,view
1766,336,purchase
1766,289,view
1766,430,cart
1766,71,cart
1766,186,view
1766,180,view
1766,143,cart
1766,107,cart
1766,145,cart
1766,277,view
1766,464,purchase
1766,122,cart
1767,78,cart
1767,408,purchase
1767,155,purchase
1767,4,cart
1767,326,purchase
1767,318,purchase
1767,473,cart
1767,36,cart
1767,308,purchase
1767,273,cart
1767,18,purchase
1767,335,cart
1767,433,cart
1767,154,view
1767,241,view
1767,484,purchase
1767,378,cart
1767,392,view
1767,439,view
1767,419,cart
1768,135,view
1768,151,view
1768,357,purchase
1768,384,view
1768,354,view
1768,298,cart
1768,482,purchase
1768,96,purchase
1768,484,view
1768,190,purchase
1768,322,view
1768,372,cart
1769,117,purchase
1769,477,cart
1769,184,purchase
1769,200,view
1769,125,purchase
1769,432,cart
1769,305,cart
1769,246,cart
1769,6,view
1769,412,view
1769,82,view
1769,126,view
1769,26,view
1769,491,cart
1769,16,view
1769,366,view
1769,201,view
1770,287,purchase
1770,78,purchase
1770,493,view
1770,499,purchase
1770,204,purchase
1770,422,purchase
1770,337,purchase
1770,383,purchase
1770,153,view
1770,477,view
1771,280,view
1771,317,cart
1771,224,view
1771,293,purchase
1771,414,purchase
1772,18,view
1772,309,purchase
1772,254,purchase
1772,328,cart
1772,1,purchase
1773,336,purchase
1773,60,cart
1773,160,cart
1773,145,purchase
1773,246,view
1773,414,purchase
1773,317,purchase
1773,366,view
1773,350,cart
1773,98,view
1773,56,cart
1773,247,purchase
1773,312,view
1773,209,view
1773,98,purchase
1773,477,view
1773,72,cart
1773,70,view
1773,485,cart
1774,349,cart
1774,259,purchase
1774,154,view
1774,473,cart
1774,237,purchase
1774,126,purchase
1774,271,view
1775,10,view
1775,27,view
1775,415,purchase
1775,293,purchase
1775,209,purchase
1775,440,cart
1775,328,view
1775,29,cart
1775,346,cart
1775,161,purchase
1775,243,view
1775,325,cart
1775,429,cart
1775,157,view
1775,495,cart
1775,400,purchase
1776,355,purchase
1776,300,view
1776,251,view
1776,495,purchase
1776,211,purchase
1776,352,purchase
1776,271,cart
1776,30,view
1776,153,cart
1776,100,purchase
1776,328,purchase
1776,212,view
1776,499,cart
1776,469,cart
1776,81,purchase
1777,408,purchase
1777,3,purchase
1777,447,cart
1777,123,cart
1777,14,view
1777,295,view
1777,270,cart
1777,448,view
1778,434,view
1778,343,cart
1778,239,cart
1778,268,view
1778,53,purchase
1778,296,view
1778,227,cart
1778,363,purchase
1778,215,cart
1778,366,view
1778,270,cart
1778,298,view
1778,449,cart
1778,123,purchase
1778,397,purchase
1778,84,view
1779,434,cart
1779,333,cart
1779,424,cart
1779,2,view
1779,364,view
1779,110,view
1779,499,cart
1779,91,view
1779,391,cart
1779,460,cart
1779,162,view
1779,283,cart
1779,273,cart
1779,58,cart
1779,33,cart
1779,298,cart
1779,34,view
1779,415,cart
1779,255,cart
1780,198,cart
1780,246,purchase
1780,301,purchase
1780,246,view
1780,12,cart
1780,37,cart
1780,388,view
1780,187,view
1780,206,view
1780,387,cart
1780,50,cart
1780,2,cart
1780,384,view
1780,319,view
1780,492,purchase
1780,298,cart
1780,140,cart
1780,495,cart
1781,130,purchase
1781,88,purchase
1781,492,cart
1781,400,cart
1781,129,purchase
1781,104,purchase
1781,163,cart
1781,69,view
1781,305,view
1781,494,purchase
1781,115,cart
1781,215,purchase
1781,70,cart
1781,117,cart
1781,378,cart
1781,482,purchase
1781,118,purchase
1781,261,cart
1782,289,view
1782,488,cart
1782,29,purchase
1782,125,purchase
1782,153,view
1782,119,view
1782,32,purchase
1782,250,cart
1782,228,purchase
1782,468,cart
1782,14,purchase
1782,396,cart
1783,220,cart
1783,323,cart
1783,282,view
1783,450,purchase
1783,52,view
1784,435,cart
1784,268,view
1784,132,view
1784,428,view
1784,85,purchase
1784,316,cart
1784,321,purchase
1784,331,view
1784,33,view
1784,295,cart
1784,383,view
1784,327,purchase
1784,86,cart
1784,467,view
1785,238,cart
1785,228,view
1785,355,cart
1785,470,view
1785,447,view
1785,10,view
1786,481,view
1786,24,cart
1786,118,cart
1786,279,purchase
1786,11,cart
1786,293,view
1786,216,purchase
1786,384,view
1786,119,cart
1786,262,view
1786,143,cart
1786,9,view
1786,161,view
1786,242,view
1786,307,cart
1786,137,cart
1786,210,purchase
1786,266,view
1786,340,view
1786,117,cart
1787,6,purchase
1787,406,cart
1787,121,view
1787,244,purchase
1787,417,cart
1787,169,cart
1787,29,cart
1787,227,purchase
1787,27,purchase
1787,467,view
1787,438,purchase
1787,278,purchase
1787,446,purchase
1787,235,cart
1787,23,cart
1787,220,cart
1788,104,cart
1788,494,purchase
1788,140,view
1788,405,cart
1788,208,cart
1788,333,view
1788,282,cart
1788,123,cart
1788,313,cart
1788,193,purchase
1788,470,view
1788,460,view
1788,329,purchase
1789,151,purchase
1789,170,purchase
1789,307,cart
1789,355,purchase
1789,381,purchase
1789,149,view
1789,221,view
1789,24,purchase
1789,109,view
1789,224,view
1789,148,view
1789,20,purchase
1790,468,purchase
1790,437,view
1790,217,purchase
1790,340,cart
1790,24,view
1790,173,view
1790,194,cart
1790,165,cart
1790,109,purchase
1790,171,purchase
1790,359,view
1790,42,view
1791,192,view
1791,261,purchase
1791,80,purchase
1791,302,purchase
1791,498,purchase
1791,139,view
1791,175,view
1791,95,view
1791,169,cart
1791,277,view
1791,52,cart
1791,42,cart
1791,324,purchase
1792,477,purchase
1792,140,purchase
1792,111,cart
1792,427,view
1792,100,view
1792,61,view
1792,6,purchase
1792,236,cart
1792,124,cart
1792,416,purchase
1792,202,cart
1792,175,cart
1792,89,purchase
1792,291,view
1792,168,view
1792,8,purchase
1792,396,view
1792,374,cart
1792,351,purchase
1793,123,view
1793,283,view
1793,38,purchase
1793,211,view
1793,42,purchase
1793,236,view
1793,208,view
1793,263,view
1793,54,view
1793,440,cart
1793,103,cart
1793,141,purchase
1793,300,purchase
1793,68,view
1793,113,view
1793,278,cart
1793,5,purchase
1793,94,cart
1793,429,view
1793,16,purchase
1794,184,cart
1794,491,purchase
1794,472,cart
1794,447,cart
1794,184,view
1794,451,purchase
1794,66,purchase
1794,310,cart
1794,253,view
1794,61,view
1794,299,view
1794,99,cart
1794,69,purchase
1794,88,purchase
1795,343,view
1795,438,cart
1795,447,cart
1795,165,purchase
1795,286,cart
1795,283,purchase
1795,119,cart
1796,183,view
1796,290,purchase
1796,468,cart
1796,11,cart
1796,82,purchase
1796,395,purchase
1796,345,purchase
1796,310,cart
1796,457,purchase
1796,65,view
1796,489,view
1796,312,purchase
1796,143,purchase
1796,314,purchase
1796,482,cart
1796,488,cart
1797,272,cart
1797,296,cart
1797,198,purchase
1797,61,purchase
1797,60,view
1797,188,cart
1797,11,view
1797,445,view
1798,497,view
1798,73,purchase
1798,6,view
1798,40,purchase
1798,478,view
1798,148,cart
1798,58,view
1798,68,purchase
1798,439,cart
1798,135,view
1798,390,view
1798,364,view
1798,378,cart
1798,78,cart
1798,157,purchase
1798,424,cart
1798,81,view
1798,20,cart
1798,245,cart
1798,273,view
1799,446,cart
1799,91,purchase
1799,191,view
1799,158,purchase
1799,433,purchase
1799,383,cart
1799,458,cart
1799,463,view
1799,181,cart
1800,267,purchase
1800,235,view
1800,56,view
1800,443,view
1800,491,cart
1800,314,cart
1800,30,cart
1801,233,view
1801,24,view
1801,140,cart
1801,240,view
1801,447,purchase
1801,357,purchase
1801,131,purchase
1801,153,view
1801,67,cart
1801,422,view
1801,321,purchase
1801,92,view
1801,483,view
1801,139,purchase
1801,443,view
1801,309,purchase
1802,205,view
1802,386,purchase
1802,359,cart
1802,491,view
1802,393,purchase
1802,269,purchase
1803,10,purchase
1803,10,purchase
1803,276,purchase
1803,342,purchase
1803,484,view
1803,217,cart
1803,309,view
1804,248,view
1804,435,purchase
1804,305,cart
1804,94,view
1804,182,cart
1804,487,purchase
1804,146,purchase
1804,295,view
1804,211,purchase
1804,171,purchase
1804,117,cart
1804,100,purchase
1804,58,cart
1804,385,purchase
1804,363,view
1804,141,purchase
1804,388,purchase
1804,56,purchase
1805,240,purchase
1805,364,cart
1805,183,cart
1805,454,purchase
1805,442,purchase
1805,30,purchase
1805,27,purchase
1805,184,cart
1805,250,view
1805,257,view
1805,292,purchase
1805,100,purchase
1806,126,view
1806,387,view
1806,424,cart
1806,415,view
1806,328,purchase
1806,181,view
1806,474,purchase
1806,160,purchase
1806,332,purchase
1806,361,view
1806,430,purchase
1806,15,purchase
1806,231,cart
1806,338,cart
1806,339,purchase
1807,120,cart
1807,265,purchase
1807,449,view
1807,51,purchase
1807,54,view
1807,384,cart
1807,170,view
1807,378,view
1807,30,view
1807,319,cart
1807,71,purchase
1807,136,purchase
1807,462,view
1808,473,view
1808,490,view
1808,189,purchase
1808,147,cart
1808,476,cart
1809,68,purchase
1809,371,cart
1809,350,cart
1809,288,view
1809,456,purchase
1809,263,view
1809,110,purchase
1809,101,purchase
1809,436,cart
1809,43,purchase
1809,472,purchase
1809,217,view
1809,339,view
1809,478,cart
1809,409,view
1809,442,view
1809,124,purchase
1809,112,cart
1809,474,cart
1810,444,view
1810,148,view
1810,168,view
1810,249,view
1810,22,purchase
1810,387,view
1811,323,purchase
1811,450,view
1811,68,cart
1811,322,view
1811,257,view
1811,376,cart
1811,362,purchase
1811,255,view
1811,340,view
1812,464,view
1812,259,view
1812,421,cart
1812,144,purchase
1812,419,purchase
1813,416,cart
1813,158,cart
1813,16,purchase
1813,426,cart
1813,238,view
1813,480,view
1813,311,view
1813,30,view
1813,299,view
1813,297,view
1813,402,purchase
1813,471,view
1813,326,purchase
1813,56,cart
1813,454,cart
1813,399,view
1813,117,view
1814,129,cart
1814,333,purchase
1814,146,view
1814,160,view
1814,411,cart
1814,7,purchase
1814,7,cart
1814,96,cart
1814,395,purchase
1814,374,cart
1814,240,purchase
1814,472,purchase
1814,441,cart
1814,42,purchase
1815,357,purchase
1815,207,view
1815,4,view
1815,142,purchase
1815,293,view
1815,168,purchase
1815,335,cart
1816,69,purchase
1816,384,view
1816,129,view
1816,23,purchase
1816,57,view
1816,75,purchase
1816,403,view
1816,417,view
1816,468,view
1816,107,view
1816,358,view
1816,210,purchase
1816,193,cart
1816,332,purchase
1816,446,purchase
1816,59,purchase
1816,12,purchase
1817,240,cart
1817,482,view
1817,309,view
1817,305,view
1817,336,cart
1817,383,purchase
1817,344,cart
1818,99,cart
1818,334,cart
1818,363,view
1818,108,view
1818,161,cart
1818,151,cart
1818,29,view
1818,104,view
1818,324,purchase
1818,66,purchase
1818,480,view
1818,146,purchase
1818,71,cart
1818,49,cart
1818,225,view
1819,426,view
1819,36,purchase
1819,419,view
1819,381,cart
1819,396,purchase
1819,307,view
1819,179,purchase
1819,247,cart
1820,423,view
1820,395,purchase
1820,94,view
1820,227,view
1820,466,cart
1820,432,cart
1820,100,cart
1820,456,view
1820,139,cart
1820,172,view
1820,321,purchase
1821,168,purchase
1821,286,purchase
1821,201,cart
1821,423,purchase
1821,107,cart
1821,70,cart
1822,127,view
1822,267,cart
1822,144,view
1822,473,cart
1822,439,purchase
1822,376,purchase
1822,108,view
1822,12,cart
1823,131,purchase
1823,281,cart
1823,226,view
1823,135,purchase
1823,437,purchase
1823,50,purchase
1823,296,purchase
1823,482,view
1823,283,purchase
1824,126,purchase
1824,127,purchase
1824,174,view
1824,294,cart
1824,294,view
1824,145,view
1824,332,purchase
1824,175,cart
1825,491,view
1825,279,purchase
1825,26,view
1825,447,view
1825,229,view
1825,59,cart
1825,392,cart
1825,440,cart
1825,303,view
1825,230,cart
1825,196,purchase
1825,65,cart
1825,187,view
1825,203,cart
1825,424,view
1825,44,view
1825,300,cart
1825,171,view
1825,411,view
1826,54,cart
1826,221,purchase
1826,83,cart
1826,440,purchase
1826,182,view
1826,384,purchase
1826,77,purchase
1826,117,cart
1826,288,purchase
1827,210,view
1827,35,purchase
1827,277,view
1827,78,view
1827,348,view
1827,45,cart
1827,333,cart
1827,218,cart
1827,397,cart
1827,317,view
1827,261,cart
1827,209,cart
1827,147,purchase
1827,79,view
1827,280,purchase
1827,295,purchase
1828,463,purchase
1828,275,cart
1828,416,view
1828,311,purchase
1828,380,view
1828,189,purchase
1828,330,view
1828,81,purchase
1828,330,view
1828,297,view
1828,196,purchase
1828,408,cart
1829,156,purchase
1829,366,purchase
1829,248,view
1829,40,view
1829,91,cart
1829,278,purchase
1829,181,view
1829,406,purchase
1829,77,purchase
1829,459,purchase
1829,295,purchase
1829,221,purchase
1829,2,purchase
1829,430,purchase
1829,377,purchase
1829,131,view
1830,145,purchase
1830,416,view
1830,51,cart
1830,65,purchase
1830,2,purchase
1830,364,purchase
1830,86,view
1830,413,cart
1830,245,cart
1830,245,view
1830,223,cart
1830,414,cart
1830,459,cart
1830,215,view
1831,335,purchase
1831,81,purchase
1831,287,purchase
1831,304,cart
1831,428,cart
1831,491,purchase
1831,62,cart
1831,28,view
1831,111,purchase
1831,200,view
1831,53,cart
1831,93,view
1831,119,cart
1831,264,purchase
1831,107,cart
1831,487,view
1832,79,cart
1832,224,view
1832,475,view
1832,256,view
1832,247,view
1832,158,cart
1832,495,view
1832,12,purchase
1832,465,purchase
1832,225,cart
1832,348,cart
1832,296,purchase
1832,206,view
1832,367,cart
1832,38,purchase
1832,390,view
1833,455,view
1833,446,purchase
1833,178,view
1833,244,cart
1833,371,cart
1833,499,cart
1833,469,cart
1833,269,view
1833,316,purchase
1833,133,cart
1833,93,purchase
1833,14,cart
1834,368,cart
1834,41,purchase
1834,82,view
1834,308,purchase
1834,115,cart
1834,362,purchase
1834,36,cart
1834,112,view
1834,80,purchase
1834,438,cart
1834,226,view
1834,307,view
1834,337,cart
1834,294,purchase
1835,72,view
1835,144,cart
1835,80,purchase
1835,485,view
1835,100,view
1835,319,view
1835,177,view
1835,344,purchase
1835,187,view
1835,105,purchase
1835,49,cart
1835,187,purchase
1835,167,cart
1835,223,view
1835,23,purchase
1835,286,purchase
1835,73,view
1835,89,view
1835,488,purchase
1835,488,purchase
1836,422,cart
1836,89,cart
1836,439,view
1836,340,view
1836,186,purchase
1836,124,purchase
1836,199,cart
1836,21,purchase
1836,439,view
1836,499,view
1836,393,view
1836,213,cart
1836,492,cart
1836,441,purchase
1836,208,cart
1836,445,purchase
1836,221,purchase
1837,292,purchase
1837,147,view
1837,303,view
1837,245,cart
1837,168,cart
1837,481,cart
1837,435,cart
1837,412,view
1837,333,purchase
1838,331,cart
1838,61,purchase
1838,453,purchase
1838,387,view
1838,140,cart
1838,198,cart
1838,303,purchase
1839,369,cart
1839,262,cart
1839,248,view
1839,91,view
1839,304,cart
1840,351,cart
1840,217,view
1840,131,cart
1840,174,cart
1840,468,view
1840,137,cart
1840,459,view
1840,337,purchase
1840,229,view
1840,454,view
1840,300,purchase
1840,14,purchase
1840,297,cart
1840,217,view
1840,451,purchase
1840,110,view
1841,231,purchase
1841,244,purchase
1841,373,view
1841,213,cart
1841,214,view
1841,426,view
1841,178,view
1841,442,cart
1841,294,purchase
1842,495,purchase
1842,459,cart
1842,426,purchase
1842,96,cart
1842,468,purchase
1842,60,purchase
1842,335,purchase
1842,431,purchase
1842,311,view
1842,164,cart
1842,147,cart
1842,483,purchase
1842,377,purchase
1842,353,purchase
1842,77,cart
1842,414,cart
1842,198,cart
1843,392,cart
1843,378,view
1843,391,cart
1843,378,purchase
1843,144,cart
1843,207,view
1843,250,view
1843,373,cart
1843,68,cart
1843,498,cart
1843,347,purchase
1844,79,cart
1844,157,purchase
1844,175,purchase
1844,173,purchase
1844,408,view
1844,472,cart
1844,31,view
1844,469,cart
1844,389,purchase
1844,109,cart
1844,73,view
1844,79,view
1845,474,cart
1845,204,view
1845,68,cart
1845,252,cart
1845,425,view
1846,428,cart
1846,332,view
1846,432,cart
1846,4,purchase
1846,57,view
1846,377,purchase
1847,225,purchase
1847,241,cart
1847,386,cart
1847,289,cart
1847,417,purchase
1847,356,cart
1847,381,purchase
1847,246,cart
1847,319,cart
1847,317,view
1847,24,cart
1847,159,view
1847,112,cart
1847,275,view
1847,321,purchase
1847,130,cart
1847,146,purchase
1847,365,cart
1847,355,view
1847,310,cart
1848,387,view
1848,279,cart
1848,134,cart
1848,27,cart
1848,123,view
1848,404,cart
1849,90,view
1849,417,purchase
1849,189,purchase
1849,25,view
1849,46,cart
1849,446,purchase
1849,67,cart
1849,348,purchase
1849,345,view
1849,241,cart
1849,119,cart
1849,288,cart
1849,155,cart
1849,74,view
1849,320,cart
1849,243,purchase
1850,112,cart
1850,99,view
1850,402,cart
1850,102,purchase
1850,79,cart
1850,272,view
1850,89,purchase
1851,496,view
1851,190,view
1851,282,cart
1851,187,view
1851,281,purchase
1851,128,purchase
1852,127,cart
1852,78,cart
1852,259,purchase
1852,394,purchase
1852,407,purchase
1852,18,cart
1852,314,cart
1853,169,cart
1853,118,cart
1853,210,purchase
1853,196,purchase
1853,57,cart
1853,101,purchase
1853,369,cart
1853,360,view
1854,54,view
1854,172,view
1854,359,view
1854,492,cart
1854,48,purchase
1855,244,view
1855,478,purchase
1855,283,view
1855,298,view
1855,359,view
1855,203,cart
1855,193,cart
1855,268,cart
1855,262,cart
1855,60,purchase
1855,59,purchase
1855,380,cart
1855,423,purchase
1855,217,cart
1855,265,purchase
1855,200,view
1856,41,purchase
1856,192,cart
1856,490,view
1856,45,purchase
1856,186,view
1856,195,cart
1856,341,cart
1856,163,cart
1856,185,view
1856,65,cart
1856,144,purchase
1856,125,purchase
1856,461,cart
1856,342,cart
1856,14,purchase
1856,486,purchase
1857,180,cart
1857,372,view
1857,24,view
1857,22,view
1857,229,purchase
1857,41,cart
1857,407,cart
1857,477,purchase
1857,360,purchase
1857,148,purchase
1857,16,view
1857,176,view
1857,116,cart
1857,118,purchase
1857,143,view
1857,275,view
1858,327,cart
1858,444,purchase
1858,345,cart
1858,489,cart
1858,295,purchase
1858,324,cart
1858,282,view
1858,269,purchase
1858,255,view
1858,395,cart
1858,139,purchase
1858,488,purchase
1858,149,purchase
1858,101,view
1858,253,view
1859,436,cart
1859,470,cart
1859,462,view
1859,341,cart
1859,378,purchase
1859,92,purchase
1859,105,purchase
1859,334,purchase
1859,108,view
1859,350,cart
1859,22,cart
1859,84,cart
1859,264,cart
1859,407,view
1859,402,purchase
1859,411,cart
1859,387,cart
1859,49,purchase
1859,153,purchase
1860,220,cart
1860,28,view
1860,54,purchase
1860,194,purchase
1860,36,view
1860,242,view
1860,124,view
1860,69,purchase
1860,183,cart
1860,253,purchase
1860,281,purchase
1860,144,view
1860,468,purchase
1860,392,cart
1860,233,purchase
1860,46,view
1860,408,purchase
1860,170,purchase
1861,406,purchase
1861,237,view
1861,477,cart
1861,181,view
1861,244,purchase
1861,216,view
1861,324,view
1862,60,view
1862,181,cart
1862,407,purchase
1862,440,view
1862,466,view
1862,241,cart
1862,135,cart
1862,458,cart
1862,54,purchase
1863,438,purchase
1863,470,cart
1863,194,cart
1863,438,purchase
1863,202,purchase
1863,339,cart
1863,115,cart
1863,367,view
1863,460,purchase
1863,45,purchase
1863,314,cart
1863,454,cart
1863,149,cart
1863,173,cart
1863,315,purchase
1863,299,view
1864,84,view
1864,475,view
1864,48,purchase
1864,35,cart
1864,271,cart
1864,406,view
1864,51,cart
1864,434,view
1864,216,purchase
1864,116,view
1864,388,cart
1864,107,cart
1864,274,cart
1864,284,cart
1864,157,purchase
1865,407,purchase
1865,464,purchase
1865,24,view
1865,335,purchase
1865,415,cart
1865,408,view
1865,261,purchase
1865,17,cart
1866,471,cart
1866,335,purchase
1866,358,purchase
1866,385,view
1866,335,cart
1866,488,purchase
1866,471,cart
1866,74,purchase
1866,397,view
1866,493,cart
1866,123,view
1866,203,cart
1867,261,purchase
1867,460,purchase
1867,279,view
1867,393,view
1867,364,cart
1867,351,view
1867,437,purchase
1867,140,cart
1867,70,purchase
1867,317,purchase
1867,57,purchase
1867,312,cart
1867,58,cart
1868,274,view
1868,359,purchase
1868,473,view
1868,22,purchase
1868,180,view
1868,135,cart
1868,118,cart
1868,104,view
1868,415,purchase
1868,262,cart
1868,248,view
1868,495,purchase
1868,143,purchase
1868,344,purchase
1868,1,purchase
1869,364,purchase
1869,462,view
1869,95,cart
1869,340,view
1869,321,purchase
1869,275,view
1869,112,cart
1869,351,cart
1869,401,cart
1869,182,view
1869,476,purchase
1869,165,cart
1870,24,purchase
1870,72,view
1870,376,cart
1870,55,purchase
1870,175,cart
1870,283,view
1870,173,view
1870,322,purchase
1870,147,purchase
1870,114,purchase
1870,287,cart
1870,282,view
1870,19,purchase
1870,402,cart
1870,475,cart
1871,395,cart
1871,205,cart
1871,284,view
1871,66,view
1871,278,purchase
1871,273,view
1871,276,cart
1871,62,cart
1871,135,view
1871,425,purchase
1871,78,purchase
1871,160,purchase
1871,265,cart
1871,488,cart
1871,97,cart
1871,254,view
1871,418,purchase
1872,142,purchase
1872,306,view
1872,500,cart
1872,165,view
1872,189,cart
1872,474,view
1872,316,cart
1872,441,view
1872,128,purchase
1872,456,cart
1872,398,view
1872,112,view
1873,158,purchase
1873,294,cart
1873,229,view
1873,454,purchase
1873,16,view
1873,403,purchase
1873,434,view
1874,308,cart
1874,79,purchase
1874,154,view
1874,315,view
1874,193,view
1874,450,purchase
1874,62,cart
1875,6,purchase
1875,245,cart
1875,258,view
1875,155,view
1875,33,cart
1876,497,purchase
1876,110,cart
1876,435,cart
1876,6,purchase
1876,366,cart
1876,420,purchase
1876,301,view
1876,42,purchase
1876,382,purchase
1877,381,purchase
1877,419,cart
1877,237,view
1877,402,purchase
1877,468,purchase
1877,396,cart
1877,422,view
1877,91,view
1877,333,purchase
1877,397,purchase
1877,42,cart
1877,293,cart
1877,86,cart
1877,211,view
1877,165,purchase
1877,461,view
1877,466,view
1877,219,view
1877,352,view
1877,449,purchase
1878,196,purchase
1878,25,purchase
1878,267,cart
1878,321,cart
1878,56,purchase
1878,444,view
1878,226,view
1878,210,view
1878,452,purchase
1878,121,view
1878,174,view
1878,329,cart
1878,113,view
1878,27,cart
1878,384,view
1878,219,purchase
1878,197,purchase
1878,65,view
1878,108,purchase
1878,419,purchase
1879,395,purchase
1879,494,cart
1879,63,view
1879,427,purchase
1879,83,view
1879,435,cart
1880,127,view
1880,36,purchase
1880,499,view
1880,54,cart
1880,67,purchase
1880,38,cart
1880,252,view
1880,267,view
1880,207,purchase
1880,148,view
1880,151,purchase
1880,331,purchase
1880,101,cart
1880,129,purchase
1880,89,view
1880,393,cart
1880,52,purchase
1880,298,purchase
1880,20,cart
1881,231,cart
1881,269,purchase
1881,434,view
1881,428,cart
1881,47,view
1881,302,cart
1881,194,view
1881,238,purchase
1881,312,view
1881,473,cart
1882,411,cart
1882,337,cart
1882,155,cart
1882,104,purchase
1882,169,purchase
1882,415,purchase
1882,253,purchase
1882,52,cart
1882,472,cart
1882,449,view
1882,234,view
1882,70,purchase
1882,210,purchase
1882,245,purchase
1882,329,cart
1882,171,purchase
1882,480,purchase
1882,235,cart
1883,18,purchase
1883,156,purchase
1883,404,view
1883,43,purchase
1883,146,purchase
1883,302,cart
1883,236,purchase
1883,236,purchase
1883,454,cart
1883,417,view
1883,325,view
1883,206,cart
1883,182,cart
1883,54,view
1883,74,purchase
1883,236,purchase
1884,20,cart
1884,31,purchase
1884,438,cart
1884,477,purchase
1884,161,purchase
1884,108,cart
1884,216,view
1884,391,view
1884,378,view
1884,169,purchase
1884,386,cart
1884,20,purchase
1884,410,purchase
1884,244,cart
1884,264,purchase
1884,326,purchase
1884,103,cart
1884,312,view
1884,391,purchase
1885,181,cart
1885,244,view
1885,117,purchase
1885,170,purchase
1885,429,purchase
1886,70,purchase
1886,7,purchase
1886,262,view
1886,382,purchase
1886,324,purchase
1886,261,purchase
1886,302,cart
1886,327,purchase
1886,361,view
1886,461,purchase
1886,252,view
1886,211,purchase
1886,473,view
1886,185,view
1887,214,purchase
1887,310,purchase
1887,247,view
1887,55,view
1887,221,cart
1888,201,cart
1888,145,purchase
1888,310,view
1888,40,cart
1888,194,view
1888,492,purchase
1888,27,view
1888,4,cart
1888,333,view
1889,449,view
1889,179,view
1889,299,purchase
1889,307,view
1889,198,purchase
1889,169,purchase
1889,118,cart
1889,294,purchase
1889,322,purchase
1890,347,cart
1890,491,purchase
1890,487,view
1890,79,view
1890,214,cart
1890,5,view
1890,185,cart
1890,118,cart
1890,109,view
1890,82,view
1890,435,view
1890,440,cart
1890,162,view
1891,380,view
1891,1,purchase
1891,75,cart
1891,344,cart
1891,384,purchase
1891,202,cart
1891,433,cart
1891,257,purchase
1891,134,purchase
1891,1,view
1891,401,cart
1891,234,purchase
1891,463,purchase
1891,30,cart
1891,74,purchase
1891,365,view
1892,60,cart
1892,377,view
1892,398,purchase
1892,44,purchase
1892,136,purchase
1892,52,purchase
1892,444,cart
1892,243,cart
1892,372,view
1892,323,purchase
1892,271,cart
1892,102,view
1892,17,purchase
1892,219,purchase
1892,218,view
1893,96,view
1893,323,view
1893,456,view
1893,450,cart
1893,489,purchase
1893,478,purchase
1893,366,view
1893,126,view
1893,136,view
1893,486,cart
1893,385,purchase
1893,8,view
1893,139,cart
1893,352,purchase
1893,339,cart
1894,432,cart
1894,201,view
1894,135,cart
1894,288,purchase
1894,406,purchase
1894,329,purchase
1894,278,cart
1894,317,cart
1894,404,cart
1894,394,view
1894,109,cart
1894,223,cart
1894,473,purchase
1894,374,view
1894,272,cart
1894,8,purchase
1895,129,view
1895,81,purchase
1895,340,cart
1895,339,purchase
1895,483,purchase
1896,303,view
1896,95,view
1896,477,view
1896,201,view
1896,237,purchase
1896,278,purchase
1897,22,view
1897,16,purchase
1897,477,cart
1897,57,cart
1897,284,purchase
1897,398,purchase
1897,145,view
1897,55,view
1897,158,cart
1897,260,view
1897,251,view
1897,361,cart
1897,37,cart
1898,306,purchase
1898,401,cart
1898,399,view
1898,175,purchase
1898,304,purchase
1899,239,cart
1899,47,purchase
1899,177,purchase
1899,333,view
1899,29,cart
1899,373,cart
1899,384,cart
1899,472,purchase
1899,120,cart
1899,487,view
1899,110,purchase
1899,85,purchase
1899,115,view
1900,293,purchase
1900,213,view
1900,398,purchase
1900,317,cart
1900,360,cart
1900,240,cart
1900,275,cart
1900,20,purchase
1900,458,purchase
1900,92,view
1900,31,view
1900,228,purchase
1900,317,view
1900,466,cart
1900,89,view
1900,106,view
1901,59,cart
1901,424,cart
1901,78,cart
1901,391,view
1901,217,cart
1901,190,purchase
1901,33,cart
1901,367,purchase
1901,30,purchase
1901,312,view
1901,173,view
1901,361,cart
1901,325,cart
1901,431,view
1901,98,cart
1901,231,cart
1901,26,view
1901,214,view
1901,327,view
1902,369,purchase
1902,400,cart
1902,347,cart
1902,404,purchase
1902,23,cart
1902,61,cart
1902,243,cart
1902,356,cart
1902,252,purchase
1902,368,view
1902,385,purchase
1903,90,cart
1903,420,cart
1903,188,view
1903,154,cart
1903,284,view
1903,241,purchase
1903,285,cart
1904,466,cart
1904,235,cart
1904,153,view
1904,215,cart
1904,455,view
1905,251,view
1905,365,cart
1905,472,purchase
1905,123,purchase
1905,113,cart
1905,293,view
1905,164,view
1905,171,view
1905,35,cart
1905,16,purchase
1905,356,purchase
1905,241,cart
1905,28,purchase
1905,148,purchase
1905,457,cart
1905,130,cart
1906,378,cart
1906,217,purchase
1906,33,cart
1906,103,purchase
1906,192,view
1906,443,cart
1906,302,view
1906,214,view
1906,371,cart
1906,483,purchase
1906,499,cart
1906,90,cart
1907,31,purchase
1907,336,view
1907,100,cart
1907,54,view
1907,313,purchase
1907,191,purchase
1907,437,view
1907,491,view
1907,399,cart
1907,35,view
1907,373,cart
1907,294,purchase
1907,221,view
1907,93,purchase
1907,217,cart
1908,80,cart
1908,253,view
1908,460,purchase
1908,98,view
1908,443,purchase
1908,194,cart
1908,216,view
1908,82,cart
1908,423,view
1908,239,cart
1908,37,cart
1908,131,view
1908,280,purchase
1908,338,cart
1908,217,cart
1908,496,cart
1909,330,view
1909,270,cart
1909,259,view
1909,312,view
1909,440,purchase
1909,456,cart
1909,21,cart
1909,94,view
1909,49,view
1909,221,view
1909,112,view
1909,15,cart
1909,252,view
1909,129,view
1909,176,purchase
1909,454,purchase
1909,364,purchase
1909,337,purchase
1910,329,cart
1910,467,view
1910,441,view
1910,476,view
1910,308,cart
1910,186,cart
1911,48,view
1911,500,view
1911,264,view
1911,309,view
1911,172,cart
1911,352,purchase
1911,212,view
1911,239,view
1911,283,view
1911,288,purchase
1911,313,purchase
1911,466,cart
1911,319,view
1911,38,purchase
1911,130,purchase
1911,226,cart
1911,136,cart
1911,248,cart
1911,442,cart
1912,141,purchase
1912,324,cart
1912,380,view
1912,179,view
1912,355,view
1913,241,purchase
1913,25,cart
1913,332,view
1913,12,purchase
1913,19,purchase
1913,323,purchase
1913,415,view
1913,449,view
1913,104,view
1913,124,cart
1913,214,cart
1913,497,view
1913,380,purchase
1913,333,cart
1913,44,purchase
1913,230,view
1913,28,view
1913,282,view
1913,234,view
1914,2,purchase
1914,34,cart
1914,374,view
1914,222,cart
1914,210,purchase
1914,336,cart
1914,198,purchase
1914,473,view
1914,17,purchase
1914,66,view
1914,67,view
1914,112,view
1915,73,view
1915,146,view
1915,433,purchase
1915,341,view
1915,237,view
1915,399,purchase
1915,316,cart
1915,407,purchase
1915,397,cart
1915,385,cart
1915,335,cart
1915,367,purchase
1916,161,purchase
1916,110,view
1916,325,purchase
1916,373,purchase
1916,101,view
1916,119,cart
1916,477,purchase
1917,418,purchase
1917,315,view
1917,413,cart
1917,89,view
1917,392,cart
1917,389,cart
1917,164,view
1917,359,view
1917,290,view
1917,340,cart
1917,94,view
1917,412,view
1917,323,view
1917,486,cart
1917,340,cart
1917,319,cart
1917,350,purchase
1917,467,purchase
1918,386,cart
1918,163,view
1918,384,cart
1918,57,view
1918,61,view
1918,56,cart
1918,402,purchase
1919,311,view
1919,308,cart
1919,380,cart
1919,79,view
1919,302,purchase
1919,225,view
1920,209,purchase
1920,139,purchase
1920,139,view
1920,77,purchase
1920,375,view
1920,471,view
1920,123,purchase
1920,168,view
1920,107,view
1920,127,purchase
1920,443,purchase
1920,301,view
1920,497,purchase
1921,328,view
1921,471,view
1921,192,view
1921,475,purchase
1921,54,purchase
1921,12,view
1922,261,cart
1922,433,view
1922,497,view
1922,42,purchase
1922,64,cart
1922,140,cart
1922,306,cart
1922,65,cart
1922,61,purchase
1922,23,view
1922,409,cart
1923,262,purchase
1923,209,cart
1923,463,cart
1923,357,cart
1923,492,view
1924,122,cart
1924,418,view
1924,189,purchase
1924,395,cart
1924,167,cart
1924,209,purchase
1924,118,cart
1924,23,cart
1924,17,view
1924,387,view
1924,13,cart
1924,361,view
1924,21,cart
1924,410,view
1925,152,purchase
1925,153,cart
1925,196,view
1925,268,purchase
1925,456,view
1925,57,view
1925,330,cart
1925,491,cart
1925,425,cart
1925,330,cart
1925,487,cart
1926,130,cart
1926,330,purchase
1926,247,purchase
1926,258,cart
1926,16,purchase
1926,362,cart
1926,217,view
1926,15,view
1926,116,cart
1926,313,cart
1926,135,view
1926,260,cart
1926,212,purchase
1926,129,view
1926,391,purchase
1926,75,purchase
1926,239,purchase
1926,134,view
1927,325,purchase
1927,477,purchase
1927,71,view
1927,344,view
1927,476,purchase
1927,46,view
1927,431,purchase
1927,441,view
1927,118,purchase
1927,390,purchase
1927,329,view
1927,294,cart
1927,462,purchase
1927,336,purchase
1927,365,view
1927,363,purchase
1927,50,purchase
1928,181,view
1928,287,purchase
1928,477,purchase
1928,136,cart
1928,371,cart
1928,133,view
1928,189,view
1929,335,purchase
1929,85,view
1929,105,purchase
1929,235,view
1929,295,view
1929,242,view
1929,370,cart
1929,191,cart
1929,306,purchase
1929,324,view
1929,208,cart
1929,376,cart
1929,34,view
1930,345,view
1930,339,purchase
1930,85,cart
1930,373,purchase
1930,237,cart
1930,24,cart
1930,416,cart
1930,264,view
1930,289,view
1930,480,view
1930,287,cart
1930,379,view
1930,82,purchase
1931,291,cart
1931,467,view
1931,158,view
1931,376,purchase
1931,94,cart
1931,123,view
1931,24,purchase
1932,233,view
1932,292,purchase
1932,126,view
1932,341,cart
1932,320,cart
1932,349,purchase
1932,264,view
1932,194,purchase
1932,228,purchase
1932,292,purchase
1932,206,cart
1932,383,purchase
1932,296,cart
1932,149,cart
1932,238,purchase
1932,130,view
1932,225,view
1932,428,cart
1932,117,purchase
1933,362,view
1933,371,view
1933,347,cart
1933,440,view
1933,245,cart
1933,495,cart
1933,374,purchase
1933,336,view
1933,123,cart
1933,103,view
1934,6,purchase
1934,70,cart
1934,479,view
1934,198,purchase
1934,495,view
1934,296,purchase
1934,199,cart
1934,260,view
1934,429,view
1934,178,view
1934,132,cart
1934,164,purchase
1934,138,cart
1934,381,cart
1934,463,cart
1934,182,view
1935,470,cart
1935,286,cart
1935,457,purchase
1935,276,view
1935,369,view
1935,226,purchase
1936,84,purchase
1936,68,cart
1936,20,cart
1936,369,cart
1936,339,cart
1936,320,view
1936,434,cart
1936,278,purchase
1936,197,cart
1936,109,cart
1936,372,view
1936,460,cart
1936,165,purchase
1936,227,view
1936,117,view
1936,427,cart
1936,88,purchase
1936,377,cart
1937,77,cart
1937,327,view
1937,22,purchase
1937,280,view
1937,305,cart
1937,239,cart
1937,39,cart
1937,457,purchase
1937,11,purchase
1938,364,purchase
1938,173,cart
1938,211,view
1938,3,purchase
1938,116,purchase
1938,387,view
1938,184,cart
1938,61,view
1938,192,cart
1938,336,purchase
1938,194,purchase
1938,136,purchase
1938,399,cart
1938,18,purchase
1938,1,purchase
1938,128,purchase
1939,382,purchase
1939,440,cart
1939,9,purchase
1939,383,view
1939,324,purchase
1939,333,purchase
1939,195,purchase
1939,301,cart
1940,313,view
1940,227,cart
1940,134,purchase
1940,57,cart
1940,431,cart
1940,246,view
1940,475,purchase
1940,133,view
1940,43,cart
1940,112,view
1940,382,view
1940,344,view
1940,62,view
1940,229,cart
1940,200,cart
1940,29,cart
1941,36,cart
1941,179,view
1941,467,view
1941,68,cart
1941,403,purchase
1941,23,view
1941,473,purchase
1941,198,view
1941,116,purchase
1941,411,view
1941,375,purchase
1941,420,cart
1941,184,cart
1941,493,purchase
1941,121,purchase
1941,424,purchase
1941,199,cart
1941,451,view
1941,290,cart
1941,337,view
1942,456,purchase
1942,165,cart
1942,490,cart
1942,104,purchase
1942,330,view
1942,426,purchase
1942,2,purchase
1942,175,cart
1942,302,view
1942,104,purchase
1942,129,view
1942,172,view
1942,398,cart
1942,83,view
1942,67,purchase
1943,182,cart
1943,108,cart
1943,278,purchase
1943,6,view
1943,258,purchase
1943,117,purchase
1943,222,view
1943,486,cart
1943,183,view
1943,167,purchase
1944,430,purchase
1944,24,purchase
1944,99,cart
1944,179,purchase
1944,318,purchase
1944,263,view
1944,88,purchase
1944,365,view
1944,153,purchase
1944,447,cart
1944,274,purchase
1945,400,cart
1945,29,purchase
1945,65,purchase
1945,95,cart
1945,291,cart
1945,172,cart
1945,341,cart
1945,308,purchase
1945,495,purchase
1945,210,purchase
1945,89,cart
1945,283,cart
1945,164,purchase
1945,396,view
1945,179,cart
1946,488,purchase
1946,288,purchase
1946,364,purchase
1946,326,cart
1946,99,cart
1946,293,cart
1947,353,purchase
1947,453,cart
1947,206,view
1947,258,cart
1947,24,purchase
1947,165,view
1947,265,view
1947,499,view
1947,450,cart
1947,40,purchase
1947,359,purchase
1947,181,view
1947,163,cart
1947,422,view
1948,39,cart
1948,228,cart
1948,471,purchase
1948,415,view
1948,272,view
1948,494,purchase
1948,34,view
1948,480,view
1949,401,view
1949,394,view
1949,444,cart
1949,165,view
1949,149,view
1949,480,purchase
1949,255,purchase
1949,213,view
1949,358,purchase
1950,172,view
1950,496,cart
1950,411,purchase
1950,227,purchase
1950,121,view
1950,347,cart
1950,306,cart
1950,382,cart
1950,190,view
1950,61,cart
1950,399,purchase
1950,189,cart
1951,457,purchase
1951,392,view
1951,308,purchase
1951,124,purchase
1951,102,purchase
1951,58,purchase
1951,217,purchase
1951,222,view
1951,143,view
1951,418,cart
1951,343,purchase
1951,163,purchase
1951,36,view
1952,164,view
1952,358,purchase
1952,109,cart
1952,437,view
1952,43,cart
1952,234,purchase
1952,93,cart
1952,56,purchase
1952,382,cart
1952,109,cart
1952,377,cart
1952,363,cart
1952,238,cart
1952,184,purchase
1952,23,purchase
1952,476,view
1952,116,purchase
1952,65,cart
1952,63,cart
1952,484,cart
1953,409,cart
1953,190,purchase
1953,178,cart
1953,156,cart
1953,43,cart
1954,405,purchase
1954,423,purchase
1954,370,purchase
1954,299,purchase
1954,147,purchase
1954,68,view
1954,56,view
1954,88,cart
1954,441,purchase
1954,358,view
1954,260,cart
1954,469,purchase
1954,266,cart
1954,306,view
1954,315,view
1954,142,view
1954,269,purchase
1954,431,purchase
1954,207,purchase
1954,373,view
1955,64,purchase
1955,22,view
1955,190,purchase
1955,44,purchase
1955,70,purchase
1955,64,cart
1955,91,purchase
1955,38,cart
1955,95,view
1955,72,cart
1956,282,cart
1956,131,purchase
1956,401,purchase
1956,449,cart
1956,340,purchase
1956,309,cart
1956,56,view
1956,263,view
1957,374,view
1957,489,cart
1957,348,purchase
1957,129,view
1957,343,view
1957,335,cart
1957,436,purchase
1957,68,cart
1957,263,view
1957,387,view
1957,157,cart
1957,467,cart
1957,180,purchase
1957,52,cart
1957,284,purchase
1957,441,cart
1957,47,view
1957,429,purchase
1958,52,cart
1958,4,cart
1958,188,cart
1958,17,purchase
1958,171,purchase
1958,481,view
1958,186,cart
1958,187,view
1958,461,purchase
1958,61,purchase
1959,498,cart
1959,162,purchase
1959,2,view
1959,300,purchase
1959,434,view
1960,163,cart
1960,370,cart
1960,162,view
1960,362,cart
1960,448,view
1960,223,purchase
1960,473,purchase
1960,13,view
1960,288,view
1960,187,cart
1960,191,view
1960,263,purchase
1960,268,purchase
1960,113,view
1960,374,cart
1960,399,purchase
1960,396,purchase
1960,108,purchase
1961,303,purchase
1961,496,cart
1961,202,purchase
1961,269,view
1961,15,cart
1961,361,view
1961,258,purchase
1961,89,view
1962,284,view
1962,278,purchase
1962,31,cart
1962,118,purchase
1962,147,cart
1962,434,purchase
1962,119,cart
1962,321,view
1962,412,cart
1962,361,purchase
1962,469,cart
1962,165,purchase
1962,113,purchase
1962,263,purchase
1962,3,view
1962,23,purchase
1962,301,purchase
1963,125,purchase
1963,345,view
1963,199,view
1963,326,cart
1963,82,purchase
1963,447,cart
1963,35,cart
1964,409,purchase
1964,247,view
1964,336,view
1964,295,purchase
1964,466,cart
1964,339,purchase
1964,185,cart
1964,63,purchase
1964,103,cart
1964,317,view
1964,407,cart
1964,373,view
1964,304,purchase
1964,89,cart
1964,52,purchase
1964,273,view
1964,191,cart
1965,69,purchase
1965,165,view
1965,201,purchase
1965,264,purchase
1965,438,purchase
1965,396,view
1965,73,cart
1965,459,cart
1965,482,cart
1965,397,purchase
1965,200,view
1965,148,view
1965,426,purchase
1965,86,view
1965,432,cart
1965,383,cart
1965,499,purchase
1965,187,purchase
1965,199,view
1965,459,purchase
1966,358,cart
1966,39,purchase
1966,352,cart
1966,229,cart
1966,23,view
1966,440,cart
1966,164,cart
1966,473,view
1966,426,purchase
1966,493,view
1966,413,cart
1966,176,cart
1966,138,cart
1966,122,view
1967,389,purchase
1967,64,view
1967,371,cart
1967,293,purchase
1967,496,view
1967,439,view
1967,394,purchase
1967,42,cart
1967,465,cart
1967,91,purchase
1968,113,cart
1968,316,cart
1968,393,purchase
1968,230,cart
1968,3,cart
1968,85,purchase
1968,285,cart
1968,226,view
1968,458,view
1968,115,cart
1968,68,cart
1968,350,cart
1968,78,cart
1968,37,cart
1968,335,cart
1968,496,view
1968,446,purchase
1968,132,cart
1969,416,cart
1969,141,purchase
1969,276,view
1969,104,purchase
1969,309,view
1969,346,purchase
1969,107,purchase
1969,438,cart
1969,245,purchase
1969,257,view
1969,120,cart
1969,136,view
1969,487,cart
1969,292,purchase
1969,287,view
1969,143,view
1970,401,cart
1970,327,purchase
1970,1,view
1970,181,cart
1970,429,view
1971,68,purchase
1971,487,purchase
1971,369,purchase
1971,86,view
1971,233,purchase
1971,235,cart
1971,160,view
1971,290,cart
1971,274,purchase
1971,291,view
1971,349,view
1971,207,purchase
1971,120,view
1971,472,purchase
1971,441,cart
1971,433,cart
1972,324,purchase
1972,429,view
1972,212,cart
1972,60,view
1972,488,purchase
1972,27,view
1972,471,view
1972,402,purchase
1972,227,purchase
1972,257,purchase
1972,401,purchase
1972,419,view
1972,221,view
1973,78,cart
1973,430,purchase
1973,315,view
1973,56,view
1973,43,view
1973,391,view
1973,2,cart
1973,84,cart
1973,78,cart
1973,345,cart
1973,296,cart
1973,423,purchase
1973,319,purchase
1973,15,view
1973,488,purchase
1973,206,purchase
1973,130,view
1973,353,view
1973,13,view
1974,344,view
1974,199,view
1974,227,cart
1974,94,view
1974,420,view
1974,362,cart
1974,92,purchase
1974,432,view
1974,312,cart
1974,301,cart
1974,344,view
1974,90,purchase
1974,217,view
1974,85,cart
1974,272,cart
1974,103,cart
1975,214,purchase
1975,431,cart
1975,457,view
1975,479,cart
1975,314,purchase
1975,281,cart
1975,192,view
1975,82,cart
1975,259,view
1975,279,cart
1975,263,purchase
1975,304,purchase
1975,491,view
1976,222,cart
1976,83,cart
1976,136,purchase
1976,203,cart
1976,238,purchase
1976,436,view
1976,313,cart
1976,417,cart
1976,86,purchase
1976,376,cart
1976,165,view
1977,30,cart
1977,234,purchase
1977,444,view
1977,186,purchase
1977,165,view
1977,438,purchase
1977,277,view
1977,58,purchase
1977,339,cart
1977,215,cart
1977,207,view
1978,474,cart
1978,77,cart
1978,94,purchase
1978,224,purchase
1978,431,view
1978,471,cart
1978,3,purchase
1978,169,cart
1978,263,purchase
1978,155,purchase
1978,144,cart
1978,421,view
1979,385,purchase
1979,398,purchase
1979,248,cart
1979,480,cart
1979,384,view
1979,488,view
1979,261,purchase
1979,372,cart
1979,185,purchase
1979,148,view
1980,17,view
1980,70,view
1980,460,cart
1980,482,cart
1980,160,view
1980,379,purchase
1980,51,purchase
1980,159,purchase
1981,231,purchase
1981,250,view
1981,122,view
1981,185,purchase
1981,125,cart
1981,304,view
1981,69,view
1981,261,purchase
1981,446,cart
1981,487,purchase
1981,409,view
1981,436,view
1981,362,purchase
1981,67,view
1981,428,cart
1982,257,view
1982,292,view
1982,437,purchase
1982,126,view
1982,486,view
1982,400,view
1982,39,purchase
1982,403,view
1982,469,cart
1982,116,purchase
1982,485,view
1982,286,view
1982,317,view
1982,48,view
1982,299,purchase
1983,483,view
1983,476,purchase
1983,458,cart
1983,299,purchase
1983,268,cart
1983,244,view
1983,156,view
1983,70,cart
1983,268,purchase
1983,286,view
1983,475,purchase
1984,286,purchase
1984,118,view
1984,278,view
1984,148,view
1984,313,view
1984,143,cart
1985,27,cart
1985,83,purchase
1985,66,purchase
1985,276,purchase
1985,288,view
1985,211,purchase
1985,170,view
1985,496,view
1985,416,view
1985,33,cart
1985,69,cart
1985,418,cart
1985,447,cart
1985,352,cart
1985,1,cart
1985,196,view
1985,42,purchase
1985,435,purchase
1986,45,cart
1986,460,purchase
1986,50,view
1986,21,purchase
1986,93,purchase
1986,36,cart
1986,495,view
1986,284,view
1986,401,purchase
1986,461,cart
1986,380,purchase
1986,363,view
1986,454,cart
1986,92,view
1986,68,cart
1986,389,view
1987,235,view
1987,11,cart
1987,146,cart
1987,64,view
1987,248,cart
1987,441,purchase
1987,348,view
1988,371,view
1988,453,view
1988,312,view
1988,339,purchase
1988,72,cart
1988,297,cart
1989,33,cart
1989,15,purchase
1989,306,cart
1989,104,cart
1989,370,cart
1989,128,view
1989,54,purchase
1989,100,purchase
1989,313,purchase
1989,46,purchase
1989,206,view
1989,434,purchase
1989,53,view
1989,31,cart
1990,468,cart
1990,62,cart
1990,168,cart
1990,224,cart
1990,260,cart
1990,55,purchase
1990,49,cart
1990,405,cart
1990,459,cart
1990,328,purchase
1990,308,view
1990,34,view
1990,349,purchase
1990,126,view
1990,147,purchase
1991,182,cart
1991,328,view
1991,193,view
1991,74,cart
1991,329,cart
1991,56,purchase
1991,319,cart
1991,270,cart
1991,291,cart
1991,400,purchase
1992,248,view
1992,313,view
1992,187,view
1992,296,purchase
1992,360,view
1992,441,view
1992,192,purchase
1992,486,purchase
1992,429,view
1992,475,view
1992,50,purchase
1992,487,cart
1992,342,view
1993,74,purchase
1993,162,cart
1993,485,purchase
1993,316,purchase
1993,207,cart
1993,127,cart
1994,216,purchase
1994,48,purchase
1994,499,cart
1994,394,purchase
1994,431,cart
1994,286,view
1994,225,view
1995,430,view
1995,282,purchase
1995,80,cart
1995,249,cart
1995,443,cart
1995,347,cart
1995,475,cart
1995,32,cart
1995,322,view
1995,73,purchase
1995,203,cart
1996,404,purchase
1996,97,purchase
1996,470,purchase
1996,136,cart
1996,103,purchase
1996,350,view
1996,372,cart
1996,342,cart
1996,382,cart
1996,272,view
1996,152,view
1996,330,purchase
1996,399,cart
1996,310,view
1996,157,purchase
1996,90,purchase
1997,391,view
1997,29,purchase
1997,271,view
1997,485,purchase
1997,188,view
1997,348,view
1998,383,purchase
1998,76,purchase
1998,327,cart
1998,419,cart
1998,493,view
1998,381,view
1998,234,purchase
1998,312,cart
1998,176,view
1998,350,cart
1998,320,view
1998,492,purchase
1998,479,purchase
1998,84,cart
1998,192,view
1998,379,purchase
1998,8,view
1998,27,view
1998,275,cart
1998,46,purchase
1999,48,cart
1999,389,cart
1999,36,view
1999,105,view
1999,217,purchase
1999,210,cart
1999,25,cart
1999,261,view
1999,426,cart
1999,309,cart
1999,447,view
1999,94,purchase
1999,437,cart
1999,249,purchase
1999,452,purchase
1999,230,view
2000,175,view
2000,259,view
2000,219,view
2000,124,view
2000,256,purchase
2000,350,view
2000,273,cart
2000,197,view
2000,227,cart
2000,213,view
2000,22,view
2000,342,purchase
2000,14,view
2000,137,purchase
2000,265,view
2000,178,purchase
